v -39.369999 -0.57 0.5
v -39.369999 -0.385 0.5
v -36.830002 -0.385 0.5
newmtl 1
Ka 0.25098039215686274 0.25098039215686274 0.25098039215686274
Kd 0.17647058823529413 0.17647058823529413 0.17647058823529413
Ks 0.050980392156862744 0.050980392156862744 0.050980392156862744
d 0.0
endmtl
v -39.200001 0.2 0.5
v -39.369999 0.57 0.5
v -37.0 0.2 0.5
v -36.830002 0.57 0.5
v -37.0 -0.2 0.5
v -39.200001 -0.2 0.5
v -36.66 0.2 0.5
v -34.459999 0.2 0.5
v -34.290001 0.57 0.5
v -34.459999 -0.2 0.5
v -34.290001 -0.385 0.5
v -36.66 -0.2 0.5
v -34.120003 0.2 0.5
v -31.92 0.2 0.5
v -31.750002 0.57 0.5
v -31.92 -0.2 0.5
v -31.750002 -0.385 0.5
v -34.120003 -0.2 0.5
v -31.580002 0.2 0.5
v -29.379999 0.2 0.5
v -29.209999 0.57 0.5
v -29.379999 -0.2 0.5
v -29.209999 -0.385 0.5
v -31.580002 -0.2 0.5
v -29.039999 0.2 0.5
v -26.84 0.2 0.5
v -26.67 0.57 0.5
v -26.84 -0.2 0.5
v -26.67 -0.385 0.5
v -29.039999 -0.2 0.5
v -26.5 0.2 0.5
v -24.299999 0.2 0.5
v -24.129999 0.57 0.5
v -24.299999 -0.2 0.5
v -24.129999 -0.385 0.5
v -26.5 -0.2 0.5
v -23.959999 0.2 0.5
v -21.76 0.2 0.5
v -21.59 0.57 0.5
v -21.76 -0.2 0.5
v -21.59 -0.385 0.5
v -23.959999 -0.2 0.5
v -21.42 0.2 0.5
v -19.219999 0.2 0.5
v -19.050001 0.57 0.5
v -19.219999 -0.2 0.5
v -19.050001 -0.385 0.5
v -21.42 -0.2 0.5
v -16.34 -0.2 0.5
v -16.68 -0.2 0.5
v -16.34 0.2 0.5
v -16.68 0.2 0.5
v -14.139999 0.2 0.5
v -13.969999 0.57 0.5
v -14.139999 -0.2 0.5
v -13.969999 -0.385 0.5
v -18.880001 0.2 0.5
v -18.880001 -0.2 0.5
v -13.8 0.2 0.5
v -11.599999 0.2 0.5
v -11.43 0.57 0.5
v -11.599999 -0.2 0.5
v -11.43 -0.385 0.5
v -13.8 -0.2 0.5
v -11.26 0.2 0.5
v -9.06 0.2 0.5
v -8.89 0.57 0.5
v -9.06 -0.2 0.5
v -8.89 -0.385 0.5
v -11.26 -0.2 0.5
v -8.72 0.2 0.5
v -6.52 0.2 0.5
v -6.35 0.57 0.5
v -6.52 -0.2 0.5
v -6.35 -0.385 0.5
v -8.72 -0.2 0.5
v -6.18 0.2 0.5
v -3.98 0.2 0.5
v -3.81 0.57 0.5
v -3.98 -0.2 0.5
v -3.81 -0.385 0.5
v -6.18 -0.2 0.5
v -3.64 0.2 0.5
v -1.44 0.2 0.5
v -1.27 0.57 0.5
v -1.44 -0.2 0.5
v -1.27 -0.385 0.5
v -3.64 -0.2 0.5
v 1.185 -0.385 0.5
v 1.1 -0.2 0.5
v 1.1 0.2 0.5
v -1.1 -0.2 0.5
v -1.1 0.2 0.5
v 1.185 0.57 0.5
v 1.27 0.57 0.5
v 1.27 -0.385 0.5
v -36.830002 -0.57 0.5
v -34.290001 -0.57 0.5
v -31.750002 -0.57 0.5
v -29.209999 -0.57 0.5
v -26.67 -0.57 0.5
v -24.129999 -0.57 0.5
v -21.59 -0.57 0.5
v -19.050001 -0.57 0.5
v -13.969999 -0.57 0.5
v -11.43 -0.57 0.5
v -8.89 -0.57 0.5
v -6.35 -0.57 0.5
v -3.81 -0.57 0.5
v -1.27 -0.57 0.5
v 1.185 -0.57 0.5
v 1.27 -0.57 0.5
v 1.12 1.27 8.469999
v 1.12 1.27 0.03
v -1.12 1.27 8.469999
v -1.12 1.27 0.03
v -1.27 1.12 8.469999
v -1.27 1.12 0.03
v -1.27 -1.12 8.469999
v -1.27 -1.12 0.03
v -1.12 -1.27 8.469999
v -1.12 -1.27 0.03
v 1.12 -1.27 8.469999
v 1.12 -1.27 0.03
v 1.27 -1.12 8.469999
v 1.27 -1.12 0.03
v 1.27 -0.57 0.03
v 1.27 0.57 0.03
v 1.27 1.12 0.03
v 1.27 1.12 8.469999
v 1.1 -0.5 6.0
v 1.1 0.5 6.0
v 1.1 -0.2 3.0
v 1.1 0.2 3.0
v -1.1 0.2 3.0
v -1.1 0.5 6.0
v -1.1 -0.5 6.0
v -1.1 -0.2 3.0
v -0.5 0.5 6.0
v 0.5 0.5 6.0
v 0.5 -0.5 6.0
v -0.5 -0.5 6.0
v 1.015439 -1.015439 8.5
v -1.015439 -1.015439 8.5
v -1.107574 -1.24 8.5
v 1.24 1.107574 8.5
v 1.015439 1.015439 8.5
v 1.24 -1.107574 8.5
v 1.107574 -1.24 8.5
v 1.107574 1.24 8.5
v -1.107574 1.24 8.5
v -1.015439 1.015439 8.5
v -1.24 1.107574 8.5
v -1.24 -1.107574 8.5
v 0.5 0.5 7.790386
v 0.5 -0.5 7.790386
v -0.5 0.5 7.790386
v -0.5 -0.5 7.790386
v -39.369999 0.57 0.03
v -34.290001 1.12 0.03
v -34.139999 1.27 0.03
v -31.9 1.27 0.03
v -36.68 1.27 0.03
v -34.439999 1.27 0.03
v -36.830002 1.12 0.03
v -39.220001 1.27 0.03
v -36.98 1.27 0.03
v -39.369999 1.12 0.03
v -31.750002 1.12 0.03
v -26.67 1.12 0.03
v -26.52 1.27 0.03
v -24.280001 1.27 0.03
v -29.060001 1.27 0.03
v -26.82 1.27 0.03
v -29.209999 1.12 0.03
v -31.599998 1.27 0.03
v -29.360001 1.27 0.03
v -24.129999 1.12 0.03
v -3.66 1.27 0.03
v -1.42 1.27 0.03
v -3.81 1.12 0.03
v -11.280001 1.27 0.03
v -9.04 1.27 0.03
v -11.43 1.12 0.03
v -8.89 1.12 0.03
v -8.740001 1.27 0.03
v -6.5 1.27 0.03
v -21.439999 1.27 0.03
v -19.200001 1.27 0.03
v -21.59 1.12 0.03
v -19.050001 1.12 0.03
v -18.9 1.27 0.03
v -16.66 1.27 0.03
v -16.51 1.12 0.03
v -16.360001 1.27 0.03
v -14.120001 1.27 0.03
v -13.82 1.27 0.03
v -11.58 1.27 0.03
v -13.969999 1.12 0.03
v -6.35 1.12 0.03
v -6.2 1.27 0.03
v -3.96 1.27 0.03
v -23.98 1.27 0.03
v -21.74 1.27 0.03
v -39.369999 -0.57 0.03
v -31.750002 -1.12 0.03
v -31.9 -1.27 0.03
v -34.139999 -1.27 0.03
v -29.360001 -1.27 0.03
v -31.599998 -1.27 0.03
v -29.209999 -1.12 0.03
v -34.439999 -1.27 0.03
v -36.68 -1.27 0.03
v -34.290001 -1.12 0.03
v -36.830002 -1.12 0.03
v -36.98 -1.27 0.03
v -39.220001 -1.27 0.03
v -39.369999 -1.12 0.03
v -8.89 -1.12 0.03
v -9.04 -1.27 0.03
v -11.280001 -1.27 0.03
v -1.42 -1.27 0.03
v -3.66 -1.27 0.03
v -3.81 -1.12 0.03
v -6.5 -1.27 0.03
v -8.740001 -1.27 0.03
v -6.35 -1.12 0.03
v -14.120001 -1.27 0.03
v -16.360001 -1.27 0.03
v -13.969999 -1.12 0.03
v -16.51 -1.12 0.03
v -19.050001 -1.12 0.03
v -16.66 -1.27 0.03
v -18.9 -1.27 0.03
v -3.96 -1.27 0.03
v -6.2 -1.27 0.03
v -11.43 -1.12 0.03
v -13.82 -1.27 0.03
v -11.58 -1.27 0.03
v -21.74 -1.27 0.03
v -23.98 -1.27 0.03
v -21.59 -1.12 0.03
v -24.129999 -1.12 0.03
v -24.280001 -1.27 0.03
v -26.52 -1.27 0.03
v -19.200001 -1.27 0.03
v -21.439999 -1.27 0.03
v -26.67 -1.12 0.03
v -26.82 -1.27 0.03
v -29.060001 -1.27 0.03
v -0.991027 -0.991027 8.487437
v -0.505588 -0.505588 7.807823
v -0.991027 0.991027 8.487437
v -0.505588 0.505588 7.807823
v 0.991027 -0.991027 8.487437
v 0.505588 -0.505588 7.807823
v 0.991027 0.991027 8.487437
v 0.505588 0.505588 7.807823
v -1.247765 1.11079 8.498978
v -1.247765 -1.11079 8.498978
v -1.255 1.113787 8.495981
v -1.255 -1.113787 8.495981
v -1.261213 1.11636 8.491214
v -1.261213 -1.11636 8.491214
v -1.263801 -1.117432 8.488263
v -1.263801 1.117432 8.488263
v -1.265981 -1.118335 8.485
v -1.265981 1.118335 8.485
v -1.267716 -1.119054 8.481481
v -1.267716 1.119054 8.481481
v -1.268978 -1.119577 8.477764
v -1.268978 1.119577 8.477764
v -1.269743 1.119894 8.473916
v -1.269743 -1.119894 8.473916
v -1.118335 -1.265981 8.485
v -1.117432 -1.263801 8.488263
v -1.11636 -1.261213 8.491214
v -1.113787 -1.255 8.495981
v -1.11079 -1.247765 8.498978
v -1.119054 -1.267716 8.481481
v -1.119577 -1.268978 8.477764
v -1.119894 -1.269743 8.473916
v -1.119894 1.269743 8.473916
v -1.119577 1.268978 8.477764
v -1.119054 1.267716 8.481481
v -1.118335 1.265981 8.485
v -1.117432 1.263801 8.488263
v -1.11636 1.261213 8.491214
v -1.113787 1.255 8.495981
v -1.11079 1.247765 8.498978
v 1.119894 -1.269743 8.473916
v 1.119577 -1.268978 8.477764
v 1.119054 -1.267716 8.481481
v 1.118335 -1.265981 8.485
v 1.117432 -1.263801 8.488263
v 1.11636 -1.261213 8.491214
v 1.113787 -1.255 8.495981
v 1.11079 -1.247765 8.498978
v 1.119894 1.269743 8.473916
v 1.119577 1.268978 8.477764
v 1.119054 1.267716 8.481481
v 1.118335 1.265981 8.485
v 1.117432 1.263801 8.488263
v 1.11636 1.261213 8.491214
v 1.113787 1.255 8.495981
v 1.11079 1.247765 8.498978
v 1.246659 -1.110332 8.499124
v 1.252936 -1.112932 8.496836
v 1.247765 -1.11079 8.498978
v 1.258551 -1.115258 8.493256
v 1.255 -1.113787 8.495981
v 1.269248 -1.119688 8.476675
v 1.268879 -1.119536 8.47773
v 1.267029 -1.118769 8.483017
v 1.265839 -1.118276 8.484911
v 1.263455 -1.117289 8.488705
v 1.261213 -1.11636 8.491214
v 1.269248 1.119688 8.476675
v 1.268879 1.119536 8.47773
v 1.267029 1.118769 8.483017
v 1.265839 1.118276 8.484911
v 1.263455 1.117289 8.488705
v 1.26108 1.116305 8.49108
v 1.258705 1.115321 8.493455
v 1.254911 1.11375 8.495838
v 1.253016 1.112965 8.497028
v 1.24773 1.110776 8.498879
v 1.246676 1.110339 8.499248
v 1.008376 1.008376 8.499157
v 1.008376 -1.008376 8.499157
v 1.001711 1.001711 8.496675
v 1.001711 -1.001711 8.496675
v 0.995817 0.995817 8.492694
v 0.995817 -0.995817 8.492694
v -1.008376 -1.008376 8.499157
v -1.001711 -1.001711 8.496675
v -0.995817 -0.995817 8.492694
v -0.995817 0.995817 8.492694
v -1.001711 1.001711 8.496675
v -1.008376 1.008376 8.499157
v -0.50016 -0.50016 7.793482
v -0.500639 -0.500639 7.796545
v -0.500639 0.500639 7.796545
v -0.501431 0.501431 7.799541
v -0.502528 -0.502528 7.80244
v -0.50016 0.50016 7.793482
v -0.501431 -0.501431 7.799541
v -0.502528 0.502528 7.80244
v 0.50016 -0.50016 7.793482
v 0.500639 -0.500639 7.796545
v 0.502528 -0.502528 7.80244
v 0.501431 -0.501431 7.799541
v 0.502528 0.502528 7.80244
v 0.500639 0.500639 7.796545
v 0.501431 0.501431 7.799541
v 0.50016 0.50016 7.793482
v -1.42 1.27 8.469999
v -3.66 1.27 8.469999
v -3.81 1.12 8.469999
v -3.81 -1.12 8.469999
v -3.66 -1.27 8.469999
v -1.42 -1.27 8.469999
v -1.44 -0.5 6.0
v -1.44 0.5 6.0
v -1.44 -0.2 3.0
v -1.44 0.2 3.0
v -3.64 0.2 3.0
v -3.64 0.5 6.0
v -3.64 -0.5 6.0
v -3.64 -0.2 3.0
v -3.96 1.27 8.469999
v -6.2 1.27 8.469999
v -6.35 1.12 8.469999
v -6.35 -1.12 8.469999
v -6.2 -1.27 8.469999
v -3.96 -1.27 8.469999
v -3.98 -0.5 6.0
v -3.98 0.5 6.0
v -3.98 -0.2 3.0
v -3.98 0.2 3.0
v -6.18 0.2 3.0
v -6.18 0.5 6.0
v -6.18 -0.5 6.0
v -6.18 -0.2 3.0
v -6.5 1.27 8.469999
v -8.740001 1.27 8.469999
v -8.89 1.12 8.469999
v -8.89 -1.12 8.469999
v -8.740001 -1.27 8.469999
v -6.5 -1.27 8.469999
v -6.52 -0.5 6.0
v -6.52 0.5 6.0
v -6.52 -0.2 3.0
v -6.52 0.2 3.0
v -8.72 0.2 3.0
v -8.72 0.5 6.0
v -8.72 -0.5 6.0
v -8.72 -0.2 3.0
v -9.04 1.27 8.469999
v -11.280001 1.27 8.469999
v -11.43 1.12 8.469999
v -11.43 -1.12 8.469999
v -11.280001 -1.27 8.469999
v -9.04 -1.27 8.469999
v -9.06 -0.5 6.0
v -9.06 0.5 6.0
v -9.06 -0.2 3.0
v -9.06 0.2 3.0
v -11.26 0.2 3.0
v -11.26 0.5 6.0
v -11.26 -0.5 6.0
v -11.26 -0.2 3.0
v -11.58 1.27 8.469999
v -13.82 1.27 8.469999
v -13.969999 1.12 8.469999
v -13.969999 -1.12 8.469999
v -13.82 -1.27 8.469999
v -11.58 -1.27 8.469999
v -11.599999 -0.5 6.0
v -11.599999 0.5 6.0
v -11.599999 -0.2 3.0
v -11.599999 0.2 3.0
v -13.8 0.2 3.0
v -13.8 0.5 6.0
v -13.8 -0.5 6.0
v -13.8 -0.2 3.0
v -14.120001 1.27 8.469999
v -16.360001 1.27 8.469999
v -16.51 1.12 8.469999
v -16.51 -1.12 8.469999
v -16.360001 -1.27 8.469999
v -14.120001 -1.27 8.469999
v -14.139999 -0.5 6.0
v -14.139999 0.5 6.0
v -14.139999 -0.2 3.0
v -14.139999 0.2 3.0
v -16.34 0.2 3.0
v -16.34 0.5 6.0
v -16.34 -0.5 6.0
v -16.34 -0.2 3.0
v -16.66 1.27 8.469999
v -18.9 1.27 8.469999
v -19.050001 1.12 8.469999
v -19.050001 -1.12 8.469999
v -18.9 -1.27 8.469999
v -16.66 -1.27 8.469999
v -16.68 -0.5 6.0
v -16.68 0.5 6.0
v -16.68 -0.2 3.0
v -16.68 0.2 3.0
v -18.880001 0.2 3.0
v -18.880001 0.5 6.0
v -18.880001 -0.5 6.0
v -18.880001 -0.2 3.0
v -19.200001 1.27 8.469999
v -21.439999 1.27 8.469999
v -21.59 1.12 8.469999
v -21.59 -1.12 8.469999
v -21.439999 -1.27 8.469999
v -19.200001 -1.27 8.469999
v -19.219999 -0.5 6.0
v -19.219999 0.5 6.0
v -19.219999 -0.2 3.0
v -19.219999 0.2 3.0
v -21.42 0.2 3.0
v -21.42 0.5 6.0
v -21.42 -0.5 6.0
v -21.42 -0.2 3.0
v -21.74 1.27 8.469999
v -23.98 1.27 8.469999
v -24.129999 1.12 8.469999
v -24.129999 -1.12 8.469999
v -23.98 -1.27 8.469999
v -21.74 -1.27 8.469999
v -21.76 -0.5 6.0
v -21.76 0.5 6.0
v -21.76 -0.2 3.0
v -21.76 0.2 3.0
v -23.959999 0.2 3.0
v -23.959999 0.5 6.0
v -23.959999 -0.5 6.0
v -23.959999 -0.2 3.0
v -24.280001 1.27 8.469999
v -26.52 1.27 8.469999
v -26.67 1.12 8.469999
v -26.67 -1.12 8.469999
v -26.52 -1.27 8.469999
v -24.280001 -1.27 8.469999
v -24.299999 -0.5 6.0
v -24.299999 0.5 6.0
v -24.299999 -0.2 3.0
v -24.299999 0.2 3.0
v -26.5 0.2 3.0
v -26.5 0.5 6.0
v -26.5 -0.5 6.0
v -26.5 -0.2 3.0
v -26.82 1.27 8.469999
v -29.060001 1.27 8.469999
v -29.209999 1.12 8.469999
v -29.209999 -1.12 8.469999
v -29.060001 -1.27 8.469999
v -26.82 -1.27 8.469999
v -26.84 -0.5 6.0
v -26.84 0.5 6.0
v -26.84 -0.2 3.0
v -26.84 0.2 3.0
v -29.039999 0.2 3.0
v -29.039999 0.5 6.0
v -29.039999 -0.5 6.0
v -29.039999 -0.2 3.0
v -29.360001 1.27 8.469999
v -31.599998 1.27 8.469999
v -31.750002 1.12 8.469999
v -31.750002 -1.12 8.469999
v -31.599998 -1.27 8.469999
v -29.360001 -1.27 8.469999
v -29.379999 -0.5 6.0
v -29.379999 0.5 6.0
v -29.379999 -0.2 3.0
v -29.379999 0.2 3.0
v -31.580002 0.2 3.0
v -31.580002 0.5 6.0
v -31.580002 -0.5 6.0
v -31.580002 -0.2 3.0
v -31.9 1.27 8.469999
v -34.139999 1.27 8.469999
v -34.290001 1.12 8.469999
v -34.290001 -1.12 8.469999
v -34.139999 -1.27 8.469999
v -31.9 -1.27 8.469999
v -31.92 -0.5 6.0
v -31.92 0.5 6.0
v -31.92 -0.2 3.0
v -31.92 0.2 3.0
v -34.120003 0.2 3.0
v -34.120003 0.5 6.0
v -34.120003 -0.5 6.0
v -34.120003 -0.2 3.0
v -34.439999 1.27 8.469999
v -36.68 1.27 8.469999
v -36.830002 1.12 8.469999
v -36.830002 -1.12 8.469999
v -36.68 -1.27 8.469999
v -34.439999 -1.27 8.469999
v -34.459999 -0.5 6.0
v -34.459999 0.5 6.0
v -34.459999 -0.2 3.0
v -34.459999 0.2 3.0
v -36.66 0.2 3.0
v -36.66 0.5 6.0
v -36.66 -0.5 6.0
v -36.66 -0.2 3.0
v -36.98 1.27 8.469999
v -39.220001 1.27 8.469999
v -39.369999 1.12 8.469999
v -39.369999 -1.12 8.469999
v -39.220001 -1.27 8.469999
v -36.98 -1.27 8.469999
v -37.0 -0.5 6.0
v -37.0 0.5 6.0
v -37.0 -0.2 3.0
v -37.0 0.2 3.0
v -39.200001 0.2 3.0
v -39.200001 0.5 6.0
v -39.200001 -0.5 6.0
v -39.200001 -0.2 3.0
v -3.04 0.5 6.0
v -2.04 0.5 6.0
v -5.58 0.5 6.0
v -4.58 0.5 6.0
v -8.120001 0.5 6.0
v -7.12 0.5 6.0
v -10.66 0.5 6.0
v -9.66 0.5 6.0
v -13.2 0.5 6.0
v -12.2 0.5 6.0
v -15.74 0.5 6.0
v -14.74 0.5 6.0
v -18.279999 0.5 6.0
v -17.279999 0.5 6.0
v -20.82 0.5 6.0
v -19.82 0.5 6.0
v -23.360001 0.5 6.0
v -22.360001 0.5 6.0
v -25.900002 0.5 6.0
v -24.9 0.5 6.0
v -28.440001 0.5 6.0
v -27.440001 0.5 6.0
v -30.98 0.5 6.0
v -29.98 0.5 6.0
v -33.519997 0.5 6.0
v -32.52 0.5 6.0
v -36.060001 0.5 6.0
v -35.060001 0.5 6.0
v -38.600002 0.5 6.0
v -37.599998 0.5 6.0
v -2.04 -0.5 6.0
v -3.04 -0.5 6.0
v -4.58 -0.5 6.0
v -5.58 -0.5 6.0
v -7.12 -0.5 6.0
v -8.120001 -0.5 6.0
v -9.66 -0.5 6.0
v -10.66 -0.5 6.0
v -12.2 -0.5 6.0
v -13.2 -0.5 6.0
v -14.74 -0.5 6.0
v -15.74 -0.5 6.0
v -17.279999 -0.5 6.0
v -18.279999 -0.5 6.0
v -19.82 -0.5 6.0
v -20.82 -0.5 6.0
v -22.360001 -0.5 6.0
v -23.360001 -0.5 6.0
v -24.9 -0.5 6.0
v -25.900002 -0.5 6.0
v -27.440001 -0.5 6.0
v -28.440001 -0.5 6.0
v -29.98 -0.5 6.0
v -30.98 -0.5 6.0
v -32.52 -0.5 6.0
v -33.519997 -0.5 6.0
v -35.060001 -0.5 6.0
v -36.060001 -0.5 6.0
v -37.599998 -0.5 6.0
v -38.600002 -0.5 6.0
v -39.227722 -1.219854 8.5
v -39.207573 -1.24 8.5
v -36.992428 -1.24 8.5
v -3.647573 -1.24 8.5
v -1.432426 -1.24 8.5
v -1.320146 -1.127719 8.5
v -3.555439 1.015439 8.5
v -3.81 -1.077574 8.5
v -3.555439 -1.015439 8.5
v -3.759854 -1.127719 8.5
v -1.524561 -1.015439 8.5
v -1.3 1.107574 8.5
v -1.524561 1.015439 8.5
v -1.3 -1.107574 8.5
v -6.095439 1.015439 8.5
v -6.35 -1.077574 8.5
v -6.095439 -1.015439 8.5
v -6.299854 -1.127719 8.5
v -4.064561 -1.015439 8.5
v -4.064561 1.015439 8.5
v -3.972426 1.24 8.5
v -3.81 1.077574 8.5
v -3.860146 -1.127719 8.5
v -1.432426 1.24 8.5
v -3.647573 1.24 8.5
v -6.187573 -1.24 8.5
v -3.972426 -1.24 8.5
v -8.635439 1.015439 8.5
v -8.89 -1.077574 8.5
v -8.635439 -1.015439 8.5
v -8.839854 -1.127719 8.5
v -6.604562 -1.015439 8.5
v -6.604562 1.015439 8.5
v -6.512426 1.24 8.5
v -6.35 1.077574 8.5
v -6.400146 -1.127719 8.5
v -6.187573 1.24 8.5
v -8.727573 -1.24 8.5
v -6.512426 -1.24 8.5
v -11.175439 1.015439 8.5
v -11.43 -1.077574 8.5
v -11.175439 -1.015439 8.5
v -11.379855 -1.127719 8.5
v -9.144562 -1.015439 8.5
v -9.144562 1.015439 8.5
v -9.052426 1.24 8.5
v -8.89 1.077574 8.5
v -8.940145 -1.127719 8.5
v -8.727573 1.24 8.5
v -11.267573 -1.24 8.5
v -9.052426 -1.24 8.5
v -13.715439 1.015439 8.5
v -13.969999 -1.077574 8.5
v -13.715439 -1.015439 8.5
v -13.919854 -1.127719 8.5
v -11.684561 -1.015439 8.5
v -11.684561 1.015439 8.5
v -11.592426 1.24 8.5
v -11.43 1.077574 8.5
v -11.480146 -1.127719 8.5
v -11.267573 1.24 8.5
v -13.807573 -1.24 8.5
v -11.592426 -1.24 8.5
v -16.255438 1.015439 8.5
v -16.51 -1.077574 8.5
v -16.255438 -1.015439 8.5
v -16.459854 -1.127719 8.5
v -14.224562 -1.015439 8.5
v -14.224562 1.015439 8.5
v -14.132426 1.24 8.5
v -13.969999 1.077574 8.5
v -14.020145 -1.127719 8.5
v -13.807573 1.24 8.5
v -16.347574 -1.24 8.5
v -14.132426 -1.24 8.5
v -18.795439 1.015439 8.5
v -19.050001 -1.077574 8.5
v -18.795439 -1.015439 8.5
v -18.999855 -1.127719 8.5
v -16.764561 -1.015439 8.5
v -16.764561 1.015439 8.5
v -16.672426 1.24 8.5
v -16.51 1.077574 8.5
v -16.560146 -1.127719 8.5
v -16.347574 1.24 8.5
v -18.887573 -1.24 8.5
v -16.672426 -1.24 8.5
v -21.335438 1.015439 8.5
v -21.59 -1.077574 8.5
v -21.335438 -1.015439 8.5
v -21.539854 -1.127719 8.5
v -19.304562 -1.015439 8.5
v -19.304562 1.015439 8.5
v -19.212427 1.24 8.5
v -19.050001 1.077574 8.5
v -19.100147 -1.127719 8.5
v -18.887573 1.24 8.5
v -21.427574 -1.24 8.5
v -19.212427 -1.24 8.5
v -26.41544 1.015439 8.5
v -26.67 -1.077574 8.5
v -26.41544 -1.015439 8.5
v -26.619854 -1.127719 8.5
v -24.384562 -1.015439 8.5
v -24.384562 1.015439 8.5
v -24.292427 1.24 8.5
v -24.129999 1.077574 8.5
v -23.875437 1.015439 8.5
v -24.129999 -1.077574 8.5
v -23.875437 -1.015439 8.5
v -24.079853 -1.127719 8.5
v -21.844563 -1.015439 8.5
v -21.844563 1.015439 8.5
v -21.752426 1.24 8.5
v -21.59 1.077574 8.5
v -24.180145 -1.127719 8.5
v -21.640146 -1.127719 8.5
v -23.967573 1.24 8.5
v -21.427574 1.24 8.5
v -23.967573 -1.24 8.5
v -21.752426 -1.24 8.5
v -26.507574 -1.24 8.5
v -24.292427 -1.24 8.5
v -28.955439 1.015439 8.5
v -29.209999 -1.077574 8.5
v -28.955439 -1.015439 8.5
v -29.159855 -1.127719 8.5
v -26.924562 -1.015439 8.5
v -26.924562 1.015439 8.5
v -26.832426 1.24 8.5
v -26.67 1.077574 8.5
v -26.720146 -1.127719 8.5
v -26.507574 1.24 8.5
v -29.047573 -1.24 8.5
v -26.832426 -1.24 8.5
v -31.495438 1.015439 8.5
v -31.750002 -1.077574 8.5
v -31.495438 -1.015439 8.5
v -31.699856 -1.127719 8.5
v -29.464561 -1.015439 8.5
v -29.464561 1.015439 8.5
v -29.372425 1.24 8.5
v -29.209999 1.077574 8.5
v -29.260145 -1.127719 8.5
v -29.047573 1.24 8.5
v -31.587574 -1.24 8.5
v -29.372425 -1.24 8.5
v -34.035439 1.015439 8.5
v -34.290001 -1.077574 8.5
v -34.035439 -1.015439 8.5
v -34.239853 -1.127719 8.5
v -32.004562 -1.015439 8.5
v -32.004562 1.015439 8.5
v -31.912428 1.24 8.5
v -31.750002 1.077574 8.5
v -31.800148 -1.127719 8.5
v -31.587574 1.24 8.5
v -34.127575 -1.24 8.5
v -31.912428 -1.24 8.5
v -36.667576 1.24 8.5
v -36.830002 1.077574 8.5
v -36.575439 1.015439 8.5
v -36.830002 -1.077574 8.5
v -36.575439 -1.015439 8.5
v -36.779854 -1.127719 8.5
v -34.544559 -1.015439 8.5
v -34.452427 1.24 8.5
v -34.544559 1.015439 8.5
v -34.290001 1.077574 8.5
v -34.340145 -1.127719 8.5
v -34.127575 1.24 8.5
v -36.667576 -1.24 8.5
v -34.452427 -1.24 8.5
v -37.08456 -1.015439 8.5
v -39.11544 -1.015439 8.5
v -39.227722 -1.127719 8.5
v -39.227722 1.219854 8.5
v -39.11544 1.015439 8.5
v -39.207573 1.24 8.5
v -37.08456 1.015439 8.5
v -36.992428 1.24 8.5
v -36.880146 -1.127719 8.5
v -39.34 1.107574 8.5
v -39.34 -1.107574 8.5
v -39.319855 -1.127719 8.5
v -2.04 0.5 7.790386
v -2.04 -0.5 7.790386
v -3.04 0.5 7.790386
v -3.04 -0.5 7.790386
v -4.58 0.5 7.790386
v -4.58 -0.5 7.790386
v -5.58 0.5 7.790386
v -5.58 -0.5 7.790386
v -7.12 0.5 7.790386
v -7.12 -0.5 7.790386
v -8.120001 0.5 7.790386
v -8.120001 -0.5 7.790386
v -9.66 0.5 7.790386
v -9.66 -0.5 7.790386
v -10.66 0.5 7.790386
v -10.66 -0.5 7.790386
v -12.2 0.5 7.790386
v -12.2 -0.5 7.790386
v -13.2 0.5 7.790386
v -13.2 -0.5 7.790386
v -14.74 0.5 7.790386
v -14.74 -0.5 7.790386
v -15.74 0.5 7.790386
v -15.74 -0.5 7.790386
v -17.279999 0.5 7.790386
v -17.279999 -0.5 7.790386
v -18.279999 0.5 7.790386
v -18.279999 -0.5 7.790386
v -19.82 0.5 7.790386
v -19.82 -0.5 7.790386
v -20.82 0.5 7.790386
v -20.82 -0.5 7.790386
v -22.360001 0.5 7.790386
v -22.360001 -0.5 7.790386
v -23.360001 0.5 7.790386
v -23.360001 -0.5 7.790386
v -24.9 0.5 7.790386
v -24.9 -0.5 7.790386
v -25.900002 0.5 7.790386
v -25.900002 -0.5 7.790386
v -27.440001 0.5 7.790386
v -27.440001 -0.5 7.790386
v -28.440001 0.5 7.790386
v -28.440001 -0.5 7.790386
v -29.98 0.5 7.790386
v -29.98 -0.5 7.790386
v -30.98 0.5 7.790386
v -30.98 -0.5 7.790386
v -32.52 0.5 7.790386
v -32.52 -0.5 7.790386
v -33.519997 0.5 7.790386
v -33.519997 -0.5 7.790386
v -35.060001 0.5 7.790386
v -35.060001 -0.5 7.790386
v -36.060001 0.5 7.790386
v -36.060001 -0.5 7.790386
v -37.599998 0.5 7.790386
v -37.599998 -0.5 7.790386
v -38.600002 0.5 7.790386
v -38.600002 -0.5 7.790386
v -3.531026 -0.991027 8.487437
v -3.045588 -0.505588 7.807823
v -3.531026 0.991027 8.487437
v -3.045588 0.505588 7.807823
v -1.548973 -0.991027 8.487437
v -2.034412 -0.505588 7.807823
v -1.548973 0.991027 8.487437
v -2.034412 0.505588 7.807823
v -5.585588 0.505588 7.807823
v -6.071026 0.991027 8.487437
v -5.585588 -0.505588 7.807823
v -6.071026 -0.991027 8.487437
v -4.574412 -0.505588 7.807823
v -4.088974 -0.991027 8.487437
v -4.574412 0.505588 7.807823
v -4.088974 0.991027 8.487437
v -8.125588 0.505588 7.807823
v -8.611026 0.991027 8.487437
v -8.125588 -0.505588 7.807823
v -8.611026 -0.991027 8.487437
v -7.114412 -0.505588 7.807823
v -6.628973 -0.991027 8.487437
v -7.114412 0.505588 7.807823
v -6.628973 0.991027 8.487437
v -10.665588 0.505588 7.807823
v -11.151027 0.991027 8.487437
v -10.665588 -0.505588 7.807823
v -11.151027 -0.991027 8.487437
v -9.654412 -0.505588 7.807823
v -9.168973 -0.991027 8.487437
v -9.654412 0.505588 7.807823
v -9.168973 0.991027 8.487437
v -13.205587 0.505588 7.807823
v -13.691027 0.991027 8.487437
v -13.205587 -0.505588 7.807823
v -13.691027 -0.991027 8.487437
v -12.194412 -0.505588 7.807823
v -11.708974 -0.991027 8.487437
v -12.194412 0.505588 7.807823
v -11.708974 0.991027 8.487437
v -15.745587 0.505588 7.807823
v -16.231026 0.991027 8.487437
v -15.745587 -0.505588 7.807823
v -16.231026 -0.991027 8.487437
v -14.734411 -0.505588 7.807823
v -14.248974 -0.991027 8.487437
v -14.734411 0.505588 7.807823
v -14.248974 0.991027 8.487437
v -18.285587 0.505588 7.807823
v -18.771027 0.991027 8.487437
v -18.285587 -0.505588 7.807823
v -18.771027 -0.991027 8.487437
v -17.274412 -0.505588 7.807823
v -16.788973 -0.991027 8.487437
v -17.274412 0.505588 7.807823
v -16.788973 0.991027 8.487437
v -20.825586 0.505588 7.807823
v -21.311026 0.991027 8.487437
v -20.825586 -0.505588 7.807823
v -21.311026 -0.991027 8.487437
v -19.814411 -0.505588 7.807823
v -19.328974 -0.991027 8.487437
v -19.814411 0.505588 7.807823
v -19.328974 0.991027 8.487437
v -23.365589 0.505588 7.807823
v -23.851027 0.991027 8.487437
v -23.365589 -0.505588 7.807823
v -23.851027 -0.991027 8.487437
v -22.354412 -0.505588 7.807823
v -21.868975 -0.991027 8.487437
v -22.354412 0.505588 7.807823
v -21.868975 0.991027 8.487437
v -25.905588 0.505588 7.807823
v -26.391026 0.991027 8.487437
v -25.905588 -0.505588 7.807823
v -26.391026 -0.991027 8.487437
v -24.894413 -0.505588 7.807823
v -24.408974 -0.991027 8.487437
v -24.894413 0.505588 7.807823
v -24.408974 0.991027 8.487437
v -28.445589 0.505588 7.807823
v -28.931026 0.991027 8.487437
v -28.445589 -0.505588 7.807823
v -28.931026 -0.991027 8.487437
v -27.434412 -0.505588 7.807823
v -26.948973 -0.991027 8.487437
v -27.434412 0.505588 7.807823
v -26.948973 0.991027 8.487437
v -30.985588 0.505588 7.807823
v -31.471025 0.991027 8.487437
v -30.985588 -0.505588 7.807823
v -31.471025 -0.991027 8.487437
v -29.974413 -0.505588 7.807823
v -29.488974 -0.991027 8.487437
v -29.974413 0.505588 7.807823
v -29.488974 0.991027 8.487437
v -33.525589 0.505588 7.807823
v -34.011024 0.991027 8.487437
v -33.525589 -0.505588 7.807823
v -34.011024 -0.991027 8.487437
v -32.514412 -0.505588 7.807823
v -32.028973 -0.991027 8.487437
v -32.514412 0.505588 7.807823
v -32.028973 0.991027 8.487437
v -36.06559 0.505588 7.807823
v -36.551025 0.991027 8.487437
v -36.06559 -0.505588 7.807823
v -36.551025 -0.991027 8.487437
v -35.054413 -0.505588 7.807823
v -34.568974 -0.991027 8.487437
v -35.054413 0.505588 7.807823
v -34.568974 0.991027 8.487437
v -38.605591 0.505588 7.807823
v -39.09103 0.991027 8.487437
v -38.605591 -0.505588 7.807823
v -39.09103 -0.991027 8.487437
v -37.59441 -0.505588 7.807823
v -37.108974 -0.991027 8.487437
v -37.59441 0.505588 7.807823
v -37.108974 0.991027 8.487437
v -39.369743 -1.119894 8.473916
v -39.369743 1.119894 8.473916
v -39.36898 -1.119577 8.477764
v -39.36898 1.119577 8.477764
v -39.367718 -1.119054 8.481481
v -39.367718 1.119054 8.481481
v -39.365982 -1.118335 8.485
v -39.365982 1.118335 8.485
v -39.3638 -1.117432 8.488263
v -39.3638 1.117432 8.488263
v -39.361214 -1.11636 8.491214
v -39.361214 1.11636 8.491214
v -39.355 -1.113787 8.495981
v -39.355 1.113787 8.495981
v -39.347763 -1.11079 8.498978
v -39.347763 1.11079 8.498978
v -39.210331 -1.246659 8.499124
v -39.210789 -1.247765 8.498978
v -39.212933 -1.252936 8.496836
v -39.21526 -1.258551 8.493256
v -39.213787 -1.255 8.495981
v -39.219688 -1.269248 8.476675
v -39.219536 -1.268879 8.47773
v -39.218769 -1.267029 8.483017
v -39.218277 -1.265839 8.484911
v -39.217289 -1.263455 8.488705
v -39.216362 -1.261213 8.491214
v -39.210789 1.247765 8.498978
v -39.219894 1.269743 8.473916
v -39.219578 1.268978 8.477764
v -39.219055 1.267716 8.481481
v -39.218338 1.265981 8.485
v -39.21743 1.263801 8.488263
v -39.216362 1.261213 8.491214
v -39.213787 1.255 8.495981
v -36.989662 -1.246676 8.499248
v -36.987038 -1.253016 8.497028
v -36.98468 -1.258705 8.493455
v -36.982712 -1.263455 8.488705
v -36.981228 -1.267029 8.483017
v -36.980312 -1.269248 8.476675
v -36.980106 1.269743 8.473916
v -36.980423 1.268978 8.477764
v -36.980946 1.267716 8.481481
v -36.981663 1.265981 8.485
v -36.982567 1.263801 8.488263
v -36.983639 1.261213 8.491214
v -36.986214 1.255 8.495981
v -36.989212 1.247765 8.498978
v -36.830002 -1.107574 8.491214
v -36.830002 -1.103809 8.493256
v -36.830002 -1.086988 8.499124
v -36.830002 -1.098787 8.495981
v -36.830002 -1.095866 8.496836
v -36.830002 -1.088554 8.498978
v -36.830002 -1.110744 8.488705
v -36.830002 -1.114115 8.484911
v -36.830002 -1.115798 8.483017
v -36.830002 -1.119733 8.473359
v -36.830002 -1.118936 8.476675
v -36.830002 -1.118554 8.477764
v -36.830002 1.119637 8.473916
v -36.830002 1.118554 8.477764
v -36.830002 1.11677 8.481481
v -36.830002 1.114316 8.485
v -36.830002 1.111233 8.488263
v -36.830002 1.107574 8.491214
v -36.830002 1.098787 8.495981
v -36.830002 1.088554 8.498978
v -36.67033 -1.246659 8.499124
v -36.670788 -1.247765 8.498978
v -36.672932 -1.252936 8.496836
v -36.673786 -1.255 8.495981
v -36.675259 -1.258551 8.493256
v -36.676361 -1.261213 8.491214
v -36.677288 -1.263455 8.488705
v -36.678276 -1.265839 8.484911
v -36.678768 -1.267029 8.483017
v -36.679535 -1.268879 8.47773
v -36.679688 -1.269248 8.476675
v -36.673752 1.254911 8.495838
v -36.679688 1.269248 8.476675
v -36.679535 1.268879 8.47773
v -36.678768 1.267029 8.483017
v -36.678276 1.265839 8.484911
v -36.677288 1.263455 8.488705
v -36.676308 1.26108 8.49108
v -36.675323 1.258705 8.493455
v -36.670338 1.246676 8.499248
v -36.670773 1.24773 8.498879
v -36.672966 1.253016 8.497028
v -34.442711 -1.263455 8.488705
v -34.443638 -1.261213 8.491214
v -34.44474 -1.258551 8.493256
v -34.446213 -1.255 8.495981
v -34.447067 -1.252936 8.496836
v -34.449207 -1.247765 8.498978
v -34.449665 -1.246659 8.499124
v -34.441723 -1.265839 8.484911
v -34.441231 -1.267029 8.483017
v -34.440464 -1.268879 8.47773
v -34.440311 -1.269248 8.476675
v -34.446251 1.254911 8.495838
v -34.444679 1.258705 8.493455
v -34.443695 1.26108 8.49108
v -34.442711 1.263455 8.488705
v -34.441723 1.265839 8.484911
v -34.441231 1.267029 8.483017
v -34.440464 1.268879 8.47773
v -34.440311 1.269248 8.476675
v -34.447033 1.253016 8.497028
v -34.449661 1.246676 8.499248
v -34.449223 1.24773 8.498879
v -34.290001 -1.086988 8.499124
v -34.290001 -1.088554 8.498978
v -34.290001 -1.098787 8.495981
v -34.290001 -1.095866 8.496836
v -34.290001 -1.103809 8.493256
v -34.290001 -1.107574 8.491214
v -34.290001 -1.119733 8.473359
v -34.290001 -1.110744 8.488705
v -34.290001 -1.114115 8.484911
v -34.290001 -1.115798 8.483017
v -34.290001 -1.118554 8.477764
v -34.290001 -1.118936 8.476675
v -34.290001 1.119733 8.473359
v -34.290001 1.087014 8.499248
v -34.290001 1.088507 8.498878
v -34.290001 1.095982 8.497028
v -34.290001 1.098662 8.495838
v -34.290001 1.104026 8.493455
v -34.290001 1.107385 8.49108
v -34.290001 1.110744 8.488705
v -34.290001 1.114115 8.484911
v -34.290001 1.115798 8.483017
v -34.290001 1.118554 8.477764
v -34.290001 1.118849 8.476665
v -34.130337 -1.246676 8.499248
v -34.132965 -1.253016 8.497028
v -34.135323 -1.258705 8.493455
v -34.137291 -1.263455 8.488705
v -34.138767 -1.267029 8.483017
v -34.13969 -1.269248 8.476675
v -34.13969 1.269248 8.476675
v -34.138767 1.267029 8.483017
v -34.137291 1.263455 8.488705
v -34.135323 1.258705 8.493455
v -34.132965 1.253016 8.497028
v -34.130337 1.246676 8.499248
v -31.90966 -1.246676 8.499248
v -31.907034 -1.253016 8.497028
v -31.904678 -1.258705 8.493455
v -31.902712 -1.263455 8.488705
v -31.90123 -1.267029 8.483017
v -31.900312 -1.269248 8.476675
v -31.900312 1.269248 8.476675
v -31.900465 1.268879 8.47773
v -31.90123 1.267029 8.483017
v -31.901724 1.265839 8.484911
v -31.902712 1.263455 8.488705
v -31.903696 1.26108 8.49108
v -31.904678 1.258705 8.493455
v -31.90625 1.254911 8.495838
v -31.907034 1.253016 8.497028
v -31.909224 1.24773 8.498879
v -31.90966 1.246676 8.499248
v -31.750002 -1.087014 8.499248
v -31.750002 -1.095982 8.497028
v -31.750002 -1.104026 8.493455
v -31.750002 -1.110744 8.488705
v -31.750002 -1.115798 8.483017
v -31.750002 -1.119733 8.473359
v -31.750002 -1.118936 8.476675
v -31.750002 -1.117619 8.479908
v -31.750002 1.119733 8.473359
v -31.750002 1.087014 8.499248
v -31.750002 1.088507 8.498878
v -31.750002 1.095982 8.497028
v -31.750002 1.098662 8.495838
v -31.750002 1.104026 8.493455
v -31.750002 1.107385 8.49108
v -31.750002 1.110744 8.488705
v -31.750002 1.114115 8.484911
v -31.750002 1.115798 8.483017
v -31.750002 1.118554 8.477764
v -31.750002 1.118849 8.476665
v -31.590332 -1.246659 8.499124
v -31.59079 -1.247765 8.498978
v -31.593788 -1.255 8.495981
v -31.592932 -1.252936 8.496836
v -31.596359 -1.261213 8.491214
v -31.595257 -1.258551 8.493256
v -31.599689 -1.269248 8.476675
v -31.599537 -1.268879 8.47773
v -31.598768 -1.267029 8.483017
v -31.598278 -1.265839 8.484911
v -31.59729 -1.263455 8.488705
v -31.599689 1.269248 8.476675
v -31.599537 1.268879 8.47773
v -31.598768 1.267029 8.483017
v -31.598278 1.265839 8.484911
v -31.59729 1.263455 8.488705
v -31.596306 1.26108 8.49108
v -31.59532 1.258705 8.493455
v -31.593752 1.254911 8.495838
v -31.592964 1.253016 8.497028
v -31.59034 1.246676 8.499248
v -31.590775 1.24773 8.498879
v -29.369669 -1.246659 8.499124
v -29.369211 -1.247765 8.498978
v -29.367069 -1.252936 8.496836
v -29.366215 -1.255 8.495981
v -29.364742 -1.258551 8.493256
v -29.36364 -1.261213 8.491214
v -29.362711 -1.263455 8.488705
v -29.360312 -1.269248 8.476675
v -29.360464 -1.268879 8.47773
v -29.361231 -1.267029 8.483017
v -29.361723 -1.265839 8.484911
v -29.360312 1.269248 8.476675
v -29.360464 1.268879 8.47773
v -29.361231 1.267029 8.483017
v -29.361723 1.265839 8.484911
v -29.362711 1.263455 8.488705
v -29.363695 1.26108 8.49108
v -29.364679 1.258705 8.493455
v -29.366249 1.254911 8.495838
v -29.367035 1.253016 8.497028
v -29.369225 1.24773 8.498879
v -29.369661 1.246676 8.499248
v -29.209999 -1.087014 8.499248
v -29.209999 -1.095982 8.497028
v -29.209999 -1.104026 8.493455
v -29.209999 -1.110744 8.488705
v -29.209999 -1.115798 8.483017
v -29.209999 -1.117619 8.479908
v -29.209999 -1.118936 8.476675
v -29.209999 -1.119733 8.473359
v -29.209999 1.119733 8.473359
v -29.209999 1.118849 8.476665
v -29.209999 1.118554 8.477764
v -29.209999 1.115798 8.483017
v -29.209999 1.114115 8.484911
v -29.209999 1.110744 8.488705
v -29.209999 1.107385 8.49108
v -29.209999 1.104026 8.493455
v -29.209999 1.098662 8.495838
v -29.209999 1.095982 8.497028
v -29.209999 1.088507 8.498878
v -29.209999 1.087014 8.499248
v -29.050331 -1.246659 8.499124
v -29.050789 -1.247765 8.498978
v -29.053787 -1.255 8.495981
v -29.052933 -1.252936 8.496836
v -29.05636 -1.261213 8.491214
v -29.055258 -1.258551 8.493256
v -29.059689 -1.269248 8.476675
v -29.059534 -1.268879 8.47773
v -29.058769 -1.267029 8.483017
v -29.058275 -1.265839 8.484911
v -29.057289 -1.263455 8.488705
v -29.059895 1.269743 8.473916
v -29.059576 1.268978 8.477764
v -29.059053 1.267716 8.481481
v -29.058336 1.265981 8.485
v -29.057432 1.263801 8.488263
v -29.05636 1.261213 8.491214
v -29.053787 1.255 8.495981
v -29.050789 1.247765 8.498978
v -26.82921 -1.247765 8.498978
v -26.826214 -1.255 8.495981
v -26.823639 -1.261213 8.491214
v -26.822567 -1.263801 8.488263
v -26.821665 -1.265981 8.485
v -26.820946 -1.267716 8.481481
v -26.820423 -1.268978 8.477764
v -26.820107 -1.269743 8.473916
v -26.820107 1.269743 8.473916
v -26.820423 1.268978 8.477764
v -26.820946 1.267716 8.481481
v -26.821665 1.265981 8.485
v -26.822567 1.263801 8.488263
v -26.823639 1.261213 8.491214
v -26.826214 1.255 8.495981
v -26.82921 1.247765 8.498978
v -26.67 -1.088554 8.498978
v -26.67 -1.098787 8.495981
v -26.67 -1.119637 8.473916
v -26.67 -1.118554 8.477764
v -26.67 -1.11677 8.481481
v -26.67 -1.114316 8.485
v -26.67 -1.111233 8.488263
v -26.67 -1.107574 8.491214
v -26.67 1.119637 8.473916
v -26.67 1.118554 8.477764
v -26.67 1.11677 8.481481
v -26.67 1.114316 8.485
v -26.67 1.111233 8.488263
v -26.67 1.107574 8.491214
v -26.67 1.098787 8.495981
v -26.67 1.088554 8.498978
v -26.510332 -1.246659 8.499124
v -26.51079 -1.247765 8.498978
v -26.512932 -1.252936 8.496836
v -26.513786 -1.255 8.495981
v -26.515259 -1.258551 8.493256
v -26.516361 -1.261213 8.491214
v -26.517288 -1.263455 8.488705
v -26.518276 -1.265839 8.484911
v -26.51877 -1.267029 8.483017
v -26.519535 -1.268879 8.47773
v -26.519688 -1.269248 8.476675
v -26.519894 1.269743 8.473916
v -26.519577 1.268978 8.477764
v -26.519054 1.267716 8.481481
v -26.518335 1.265981 8.485
v -26.517431 1.263801 8.488263
v -26.516361 1.261213 8.491214
v -26.513786 1.255 8.495981
v -26.51079 1.247765 8.498978
v -24.289661 -1.246676 8.499248
v -24.287035 -1.253016 8.497028
v -24.284679 -1.258705 8.493455
v -24.282711 -1.263455 8.488705
v -24.281229 -1.267029 8.483017
v -24.280312 -1.269248 8.476675
v -24.280312 1.269248 8.476675
v -24.280464 1.268879 8.47773
v -24.281229 1.267029 8.483017
v -24.281723 1.265839 8.484911
v -24.282711 1.263455 8.488705
v -24.283693 1.26108 8.49108
v -24.284679 1.258705 8.493455
v -24.286249 1.254911 8.495838
v -24.287035 1.253016 8.497028
v -24.289225 1.24773 8.498879
v -24.289661 1.246676 8.499248
v -24.129999 -1.087014 8.499248
v -24.129999 -1.095982 8.497028
v -24.129999 -1.104026 8.493455
v -24.129999 -1.110744 8.488705
v -24.129999 -1.115798 8.483017
v -24.129999 -1.119733 8.473359
v -24.129999 -1.118936 8.476675
v -24.129999 -1.117619 8.479908
v -24.129999 1.119733 8.473359
v -24.129999 1.118936 8.476675
v -24.129999 1.117619 8.479908
v -24.129999 1.115798 8.483017
v -24.129999 1.110744 8.488705
v -24.129999 1.104026 8.493455
v -24.129999 1.095982 8.497028
v -24.129999 1.087014 8.499248
v -23.970331 -1.246659 8.499124
v -23.970791 -1.247765 8.498978
v -23.973787 -1.255 8.495981
v -23.972933 -1.252936 8.496836
v -23.97636 -1.261213 8.491214
v -23.975258 -1.258551 8.493256
v -23.979689 -1.269248 8.476675
v -23.979536 -1.268879 8.47773
v -23.978769 -1.267029 8.483017
v -23.978275 -1.265839 8.484911
v -23.977289 -1.263455 8.488705
v -23.979689 1.269248 8.476675
v -23.979536 1.268879 8.47773
v -23.978769 1.267029 8.483017
v -23.978275 1.265839 8.484911
v -23.977289 1.263455 8.488705
v -23.975323 1.258705 8.493455
v -23.976305 1.26108 8.49108
v -23.970339 1.246676 8.499248
v -23.970776 1.24773 8.498879
v -23.972965 1.253016 8.497028
v -23.973749 1.254911 8.495838
v -21.749668 -1.246659 8.499124
v -21.74921 -1.247765 8.498978
v -21.747068 -1.252936 8.496836
v -21.746212 -1.255 8.495981
v -21.744743 -1.258551 8.493256
v -21.743641 -1.261213 8.491214
v -21.74271 -1.263455 8.488705
v -21.740313 -1.269248 8.476675
v -21.740465 -1.268879 8.47773
v -21.74123 -1.267029 8.483017
v -21.741724 -1.265839 8.484911
v -21.740107 1.269743 8.473916
v -21.740423 1.268978 8.477764
v -21.740946 1.267716 8.481481
v -21.741665 1.265981 8.485
v -21.742567 1.263801 8.488263
v -21.743641 1.261213 8.491214
v -21.746212 1.255 8.495981
v -21.74921 1.247765 8.498978
v -21.59 -1.087014 8.499248
v -21.59 -1.095982 8.497028
v -21.59 -1.104026 8.493455
v -21.59 -1.110744 8.488705
v -21.59 -1.115798 8.483017
v -21.59 -1.117619 8.479908
v -21.59 -1.118936 8.476675
v -21.59 -1.119733 8.473359
v -21.59 1.119733 8.473359
v -21.59 1.107385 8.49108
v -21.59 1.110744 8.488705
v -21.59 1.114115 8.484911
v -21.59 1.115798 8.483017
v -21.59 1.118554 8.477764
v -21.59 1.118849 8.476665
v -21.59 1.104026 8.493455
v -21.59 1.098662 8.495838
v -21.59 1.095982 8.497028
v -21.59 1.088507 8.498878
v -21.59 1.087014 8.499248
v -21.430332 -1.246659 8.499124
v -21.43079 -1.247765 8.498978
v -21.433788 -1.255 8.495981
v -21.432932 -1.252936 8.496836
v -21.436359 -1.261213 8.491214
v -21.435257 -1.258551 8.493256
v -21.439688 -1.269248 8.476675
v -21.439535 -1.268879 8.47773
v -21.43877 -1.267029 8.483017
v -21.438276 -1.265839 8.484911
v -21.437288 -1.263455 8.488705
v -21.439688 1.269248 8.476675
v -21.439535 1.268879 8.47773
v -21.43877 1.267029 8.483017
v -21.438276 1.265839 8.484911
v -21.437288 1.263455 8.488705
v -21.436306 1.26108 8.49108
v -21.435322 1.258705 8.493455
v -21.43375 1.254911 8.495838
v -21.432966 1.253016 8.497028
v -21.430338 1.246676 8.499248
v -21.430775 1.24773 8.498879
v -19.209209 -1.247765 8.498978
v -19.206213 -1.255 8.495981
v -19.20364 -1.261213 8.491214
v -19.202568 -1.263801 8.488263
v -19.201664 -1.265981 8.485
v -19.200945 -1.267716 8.481481
v -19.200424 -1.268978 8.477764
v -19.200108 -1.269743 8.473916
v -19.200108 1.269743 8.473916
v -19.200424 1.268978 8.477764
v -19.200945 1.267716 8.481481
v -19.201664 1.265981 8.485
v -19.202568 1.263801 8.488263
v -19.20364 1.261213 8.491214
v -19.206213 1.255 8.495981
v -19.209209 1.247765 8.498978
v -19.050001 -1.098787 8.495981
v -19.050001 -1.095866 8.496836
v -19.050001 -1.088554 8.498978
v -19.050001 -1.086988 8.499124
v -19.050001 -1.119733 8.473359
v -19.050001 -1.118936 8.476675
v -19.050001 -1.118554 8.477764
v -19.050001 -1.115798 8.483017
v -19.050001 -1.114115 8.484911
v -19.050001 -1.110744 8.488705
v -19.050001 -1.107574 8.491214
v -19.050001 -1.103809 8.493256
v -19.050001 1.119733 8.473359
v -19.050001 1.107385 8.49108
v -19.050001 1.110744 8.488705
v -19.050001 1.114115 8.484911
v -19.050001 1.115798 8.483017
v -19.050001 1.118554 8.477764
v -19.050001 1.118849 8.476665
v -19.050001 1.104026 8.493455
v -19.050001 1.098662 8.495838
v -19.050001 1.095982 8.497028
v -19.050001 1.088507 8.498878
v -19.050001 1.087014 8.499248
v -18.890339 -1.246676 8.499248
v -18.892963 -1.253016 8.497028
v -18.895321 -1.258705 8.493455
v -18.897289 -1.263455 8.488705
v -18.898769 -1.267029 8.483017
v -18.899689 -1.269248 8.476675
v -18.899689 1.269248 8.476675
v -18.899536 1.268879 8.47773
v -18.898769 1.267029 8.483017
v -18.898277 1.265839 8.484911
v -18.897289 1.263455 8.488705
v -18.896305 1.26108 8.49108
v -18.895321 1.258705 8.493455
v -18.893751 1.254911 8.495838
v -18.892963 1.253016 8.497028
v -18.890339 1.246676 8.499248
v -18.890776 1.24773 8.498879
v -16.669668 -1.246659 8.499124
v -16.66921 -1.247765 8.498978
v -16.667068 -1.252936 8.496836
v -16.666214 -1.255 8.495981
v -16.664742 -1.258551 8.493256
v -16.663639 -1.261213 8.491214
v -16.662712 -1.263455 8.488705
v -16.660313 -1.269248 8.476675
v -16.660465 -1.268879 8.47773
v -16.66123 -1.267029 8.483017
v -16.661724 -1.265839 8.484911
v -16.660313 1.269248 8.476675
v -16.660465 1.268879 8.47773
v -16.66123 1.267029 8.483017
v -16.661724 1.265839 8.484911
v -16.662712 1.263455 8.488705
v -16.663694 1.26108 8.49108
v -16.664679 1.258705 8.493455
v -16.66625 1.254911 8.495838
v -16.667034 1.253016 8.497028
v -16.669226 1.24773 8.498879
v -16.669661 1.246676 8.499248
v -16.51 -1.086988 8.499124
v -16.51 -1.088554 8.498978
v -16.51 -1.098787 8.495981
v -16.51 -1.095866 8.496836
v -16.51 -1.103809 8.493256
v -16.51 -1.107574 8.491214
v -16.51 -1.119733 8.473359
v -16.51 -1.110744 8.488705
v -16.51 -1.114115 8.484911
v -16.51 -1.115798 8.483017
v -16.51 -1.118554 8.477764
v -16.51 -1.118936 8.476675
v -16.51 1.119733 8.473359
v -16.51 1.118936 8.476675
v -16.51 1.117619 8.479908
v -16.51 1.115798 8.483017
v -16.51 1.110744 8.488705
v -16.51 1.104026 8.493455
v -16.51 1.095982 8.497028
v -16.51 1.087014 8.499248
v -16.35033 -1.246659 8.499124
v -16.350788 -1.247765 8.498978
v -16.352932 -1.252936 8.496836
v -16.359688 -1.269248 8.476675
v -16.359535 -1.268879 8.47773
v -16.358768 -1.267029 8.483017
v -16.358276 -1.265839 8.484911
v -16.35729 -1.263455 8.488705
v -16.356359 -1.261213 8.491214
v -16.355257 -1.258551 8.493256
v -16.353786 -1.255 8.495981
v -16.359688 1.269248 8.476675
v -16.359535 1.268879 8.47773
v -16.358768 1.267029 8.483017
v -16.358276 1.265839 8.484911
v -16.35729 1.263455 8.488705
v -16.35532 1.258705 8.493455
v -16.356304 1.26108 8.49108
v -16.350338 1.246676 8.499248
v -16.350777 1.24773 8.498879
v -16.352964 1.253016 8.497028
v -16.35375 1.254911 8.495838
v -14.12921 -1.247765 8.498978
v -14.126213 -1.255 8.495981
v -14.12364 -1.261213 8.491214
v -14.122568 -1.263801 8.488263
v -14.121665 -1.265981 8.485
v -14.120946 -1.267716 8.481481
v -14.120423 -1.268978 8.477764
v -14.120107 -1.269743 8.473916
v -14.120312 1.269248 8.476675
v -14.120464 1.268879 8.47773
v -14.121231 1.267029 8.483017
v -14.121723 1.265839 8.484911
v -14.122711 1.263455 8.488705
v -14.123695 1.26108 8.49108
v -14.124679 1.258705 8.493455
v -14.12625 1.254911 8.495838
v -14.127035 1.253016 8.497028
v -14.129224 1.24773 8.498879
v -14.129661 1.246676 8.499248
v -13.969999 -1.088554 8.498978
v -13.969999 -1.098787 8.495981
v -13.969999 -1.119637 8.473916
v -13.969999 -1.118554 8.477764
v -13.969999 -1.11677 8.481481
v -13.969999 -1.114316 8.485
v -13.969999 -1.111233 8.488263
v -13.969999 -1.107574 8.491214
v -13.969999 1.119733 8.473359
v -13.969999 1.118936 8.476675
v -13.969999 1.117619 8.479908
v -13.969999 1.115798 8.483017
v -13.969999 1.110744 8.488705
v -13.969999 1.104026 8.493455
v -13.969999 1.095982 8.497028
v -13.969999 1.087014 8.499248
v -13.810332 -1.246659 8.499124
v -13.81079 -1.247765 8.498978
v -13.812932 -1.252936 8.496836
v -13.813787 -1.255 8.495981
v -13.815258 -1.258551 8.493256
v -13.81636 -1.261213 8.491214
v -13.817289 -1.263455 8.488705
v -13.818276 -1.265839 8.484911
v -13.818769 -1.267029 8.483017
v -13.819535 -1.268879 8.47773
v -13.819688 -1.269248 8.476675
v -13.819688 1.269248 8.476675
v -13.819535 1.268879 8.47773
v -13.818769 1.267029 8.483017
v -13.818276 1.265839 8.484911
v -13.817289 1.263455 8.488705
v -13.815321 1.258705 8.493455
v -13.816305 1.26108 8.49108
v -13.810338 1.246676 8.499248
v -13.810775 1.24773 8.498879
v -13.812964 1.253016 8.497028
v -13.81375 1.254911 8.495838
v -11.582711 -1.263455 8.488705
v -11.583639 -1.261213 8.491214
v -11.584742 -1.258551 8.493256
v -11.586213 -1.255 8.495981
v -11.587069 -1.252936 8.496836
v -11.589211 -1.247765 8.498978
v -11.589668 -1.246659 8.499124
v -11.581723 -1.265839 8.484911
v -11.581231 -1.267029 8.483017
v -11.580464 -1.268879 8.47773
v -11.580312 -1.269248 8.476675
v -11.580106 1.269743 8.473916
v -11.580423 1.268978 8.477764
v -11.580946 1.267716 8.481481
v -11.581665 1.265981 8.485
v -11.582568 1.263801 8.488263
v -11.583639 1.261213 8.491214
v -11.586213 1.255 8.495981
v -11.589211 1.247765 8.498978
v -11.43 -1.086988 8.499124
v -11.43 -1.088554 8.498978
v -11.43 -1.098787 8.495981
v -11.43 -1.095866 8.496836
v -11.43 -1.103809 8.493256
v -11.43 -1.107574 8.491214
v -11.43 -1.119733 8.473359
v -11.43 -1.110744 8.488705
v -11.43 -1.114115 8.484911
v -11.43 -1.115798 8.483017
v -11.43 -1.118554 8.477764
v -11.43 -1.118936 8.476675
v -11.43 1.119637 8.473916
v -11.43 1.118554 8.477764
v -11.43 1.11677 8.481481
v -11.43 1.114316 8.485
v -11.43 1.111233 8.488263
v -11.43 1.107574 8.491214
v -11.43 1.098787 8.495981
v -11.43 1.088554 8.498978
v -11.270332 -1.246659 8.499124
v -11.270789 -1.247765 8.498978
v -11.272931 -1.252936 8.496836
v -11.279688 -1.269248 8.476675
v -11.279535 -1.268879 8.47773
v -11.278769 -1.267029 8.483017
v -11.278276 -1.265839 8.484911
v -11.277289 -1.263455 8.488705
v -11.276361 -1.261213 8.491214
v -11.275258 -1.258551 8.493256
v -11.273787 -1.255 8.495981
v -11.279894 1.269743 8.473916
v -11.279576 1.268978 8.477764
v -11.279054 1.267716 8.481481
v -11.278335 1.265981 8.485
v -11.277432 1.263801 8.488263
v -11.276361 1.261213 8.491214
v -11.273787 1.255 8.495981
v -11.270789 1.247765 8.498978
v -9.04921 -1.247765 8.498978
v -9.046213 -1.255 8.495981
v -9.043639 -1.261213 8.491214
v -9.042567 -1.263801 8.488263
v -9.041665 -1.265981 8.485
v -9.040946 -1.267716 8.481481
v -9.040423 -1.268978 8.477764
v -9.040106 -1.269743 8.473916
v -9.040106 1.269743 8.473916
v -9.040423 1.268978 8.477764
v -9.040946 1.267716 8.481481
v -9.041665 1.265981 8.485
v -9.042567 1.263801 8.488263
v -9.043639 1.261213 8.491214
v -9.046213 1.255 8.495981
v -9.04921 1.247765 8.498978
v -8.89 -1.098787 8.495981
v -8.89 -1.095866 8.496836
v -8.89 -1.088554 8.498978
v -8.89 -1.086988 8.499124
v -8.89 -1.119733 8.473359
v -8.89 -1.118936 8.476675
v -8.89 -1.118554 8.477764
v -8.89 -1.115798 8.483017
v -8.89 -1.114115 8.484911
v -8.89 -1.110744 8.488705
v -8.89 -1.107574 8.491214
v -8.89 -1.103809 8.493256
v -8.89 1.119637 8.473916
v -8.89 1.118554 8.477764
v -8.89 1.11677 8.481481
v -8.89 1.114316 8.485
v -8.89 1.111233 8.488263
v -8.89 1.107574 8.491214
v -8.89 1.098787 8.495981
v -8.89 1.088554 8.498978
v -8.730331 -1.246659 8.499124
v -8.730789 -1.247765 8.498978
v -8.732932 -1.252936 8.496836
v -8.739689 -1.269248 8.476675
v -8.739535 -1.268879 8.47773
v -8.73877 -1.267029 8.483017
v -8.738276 -1.265839 8.484911
v -8.737289 -1.263455 8.488705
v -8.736361 -1.261213 8.491214
v -8.735258 -1.258551 8.493256
v -8.733787 -1.255 8.495981
v -8.739893 1.269743 8.473916
v -8.739576 1.268978 8.477764
v -8.739054 1.267716 8.481481
v -8.738336 1.265981 8.485
v -8.737432 1.263801 8.488263
v -8.736361 1.261213 8.491214
v -8.733787 1.255 8.495981
v -8.730789 1.247765 8.498978
v -6.509668 -1.246659 8.499124
v -6.509211 -1.247765 8.498978
v -6.507069 -1.252936 8.496836
v -6.506213 -1.255 8.495981
v -6.504742 -1.258551 8.493256
v -6.50364 -1.261213 8.491214
v -6.502711 -1.263455 8.488705
v -6.501724 -1.265839 8.484911
v -6.50123 -1.267029 8.483017
v -6.500464 -1.268879 8.47773
v -6.500312 -1.269248 8.476675
v -6.500312 1.269248 8.476675
v -6.500464 1.268879 8.47773
v -6.50123 1.267029 8.483017
v -6.501724 1.265839 8.484911
v -6.502711 1.263455 8.488705
v -6.503695 1.26108 8.49108
v -6.504679 1.258705 8.493455
v -6.50625 1.254911 8.495838
v -6.507035 1.253016 8.497028
v -6.509224 1.24773 8.498879
v -6.509661 1.246676 8.499248
v -6.35 -1.087014 8.499248
v -6.35 -1.095982 8.497028
v -6.35 -1.104026 8.493455
v -6.35 -1.110744 8.488705
v -6.35 -1.115798 8.483017
v -6.35 -1.117619 8.479908
v -6.35 -1.118936 8.476675
v -6.35 -1.119733 8.473359
v -6.35 1.119733 8.473359
v -6.35 1.118849 8.476665
v -6.35 1.118554 8.477764
v -6.35 1.115798 8.483017
v -6.35 1.114115 8.484911
v -6.35 1.110744 8.488705
v -6.35 1.107385 8.49108
v -6.35 1.104026 8.493455
v -6.35 1.098662 8.495838
v -6.35 1.095982 8.497028
v -6.35 1.088507 8.498878
v -6.35 1.087014 8.499248
v -6.190331 -1.246659 8.499124
v -6.19079 -1.247765 8.498978
v -6.193787 -1.255 8.495981
v -6.192932 -1.252936 8.496836
v -6.196361 -1.261213 8.491214
v -6.195258 -1.258551 8.493256
v -6.199688 -1.269248 8.476675
v -6.199535 -1.268879 8.47773
v -6.19877 -1.267029 8.483017
v -6.198277 -1.265839 8.484911
v -6.197289 -1.263455 8.488705
v -6.199893 1.269743 8.473916
v -6.199576 1.268978 8.477764
v -6.199054 1.267716 8.481481
v -6.198335 1.265981 8.485
v -6.197432 1.263801 8.488263
v -6.196361 1.261213 8.491214
v -6.193787 1.255 8.495981
v -6.19079 1.247765 8.498978
v -3.96921 -1.247765 8.498978
v -3.966213 -1.255 8.495981
v -3.963639 -1.261213 8.491214
v -3.962568 -1.263801 8.488263
v -3.961665 -1.265981 8.485
v -3.960946 -1.267716 8.481481
v -3.960424 -1.268978 8.477764
v -3.960107 -1.269743 8.473916
v -3.960107 1.269743 8.473916
v -3.960424 1.268978 8.477764
v -3.960946 1.267716 8.481481
v -3.961665 1.265981 8.485
v -3.962568 1.263801 8.488263
v -3.963639 1.261213 8.491214
v -3.966213 1.255 8.495981
v -3.96921 1.247765 8.498978
v -3.81 -1.088554 8.498978
v -3.81 -1.098787 8.495981
v -3.81 -1.119637 8.473916
v -3.81 -1.118554 8.477764
v -3.81 -1.11677 8.481481
v -3.81 -1.114316 8.485
v -3.81 -1.111233 8.488263
v -3.81 -1.107574 8.491214
v -3.81 1.119637 8.473916
v -3.81 1.118554 8.477764
v -3.81 1.11677 8.481481
v -3.81 1.114316 8.485
v -3.81 1.111233 8.488263
v -3.81 1.107574 8.491214
v -3.81 1.098787 8.495981
v -3.81 1.088554 8.498978
v -3.65079 -1.247765 8.498978
v -3.653787 -1.255 8.495981
v -3.65636 -1.261213 8.491214
v -3.657432 -1.263801 8.488263
v -3.658335 -1.265981 8.485
v -3.659054 -1.267716 8.481481
v -3.659577 -1.268978 8.477764
v -3.659894 -1.269743 8.473916
v -3.659894 1.269743 8.473916
v -3.659577 1.268978 8.477764
v -3.659054 1.267716 8.481481
v -3.658335 1.265981 8.485
v -3.657432 1.263801 8.488263
v -3.65636 1.261213 8.491214
v -3.653787 1.255 8.495981
v -3.65079 1.247765 8.498978
v -1.421665 -1.265981 8.485
v -1.422568 -1.263801 8.488263
v -1.42364 -1.261213 8.491214
v -1.426213 -1.255 8.495981
v -1.42921 -1.247765 8.498978
v -1.420946 -1.267716 8.481481
v -1.420423 -1.268978 8.477764
v -1.420106 -1.269743 8.473916
v -1.420106 1.269743 8.473916
v -1.420423 1.268978 8.477764
v -1.420946 1.267716 8.481481
v -1.421665 1.265981 8.485
v -1.422568 1.263801 8.488263
v -1.42364 1.261213 8.491214
v -1.426213 1.255 8.495981
v -1.42921 1.247765 8.498978
v -1.293341 -1.110332 8.499124
v -1.287064 -1.112932 8.496836
v -1.292235 -1.11079 8.498978
v -1.281448 -1.115258 8.493256
v -1.285 -1.113787 8.495981
v -1.270752 -1.119688 8.476675
v -1.271121 -1.119536 8.47773
v -1.272971 -1.118769 8.483017
v -1.274161 -1.118276 8.484911
v -1.276545 -1.117289 8.488705
v -1.278787 -1.11636 8.491214
v -1.270752 1.119688 8.476675
v -1.271121 1.119536 8.47773
v -1.272971 1.118769 8.483017
v -1.274161 1.118276 8.484911
v -1.276545 1.117289 8.488705
v -1.27892 1.116305 8.49108
v -1.281295 1.115321 8.493455
v -1.285089 1.11375 8.495838
v -1.286983 1.112965 8.497028
v -1.29227 1.110776 8.498879
v -1.293324 1.110339 8.499248
v -1.531624 1.008376 8.499157
v -1.531624 -1.008376 8.499157
v -1.538289 1.001711 8.496675
v -1.538289 -1.001711 8.496675
v -1.544183 0.995817 8.492694
v -1.544183 -0.995817 8.492694
v -3.548376 -1.008376 8.499157
v -3.541711 -1.001711 8.496675
v -3.535817 -0.995817 8.492694
v -3.535817 0.995817 8.492694
v -3.541711 1.001711 8.496675
v -3.548376 1.008376 8.499157
v -4.071623 1.008376 8.499157
v -4.071623 -1.008376 8.499157
v -4.078289 1.001711 8.496675
v -4.078289 -1.001711 8.496675
v -4.084182 0.995817 8.492694
v -4.084182 -0.995817 8.492694
v -6.088377 -1.008376 8.499157
v -6.081711 -1.001711 8.496675
v -6.075818 -0.995817 8.492694
v -6.075818 0.995817 8.492694
v -6.081711 1.001711 8.496675
v -6.088377 1.008376 8.499157
v -6.611624 1.008376 8.499157
v -6.611624 -1.008376 8.499157
v -6.618289 1.001711 8.496675
v -6.618289 -1.001711 8.496675
v -6.624183 0.995817 8.492694
v -6.624183 -0.995817 8.492694
v -8.628377 -1.008376 8.499157
v -8.621712 -1.001711 8.496675
v -8.615817 -0.995817 8.492694
v -8.615817 0.995817 8.492694
v -8.621712 1.001711 8.496675
v -8.628377 1.008376 8.499157
v -9.151624 1.008376 8.499157
v -9.151624 -1.008376 8.499157
v -9.158289 1.001711 8.496675
v -9.158289 -1.001711 8.496675
v -9.164183 0.995817 8.492694
v -9.164183 -0.995817 8.492694
v -11.168377 -1.008376 8.499157
v -11.161711 -1.001711 8.496675
v -11.155818 -0.995817 8.492694
v -11.155818 0.995817 8.492694
v -11.161711 1.001711 8.496675
v -11.168377 1.008376 8.499157
v -11.691624 1.008376 8.499157
v -11.691624 -1.008376 8.499157
v -11.698289 1.001711 8.496675
v -11.698289 -1.001711 8.496675
v -11.704183 0.995817 8.492694
v -11.704183 -0.995817 8.492694
v -13.708376 -1.008376 8.499157
v -13.701711 -1.001711 8.496675
v -13.695817 -0.995817 8.492694
v -13.695817 0.995817 8.492694
v -13.701711 1.001711 8.496675
v -13.708376 1.008376 8.499157
v -14.231624 1.008376 8.499157
v -14.231624 -1.008376 8.499157
v -14.238289 1.001711 8.496675
v -14.238289 -1.001711 8.496675
v -14.244183 0.995817 8.492694
v -14.244183 -0.995817 8.492694
v -16.248377 -1.008376 8.499157
v -16.241711 -1.001711 8.496675
v -16.235817 -0.995817 8.492694
v -16.235817 0.995817 8.492694
v -16.241711 1.001711 8.496675
v -16.248377 1.008376 8.499157
v -16.771624 1.008376 8.499157
v -16.771624 -1.008376 8.499157
v -16.778288 1.001711 8.496675
v -16.778288 -1.001711 8.496675
v -16.784182 0.995817 8.492694
v -16.784182 -0.995817 8.492694
v -18.788378 -1.008376 8.499157
v -18.78171 -1.001711 8.496675
v -18.775818 -0.995817 8.492694
v -18.775818 0.995817 8.492694
v -18.78171 1.001711 8.496675
v -18.788378 1.008376 8.499157
v -19.311625 1.008376 8.499157
v -19.311625 -1.008376 8.499157
v -19.318289 1.001711 8.496675
v -19.318289 -1.001711 8.496675
v -19.324184 0.995817 8.492694
v -19.324184 -0.995817 8.492694
v -21.328377 -1.008376 8.499157
v -21.321711 -1.001711 8.496675
v -21.315817 -0.995817 8.492694
v -21.315817 0.995817 8.492694
v -21.321711 1.001711 8.496675
v -21.328377 1.008376 8.499157
v -21.851624 1.008376 8.499157
v -21.851624 -1.008376 8.499157
v -21.85829 1.001711 8.496675
v -21.85829 -1.001711 8.496675
v -21.864183 0.995817 8.492694
v -21.864183 -0.995817 8.492694
v -23.868376 -1.008376 8.499157
v -23.861712 -1.001711 8.496675
v -23.855816 -0.995817 8.492694
v -23.855816 0.995817 8.492694
v -23.861712 1.001711 8.496675
v -23.868376 1.008376 8.499157
v -24.391623 1.008376 8.499157
v -24.391623 -1.008376 8.499157
v -24.398289 1.001711 8.496675
v -24.398289 -1.001711 8.496675
v -24.404182 0.995817 8.492694
v -24.404182 -0.995817 8.492694
v -26.408377 -1.008376 8.499157
v -26.401712 -1.001711 8.496675
v -26.395819 -0.995817 8.492694
v -26.395819 0.995817 8.492694
v -26.401712 1.001711 8.496675
v -26.408377 1.008376 8.499157
v -26.931623 1.008376 8.499157
v -26.931623 -1.008376 8.499157
v -26.93829 1.001711 8.496675
v -26.93829 -1.001711 8.496675
v -26.944183 0.995817 8.492694
v -26.944183 -0.995817 8.492694
v -28.948376 -1.008376 8.499157
v -28.941711 -1.001711 8.496675
v -28.935818 -0.995817 8.492694
v -28.935818 0.995817 8.492694
v -28.941711 1.001711 8.496675
v -28.948376 1.008376 8.499157
v -29.471622 1.008376 8.499157
v -29.471622 -1.008376 8.499157
v -29.478289 1.001711 8.496675
v -29.478289 -1.001711 8.496675
v -29.484182 0.995817 8.492694
v -29.484182 -0.995817 8.492694
v -31.488379 -1.008376 8.499157
v -31.481709 -1.001711 8.496675
v -31.475817 -0.995817 8.492694
v -31.475817 0.995817 8.492694
v -31.481709 1.001711 8.496675
v -31.488379 1.008376 8.499157
v -32.011623 1.008376 8.499157
v -32.011623 -1.008376 8.499157
v -32.018288 1.001711 8.496675
v -32.018288 -1.001711 8.496675
v -32.024181 0.995817 8.492694
v -32.024181 -0.995817 8.492694
v -34.028378 -1.008376 8.499157
v -34.021713 -1.001711 8.496675
v -34.015816 -0.995817 8.492694
v -34.015816 0.995817 8.492694
v -34.021713 1.001711 8.496675
v -34.028378 1.008376 8.499157
v -34.551624 1.008376 8.499157
v -34.551624 -1.008376 8.499157
v -34.558289 1.001711 8.496675
v -34.558289 -1.001711 8.496675
v -34.564182 0.995817 8.492694
v -34.564182 -0.995817 8.492694
v -36.568378 -1.008376 8.499157
v -36.561714 -1.001711 8.496675
v -36.55582 -0.995817 8.492694
v -36.55582 0.995817 8.492694
v -36.561714 1.001711 8.496675
v -36.568378 1.008376 8.499157
v -37.091625 1.008376 8.499157
v -37.091625 -1.008376 8.499157
v -37.098289 1.001711 8.496675
v -37.098289 -1.001711 8.496675
v -37.104183 0.995817 8.492694
v -37.104183 -0.995817 8.492694
v -39.108376 -1.008376 8.499157
v -39.101711 -1.001711 8.496675
v -39.095818 -0.995817 8.492694
v -39.095818 0.995817 8.492694
v -39.101711 1.001711 8.496675
v -39.108376 1.008376 8.499157
v -3.04016 -0.50016 7.793482
v -3.040639 -0.500639 7.796545
v -3.04016 0.50016 7.793482
v -3.040639 0.500639 7.796545
v -3.041431 0.501431 7.799541
v -3.042528 -0.502528 7.80244
v -3.041431 -0.501431 7.799541
v -3.042528 0.502528 7.80244
v -2.03984 -0.50016 7.793482
v -2.039361 -0.500639 7.796545
v -2.037472 -0.502528 7.80244
v -2.038569 -0.501431 7.799541
v -2.037472 0.502528 7.80244
v -2.039361 0.500639 7.796545
v -2.038569 0.501431 7.799541
v -2.03984 0.50016 7.793482
v -5.58016 -0.50016 7.793482
v -5.580639 -0.500639 7.796545
v -5.580639 0.500639 7.796545
v -5.581431 0.501431 7.799541
v -5.582528 -0.502528 7.80244
v -5.58016 0.50016 7.793482
v -5.581431 -0.501431 7.799541
v -5.582528 0.502528 7.80244
v -4.57984 -0.50016 7.793482
v -4.579361 -0.500639 7.796545
v -4.577471 -0.502528 7.80244
v -4.578569 -0.501431 7.799541
v -4.577471 0.502528 7.80244
v -4.579361 0.500639 7.796545
v -4.578569 0.501431 7.799541
v -4.57984 0.50016 7.793482
v -8.12016 -0.50016 7.793482
v -8.120639 -0.500639 7.796545
v -8.12016 0.50016 7.793482
v -8.120639 0.500639 7.796545
v -8.121431 0.501431 7.799541
v -8.122528 -0.502528 7.80244
v -8.121431 -0.501431 7.799541
v -8.122528 0.502528 7.80244
v -7.11984 -0.50016 7.793482
v -7.119361 -0.500639 7.796545
v -7.117472 -0.502528 7.80244
v -7.118569 -0.501431 7.799541
v -7.11984 0.50016 7.793482
v -7.119361 0.500639 7.796545
v -7.118569 0.501431 7.799541
v -7.117472 0.502528 7.80244
v -10.66016 -0.50016 7.793482
v -10.660639 -0.500639 7.796545
v -10.66016 0.50016 7.793482
v -10.660639 0.500639 7.796545
v -10.661431 0.501431 7.799541
v -10.662529 -0.502528 7.80244
v -10.661431 -0.501431 7.799541
v -10.662529 0.502528 7.80244
v -9.65984 -0.50016 7.793482
v -9.659361 -0.500639 7.796545
v -9.657472 -0.502528 7.80244
v -9.658568 -0.501431 7.799541
v -9.65984 0.50016 7.793482
v -9.659361 0.500639 7.796545
v -9.657472 0.502528 7.80244
v -9.658568 0.501431 7.799541
v -13.20016 -0.50016 7.793482
v -13.200639 -0.500639 7.796545
v -13.20016 0.50016 7.793482
v -13.200639 0.500639 7.796545
v -13.201431 0.501431 7.799541
v -13.202528 -0.502528 7.80244
v -13.201431 -0.501431 7.799541
v -13.202528 0.502528 7.80244
v -12.19984 -0.50016 7.793482
v -12.199361 -0.500639 7.796545
v -12.197472 -0.502528 7.80244
v -12.198569 -0.501431 7.799541
v -12.19984 0.50016 7.793482
v -12.199361 0.500639 7.796545
v -12.197472 0.502528 7.80244
v -12.198569 0.501431 7.799541
v -15.74016 -0.50016 7.793482
v -15.740639 -0.500639 7.796545
v -15.740639 0.500639 7.796545
v -15.74143 0.501431 7.799541
v -15.742529 -0.502528 7.80244
v -15.74016 0.50016 7.793482
v -15.74143 -0.501431 7.799541
v -15.742529 0.502528 7.80244
v -14.739361 -0.500639 7.796545
v -14.739841 -0.50016 7.793482
v -14.737472 -0.502528 7.80244
v -14.738569 -0.501431 7.799541
v -14.738569 0.501431 7.799541
v -14.737472 0.502528 7.80244
v -14.739361 0.500639 7.796545
v -14.739841 0.50016 7.793482
v -18.280159 -0.50016 7.793482
v -18.280638 -0.500639 7.796545
v -18.280638 0.500639 7.796545
v -18.281431 0.501431 7.799541
v -18.28253 -0.502528 7.80244
v -18.280159 0.50016 7.793482
v -18.281431 -0.501431 7.799541
v -18.28253 0.502528 7.80244
v -17.279839 -0.50016 7.793482
v -17.27936 -0.500639 7.796545
v -17.277472 -0.502528 7.80244
v -17.278568 -0.501431 7.799541
v -17.277472 0.502528 7.80244
v -17.27936 0.500639 7.796545
v -17.278568 0.501431 7.799541
v -17.279839 0.50016 7.793482
v -20.82016 -0.50016 7.793482
v -20.820639 -0.500639 7.796545
v -20.820639 0.500639 7.796545
v -20.821432 0.501431 7.799541
v -20.822529 -0.502528 7.80244
v -20.82016 0.50016 7.793482
v -20.821432 -0.501431 7.799541
v -20.822529 0.502528 7.80244
v -19.819839 -0.50016 7.793482
v -19.819361 -0.500639 7.796545
v -19.817471 -0.502528 7.80244
v -19.818569 -0.501431 7.799541
v -19.817471 0.502528 7.80244
v -19.819361 0.500639 7.796545
v -19.818569 0.501431 7.799541
v -19.819839 0.50016 7.793482
v -23.360159 -0.50016 7.793482
v -23.36064 -0.500639 7.796545
v -23.36064 0.500639 7.796545
v -23.361431 0.501431 7.799541
v -23.362528 -0.502528 7.80244
v -23.360159 0.50016 7.793482
v -23.361431 -0.501431 7.799541
v -23.362528 0.502528 7.80244
v -22.35984 -0.50016 7.793482
v -22.359362 -0.500639 7.796545
v -22.357471 -0.502528 7.80244
v -22.358568 -0.501431 7.799541
v -22.357471 0.502528 7.80244
v -22.359362 0.500639 7.796545
v -22.358568 0.501431 7.799541
v -22.35984 0.50016 7.793482
v -25.900162 -0.50016 7.793482
v -25.90064 -0.500639 7.796545
v -25.90064 0.500639 7.796545
v -25.901432 0.501431 7.799541
v -25.902529 -0.502528 7.80244
v -25.900162 0.50016 7.793482
v -25.901432 -0.501431 7.799541
v -25.902529 0.502528 7.80244
v -24.899841 -0.50016 7.793482
v -24.899363 -0.500639 7.796545
v -24.89747 -0.502528 7.80244
v -24.898569 -0.501431 7.799541
v -24.89747 0.502528 7.80244
v -24.899363 0.500639 7.796545
v -24.898569 0.501431 7.799541
v -24.899841 0.50016 7.793482
v -28.440161 -0.50016 7.793482
v -28.440639 -0.500639 7.796545
v -28.440639 0.500639 7.796545
v -28.441431 0.501431 7.799541
v -28.442528 -0.502528 7.80244
v -28.440161 0.50016 7.793482
v -28.441431 -0.501431 7.799541
v -28.442528 0.502528 7.80244
v -27.43984 -0.50016 7.793482
v -27.439362 -0.500639 7.796545
v -27.437471 -0.502528 7.80244
v -27.438568 -0.501431 7.799541
v -27.437471 0.502528 7.80244
v -27.439362 0.500639 7.796545
v -27.438568 0.501431 7.799541
v -27.43984 0.50016 7.793482
v -30.98016 -0.50016 7.793482
v -30.980639 -0.500639 7.796545
v -30.980639 0.500639 7.796545
v -30.98143 0.501431 7.799541
v -30.982529 -0.502528 7.80244
v -30.98016 0.50016 7.793482
v -30.98143 -0.501431 7.799541
v -30.982529 0.502528 7.80244
v -29.979839 -0.50016 7.793482
v -29.979361 -0.500639 7.796545
v -29.977472 -0.502528 7.80244
v -29.978569 -0.501431 7.799541
v -29.977472 0.502528 7.80244
v -29.979361 0.500639 7.796545
v -29.978569 0.501431 7.799541
v -29.979839 0.50016 7.793482
v -33.520157 -0.50016 7.793482
v -33.520638 -0.500639 7.796545
v -33.520638 0.500639 7.796545
v -33.521431 0.501431 7.799541
v -33.522526 -0.502528 7.80244
v -33.520157 0.50016 7.793482
v -33.521431 -0.501431 7.799541
v -33.522526 0.502528 7.80244
v -32.51984 -0.50016 7.793482
v -32.519363 -0.500639 7.796545
v -32.517471 -0.502528 7.80244
v -32.51857 -0.501431 7.799541
v -32.51984 0.50016 7.793482
v -32.519363 0.500639 7.796545
v -32.517471 0.502528 7.80244
v -32.51857 0.501431 7.799541
v -36.060162 -0.50016 7.793482
v -36.060638 -0.500639 7.796545
v -36.060638 0.500639 7.796545
v -36.061432 0.501431 7.799541
v -36.062527 -0.502528 7.80244
v -36.060162 0.50016 7.793482
v -36.061432 -0.501431 7.799541
v -36.062527 0.502528 7.80244
v -35.059841 -0.50016 7.793482
v -35.059364 -0.500639 7.796545
v -35.057468 -0.502528 7.80244
v -35.058571 -0.501431 7.799541
v -35.059841 0.50016 7.793482
v -35.059364 0.500639 7.796545
v -35.057468 0.502528 7.80244
v -35.058571 0.501431 7.799541
v -38.600163 -0.50016 7.793482
v -38.600639 -0.500639 7.796545
v -38.600639 0.500639 7.796545
v -38.601433 0.501431 7.799541
v -38.602528 -0.502528 7.80244
v -38.600163 0.50016 7.793482
v -38.601433 -0.501431 7.799541
v -38.602528 0.502528 7.80244
v -37.599838 -0.50016 7.793482
v -37.599361 -0.500639 7.796545
v -37.597469 -0.502528 7.80244
v -37.598568 -0.501431 7.799541
v -37.599838 0.50016 7.793482
v -37.599361 0.500639 7.796545
v -37.597469 0.502528 7.80244
v -37.598568 0.501431 7.799541
v -2.215 0.089174 -0.817736
v -2.215 0.086409 -0.793119
v -2.215 -0.098521 -0.871802
newmtl 2
Ka 0.9490196078431372 0.7607843137254902 0.1803921568627451
Kd 0.9490196078431372 0.7607843137254902 0.1803921568627451
Ks 0.7607843137254902 0.6078431372549019 0.1450980392156863
d 0.0
endmtl
v -2.215 -0.09604 -0.876282
v -2.215 -0.123479 -0.876282
v -2.215 -0.13796 -0.900672
v -2.215 -0.136436 -0.540916
v -2.215 -0.13796 -0.792792
v -2.215 -0.136436 -0.668965
v -2.215 -0.13629 -0.776685
v -2.215 -0.12795 -0.752454
v -2.215 0.085226 -0.848122
v -2.215 0.073168 -0.876282
v -2.215 0.2 -0.900672
v -2.215 0.106704 -0.876282
v -2.215 0.079656 -0.774407
v -2.215 0.06808 -0.757103
v -2.215 0.051414 -0.742006
v -2.215 -0.014104 -0.723843
v -2.215 -0.041167 -0.726375
v -2.215 -0.062671 -0.733167
v -2.215 -0.10943 -0.788797
v -2.215 -0.112046 -0.812115
v -2.215 -0.102724 -0.770581
v -2.215 -0.092383 -0.755238
v -2.215 -0.080006 -0.743506
v -2.215 -0.108362 -0.8453
v -2.215 0.047717 -0.703501
v -2.215 0.071091 -0.718154
v -2.215 0.113564 -0.574453
v -2.215 0.092798 -0.740724
v -2.215 0.032111 -0.7317
v -2.215 0.005348 -0.725036
v -2.215 -0.115108 -0.732344
v -2.215 -0.095339 -0.713566
v -2.215 -0.108997 -0.668965
v -2.215 -0.071567 -0.700248
v -2.215 -0.108997 -0.574453
v -2.215 0.106466 -0.76447
v -2.215 0.114563 -0.79234
v -2.215 -0.045105 -0.692724
v -2.215 -0.016152 -0.690307
v -2.215 0.019391 -0.693903
v -2.215 0.116613 -0.81745
v -2.215 0.114548 -0.847378
v -2.215 -0.13442 -0.849634
v -2.215 -0.13796 -0.824372
v -2.215 -0.2 -0.900672
v -2.215 -0.139367 -0.81433
v -2.215 -0.139485 -0.807494
v -2.215 0.113564 -0.540916
v -2.215 0.2 0.12
v -2.215 -0.13796 0.12
v -2.215 -0.2 0.12
v -2.215 0.113564 -1.053112
v -2.215 0.2 -2.075485
v -2.215 0.113564 -0.925063
v -2.215 -0.136436 -1.327502
v -2.215 -0.067916 -1.296725
v -2.215 -0.090277 -1.282389
v -2.215 0.086125 -0.958599
v -2.215 0.003808 -0.958599
v -2.215 0.086125 -1.053112
v -2.215 0.003808 -1.047014
v -2.215 -0.023631 -1.047014
v -2.215 -0.136436 -1.10799
v -2.215 0.113564 -1.10799
v -2.215 -0.10998 -1.261811
v -2.215 -0.125149 -1.235708
v -2.215 -0.133736 -1.206901
v -2.215 0.109703 -1.214658
v -2.215 0.099432 -1.243909
v -2.215 0.113564 -1.422014
v -2.215 0.081197 -1.271119
v -2.215 -0.136436 -1.553111
v -2.215 -0.13796 -2.075485
v -2.215 0.113564 -1.455551
v -2.215 0.080967 -1.27138
v -2.215 0.061364 -1.289059
v -2.215 0.039863 -1.300678
v -2.215 0.113564 -1.17854
v -2.215 0.015232 -1.307392
v -2.215 -0.008292 -1.309209
v -2.215 -0.041749 -1.305701
v -2.215 -0.136436 -1.175968
v -2.215 -0.023631 -0.958599
v -2.215 -0.108997 -0.958599
v -2.215 -0.108997 -1.059209
v -2.215 -0.136436 -1.059209
v -2.215 -0.136436 -0.925063
v -2.215 -0.066314 -1.491231
v -2.215 -0.066314 -1.387953
v -2.215 -0.136436 -1.516526
v -2.215 -0.136436 -1.364087
v -2.215 -0.2 -2.075485
v -1.82 -0.2 0.5
v -1.82 0.2 0.5
v -1.735442 0.2 0.509527
v -1.735442 -0.2 0.509527
v -1.655124 0.2 0.537632
v -1.655124 -0.2 0.537632
v -1.583074 0.2 0.582904
v -1.583074 -0.2 0.582904
v -1.522904 0.2 0.643074
v -1.522904 -0.2 0.643074
v -1.477632 0.2 0.715124
v -1.477632 -0.2 0.715124
v -1.449527 0.2 0.795442
v -1.449527 -0.2 0.795442
v -1.44 0.2 0.88
v -1.44 -0.2 0.88
v -1.44 0.2 5.85
v -1.44 -0.2 5.85
v -1.445111 0.2 5.888823
v -1.445111 -0.2 5.888823
v -1.460096 0.2 5.925
v -1.460096 -0.2 5.925
v -1.483934 0.2 5.956066
v -1.483934 -0.2 5.956066
v -1.515 0.2 5.979904
v -1.515 -0.2 5.979904
v -1.551177 0.2 5.994889
v -1.551177 -0.2 5.994889
v -1.59 0.2 6.0
v -1.59 -0.2 6.0
v -1.79 0.2 6.0
v -1.79 -0.2 6.0
v -1.828823 0.2 5.994889
v -1.828823 -0.2 5.994889
v -1.865 0.2 5.979904
v -1.865 -0.2 5.979904
v -1.896066 0.2 5.956066
v -1.896066 -0.2 5.956066
v -1.919904 0.2 5.925
v -1.919904 -0.2 5.925
v -1.934889 0.2 5.888823
v -1.934889 -0.2 5.888823
v -1.94 0.2 5.85
v -1.94 -0.2 5.85
v -1.94 0.2 1.800739
v -1.94 -0.2 1.800739
v -1.949313 -0.2 1.714926
v -1.949313 0.2 1.714926
v -1.97682 -0.2 1.633109
v -1.97682 0.2 1.633109
v -2.021238 -0.2 1.559098
v -2.021238 0.2 1.559098
v -2.080499 -0.2 1.496339
v -2.080499 0.2 1.496339
v -2.218831 -0.2 1.404061
v -2.218831 0.2 1.404061
v -2.374864 -0.2 1.346579
v -2.374864 0.2 1.346579
v -2.54 -0.2 1.327059
v -2.54 0.2 1.327059
v -2.705135 -0.2 1.346579
v -2.705135 0.2 1.346579
v -2.861169 -0.2 1.404061
v -2.861169 0.2 1.404061
v -2.999501 -0.2 1.496339
v -2.999501 0.2 1.496339
v -3.058762 -0.2 1.559098
v -3.058762 0.2 1.559098
v -3.103181 -0.2 1.633109
v -3.103181 0.2 1.633109
v -3.130687 -0.2 1.714926
v -3.130687 0.2 1.714926
v -3.14 -0.2 1.800739
v -3.14 0.2 1.800739
v -3.14 0.2 5.85
v -3.14 -0.2 5.85
v -3.145111 0.2 5.888823
v -3.145111 -0.2 5.888823
v -3.160096 0.2 5.925
v -3.160096 -0.2 5.925
v -3.183934 0.2 5.956066
v -3.183934 -0.2 5.956066
v -3.215 0.2 5.979904
v -3.215 -0.2 5.979904
v -3.251177 0.2 5.994889
v -3.251177 -0.2 5.994889
v -3.29 0.2 6.0
v -3.29 -0.2 6.0
v -3.49 0.2 6.0
v -3.49 -0.2 6.0
v -3.528823 0.2 5.994889
v -3.528823 -0.2 5.994889
v -3.565 0.2 5.979904
v -3.565 -0.2 5.979904
v -3.596066 0.2 5.956066
v -3.596066 -0.2 5.956066
v -3.619904 0.2 5.925
v -3.619904 -0.2 5.925
v -3.634889 0.2 5.888823
v -3.634889 -0.2 5.888823
v -3.64 0.2 5.85
v -3.64 -0.2 5.85
v -3.64 0.2 0.88
v -3.64 -0.2 0.88
v -3.630473 0.2 0.795442
v -3.630473 -0.2 0.795442
v -3.602368 0.2 0.715124
v -3.602368 -0.2 0.715124
v -3.557096 0.2 0.643074
v -3.557096 -0.2 0.643074
v -3.496926 0.2 0.582904
v -3.496926 -0.2 0.582904
v -3.424876 0.2 0.537632
v -3.424876 -0.2 0.537632
v -3.344558 0.2 0.509527
v -3.344558 -0.2 0.509527
v -3.26 0.2 0.5
v -3.26 -0.2 0.5
v -3.245 0.2 0.5
v -3.245 -0.2 0.5
v -3.160442 -0.2 0.490473
v -3.160442 0.2 0.490473
v -3.080124 -0.2 0.462368
v -3.080124 0.2 0.462368
v -3.008074 -0.2 0.417096
v -3.008074 0.2 0.417096
v -2.947904 -0.2 0.356926
v -2.947904 0.2 0.356926
v -2.902632 -0.2 0.284876
v -2.902632 0.2 0.284876
v -2.874527 -0.2 0.204558
v -2.874527 0.2 0.204558
v -2.865 -0.2 0.12
v -2.865 0.2 0.12
v -2.865 0.2 -2.075485
v -2.865 -0.2 -2.075485
v -2.849556 0.2 -2.323554
v -2.849556 -0.2 -2.323554
v -2.77595 0.2 -2.912404
v -2.77595 -0.2 -2.912404
v -2.770119 0.2 -2.935735
v -2.770119 -0.2 -2.935735
v -2.758886 0.2 -2.957
v -2.758886 -0.2 -2.957
v -2.742902 0.2 -2.974968
v -2.742902 -0.2 -2.974968
v -2.72309 0.2 -2.9886
v -2.72309 -0.2 -2.9886
v -2.700596 0.2 -2.997108
v -2.700596 -0.2 -2.997108
v -2.676722 0.2 -3.0
v -2.676722 -0.2 -3.0
v -2.403278 0.2 -3.0
v -2.403278 -0.2 -3.0
v -2.379404 0.2 -2.997108
v -2.379404 -0.2 -2.997108
v -2.35691 0.2 -2.9886
v -2.35691 -0.2 -2.9886
v -2.337098 0.2 -2.974968
v -2.337098 -0.2 -2.974968
v -2.321114 0.2 -2.957
v -2.321114 -0.2 -2.957
v -2.309881 0.2 -2.935735
v -2.309881 -0.2 -2.935735
v -2.30405 0.2 -2.912404
v -2.30405 -0.2 -2.912404
v -2.230444 0.2 -2.323554
v -2.230444 -0.2 -2.323554
v -2.205473 0.2 0.204558
v -2.205473 -0.2 0.204558
v -2.177368 -0.2 0.284876
v -2.177368 0.2 0.284876
v -2.132096 -0.2 0.356926
v -2.132096 0.2 0.356926
v -2.071926 -0.2 0.417096
v -2.071926 0.2 0.417096
v -1.999876 -0.2 0.462368
v -1.999876 0.2 0.462368
v -1.919558 -0.2 0.490473
v -1.919558 0.2 0.490473
v -1.835 -0.2 0.5
v -1.835 0.2 0.5
v -2.225 -0.108997 -0.668965
v -2.225 -0.136436 -0.668965
newmtl 3
Ka 0.0 0.0 0.0
Kd 0.0 0.0 0.0
Ks 0.0 0.0 0.0
d 0.0
endmtl
v -2.225 -0.136436 -0.540916
v -2.225 0.113564 -0.540916
v -2.225 0.113564 -0.574453
v -2.225 -0.108997 -0.574453
v -2.225 -0.09604 -0.876282
v -2.225 -0.123479 -0.876282
v -2.225 -0.13442 -0.849634
v -2.225 -0.139485 -0.807494
v -2.225 -0.139367 -0.81433
v -2.225 -0.016152 -0.690307
v -2.225 -0.045105 -0.692724
v -2.225 -0.071567 -0.700248
v -2.225 -0.095339 -0.713566
v -2.225 -0.115108 -0.732344
v -2.225 -0.12795 -0.752454
v -2.225 -0.13629 -0.776685
v -2.225 0.116613 -0.81745
v -2.225 0.114563 -0.79234
v -2.225 0.106466 -0.76447
v -2.225 0.092798 -0.740724
v -2.225 0.071091 -0.718154
v -2.225 0.047717 -0.703501
v -2.225 0.019391 -0.693903
v -2.225 0.106704 -0.876282
v -2.225 0.114548 -0.847378
v -2.225 0.073168 -0.876282
v -2.225 0.089174 -0.817736
v -2.225 0.085226 -0.848122
v -2.225 -0.014104 -0.723843
v -2.225 0.005348 -0.725036
v -2.225 0.032111 -0.7317
v -2.225 0.051414 -0.742006
v -2.225 0.06808 -0.757103
v -2.225 0.079656 -0.774407
v -2.225 0.086409 -0.793119
v -2.225 -0.112046 -0.812115
v -2.225 -0.10943 -0.788797
v -2.225 -0.102724 -0.770581
v -2.225 -0.092383 -0.755238
v -2.225 -0.080006 -0.743506
v -2.225 -0.062671 -0.733167
v -2.225 -0.041167 -0.726375
v -2.225 -0.098521 -0.871802
v -2.225 -0.108362 -0.8453
v -2.225 -0.108997 -1.059209
v -2.225 -0.136436 -1.059209
v -2.225 -0.136436 -0.925063
v -2.225 0.113564 -0.925063
v -2.225 0.113564 -1.053112
v -2.225 0.086125 -1.053112
v -2.225 0.086125 -0.958599
v -2.225 0.003808 -0.958599
v -2.225 0.003808 -1.047014
v -2.225 -0.023631 -1.047014
v -2.225 -0.023631 -0.958599
v -2.225 -0.108997 -0.958599
v -2.225 -0.136436 -1.175968
v -2.225 -0.136436 -1.10799
v -2.225 0.113564 -1.10799
v -2.225 0.113564 -1.17854
v -2.225 -0.008292 -1.309209
v -2.225 0.015232 -1.307392
v -2.225 0.039863 -1.300678
v -2.225 0.061364 -1.289059
v -2.225 0.080967 -1.27138
v -2.225 0.081197 -1.271119
v -2.225 0.099432 -1.243909
v -2.225 0.109703 -1.214658
v -2.225 -0.133736 -1.206901
v -2.225 -0.125149 -1.235708
v -2.225 -0.10998 -1.261811
v -2.225 -0.090277 -1.282389
v -2.225 -0.067916 -1.296725
v -2.225 -0.041749 -1.305701
v -2.225 0.051068 -1.259027
v -2.225 0.063961 -1.246884
v -2.225 0.075758 -1.228623
v -2.225 0.08298 -1.207987
v -2.225 0.086125 -1.178397
v -2.225 0.086125 -1.141526
v -2.225 -0.108997 -1.141526
v -2.225 -0.108997 -1.177016
v -2.225 -0.106542 -1.203391
v -2.225 -0.099975 -1.224429
v -2.225 -0.089851 -1.241479
v -2.225 -0.076001 -1.2555
v -2.225 -0.058765 -1.266045
v -2.225 -0.035265 -1.273377
v -2.225 -0.009006 -1.275672
v -2.225 0.015875 -1.273548
v -2.225 0.035648 -1.267713
v -2.215 0.086125 -1.178397
v -2.215 0.086125 -1.141526
v -2.215 0.08298 -1.207987
v -2.215 0.075758 -1.228623
v -2.215 0.063961 -1.246884
v -2.215 0.051068 -1.259027
v -2.215 0.035648 -1.267713
v -2.215 0.015875 -1.273548
v -2.215 -0.009006 -1.275672
v -2.215 -0.035265 -1.273377
v -2.215 -0.058765 -1.266045
v -2.215 -0.076001 -1.2555
v -2.215 -0.089851 -1.241479
v -2.215 -0.099975 -1.224429
v -2.215 -0.106542 -1.203391
v -2.215 -0.108997 -1.177016
v -2.215 -0.108997 -1.141526
v -2.225 0.113564 -1.455551
v -2.225 -0.136436 -1.553111
v -2.225 -0.136436 -1.516526
v -2.225 -0.066314 -1.491231
v -2.225 -0.066314 -1.387953
v -2.225 -0.136436 -1.364087
v -2.225 -0.136436 -1.327502
v -2.225 0.113564 -1.422014
v -2.225 -0.038875 -1.396385
v -2.225 -0.038875 -1.479988
v -2.225 0.065546 -1.433685
v -2.225 0.074216 -1.436091
v -2.225 0.083076 -1.437687
v -2.225 0.083076 -1.438496
v -2.225 0.074243 -1.440128
v -2.225 0.065546 -1.442355
v -2.215 -0.038875 -1.396385
v -2.215 -0.038875 -1.479988
v -2.215 0.065546 -1.433685
v -2.215 0.074216 -1.436091
v -2.215 0.083076 -1.437687
v -2.215 0.083076 -1.438496
v -2.215 0.074243 -1.440128
v -2.215 0.065546 -1.442355
v -4.755 0.089174 -0.817736
v -4.755 0.086409 -0.793119
v -4.755 -0.098521 -0.871802
v -4.755 -0.09604 -0.876282
v -4.755 -0.123479 -0.876282
v -4.755 -0.13796 -0.900672
v -4.755 -0.136436 -0.540916
v -4.755 -0.13796 -0.792792
v -4.755 -0.136436 -0.668965
v -4.755 -0.13629 -0.776685
v -4.755 -0.12795 -0.752454
v -4.755 0.085226 -0.848122
v -4.755 0.073168 -0.876282
v -4.755 0.2 -0.900672
v -4.755 0.106704 -0.876282
v -4.755 0.079656 -0.774407
v -4.755 0.06808 -0.757103
v -4.755 0.051414 -0.742006
v -4.755 -0.014104 -0.723843
v -4.755 -0.041167 -0.726375
v -4.755 -0.062671 -0.733167
v -4.755 -0.10943 -0.788797
v -4.755 -0.112046 -0.812115
v -4.755 -0.102724 -0.770581
v -4.755 -0.092383 -0.755238
v -4.755 -0.080006 -0.743506
v -4.755 -0.108362 -0.8453
v -4.755 0.047717 -0.703501
v -4.755 0.071091 -0.718154
v -4.755 0.113564 -0.574453
v -4.755 0.092798 -0.740724
v -4.755 0.032111 -0.7317
v -4.755 0.005348 -0.725036
v -4.755 -0.115108 -0.732344
v -4.755 -0.095339 -0.713566
v -4.755 -0.108997 -0.668965
v -4.755 -0.071567 -0.700248
v -4.755 -0.108997 -0.574453
v -4.755 0.106466 -0.76447
v -4.755 0.114563 -0.79234
v -4.755 -0.045105 -0.692724
v -4.755 -0.016152 -0.690307
v -4.755 0.019391 -0.693903
v -4.755 0.116613 -0.81745
v -4.755 0.114548 -0.847378
v -4.755 -0.13442 -0.849634
v -4.755 -0.13796 -0.824372
v -4.755 -0.2 -0.900672
v -4.755 -0.139367 -0.81433
v -4.755 -0.139485 -0.807494
v -4.755 0.113564 -0.540916
v -4.755 0.2 0.12
v -4.755 -0.13796 0.12
v -4.755 -0.2 0.12
v -4.755 0.113564 -1.053112
v -4.755 0.2 -2.075485
v -4.755 0.113564 -0.925063
v -4.755 -0.136436 -1.327502
v -4.755 -0.067916 -1.296725
v -4.755 -0.090277 -1.282389
v -4.755 0.086125 -0.958599
v -4.755 0.003808 -0.958599
v -4.755 0.086125 -1.053112
v -4.755 0.003808 -1.047014
v -4.755 -0.023631 -1.047014
v -4.755 -0.136436 -1.10799
v -4.755 0.113564 -1.10799
v -4.755 -0.10998 -1.261811
v -4.755 -0.125149 -1.235708
v -4.755 -0.133736 -1.206901
v -4.755 0.109703 -1.214658
v -4.755 0.099432 -1.243909
v -4.755 0.113564 -1.422014
v -4.755 0.081197 -1.271119
v -4.755 -0.136436 -1.553111
v -4.755 -0.13796 -2.075485
v -4.755 0.113564 -1.455551
v -4.755 0.080967 -1.27138
v -4.755 0.061364 -1.289059
v -4.755 0.039863 -1.300678
v -4.755 0.113564 -1.17854
v -4.755 0.015232 -1.307392
v -4.755 -0.008292 -1.309209
v -4.755 -0.041749 -1.305701
v -4.755 -0.136436 -1.175968
v -4.755 -0.023631 -0.958599
v -4.755 -0.108997 -0.958599
v -4.755 -0.108997 -1.059209
v -4.755 -0.136436 -1.059209
v -4.755 -0.136436 -0.925063
v -4.755 -0.066314 -1.491231
v -4.755 -0.066314 -1.387953
v -4.755 -0.136436 -1.516526
v -4.755 -0.136436 -1.364087
v -4.755 -0.2 -2.075485
v -4.36 -0.2 0.5
v -4.36 0.2 0.5
v -4.275442 0.2 0.509527
v -4.275442 -0.2 0.509527
v -4.195124 0.2 0.537632
v -4.195124 -0.2 0.537632
v -4.123074 0.2 0.582904
v -4.123074 -0.2 0.582904
v -4.062904 0.2 0.643074
v -4.062904 -0.2 0.643074
v -4.017632 0.2 0.715124
v -4.017632 -0.2 0.715124
v -3.989527 0.2 0.795442
v -3.989527 -0.2 0.795442
v -3.98 0.2 0.88
v -3.98 -0.2 0.88
v -3.98 0.2 5.85
v -3.98 -0.2 5.85
v -3.985111 0.2 5.888823
v -3.985111 -0.2 5.888823
v -4.000096 0.2 5.925
v -4.000096 -0.2 5.925
v -4.023934 0.2 5.956066
v -4.023934 -0.2 5.956066
v -4.055 0.2 5.979904
v -4.055 -0.2 5.979904
v -4.091177 0.2 5.994889
v -4.091177 -0.2 5.994889
v -4.13 0.2 6.0
v -4.13 -0.2 6.0
v -4.33 0.2 6.0
v -4.33 -0.2 6.0
v -4.368823 0.2 5.994889
v -4.368823 -0.2 5.994889
v -4.405 0.2 5.979904
v -4.405 -0.2 5.979904
v -4.436066 0.2 5.956066
v -4.436066 -0.2 5.956066
v -4.459904 0.2 5.925
v -4.459904 -0.2 5.925
v -4.474889 0.2 5.888823
v -4.474889 -0.2 5.888823
v -4.48 0.2 5.85
v -4.48 -0.2 5.85
v -4.48 0.2 1.800739
v -4.48 -0.2 1.800739
v -4.489313 -0.2 1.714926
v -4.489313 0.2 1.714926
v -4.516819 -0.2 1.633109
v -4.516819 0.2 1.633109
v -4.561237 -0.2 1.559098
v -4.561237 0.2 1.559098
v -4.6205 -0.2 1.496339
v -4.6205 0.2 1.496339
v -4.758831 -0.2 1.404061
v -4.758831 0.2 1.404061
v -4.914865 -0.2 1.346579
v -4.914865 0.2 1.346579
v -5.08 -0.2 1.327059
v -5.08 0.2 1.327059
v -5.245136 -0.2 1.346579
v -5.245136 0.2 1.346579
v -5.401169 -0.2 1.404061
v -5.401169 0.2 1.404061
v -5.539501 -0.2 1.496339
v -5.539501 0.2 1.496339
v -5.598763 -0.2 1.559098
v -5.598763 0.2 1.559098
v -5.64318 -0.2 1.633109
v -5.64318 0.2 1.633109
v -5.670687 -0.2 1.714926
v -5.670687 0.2 1.714926
v -5.68 -0.2 1.800739
v -5.68 0.2 1.800739
v -5.68 0.2 5.85
v -5.68 -0.2 5.85
v -5.685111 0.2 5.888823
v -5.685111 -0.2 5.888823
v -5.700096 0.2 5.925
v -5.700096 -0.2 5.925
v -5.723934 0.2 5.956066
v -5.723934 -0.2 5.956066
v -5.755 0.2 5.979904
v -5.755 -0.2 5.979904
v -5.791177 0.2 5.994889
v -5.791177 -0.2 5.994889
v -5.83 0.2 6.0
v -5.83 -0.2 6.0
v -6.03 0.2 6.0
v -6.03 -0.2 6.0
v -6.068823 0.2 5.994889
v -6.068823 -0.2 5.994889
v -6.105 0.2 5.979904
v -6.105 -0.2 5.979904
v -6.136066 0.2 5.956066
v -6.136066 -0.2 5.956066
v -6.159904 0.2 5.925
v -6.159904 -0.2 5.925
v -6.174889 0.2 5.888823
v -6.174889 -0.2 5.888823
v -6.18 0.2 5.85
v -6.18 -0.2 5.85
v -6.18 0.2 0.88
v -6.18 -0.2 0.88
v -6.170473 0.2 0.795442
v -6.170473 -0.2 0.795442
v -6.142368 0.2 0.715124
v -6.142368 -0.2 0.715124
v -6.097096 0.2 0.643074
v -6.097096 -0.2 0.643074
v -6.036926 0.2 0.582904
v -6.036926 -0.2 0.582904
v -5.964876 0.2 0.537632
v -5.964876 -0.2 0.537632
v -5.884558 0.2 0.509527
v -5.884558 -0.2 0.509527
v -5.8 0.2 0.5
v -5.8 -0.2 0.5
v -5.785 0.2 0.5
v -5.785 -0.2 0.5
v -5.700442 -0.2 0.490473
v -5.700442 0.2 0.490473
v -5.620124 -0.2 0.462368
v -5.620124 0.2 0.462368
v -5.548074 -0.2 0.417096
v -5.548074 0.2 0.417096
v -5.487904 -0.2 0.356926
v -5.487904 0.2 0.356926
v -5.442632 -0.2 0.284876
v -5.442632 0.2 0.284876
v -5.414527 -0.2 0.204558
v -5.414527 0.2 0.204558
v -5.405 -0.2 0.12
v -5.405 0.2 0.12
v -5.405 0.2 -2.075485
v -5.405 -0.2 -2.075485
v -5.389556 0.2 -2.323554
v -5.389556 -0.2 -2.323554
v -5.315949 0.2 -2.912404
v -5.315949 -0.2 -2.912404
v -5.310119 0.2 -2.935735
v -5.310119 -0.2 -2.935735
v -5.298886 0.2 -2.957
v -5.298886 -0.2 -2.957
v -5.282902 0.2 -2.974968
v -5.282902 -0.2 -2.974968
v -5.26309 0.2 -2.9886
v -5.26309 -0.2 -2.9886
v -5.240596 0.2 -2.997108
v -5.240596 -0.2 -2.997108
v -5.216722 0.2 -3.0
v -5.216722 -0.2 -3.0
v -4.943278 0.2 -3.0
v -4.943278 -0.2 -3.0
v -4.919404 0.2 -2.997108
v -4.919404 -0.2 -2.997108
v -4.89691 0.2 -2.9886
v -4.89691 -0.2 -2.9886
v -4.877098 0.2 -2.974968
v -4.877098 -0.2 -2.974968
v -4.861114 0.2 -2.957
v -4.861114 -0.2 -2.957
v -4.849881 0.2 -2.935735
v -4.849881 -0.2 -2.935735
v -4.84405 0.2 -2.912404
v -4.84405 -0.2 -2.912404
v -4.770444 0.2 -2.323554
v -4.770444 -0.2 -2.323554
v -4.745473 0.2 0.204558
v -4.745473 -0.2 0.204558
v -4.717368 -0.2 0.284876
v -4.717368 0.2 0.284876
v -4.672096 -0.2 0.356926
v -4.672096 0.2 0.356926
v -4.611926 -0.2 0.417096
v -4.611926 0.2 0.417096
v -4.539876 -0.2 0.462368
v -4.539876 0.2 0.462368
v -4.459558 -0.2 0.490473
v -4.459558 0.2 0.490473
v -4.375 -0.2 0.5
v -4.375 0.2 0.5
v -4.765 -0.108997 -0.668965
v -4.765 -0.136436 -0.668965
v -4.765 -0.136436 -0.540916
v -4.765 0.113564 -0.540916
v -4.765 0.113564 -0.574453
v -4.765 -0.108997 -0.574453
v -4.765 -0.09604 -0.876282
v -4.765 -0.123479 -0.876282
v -4.765 -0.13442 -0.849634
v -4.765 -0.139485 -0.807494
v -4.765 -0.139367 -0.81433
v -4.765 -0.016152 -0.690307
v -4.765 -0.045105 -0.692724
v -4.765 -0.071567 -0.700248
v -4.765 -0.095339 -0.713566
v -4.765 -0.115108 -0.732344
v -4.765 -0.12795 -0.752454
v -4.765 -0.13629 -0.776685
v -4.765 0.116613 -0.81745
v -4.765 0.114563 -0.79234
v -4.765 0.106466 -0.76447
v -4.765 0.092798 -0.740724
v -4.765 0.071091 -0.718154
v -4.765 0.047717 -0.703501
v -4.765 0.019391 -0.693903
v -4.765 0.106704 -0.876282
v -4.765 0.114548 -0.847378
v -4.765 0.073168 -0.876282
v -4.765 0.089174 -0.817736
v -4.765 0.085226 -0.848122
v -4.765 -0.014104 -0.723843
v -4.765 0.005348 -0.725036
v -4.765 0.032111 -0.7317
v -4.765 0.051414 -0.742006
v -4.765 0.06808 -0.757103
v -4.765 0.079656 -0.774407
v -4.765 0.086409 -0.793119
v -4.765 -0.112046 -0.812115
v -4.765 -0.10943 -0.788797
v -4.765 -0.102724 -0.770581
v -4.765 -0.092383 -0.755238
v -4.765 -0.080006 -0.743506
v -4.765 -0.062671 -0.733167
v -4.765 -0.041167 -0.726375
v -4.765 -0.098521 -0.871802
v -4.765 -0.108362 -0.8453
v -4.765 -0.108997 -1.059209
v -4.765 -0.136436 -1.059209
v -4.765 -0.136436 -0.925063
v -4.765 0.113564 -0.925063
v -4.765 0.113564 -1.053112
v -4.765 0.086125 -1.053112
v -4.765 0.086125 -0.958599
v -4.765 0.003808 -0.958599
v -4.765 0.003808 -1.047014
v -4.765 -0.023631 -1.047014
v -4.765 -0.023631 -0.958599
v -4.765 -0.108997 -0.958599
v -4.765 -0.136436 -1.175968
v -4.765 -0.136436 -1.10799
v -4.765 0.113564 -1.10799
v -4.765 0.113564 -1.17854
v -4.765 -0.008292 -1.309209
v -4.765 0.015232 -1.307392
v -4.765 0.039863 -1.300678
v -4.765 0.061364 -1.289059
v -4.765 0.080967 -1.27138
v -4.765 0.081197 -1.271119
v -4.765 0.099432 -1.243909
v -4.765 0.109703 -1.214658
v -4.765 -0.133736 -1.206901
v -4.765 -0.125149 -1.235708
v -4.765 -0.10998 -1.261811
v -4.765 -0.090277 -1.282389
v -4.765 -0.067916 -1.296725
v -4.765 -0.041749 -1.305701
v -4.765 0.051068 -1.259027
v -4.765 0.063961 -1.246884
v -4.765 0.075758 -1.228623
v -4.765 0.08298 -1.207987
v -4.765 0.086125 -1.178397
v -4.765 0.086125 -1.141526
v -4.765 -0.108997 -1.141526
v -4.765 -0.108997 -1.177016
v -4.765 -0.106542 -1.203391
v -4.765 -0.099975 -1.224429
v -4.765 -0.089851 -1.241479
v -4.765 -0.076001 -1.2555
v -4.765 -0.058765 -1.266045
v -4.765 -0.035265 -1.273377
v -4.765 -0.009006 -1.275672
v -4.765 0.015875 -1.273548
v -4.765 0.035648 -1.267713
v -4.755 0.086125 -1.178397
v -4.755 0.086125 -1.141526
v -4.755 0.08298 -1.207987
v -4.755 0.075758 -1.228623
v -4.755 0.063961 -1.246884
v -4.755 0.051068 -1.259027
v -4.755 0.035648 -1.267713
v -4.755 0.015875 -1.273548
v -4.755 -0.009006 -1.275672
v -4.755 -0.035265 -1.273377
v -4.755 -0.058765 -1.266045
v -4.755 -0.076001 -1.2555
v -4.755 -0.089851 -1.241479
v -4.755 -0.099975 -1.224429
v -4.755 -0.106542 -1.203391
v -4.755 -0.108997 -1.177016
v -4.755 -0.108997 -1.141526
v -4.765 0.113564 -1.455551
v -4.765 -0.136436 -1.553111
v -4.765 -0.136436 -1.516526
v -4.765 -0.066314 -1.491231
v -4.765 -0.066314 -1.387953
v -4.765 -0.136436 -1.364087
v -4.765 -0.136436 -1.327502
v -4.765 0.113564 -1.422014
v -4.765 -0.038875 -1.396385
v -4.765 -0.038875 -1.479988
v -4.765 0.065546 -1.433685
v -4.765 0.074216 -1.436091
v -4.765 0.083076 -1.437687
v -4.765 0.083076 -1.438496
v -4.765 0.074243 -1.440128
v -4.765 0.065546 -1.442355
v -4.755 -0.038875 -1.396385
v -4.755 -0.038875 -1.479988
v -4.755 0.065546 -1.433685
v -4.755 0.074216 -1.436091
v -4.755 0.083076 -1.437687
v -4.755 0.083076 -1.438496
v -4.755 0.074243 -1.440128
v -4.755 0.065546 -1.442355
v -7.295 0.089174 -0.817736
v -7.295 0.086409 -0.793119
v -7.295 -0.098521 -0.871802
v -7.295 -0.09604 -0.876282
v -7.295 -0.123479 -0.876282
v -7.295 -0.13796 -0.900672
v -7.295 -0.136436 -0.540916
v -7.295 -0.13796 -0.792792
v -7.295 -0.136436 -0.668965
v -7.295 -0.13629 -0.776685
v -7.295 -0.12795 -0.752454
v -7.295 0.085226 -0.848122
v -7.295 0.073168 -0.876282
v -7.295 0.2 -0.900672
v -7.295 0.106704 -0.876282
v -7.295 0.079656 -0.774407
v -7.295 0.06808 -0.757103
v -7.295 0.051414 -0.742006
v -7.295 -0.014104 -0.723843
v -7.295 -0.041167 -0.726375
v -7.295 -0.062671 -0.733167
v -7.295 -0.10943 -0.788797
v -7.295 -0.112046 -0.812115
v -7.295 -0.102724 -0.770581
v -7.295 -0.092383 -0.755238
v -7.295 -0.080006 -0.743506
v -7.295 -0.108362 -0.8453
v -7.295 0.047717 -0.703501
v -7.295 0.071091 -0.718154
v -7.295 0.113564 -0.574453
v -7.295 0.092798 -0.740724
v -7.295 0.032111 -0.7317
v -7.295 0.005348 -0.725036
v -7.295 -0.115108 -0.732344
v -7.295 -0.095339 -0.713566
v -7.295 -0.108997 -0.668965
v -7.295 -0.071567 -0.700248
v -7.295 -0.108997 -0.574453
v -7.295 0.106466 -0.76447
v -7.295 0.114563 -0.79234
v -7.295 -0.045105 -0.692724
v -7.295 -0.016152 -0.690307
v -7.295 0.019391 -0.693903
v -7.295 0.116613 -0.81745
v -7.295 0.114548 -0.847378
v -7.295 -0.13442 -0.849634
v -7.295 -0.13796 -0.824372
v -7.295 -0.2 -0.900672
v -7.295 -0.139367 -0.81433
v -7.295 -0.139485 -0.807494
v -7.295 0.113564 -0.540916
v -7.295 0.2 0.12
v -7.295 -0.13796 0.12
v -7.295 -0.2 0.12
v -7.295 0.113564 -1.053112
v -7.295 0.2 -2.075485
v -7.295 0.113564 -0.925063
v -7.295 -0.136436 -1.327502
v -7.295 -0.067916 -1.296725
v -7.295 -0.090277 -1.282389
v -7.295 0.086125 -0.958599
v -7.295 0.003808 -0.958599
v -7.295 0.086125 -1.053112
v -7.295 0.003808 -1.047014
v -7.295 -0.023631 -1.047014
v -7.295 -0.136436 -1.10799
v -7.295 0.113564 -1.10799
v -7.295 -0.10998 -1.261811
v -7.295 -0.125149 -1.235708
v -7.295 -0.133736 -1.206901
v -7.295 0.109703 -1.214658
v -7.295 0.099432 -1.243909
v -7.295 0.113564 -1.422014
v -7.295 0.081197 -1.271119
v -7.295 -0.136436 -1.553111
v -7.295 -0.13796 -2.075485
v -7.295 0.113564 -1.455551
v -7.295 0.080967 -1.27138
v -7.295 0.061364 -1.289059
v -7.295 0.039863 -1.300678
v -7.295 0.113564 -1.17854
v -7.295 0.015232 -1.307392
v -7.295 -0.008292 -1.309209
v -7.295 -0.041749 -1.305701
v -7.295 -0.136436 -1.175968
v -7.295 -0.023631 -0.958599
v -7.295 -0.108997 -0.958599
v -7.295 -0.108997 -1.059209
v -7.295 -0.136436 -1.059209
v -7.295 -0.136436 -0.925063
v -7.295 -0.066314 -1.491231
v -7.295 -0.066314 -1.387953
v -7.295 -0.136436 -1.516526
v -7.295 -0.136436 -1.364087
v -7.295 -0.2 -2.075485
v -6.9 -0.2 0.5
v -6.9 0.2 0.5
v -6.815442 0.2 0.509527
v -6.815442 -0.2 0.509527
v -6.735124 0.2 0.537632
v -6.735124 -0.2 0.537632
v -6.663074 0.2 0.582904
v -6.663074 -0.2 0.582904
v -6.602904 0.2 0.643074
v -6.602904 -0.2 0.643074
v -6.557632 0.2 0.715124
v -6.557632 -0.2 0.715124
v -6.529527 0.2 0.795442
v -6.529527 -0.2 0.795442
v -6.52 0.2 0.88
v -6.52 -0.2 0.88
v -6.52 0.2 5.85
v -6.52 -0.2 5.85
v -6.525111 0.2 5.888823
v -6.525111 -0.2 5.888823
v -6.540096 0.2 5.925
v -6.540096 -0.2 5.925
v -6.563934 0.2 5.956066
v -6.563934 -0.2 5.956066
v -6.595 0.2 5.979904
v -6.595 -0.2 5.979904
v -6.631177 0.2 5.994889
v -6.631177 -0.2 5.994889
v -6.67 0.2 6.0
v -6.67 -0.2 6.0
v -6.87 0.2 6.0
v -6.87 -0.2 6.0
v -6.908823 0.2 5.994889
v -6.908823 -0.2 5.994889
v -6.945 0.2 5.979904
v -6.945 -0.2 5.979904
v -6.976066 0.2 5.956066
v -6.976066 -0.2 5.956066
v -6.999904 0.2 5.925
v -6.999904 -0.2 5.925
v -7.014889 0.2 5.888823
v -7.014889 -0.2 5.888823
v -7.02 0.2 5.85
v -7.02 -0.2 5.85
v -7.02 0.2 1.800739
v -7.02 -0.2 1.800739
v -7.029313 -0.2 1.714926
v -7.029313 0.2 1.714926
v -7.056819 -0.2 1.633109
v -7.056819 0.2 1.633109
v -7.101238 -0.2 1.559098
v -7.101238 0.2 1.559098
v -7.160499 -0.2 1.496339
v -7.160499 0.2 1.496339
v -7.298831 -0.2 1.404061
v -7.298831 0.2 1.404061
v -7.454865 -0.2 1.346579
v -7.454865 0.2 1.346579
v -7.62 -0.2 1.327059
v -7.62 0.2 1.327059
v -7.785135 -0.2 1.346579
v -7.785135 0.2 1.346579
v -7.941169 -0.2 1.404061
v -7.941169 0.2 1.404061
v -8.079501 -0.2 1.496339
v -8.079501 0.2 1.496339
v -8.138762 -0.2 1.559098
v -8.138762 0.2 1.559098
v -8.183181 -0.2 1.633109
v -8.183181 0.2 1.633109
v -8.210687 -0.2 1.714926
v -8.210687 0.2 1.714926
v -8.22 -0.2 1.800739
v -8.22 0.2 1.800739
v -8.22 0.2 5.85
v -8.22 -0.2 5.85
v -8.225111 0.2 5.888823
v -8.225111 -0.2 5.888823
v -8.240096 0.2 5.925
v -8.240096 -0.2 5.925
v -8.263934 0.2 5.956066
v -8.263934 -0.2 5.956066
v -8.295 0.2 5.979904
v -8.295 -0.2 5.979904
v -8.331177 0.2 5.994889
v -8.331177 -0.2 5.994889
v -8.37 0.2 6.0
v -8.37 -0.2 6.0
v -8.57 0.2 6.0
v -8.57 -0.2 6.0
v -8.608823 0.2 5.994889
v -8.608823 -0.2 5.994889
v -8.645 0.2 5.979904
v -8.645 -0.2 5.979904
v -8.676066 0.2 5.956066
v -8.676066 -0.2 5.956066
v -8.699904 0.2 5.925
v -8.699904 -0.2 5.925
v -8.71489 0.2 5.888823
v -8.71489 -0.2 5.888823
v -8.72 0.2 5.85
v -8.72 -0.2 5.85
v -8.72 0.2 0.88
v -8.72 -0.2 0.88
v -8.710473 0.2 0.795442
v -8.710473 -0.2 0.795442
v -8.682368 0.2 0.715124
v -8.682368 -0.2 0.715124
v -8.637095 0.2 0.643074
v -8.637095 -0.2 0.643074
v -8.576926 0.2 0.582904
v -8.576926 -0.2 0.582904
v -8.504876 0.2 0.537632
v -8.504876 -0.2 0.537632
v -8.424558 0.2 0.509527
v -8.424558 -0.2 0.509527
v -8.34 0.2 0.5
v -8.34 -0.2 0.5
v -8.325001 0.2 0.5
v -8.325001 -0.2 0.5
v -8.240441 -0.2 0.490473
v -8.240441 0.2 0.490473
v -8.160125 -0.2 0.462368
v -8.160125 0.2 0.462368
v -8.088074 -0.2 0.417096
v -8.088074 0.2 0.417096
v -8.027904 -0.2 0.356926
v -8.027904 0.2 0.356926
v -7.982632 -0.2 0.284876
v -7.982632 0.2 0.284876
v -7.954528 -0.2 0.204558
v -7.954528 0.2 0.204558
v -7.945 -0.2 0.12
v -7.945 0.2 0.12
v -7.945 0.2 -2.075485
v -7.945 -0.2 -2.075485
v -7.929556 0.2 -2.323554
v -7.929556 -0.2 -2.323554
v -7.85595 0.2 -2.912404
v -7.85595 -0.2 -2.912404
v -7.850119 0.2 -2.935735
v -7.850119 -0.2 -2.935735
v -7.838886 0.2 -2.957
v -7.838886 -0.2 -2.957
v -7.822902 0.2 -2.974968
v -7.822902 -0.2 -2.974968
v -7.80309 0.2 -2.9886
v -7.80309 -0.2 -2.9886
v -7.780596 0.2 -2.997108
v -7.780596 -0.2 -2.997108
v -7.756721 0.2 -3.0
v -7.756721 -0.2 -3.0
v -7.483278 0.2 -3.0
v -7.483278 -0.2 -3.0
v -7.459404 0.2 -2.997108
v -7.459404 -0.2 -2.997108
v -7.43691 0.2 -2.9886
v -7.43691 -0.2 -2.9886
v -7.417098 0.2 -2.974968
v -7.417098 -0.2 -2.974968
v -7.401114 0.2 -2.957
v -7.401114 -0.2 -2.957
v -7.389881 0.2 -2.935735
v -7.389881 -0.2 -2.935735
v -7.384051 0.2 -2.912404
v -7.384051 -0.2 -2.912404
v -7.310444 0.2 -2.323554
v -7.310444 -0.2 -2.323554
v -7.285472 0.2 0.204558
v -7.285472 -0.2 0.204558
v -7.257368 -0.2 0.284876
v -7.257368 0.2 0.284876
v -7.212096 -0.2 0.356926
v -7.212096 0.2 0.356926
v -7.151926 -0.2 0.417096
v -7.151926 0.2 0.417096
v -7.079876 -0.2 0.462368
v -7.079876 0.2 0.462368
v -6.999558 -0.2 0.490473
v -6.999558 0.2 0.490473
v -6.915 -0.2 0.5
v -6.915 0.2 0.5
v -7.305 -0.108997 -0.668965
v -7.305 -0.136436 -0.668965
v -7.305 -0.136436 -0.540916
v -7.305 0.113564 -0.540916
v -7.305 0.113564 -0.574453
v -7.305 -0.108997 -0.574453
v -7.305 -0.09604 -0.876282
v -7.305 -0.123479 -0.876282
v -7.305 -0.13442 -0.849634
v -7.305 -0.139485 -0.807494
v -7.305 -0.139367 -0.81433
v -7.305 -0.016152 -0.690307
v -7.305 -0.045105 -0.692724
v -7.305 -0.071567 -0.700248
v -7.305 -0.095339 -0.713566
v -7.305 -0.115108 -0.732344
v -7.305 -0.12795 -0.752454
v -7.305 -0.13629 -0.776685
v -7.305 0.116613 -0.81745
v -7.305 0.114563 -0.79234
v -7.305 0.106466 -0.76447
v -7.305 0.092798 -0.740724
v -7.305 0.071091 -0.718154
v -7.305 0.047717 -0.703501
v -7.305 0.019391 -0.693903
v -7.305 0.106704 -0.876282
v -7.305 0.114548 -0.847378
v -7.305 0.073168 -0.876282
v -7.305 0.089174 -0.817736
v -7.305 0.085226 -0.848122
v -7.305 -0.014104 -0.723843
v -7.305 0.005348 -0.725036
v -7.305 0.032111 -0.7317
v -7.305 0.051414 -0.742006
v -7.305 0.06808 -0.757103
v -7.305 0.079656 -0.774407
v -7.305 0.086409 -0.793119
v -7.305 -0.112046 -0.812115
v -7.305 -0.10943 -0.788797
v -7.305 -0.102724 -0.770581
v -7.305 -0.092383 -0.755238
v -7.305 -0.080006 -0.743506
v -7.305 -0.062671 -0.733167
v -7.305 -0.041167 -0.726375
v -7.305 -0.098521 -0.871802
v -7.305 -0.108362 -0.8453
v -7.305 -0.108997 -1.059209
v -7.305 -0.136436 -1.059209
v -7.305 -0.136436 -0.925063
v -7.305 0.113564 -0.925063
v -7.305 0.113564 -1.053112
v -7.305 0.086125 -1.053112
v -7.305 0.086125 -0.958599
v -7.305 0.003808 -0.958599
v -7.305 0.003808 -1.047014
v -7.305 -0.023631 -1.047014
v -7.305 -0.023631 -0.958599
v -7.305 -0.108997 -0.958599
v -7.305 -0.136436 -1.175968
v -7.305 -0.136436 -1.10799
v -7.305 0.113564 -1.10799
v -7.305 0.113564 -1.17854
v -7.305 -0.008292 -1.309209
v -7.305 0.015232 -1.307392
v -7.305 0.039863 -1.300678
v -7.305 0.061364 -1.289059
v -7.305 0.080967 -1.27138
v -7.305 0.081197 -1.271119
v -7.305 0.099432 -1.243909
v -7.305 0.109703 -1.214658
v -7.305 -0.133736 -1.206901
v -7.305 -0.125149 -1.235708
v -7.305 -0.10998 -1.261811
v -7.305 -0.090277 -1.282389
v -7.305 -0.067916 -1.296725
v -7.305 -0.041749 -1.305701
v -7.305 0.051068 -1.259027
v -7.305 0.063961 -1.246884
v -7.305 0.075758 -1.228623
v -7.305 0.08298 -1.207987
v -7.305 0.086125 -1.178397
v -7.305 0.086125 -1.141526
v -7.305 -0.108997 -1.141526
v -7.305 -0.108997 -1.177016
v -7.305 -0.106542 -1.203391
v -7.305 -0.099975 -1.224429
v -7.305 -0.089851 -1.241479
v -7.305 -0.076001 -1.2555
v -7.305 -0.058765 -1.266045
v -7.305 -0.035265 -1.273377
v -7.305 -0.009006 -1.275672
v -7.305 0.015875 -1.273548
v -7.305 0.035648 -1.267713
v -7.295 0.086125 -1.178397
v -7.295 0.086125 -1.141526
v -7.295 0.08298 -1.207987
v -7.295 0.075758 -1.228623
v -7.295 0.063961 -1.246884
v -7.295 0.051068 -1.259027
v -7.295 0.035648 -1.267713
v -7.295 0.015875 -1.273548
v -7.295 -0.009006 -1.275672
v -7.295 -0.035265 -1.273377
v -7.295 -0.058765 -1.266045
v -7.295 -0.076001 -1.2555
v -7.295 -0.089851 -1.241479
v -7.295 -0.099975 -1.224429
v -7.295 -0.106542 -1.203391
v -7.295 -0.108997 -1.177016
v -7.295 -0.108997 -1.141526
v -7.305 0.113564 -1.455551
v -7.305 -0.136436 -1.553111
v -7.305 -0.136436 -1.516526
v -7.305 -0.066314 -1.491231
v -7.305 -0.066314 -1.387953
v -7.305 -0.136436 -1.364087
v -7.305 -0.136436 -1.327502
v -7.305 0.113564 -1.422014
v -7.305 -0.038875 -1.396385
v -7.305 -0.038875 -1.479988
v -7.305 0.065546 -1.433685
v -7.305 0.074216 -1.436091
v -7.305 0.083076 -1.437687
v -7.305 0.083076 -1.438496
v -7.305 0.074243 -1.440128
v -7.305 0.065546 -1.442355
v -7.295 -0.038875 -1.396385
v -7.295 -0.038875 -1.479988
v -7.295 0.065546 -1.433685
v -7.295 0.074216 -1.436091
v -7.295 0.083076 -1.437687
v -7.295 0.083076 -1.438496
v -7.295 0.074243 -1.440128
v -7.295 0.065546 -1.442355
v -9.835 0.089174 -0.817736
v -9.835 0.086409 -0.793119
v -9.835 -0.098521 -0.871802
v -9.835 -0.09604 -0.876282
v -9.835 -0.123479 -0.876282
v -9.835 -0.13796 -0.900672
v -9.835 -0.136436 -0.540916
v -9.835 -0.13796 -0.792792
v -9.835 -0.136436 -0.668965
v -9.835 -0.13629 -0.776685
v -9.835 -0.12795 -0.752454
v -9.835 0.085226 -0.848122
v -9.835 0.073168 -0.876282
v -9.835 0.2 -0.900672
v -9.835 0.106704 -0.876282
v -9.835 0.079656 -0.774407
v -9.835 0.06808 -0.757103
v -9.835 0.051414 -0.742006
v -9.835 -0.014104 -0.723843
v -9.835 -0.041167 -0.726375
v -9.835 -0.062671 -0.733167
v -9.835 -0.10943 -0.788797
v -9.835 -0.112046 -0.812115
v -9.835 -0.102724 -0.770581
v -9.835 -0.092383 -0.755238
v -9.835 -0.080006 -0.743506
v -9.835 -0.108362 -0.8453
v -9.835 0.047717 -0.703501
v -9.835 0.071091 -0.718154
v -9.835 0.113564 -0.574453
v -9.835 0.092798 -0.740724
v -9.835 0.032111 -0.7317
v -9.835 0.005348 -0.725036
v -9.835 -0.115108 -0.732344
v -9.835 -0.095339 -0.713566
v -9.835 -0.108997 -0.668965
v -9.835 -0.071567 -0.700248
v -9.835 -0.108997 -0.574453
v -9.835 0.106466 -0.76447
v -9.835 0.114563 -0.79234
v -9.835 -0.045105 -0.692724
v -9.835 -0.016152 -0.690307
v -9.835 0.019391 -0.693903
v -9.835 0.116613 -0.81745
v -9.835 0.114548 -0.847378
v -9.835 -0.13442 -0.849634
v -9.835 -0.13796 -0.824372
v -9.835 -0.2 -0.900672
v -9.835 -0.139367 -0.81433
v -9.835 -0.139485 -0.807494
v -9.835 0.113564 -0.540916
v -9.835 0.2 0.12
v -9.835 -0.13796 0.12
v -9.835 -0.2 0.12
v -9.835 0.113564 -1.053112
v -9.835 0.2 -2.075485
v -9.835 0.113564 -0.925063
v -9.835 -0.136436 -1.327502
v -9.835 -0.067916 -1.296725
v -9.835 -0.090277 -1.282389
v -9.835 0.086125 -0.958599
v -9.835 0.003808 -0.958599
v -9.835 0.086125 -1.053112
v -9.835 0.003808 -1.047014
v -9.835 -0.023631 -1.047014
v -9.835 -0.136436 -1.10799
v -9.835 0.113564 -1.10799
v -9.835 -0.10998 -1.261811
v -9.835 -0.125149 -1.235708
v -9.835 -0.133736 -1.206901
v -9.835 0.109703 -1.214658
v -9.835 0.099432 -1.243909
v -9.835 0.113564 -1.422014
v -9.835 0.081197 -1.271119
v -9.835 -0.136436 -1.553111
v -9.835 -0.13796 -2.075485
v -9.835 0.113564 -1.455551
v -9.835 0.080967 -1.27138
v -9.835 0.061364 -1.289059
v -9.835 0.039863 -1.300678
v -9.835 0.113564 -1.17854
v -9.835 0.015232 -1.307392
v -9.835 -0.008292 -1.309209
v -9.835 -0.041749 -1.305701
v -9.835 -0.136436 -1.175968
v -9.835 -0.023631 -0.958599
v -9.835 -0.108997 -0.958599
v -9.835 -0.108997 -1.059209
v -9.835 -0.136436 -1.059209
v -9.835 -0.136436 -0.925063
v -9.835 -0.066314 -1.491231
v -9.835 -0.066314 -1.387953
v -9.835 -0.136436 -1.516526
v -9.835 -0.136436 -1.364087
v -9.835 -0.2 -2.075485
v -9.440001 -0.2 0.5
v -9.440001 0.2 0.5
v -9.355442 0.2 0.509527
v -9.355442 -0.2 0.509527
v -9.275125 0.2 0.537632
v -9.275125 -0.2 0.537632
v -9.203074 0.2 0.582904
v -9.203074 -0.2 0.582904
v -9.142903 0.2 0.643074
v -9.142903 -0.2 0.643074
v -9.097632 0.2 0.715124
v -9.097632 -0.2 0.715124
v -9.069528 0.2 0.795442
v -9.069528 -0.2 0.795442
v -9.06 0.2 0.88
v -9.06 -0.2 0.88
v -9.06 0.2 5.85
v -9.06 -0.2 5.85
v -9.065111 0.2 5.888823
v -9.065111 -0.2 5.888823
v -9.080096 0.2 5.925
v -9.080096 -0.2 5.925
v -9.103934 0.2 5.956066
v -9.103934 -0.2 5.956066
v -9.135 0.2 5.979904
v -9.135 -0.2 5.979904
v -9.171177 0.2 5.994889
v -9.171177 -0.2 5.994889
v -9.21 0.2 6.0
v -9.21 -0.2 6.0
v -9.410001 0.2 6.0
v -9.410001 -0.2 6.0
v -9.448823 0.2 5.994889
v -9.448823 -0.2 5.994889
v -9.485 0.2 5.979904
v -9.485 -0.2 5.979904
v -9.516066 0.2 5.956066
v -9.516066 -0.2 5.956066
v -9.539904 0.2 5.925
v -9.539904 -0.2 5.925
v -9.554889 0.2 5.888823
v -9.554889 -0.2 5.888823
v -9.56 0.2 5.85
v -9.56 -0.2 5.85
v -9.56 0.2 1.800739
v -9.56 -0.2 1.800739
v -9.569313 -0.2 1.714926
v -9.569313 0.2 1.714926
v -9.596819 -0.2 1.633109
v -9.596819 0.2 1.633109
v -9.641237 -0.2 1.559098
v -9.641237 0.2 1.559098
v -9.7005 -0.2 1.496339
v -9.7005 0.2 1.496339
v -9.838831 -0.2 1.404061
v -9.838831 0.2 1.404061
v -9.994864 -0.2 1.346579
v -9.994864 0.2 1.346579
v -10.16 -0.2 1.327059
v -10.16 0.2 1.327059
v -10.325135 -0.2 1.346579
v -10.325135 0.2 1.346579
v -10.48117 -0.2 1.404061
v -10.48117 0.2 1.404061
v -10.619501 -0.2 1.496339
v -10.619501 0.2 1.496339
v -10.678762 -0.2 1.559098
v -10.678762 0.2 1.559098
v -10.72318 -0.2 1.633109
v -10.72318 0.2 1.633109
v -10.750687 -0.2 1.714926
v -10.750687 0.2 1.714926
v -10.76 -0.2 1.800739
v -10.76 0.2 1.800739
v -10.76 0.2 5.85
v -10.76 -0.2 5.85
v -10.765111 0.2 5.888823
v -10.765111 -0.2 5.888823
v -10.780096 0.2 5.925
v -10.780096 -0.2 5.925
v -10.803934 0.2 5.956066
v -10.803934 -0.2 5.956066
v -10.835 0.2 5.979904
v -10.835 -0.2 5.979904
v -10.871178 0.2 5.994889
v -10.871178 -0.2 5.994889
v -10.91 0.2 6.0
v -10.91 -0.2 6.0
v -11.110001 0.2 6.0
v -11.110001 -0.2 6.0
v -11.148823 0.2 5.994889
v -11.148823 -0.2 5.994889
v -11.184999 0.2 5.979904
v -11.184999 -0.2 5.979904
v -11.216065 0.2 5.956066
v -11.216065 -0.2 5.956066
v -11.239904 0.2 5.925
v -11.239904 -0.2 5.925
v -11.254889 0.2 5.888823
v -11.254889 -0.2 5.888823
v -11.26 0.2 5.85
v -11.26 -0.2 5.85
v -11.26 0.2 0.88
v -11.26 -0.2 0.88
v -11.250473 0.2 0.795442
v -11.250473 -0.2 0.795442
v -11.222368 0.2 0.715124
v -11.222368 -0.2 0.715124
v -11.177095 0.2 0.643074
v -11.177095 -0.2 0.643074
v -11.116926 0.2 0.582904
v -11.116926 -0.2 0.582904
v -11.044876 0.2 0.537632
v -11.044876 -0.2 0.537632
v -10.964558 0.2 0.509527
v -10.964558 -0.2 0.509527
v -10.88 0.2 0.5
v -10.88 -0.2 0.5
v -10.865 0.2 0.5
v -10.865 -0.2 0.5
v -10.780442 -0.2 0.490473
v -10.780442 0.2 0.490473
v -10.700125 -0.2 0.462368
v -10.700125 0.2 0.462368
v -10.628074 -0.2 0.417096
v -10.628074 0.2 0.417096
v -10.567904 -0.2 0.356926
v -10.567904 0.2 0.356926
v -10.522632 -0.2 0.284876
v -10.522632 0.2 0.284876
v -10.494528 -0.2 0.204558
v -10.494528 0.2 0.204558
v -10.485 -0.2 0.12
v -10.485 0.2 0.12
v -10.485 0.2 -2.075485
v -10.485 -0.2 -2.075485
v -10.469556 0.2 -2.323554
v -10.469556 -0.2 -2.323554
v -10.395949 0.2 -2.912404
v -10.395949 -0.2 -2.912404
v -10.390119 0.2 -2.935735
v -10.390119 -0.2 -2.935735
v -10.378886 0.2 -2.957
v -10.378886 -0.2 -2.957
v -10.362902 0.2 -2.974968
v -10.362902 -0.2 -2.974968
v -10.34309 0.2 -2.9886
v -10.34309 -0.2 -2.9886
v -10.320597 0.2 -2.997108
v -10.320597 -0.2 -2.997108
v -10.296722 0.2 -3.0
v -10.296722 -0.2 -3.0
v -10.023278 0.2 -3.0
v -10.023278 -0.2 -3.0
v -9.999404 0.2 -2.997108
v -9.999404 -0.2 -2.997108
v -9.976911 0.2 -2.9886
v -9.976911 -0.2 -2.9886
v -9.957098 0.2 -2.974968
v -9.957098 -0.2 -2.974968
v -9.941113 0.2 -2.957
v -9.941113 -0.2 -2.957
v -9.929881 0.2 -2.935735
v -9.929881 -0.2 -2.935735
v -9.92405 0.2 -2.912404
v -9.92405 -0.2 -2.912404
v -9.850444 0.2 -2.323554
v -9.850444 -0.2 -2.323554
v -9.825473 0.2 0.204558
v -9.825473 -0.2 0.204558
v -9.797368 -0.2 0.284876
v -9.797368 0.2 0.284876
v -9.752095 -0.2 0.356926
v -9.752095 0.2 0.356926
v -9.691926 -0.2 0.417096
v -9.691926 0.2 0.417096
v -9.619876 -0.2 0.462368
v -9.619876 0.2 0.462368
v -9.539557 -0.2 0.490473
v -9.539557 0.2 0.490473
v -9.455 -0.2 0.5
v -9.455 0.2 0.5
v -9.844999 -0.108997 -0.668965
v -9.844999 -0.136436 -0.668965
v -9.844999 -0.136436 -0.540916
v -9.844999 0.113564 -0.540916
v -9.844999 0.113564 -0.574453
v -9.844999 -0.108997 -0.574453
v -9.844999 -0.09604 -0.876282
v -9.844999 -0.123479 -0.876282
v -9.844999 -0.13442 -0.849634
v -9.844999 -0.139485 -0.807494
v -9.844999 -0.139367 -0.81433
v -9.844999 -0.016152 -0.690307
v -9.844999 -0.045105 -0.692724
v -9.844999 -0.071567 -0.700248
v -9.844999 -0.095339 -0.713566
v -9.844999 -0.115108 -0.732344
v -9.844999 -0.12795 -0.752454
v -9.844999 -0.13629 -0.776685
v -9.844999 0.116613 -0.81745
v -9.844999 0.114563 -0.79234
v -9.844999 0.106466 -0.76447
v -9.844999 0.092798 -0.740724
v -9.844999 0.071091 -0.718154
v -9.844999 0.047717 -0.703501
v -9.844999 0.019391 -0.693903
v -9.844999 0.106704 -0.876282
v -9.844999 0.114548 -0.847378
v -9.844999 0.073168 -0.876282
v -9.844999 0.089174 -0.817736
v -9.844999 0.085226 -0.848122
v -9.844999 -0.014104 -0.723843
v -9.844999 0.005348 -0.725036
v -9.844999 0.032111 -0.7317
v -9.844999 0.051414 -0.742006
v -9.844999 0.06808 -0.757103
v -9.844999 0.079656 -0.774407
v -9.844999 0.086409 -0.793119
v -9.844999 -0.112046 -0.812115
v -9.844999 -0.10943 -0.788797
v -9.844999 -0.102724 -0.770581
v -9.844999 -0.092383 -0.755238
v -9.844999 -0.080006 -0.743506
v -9.844999 -0.062671 -0.733167
v -9.844999 -0.041167 -0.726375
v -9.844999 -0.098521 -0.871802
v -9.844999 -0.108362 -0.8453
v -9.844999 -0.108997 -1.059209
v -9.844999 -0.136436 -1.059209
v -9.844999 -0.136436 -0.925063
v -9.844999 0.113564 -0.925063
v -9.844999 0.113564 -1.053112
v -9.844999 0.086125 -1.053112
v -9.844999 0.086125 -0.958599
v -9.844999 0.003808 -0.958599
v -9.844999 0.003808 -1.047014
v -9.844999 -0.023631 -1.047014
v -9.844999 -0.023631 -0.958599
v -9.844999 -0.108997 -0.958599
v -9.844999 -0.136436 -1.175968
v -9.844999 -0.136436 -1.10799
v -9.844999 0.113564 -1.10799
v -9.844999 0.113564 -1.17854
v -9.844999 -0.008292 -1.309209
v -9.844999 0.015232 -1.307392
v -9.844999 0.039863 -1.300678
v -9.844999 0.061364 -1.289059
v -9.844999 0.080967 -1.27138
v -9.844999 0.081197 -1.271119
v -9.844999 0.099432 -1.243909
v -9.844999 0.109703 -1.214658
v -9.844999 -0.133736 -1.206901
v -9.844999 -0.125149 -1.235708
v -9.844999 -0.10998 -1.261811
v -9.844999 -0.090277 -1.282389
v -9.844999 -0.067916 -1.296725
v -9.844999 -0.041749 -1.305701
v -9.844999 0.051068 -1.259027
v -9.844999 0.063961 -1.246884
v -9.844999 0.075758 -1.228623
v -9.844999 0.08298 -1.207987
v -9.844999 0.086125 -1.178397
v -9.844999 0.086125 -1.141526
v -9.844999 -0.108997 -1.141526
v -9.844999 -0.108997 -1.177016
v -9.844999 -0.106542 -1.203391
v -9.844999 -0.099975 -1.224429
v -9.844999 -0.089851 -1.241479
v -9.844999 -0.076001 -1.2555
v -9.844999 -0.058765 -1.266045
v -9.844999 -0.035265 -1.273377
v -9.844999 -0.009006 -1.275672
v -9.844999 0.015875 -1.273548
v -9.844999 0.035648 -1.267713
v -9.835 0.086125 -1.178397
v -9.835 0.086125 -1.141526
v -9.835 0.08298 -1.207987
v -9.835 0.075758 -1.228623
v -9.835 0.063961 -1.246884
v -9.835 0.051068 -1.259027
v -9.835 0.035648 -1.267713
v -9.835 0.015875 -1.273548
v -9.835 -0.009006 -1.275672
v -9.835 -0.035265 -1.273377
v -9.835 -0.058765 -1.266045
v -9.835 -0.076001 -1.2555
v -9.835 -0.089851 -1.241479
v -9.835 -0.099975 -1.224429
v -9.835 -0.106542 -1.203391
v -9.835 -0.108997 -1.177016
v -9.835 -0.108997 -1.141526
v -9.844999 0.113564 -1.455551
v -9.844999 -0.136436 -1.553111
v -9.844999 -0.136436 -1.516526
v -9.844999 -0.066314 -1.491231
v -9.844999 -0.066314 -1.387953
v -9.844999 -0.136436 -1.364087
v -9.844999 -0.136436 -1.327502
v -9.844999 0.113564 -1.422014
v -9.844999 -0.038875 -1.396385
v -9.844999 -0.038875 -1.479988
v -9.844999 0.065546 -1.433685
v -9.844999 0.074216 -1.436091
v -9.844999 0.083076 -1.437687
v -9.844999 0.083076 -1.438496
v -9.844999 0.074243 -1.440128
v -9.844999 0.065546 -1.442355
v -9.835 -0.038875 -1.396385
v -9.835 -0.038875 -1.479988
v -9.835 0.065546 -1.433685
v -9.835 0.074216 -1.436091
v -9.835 0.083076 -1.437687
v -9.835 0.083076 -1.438496
v -9.835 0.074243 -1.440128
v -9.835 0.065546 -1.442355
v -12.375 0.089174 -0.817736
v -12.375 0.086409 -0.793119
v -12.375 -0.098521 -0.871802
v -12.375 -0.09604 -0.876282
v -12.375 -0.123479 -0.876282
v -12.375 -0.13796 -0.900672
v -12.375 -0.136436 -0.540916
v -12.375 -0.13796 -0.792792
v -12.375 -0.136436 -0.668965
v -12.375 -0.13629 -0.776685
v -12.375 -0.12795 -0.752454
v -12.375 0.085226 -0.848122
v -12.375 0.073168 -0.876282
v -12.375 0.2 -0.900672
v -12.375 0.106704 -0.876282
v -12.375 0.079656 -0.774407
v -12.375 0.06808 -0.757103
v -12.375 0.051414 -0.742006
v -12.375 -0.014104 -0.723843
v -12.375 -0.041167 -0.726375
v -12.375 -0.062671 -0.733167
v -12.375 -0.10943 -0.788797
v -12.375 -0.112046 -0.812115
v -12.375 -0.102724 -0.770581
v -12.375 -0.092383 -0.755238
v -12.375 -0.080006 -0.743506
v -12.375 -0.108362 -0.8453
v -12.375 0.047717 -0.703501
v -12.375 0.071091 -0.718154
v -12.375 0.113564 -0.574453
v -12.375 0.092798 -0.740724
v -12.375 0.032111 -0.7317
v -12.375 0.005348 -0.725036
v -12.375 -0.115108 -0.732344
v -12.375 -0.095339 -0.713566
v -12.375 -0.108997 -0.668965
v -12.375 -0.071567 -0.700248
v -12.375 -0.108997 -0.574453
v -12.375 0.106466 -0.76447
v -12.375 0.114563 -0.79234
v -12.375 -0.045105 -0.692724
v -12.375 -0.016152 -0.690307
v -12.375 0.019391 -0.693903
v -12.375 0.116613 -0.81745
v -12.375 0.114548 -0.847378
v -12.375 -0.13442 -0.849634
v -12.375 -0.13796 -0.824372
v -12.375 -0.2 -0.900672
v -12.375 -0.139367 -0.81433
v -12.375 -0.139485 -0.807494
v -12.375 0.113564 -0.540916
v -12.375 0.2 0.12
v -12.375 -0.13796 0.12
v -12.375 -0.2 0.12
v -12.375 0.113564 -1.053112
v -12.375 0.2 -2.075485
v -12.375 0.113564 -0.925063
v -12.375 -0.136436 -1.327502
v -12.375 -0.067916 -1.296725
v -12.375 -0.090277 -1.282389
v -12.375 0.086125 -0.958599
v -12.375 0.003808 -0.958599
v -12.375 0.086125 -1.053112
v -12.375 0.003808 -1.047014
v -12.375 -0.023631 -1.047014
v -12.375 -0.136436 -1.10799
v -12.375 0.113564 -1.10799
v -12.375 -0.10998 -1.261811
v -12.375 -0.125149 -1.235708
v -12.375 -0.133736 -1.206901
v -12.375 0.109703 -1.214658
v -12.375 0.099432 -1.243909
v -12.375 0.113564 -1.422014
v -12.375 0.081197 -1.271119
v -12.375 -0.136436 -1.553111
v -12.375 -0.13796 -2.075485
v -12.375 0.113564 -1.455551
v -12.375 0.080967 -1.27138
v -12.375 0.061364 -1.289059
v -12.375 0.039863 -1.300678
v -12.375 0.113564 -1.17854
v -12.375 0.015232 -1.307392
v -12.375 -0.008292 -1.309209
v -12.375 -0.041749 -1.305701
v -12.375 -0.136436 -1.175968
v -12.375 -0.023631 -0.958599
v -12.375 -0.108997 -0.958599
v -12.375 -0.108997 -1.059209
v -12.375 -0.136436 -1.059209
v -12.375 -0.136436 -0.925063
v -12.375 -0.066314 -1.491231
v -12.375 -0.066314 -1.387953
v -12.375 -0.136436 -1.516526
v -12.375 -0.136436 -1.364087
v -12.375 -0.2 -2.075485
v -11.98 -0.2 0.5
v -11.98 0.2 0.5
v -11.895442 0.2 0.509527
v -11.895442 -0.2 0.509527
v -11.815125 0.2 0.537632
v -11.815125 -0.2 0.537632
v -11.743074 0.2 0.582904
v -11.743074 -0.2 0.582904
v -11.682904 0.2 0.643074
v -11.682904 -0.2 0.643074
v -11.637631 0.2 0.715124
v -11.637631 -0.2 0.715124
v -11.609528 0.2 0.795442
v -11.609528 -0.2 0.795442
v -11.599999 0.2 0.88
v -11.599999 -0.2 0.88
v -11.599999 0.2 5.85
v -11.599999 -0.2 5.85
v -11.605111 0.2 5.888823
v -11.605111 -0.2 5.888823
v -11.620096 0.2 5.925
v -11.620096 -0.2 5.925
v -11.643934 0.2 5.956066
v -11.643934 -0.2 5.956066
v -11.675 0.2 5.979904
v -11.675 -0.2 5.979904
v -11.711178 0.2 5.994889
v -11.711178 -0.2 5.994889
v -11.75 0.2 6.0
v -11.75 -0.2 6.0
v -11.95 0.2 6.0
v -11.95 -0.2 6.0
v -11.988823 0.2 5.994889
v -11.988823 -0.2 5.994889
v -12.025 0.2 5.979904
v -12.025 -0.2 5.979904
v -12.056066 0.2 5.956066
v -12.056066 -0.2 5.956066
v -12.079904 0.2 5.925
v -12.079904 -0.2 5.925
v -12.094889 0.2 5.888823
v -12.094889 -0.2 5.888823
v -12.1 0.2 5.85
v -12.1 -0.2 5.85
v -12.1 0.2 1.800739
v -12.1 -0.2 1.800739
v -12.109313 -0.2 1.714926
v -12.109313 0.2 1.714926
v -12.13682 -0.2 1.633109
v -12.13682 0.2 1.633109
v -12.181237 -0.2 1.559098
v -12.181237 0.2 1.559098
v -12.240499 -0.2 1.496339
v -12.240499 0.2 1.496339
v -12.378831 -0.2 1.404061
v -12.378831 0.2 1.404061
v -12.534864 -0.2 1.346579
v -12.534864 0.2 1.346579
v -12.7 -0.2 1.327059
v -12.7 0.2 1.327059
v -12.865135 -0.2 1.346579
v -12.865135 0.2 1.346579
v -13.02117 -0.2 1.404061
v -13.02117 0.2 1.404061
v -13.1595 -0.2 1.496339
v -13.1595 0.2 1.496339
v -13.218762 -0.2 1.559098
v -13.218762 0.2 1.559098
v -13.263181 -0.2 1.633109
v -13.263181 0.2 1.633109
v -13.290687 -0.2 1.714926
v -13.290687 0.2 1.714926
v -13.3 -0.2 1.800739
v -13.3 0.2 1.800739
v -13.3 0.2 5.85
v -13.3 -0.2 5.85
v -13.305111 0.2 5.888823
v -13.305111 -0.2 5.888823
v -13.320096 0.2 5.925
v -13.320096 -0.2 5.925
v -13.343934 0.2 5.956066
v -13.343934 -0.2 5.956066
v -13.375 0.2 5.979904
v -13.375 -0.2 5.979904
v -13.411178 0.2 5.994889
v -13.411178 -0.2 5.994889
v -13.450001 0.2 6.0
v -13.450001 -0.2 6.0
v -13.65 0.2 6.0
v -13.65 -0.2 6.0
v -13.688823 0.2 5.994889
v -13.688823 -0.2 5.994889
v -13.725 0.2 5.979904
v -13.725 -0.2 5.979904
v -13.756065 0.2 5.956066
v -13.756065 -0.2 5.956066
v -13.779903 0.2 5.925
v -13.779903 -0.2 5.925
v -13.794888 0.2 5.888823
v -13.794888 -0.2 5.888823
v -13.8 0.2 5.85
v -13.8 -0.2 5.85
v -13.8 0.2 0.88
v -13.8 -0.2 0.88
v -13.790472 0.2 0.795442
v -13.790472 -0.2 0.795442
v -13.762368 0.2 0.715124
v -13.762368 -0.2 0.715124
v -13.717096 0.2 0.643074
v -13.717096 -0.2 0.643074
v -13.656926 0.2 0.582904
v -13.656926 -0.2 0.582904
v -13.584875 0.2 0.537632
v -13.584875 -0.2 0.537632
v -13.504559 0.2 0.509527
v -13.504559 -0.2 0.509527
v -13.42 0.2 0.5
v -13.42 -0.2 0.5
v -13.405 0.2 0.5
v -13.405 -0.2 0.5
v -13.320442 -0.2 0.490473
v -13.320442 0.2 0.490473
v -13.240124 -0.2 0.462368
v -13.240124 0.2 0.462368
v -13.168075 -0.2 0.417096
v -13.168075 0.2 0.417096
v -13.107904 -0.2 0.356926
v -13.107904 0.2 0.356926
v -13.062632 -0.2 0.284876
v -13.062632 0.2 0.284876
v -13.034527 -0.2 0.204558
v -13.034527 0.2 0.204558
v -13.025 -0.2 0.12
v -13.025 0.2 0.12
v -13.025 0.2 -2.075485
v -13.025 -0.2 -2.075485
v -13.009556 0.2 -2.323554
v -13.009556 -0.2 -2.323554
v -12.935949 0.2 -2.912404
v -12.935949 -0.2 -2.912404
v -12.930119 0.2 -2.935735
v -12.930119 -0.2 -2.935735
v -12.918887 0.2 -2.957
v -12.918887 -0.2 -2.957
v -12.902903 0.2 -2.974968
v -12.902903 -0.2 -2.974968
v -12.88309 0.2 -2.9886
v -12.88309 -0.2 -2.9886
v -12.860596 0.2 -2.997108
v -12.860596 -0.2 -2.997108
v -12.836721 0.2 -3.0
v -12.836721 -0.2 -3.0
v -12.563278 0.2 -3.0
v -12.563278 -0.2 -3.0
v -12.539404 0.2 -2.997108
v -12.539404 -0.2 -2.997108
v -12.516911 0.2 -2.9886
v -12.516911 -0.2 -2.9886
v -12.497098 0.2 -2.974968
v -12.497098 -0.2 -2.974968
v -12.481113 0.2 -2.957
v -12.481113 -0.2 -2.957
v -12.469881 0.2 -2.935735
v -12.469881 -0.2 -2.935735
v -12.46405 0.2 -2.912404
v -12.46405 -0.2 -2.912404
v -12.390444 0.2 -2.323554
v -12.390444 -0.2 -2.323554
v -12.365473 0.2 0.204558
v -12.365473 -0.2 0.204558
v -12.337368 -0.2 0.284876
v -12.337368 0.2 0.284876
v -12.292096 -0.2 0.356926
v -12.292096 0.2 0.356926
v -12.231926 -0.2 0.417096
v -12.231926 0.2 0.417096
v -12.159876 -0.2 0.462368
v -12.159876 0.2 0.462368
v -12.079558 -0.2 0.490473
v -12.079558 0.2 0.490473
v -11.995 -0.2 0.5
v -11.995 0.2 0.5
v -12.384999 -0.108997 -0.668965
v -12.384999 -0.136436 -0.668965
v -12.384999 -0.136436 -0.540916
v -12.384999 0.113564 -0.540916
v -12.384999 0.113564 -0.574453
v -12.384999 -0.108997 -0.574453
v -12.384999 -0.09604 -0.876282
v -12.384999 -0.123479 -0.876282
v -12.384999 -0.13442 -0.849634
v -12.384999 -0.139485 -0.807494
v -12.384999 -0.139367 -0.81433
v -12.384999 -0.016152 -0.690307
v -12.384999 -0.045105 -0.692724
v -12.384999 -0.071567 -0.700248
v -12.384999 -0.095339 -0.713566
v -12.384999 -0.115108 -0.732344
v -12.384999 -0.12795 -0.752454
v -12.384999 -0.13629 -0.776685
v -12.384999 0.116613 -0.81745
v -12.384999 0.114563 -0.79234
v -12.384999 0.106466 -0.76447
v -12.384999 0.092798 -0.740724
v -12.384999 0.071091 -0.718154
v -12.384999 0.047717 -0.703501
v -12.384999 0.019391 -0.693903
v -12.384999 0.106704 -0.876282
v -12.384999 0.114548 -0.847378
v -12.384999 0.073168 -0.876282
v -12.384999 0.089174 -0.817736
v -12.384999 0.085226 -0.848122
v -12.384999 -0.014104 -0.723843
v -12.384999 0.005348 -0.725036
v -12.384999 0.032111 -0.7317
v -12.384999 0.051414 -0.742006
v -12.384999 0.06808 -0.757103
v -12.384999 0.079656 -0.774407
v -12.384999 0.086409 -0.793119
v -12.384999 -0.112046 -0.812115
v -12.384999 -0.10943 -0.788797
v -12.384999 -0.102724 -0.770581
v -12.384999 -0.092383 -0.755238
v -12.384999 -0.080006 -0.743506
v -12.384999 -0.062671 -0.733167
v -12.384999 -0.041167 -0.726375
v -12.384999 -0.098521 -0.871802
v -12.384999 -0.108362 -0.8453
v -12.384999 -0.108997 -1.059209
v -12.384999 -0.136436 -1.059209
v -12.384999 -0.136436 -0.925063
v -12.384999 0.113564 -0.925063
v -12.384999 0.113564 -1.053112
v -12.384999 0.086125 -1.053112
v -12.384999 0.086125 -0.958599
v -12.384999 0.003808 -0.958599
v -12.384999 0.003808 -1.047014
v -12.384999 -0.023631 -1.047014
v -12.384999 -0.023631 -0.958599
v -12.384999 -0.108997 -0.958599
v -12.384999 -0.136436 -1.175968
v -12.384999 -0.136436 -1.10799
v -12.384999 0.113564 -1.10799
v -12.384999 0.113564 -1.17854
v -12.384999 -0.008292 -1.309209
v -12.384999 0.015232 -1.307392
v -12.384999 0.039863 -1.300678
v -12.384999 0.061364 -1.289059
v -12.384999 0.080967 -1.27138
v -12.384999 0.081197 -1.271119
v -12.384999 0.099432 -1.243909
v -12.384999 0.109703 -1.214658
v -12.384999 -0.133736 -1.206901
v -12.384999 -0.125149 -1.235708
v -12.384999 -0.10998 -1.261811
v -12.384999 -0.090277 -1.282389
v -12.384999 -0.067916 -1.296725
v -12.384999 -0.041749 -1.305701
v -12.384999 0.051068 -1.259027
v -12.384999 0.063961 -1.246884
v -12.384999 0.075758 -1.228623
v -12.384999 0.08298 -1.207987
v -12.384999 0.086125 -1.178397
v -12.384999 0.086125 -1.141526
v -12.384999 -0.108997 -1.141526
v -12.384999 -0.108997 -1.177016
v -12.384999 -0.106542 -1.203391
v -12.384999 -0.099975 -1.224429
v -12.384999 -0.089851 -1.241479
v -12.384999 -0.076001 -1.2555
v -12.384999 -0.058765 -1.266045
v -12.384999 -0.035265 -1.273377
v -12.384999 -0.009006 -1.275672
v -12.384999 0.015875 -1.273548
v -12.384999 0.035648 -1.267713
v -12.375 0.086125 -1.178397
v -12.375 0.086125 -1.141526
v -12.375 0.08298 -1.207987
v -12.375 0.075758 -1.228623
v -12.375 0.063961 -1.246884
v -12.375 0.051068 -1.259027
v -12.375 0.035648 -1.267713
v -12.375 0.015875 -1.273548
v -12.375 -0.009006 -1.275672
v -12.375 -0.035265 -1.273377
v -12.375 -0.058765 -1.266045
v -12.375 -0.076001 -1.2555
v -12.375 -0.089851 -1.241479
v -12.375 -0.099975 -1.224429
v -12.375 -0.106542 -1.203391
v -12.375 -0.108997 -1.177016
v -12.375 -0.108997 -1.141526
v -12.384999 0.113564 -1.455551
v -12.384999 -0.136436 -1.553111
v -12.384999 -0.136436 -1.516526
v -12.384999 -0.066314 -1.491231
v -12.384999 -0.066314 -1.387953
v -12.384999 -0.136436 -1.364087
v -12.384999 -0.136436 -1.327502
v -12.384999 0.113564 -1.422014
v -12.384999 -0.038875 -1.396385
v -12.384999 -0.038875 -1.479988
v -12.384999 0.065546 -1.433685
v -12.384999 0.074216 -1.436091
v -12.384999 0.083076 -1.437687
v -12.384999 0.083076 -1.438496
v -12.384999 0.074243 -1.440128
v -12.384999 0.065546 -1.442355
v -12.375 -0.038875 -1.396385
v -12.375 -0.038875 -1.479988
v -12.375 0.065546 -1.433685
v -12.375 0.074216 -1.436091
v -12.375 0.083076 -1.437687
v -12.375 0.083076 -1.438496
v -12.375 0.074243 -1.440128
v -12.375 0.065546 -1.442355
v -14.915 0.089174 -0.817736
v -14.915 0.086409 -0.793119
v -14.915 -0.098521 -0.871802
v -14.915 -0.09604 -0.876282
v -14.915 -0.123479 -0.876282
v -14.915 -0.13796 -0.900672
v -14.915 -0.136436 -0.540916
v -14.915 -0.13796 -0.792792
v -14.915 -0.136436 -0.668965
v -14.915 -0.13629 -0.776685
v -14.915 -0.12795 -0.752454
v -14.915 0.085226 -0.848122
v -14.915 0.073168 -0.876282
v -14.915 0.2 -0.900672
v -14.915 0.106704 -0.876282
v -14.915 0.079656 -0.774407
v -14.915 0.06808 -0.757103
v -14.915 0.051414 -0.742006
v -14.915 -0.014104 -0.723843
v -14.915 -0.041167 -0.726375
v -14.915 -0.062671 -0.733167
v -14.915 -0.10943 -0.788797
v -14.915 -0.112046 -0.812115
v -14.915 -0.102724 -0.770581
v -14.915 -0.092383 -0.755238
v -14.915 -0.080006 -0.743506
v -14.915 -0.108362 -0.8453
v -14.915 0.047717 -0.703501
v -14.915 0.071091 -0.718154
v -14.915 0.113564 -0.574453
v -14.915 0.092798 -0.740724
v -14.915 0.032111 -0.7317
v -14.915 0.005348 -0.725036
v -14.915 -0.115108 -0.732344
v -14.915 -0.095339 -0.713566
v -14.915 -0.108997 -0.668965
v -14.915 -0.071567 -0.700248
v -14.915 -0.108997 -0.574453
v -14.915 0.106466 -0.76447
v -14.915 0.114563 -0.79234
v -14.915 -0.045105 -0.692724
v -14.915 -0.016152 -0.690307
v -14.915 0.019391 -0.693903
v -14.915 0.116613 -0.81745
v -14.915 0.114548 -0.847378
v -14.915 -0.13442 -0.849634
v -14.915 -0.13796 -0.824372
v -14.915 -0.2 -0.900672
v -14.915 -0.139367 -0.81433
v -14.915 -0.139485 -0.807494
v -14.915 0.113564 -0.540916
v -14.915 0.2 0.12
v -14.915 -0.13796 0.12
v -14.915 -0.2 0.12
v -14.915 0.113564 -1.053112
v -14.915 0.2 -2.075485
v -14.915 0.113564 -0.925063
v -14.915 -0.136436 -1.327502
v -14.915 -0.067916 -1.296725
v -14.915 -0.090277 -1.282389
v -14.915 0.086125 -0.958599
v -14.915 0.003808 -0.958599
v -14.915 0.086125 -1.053112
v -14.915 0.003808 -1.047014
v -14.915 -0.023631 -1.047014
v -14.915 -0.136436 -1.10799
v -14.915 0.113564 -1.10799
v -14.915 -0.10998 -1.261811
v -14.915 -0.125149 -1.235708
v -14.915 -0.133736 -1.206901
v -14.915 0.109703 -1.214658
v -14.915 0.099432 -1.243909
v -14.915 0.113564 -1.422014
v -14.915 0.081197 -1.271119
v -14.915 -0.136436 -1.553111
v -14.915 -0.13796 -2.075485
v -14.915 0.113564 -1.455551
v -14.915 0.080967 -1.27138
v -14.915 0.061364 -1.289059
v -14.915 0.039863 -1.300678
v -14.915 0.113564 -1.17854
v -14.915 0.015232 -1.307392
v -14.915 -0.008292 -1.309209
v -14.915 -0.041749 -1.305701
v -14.915 -0.136436 -1.175968
v -14.915 -0.023631 -0.958599
v -14.915 -0.108997 -0.958599
v -14.915 -0.108997 -1.059209
v -14.915 -0.136436 -1.059209
v -14.915 -0.136436 -0.925063
v -14.915 -0.066314 -1.491231
v -14.915 -0.066314 -1.387953
v -14.915 -0.136436 -1.516526
v -14.915 -0.136436 -1.364087
v -14.915 -0.2 -2.075485
v -14.52 -0.2 0.5
v -14.52 0.2 0.5
v -14.435442 0.2 0.509527
v -14.435442 -0.2 0.509527
v -14.355124 0.2 0.537632
v -14.355124 -0.2 0.537632
v -14.283074 0.2 0.582904
v -14.283074 -0.2 0.582904
v -14.222904 0.2 0.643074
v -14.222904 -0.2 0.643074
v -14.177631 0.2 0.715124
v -14.177631 -0.2 0.715124
v -14.149527 0.2 0.795442
v -14.149527 -0.2 0.795442
v -14.139999 0.2 0.88
v -14.139999 -0.2 0.88
v -14.139999 0.2 5.85
v -14.139999 -0.2 5.85
v -14.145111 0.2 5.888823
v -14.145111 -0.2 5.888823
v -14.160097 0.2 5.925
v -14.160097 -0.2 5.925
v -14.183934 0.2 5.956066
v -14.183934 -0.2 5.956066
v -14.215 0.2 5.979904
v -14.215 -0.2 5.979904
v -14.251177 0.2 5.994889
v -14.251177 -0.2 5.994889
v -14.29 0.2 6.0
v -14.29 -0.2 6.0
v -14.49 0.2 6.0
v -14.49 -0.2 6.0
v -14.528823 0.2 5.994889
v -14.528823 -0.2 5.994889
v -14.565001 0.2 5.979904
v -14.565001 -0.2 5.979904
v -14.596066 0.2 5.956066
v -14.596066 -0.2 5.956066
v -14.619904 0.2 5.925
v -14.619904 -0.2 5.925
v -14.634889 0.2 5.888823
v -14.634889 -0.2 5.888823
v -14.639999 0.2 5.85
v -14.639999 -0.2 5.85
v -14.639999 0.2 1.800739
v -14.639999 -0.2 1.800739
v -14.649313 -0.2 1.714926
v -14.649313 0.2 1.714926
v -14.67682 -0.2 1.633109
v -14.67682 0.2 1.633109
v -14.721238 -0.2 1.559098
v -14.721238 0.2 1.559098
v -14.780499 -0.2 1.496339
v -14.780499 0.2 1.496339
v -14.918831 -0.2 1.404061
v -14.918831 0.2 1.404061
v -15.074865 -0.2 1.346579
v -15.074865 0.2 1.346579
v -15.24 -0.2 1.327059
v -15.24 0.2 1.327059
v -15.405135 -0.2 1.346579
v -15.405135 0.2 1.346579
v -15.561169 -0.2 1.404061
v -15.561169 0.2 1.404061
v -15.6995 -0.2 1.496339
v -15.6995 0.2 1.496339
v -15.758762 -0.2 1.559098
v -15.758762 0.2 1.559098
v -15.803181 -0.2 1.633109
v -15.803181 0.2 1.633109
v -15.830687 -0.2 1.714926
v -15.830687 0.2 1.714926
v -15.839999 -0.2 1.800739
v -15.839999 0.2 1.800739
v -15.839999 0.2 5.85
v -15.839999 -0.2 5.85
v -15.845111 0.2 5.888823
v -15.845111 -0.2 5.888823
v -15.860096 0.2 5.925
v -15.860096 -0.2 5.925
v -15.883934 0.2 5.956066
v -15.883934 -0.2 5.956066
v -15.915001 0.2 5.979904
v -15.915001 -0.2 5.979904
v -15.951177 0.2 5.994889
v -15.951177 -0.2 5.994889
v -15.99 0.2 6.0
v -15.99 -0.2 6.0
v -16.190001 0.2 6.0
v -16.190001 -0.2 6.0
v -16.228823 0.2 5.994889
v -16.228823 -0.2 5.994889
v -16.264999 0.2 5.979904
v -16.264999 -0.2 5.979904
v -16.296066 0.2 5.956066
v -16.296066 -0.2 5.956066
v -16.319904 0.2 5.925
v -16.319904 -0.2 5.925
v -16.33489 0.2 5.888823
v -16.33489 -0.2 5.888823
v -16.34 0.2 5.85
v -16.34 -0.2 5.85
v -16.34 0.2 0.88
v -16.34 -0.2 0.88
v -16.330473 0.2 0.795442
v -16.330473 -0.2 0.795442
v -16.302368 0.2 0.715124
v -16.302368 -0.2 0.715124
v -16.257095 0.2 0.643074
v -16.257095 -0.2 0.643074
v -16.196926 0.2 0.582904
v -16.196926 -0.2 0.582904
v -16.124876 0.2 0.537632
v -16.124876 -0.2 0.537632
v -16.044558 0.2 0.509527
v -16.044558 -0.2 0.509527
v -15.96 0.2 0.5
v -15.96 -0.2 0.5
v -15.945001 0.2 0.5
v -15.945001 -0.2 0.5
v -15.860442 -0.2 0.490473
v -15.860442 0.2 0.490473
v -15.780125 -0.2 0.462368
v -15.780125 0.2 0.462368
v -15.708074 -0.2 0.417096
v -15.708074 0.2 0.417096
v -15.647905 -0.2 0.356926
v -15.647905 0.2 0.356926
v -15.602632 -0.2 0.284876
v -15.602632 0.2 0.284876
v -15.574527 -0.2 0.204558
v -15.574527 0.2 0.204558
v -15.565 -0.2 0.12
v -15.565 0.2 0.12
v -15.565 0.2 -2.075485
v -15.565 -0.2 -2.075485
v -15.549556 0.2 -2.323554
v -15.549556 -0.2 -2.323554
v -15.475949 0.2 -2.912404
v -15.475949 -0.2 -2.912404
v -15.470119 0.2 -2.935735
v -15.470119 -0.2 -2.935735
v -15.458886 0.2 -2.957
v -15.458886 -0.2 -2.957
v -15.442903 0.2 -2.974968
v -15.442903 -0.2 -2.974968
v -15.42309 0.2 -2.9886
v -15.42309 -0.2 -2.9886
v -15.400596 0.2 -2.997108
v -15.400596 -0.2 -2.997108
v -15.376721 0.2 -3.0
v -15.376721 -0.2 -3.0
v -15.103279 0.2 -3.0
v -15.103279 -0.2 -3.0
v -15.079403 0.2 -2.997108
v -15.079403 -0.2 -2.997108
v -15.05691 0.2 -2.9886
v -15.05691 -0.2 -2.9886
v -15.037098 0.2 -2.974968
v -15.037098 -0.2 -2.974968
v -15.021113 0.2 -2.957
v -15.021113 -0.2 -2.957
v -15.009881 0.2 -2.935735
v -15.009881 -0.2 -2.935735
v -15.00405 0.2 -2.912404
v -15.00405 -0.2 -2.912404
v -14.930444 0.2 -2.323554
v -14.930444 -0.2 -2.323554
v -14.905473 0.2 0.204558
v -14.905473 -0.2 0.204558
v -14.877368 -0.2 0.284876
v -14.877368 0.2 0.284876
v -14.832096 -0.2 0.356926
v -14.832096 0.2 0.356926
v -14.771926 -0.2 0.417096
v -14.771926 0.2 0.417096
v -14.699876 -0.2 0.462368
v -14.699876 0.2 0.462368
v -14.619558 -0.2 0.490473
v -14.619558 0.2 0.490473
v -14.535 -0.2 0.5
v -14.535 0.2 0.5
v -14.925 -0.108997 -0.668965
v -14.925 -0.136436 -0.668965
v -14.925 -0.136436 -0.540916
v -14.925 0.113564 -0.540916
v -14.925 0.113564 -0.574453
v -14.925 -0.108997 -0.574453
v -14.925 -0.09604 -0.876282
v -14.925 -0.123479 -0.876282
v -14.925 -0.13442 -0.849634
v -14.925 -0.139485 -0.807494
v -14.925 -0.139367 -0.81433
v -14.925 -0.016152 -0.690307
v -14.925 -0.045105 -0.692724
v -14.925 -0.071567 -0.700248
v -14.925 -0.095339 -0.713566
v -14.925 -0.115108 -0.732344
v -14.925 -0.12795 -0.752454
v -14.925 -0.13629 -0.776685
v -14.925 0.116613 -0.81745
v -14.925 0.114563 -0.79234
v -14.925 0.106466 -0.76447
v -14.925 0.092798 -0.740724
v -14.925 0.071091 -0.718154
v -14.925 0.047717 -0.703501
v -14.925 0.019391 -0.693903
v -14.925 0.106704 -0.876282
v -14.925 0.114548 -0.847378
v -14.925 0.073168 -0.876282
v -14.925 0.089174 -0.817736
v -14.925 0.085226 -0.848122
v -14.925 -0.014104 -0.723843
v -14.925 0.005348 -0.725036
v -14.925 0.032111 -0.7317
v -14.925 0.051414 -0.742006
v -14.925 0.06808 -0.757103
v -14.925 0.079656 -0.774407
v -14.925 0.086409 -0.793119
v -14.925 -0.112046 -0.812115
v -14.925 -0.10943 -0.788797
v -14.925 -0.102724 -0.770581
v -14.925 -0.092383 -0.755238
v -14.925 -0.080006 -0.743506
v -14.925 -0.062671 -0.733167
v -14.925 -0.041167 -0.726375
v -14.925 -0.098521 -0.871802
v -14.925 -0.108362 -0.8453
v -14.925 -0.108997 -1.059209
v -14.925 -0.136436 -1.059209
v -14.925 -0.136436 -0.925063
v -14.925 0.113564 -0.925063
v -14.925 0.113564 -1.053112
v -14.925 0.086125 -1.053112
v -14.925 0.086125 -0.958599
v -14.925 0.003808 -0.958599
v -14.925 0.003808 -1.047014
v -14.925 -0.023631 -1.047014
v -14.925 -0.023631 -0.958599
v -14.925 -0.108997 -0.958599
v -14.925 -0.136436 -1.175968
v -14.925 -0.136436 -1.10799
v -14.925 0.113564 -1.10799
v -14.925 0.113564 -1.17854
v -14.925 -0.008292 -1.309209
v -14.925 0.015232 -1.307392
v -14.925 0.039863 -1.300678
v -14.925 0.061364 -1.289059
v -14.925 0.080967 -1.27138
v -14.925 0.081197 -1.271119
v -14.925 0.099432 -1.243909
v -14.925 0.109703 -1.214658
v -14.925 -0.133736 -1.206901
v -14.925 -0.125149 -1.235708
v -14.925 -0.10998 -1.261811
v -14.925 -0.090277 -1.282389
v -14.925 -0.067916 -1.296725
v -14.925 -0.041749 -1.305701
v -14.925 0.051068 -1.259027
v -14.925 0.063961 -1.246884
v -14.925 0.075758 -1.228623
v -14.925 0.08298 -1.207987
v -14.925 0.086125 -1.178397
v -14.925 0.086125 -1.141526
v -14.925 -0.108997 -1.141526
v -14.925 -0.108997 -1.177016
v -14.925 -0.106542 -1.203391
v -14.925 -0.099975 -1.224429
v -14.925 -0.089851 -1.241479
v -14.925 -0.076001 -1.2555
v -14.925 -0.058765 -1.266045
v -14.925 -0.035265 -1.273377
v -14.925 -0.009006 -1.275672
v -14.925 0.015875 -1.273548
v -14.925 0.035648 -1.267713
v -14.915 0.086125 -1.178397
v -14.915 0.086125 -1.141526
v -14.915 0.08298 -1.207987
v -14.915 0.075758 -1.228623
v -14.915 0.063961 -1.246884
v -14.915 0.051068 -1.259027
v -14.915 0.035648 -1.267713
v -14.915 0.015875 -1.273548
v -14.915 -0.009006 -1.275672
v -14.915 -0.035265 -1.273377
v -14.915 -0.058765 -1.266045
v -14.915 -0.076001 -1.2555
v -14.915 -0.089851 -1.241479
v -14.915 -0.099975 -1.224429
v -14.915 -0.106542 -1.203391
v -14.915 -0.108997 -1.177016
v -14.915 -0.108997 -1.141526
v -14.925 0.113564 -1.455551
v -14.925 -0.136436 -1.553111
v -14.925 -0.136436 -1.516526
v -14.925 -0.066314 -1.491231
v -14.925 -0.066314 -1.387953
v -14.925 -0.136436 -1.364087
v -14.925 -0.136436 -1.327502
v -14.925 0.113564 -1.422014
v -14.925 -0.038875 -1.396385
v -14.925 -0.038875 -1.479988
v -14.925 0.065546 -1.433685
v -14.925 0.074216 -1.436091
v -14.925 0.083076 -1.437687
v -14.925 0.083076 -1.438496
v -14.925 0.074243 -1.440128
v -14.925 0.065546 -1.442355
v -14.915 -0.038875 -1.396385
v -14.915 -0.038875 -1.479988
v -14.915 0.065546 -1.433685
v -14.915 0.074216 -1.436091
v -14.915 0.083076 -1.437687
v -14.915 0.083076 -1.438496
v -14.915 0.074243 -1.440128
v -14.915 0.065546 -1.442355
v -17.455 0.089174 -0.817736
v -17.455 0.086409 -0.793119
v -17.455 -0.098521 -0.871802
v -17.455 -0.09604 -0.876282
v -17.455 -0.123479 -0.876282
v -17.455 -0.13796 -0.900672
v -17.455 -0.136436 -0.540916
v -17.455 -0.13796 -0.792792
v -17.455 -0.136436 -0.668965
v -17.455 -0.13629 -0.776685
v -17.455 -0.12795 -0.752454
v -17.455 0.085226 -0.848122
v -17.455 0.073168 -0.876282
v -17.455 0.2 -0.900672
v -17.455 0.106704 -0.876282
v -17.455 0.079656 -0.774407
v -17.455 0.06808 -0.757103
v -17.455 0.051414 -0.742006
v -17.455 -0.014104 -0.723843
v -17.455 -0.041167 -0.726375
v -17.455 -0.062671 -0.733167
v -17.455 -0.10943 -0.788797
v -17.455 -0.112046 -0.812115
v -17.455 -0.102724 -0.770581
v -17.455 -0.092383 -0.755238
v -17.455 -0.080006 -0.743506
v -17.455 -0.108362 -0.8453
v -17.455 0.047717 -0.703501
v -17.455 0.071091 -0.718154
v -17.455 0.113564 -0.574453
v -17.455 0.092798 -0.740724
v -17.455 0.032111 -0.7317
v -17.455 0.005348 -0.725036
v -17.455 -0.115108 -0.732344
v -17.455 -0.095339 -0.713566
v -17.455 -0.108997 -0.668965
v -17.455 -0.071567 -0.700248
v -17.455 -0.108997 -0.574453
v -17.455 0.106466 -0.76447
v -17.455 0.114563 -0.79234
v -17.455 -0.045105 -0.692724
v -17.455 -0.016152 -0.690307
v -17.455 0.019391 -0.693903
v -17.455 0.116613 -0.81745
v -17.455 0.114548 -0.847378
v -17.455 -0.13442 -0.849634
v -17.455 -0.13796 -0.824372
v -17.455 -0.2 -0.900672
v -17.455 -0.139367 -0.81433
v -17.455 -0.139485 -0.807494
v -17.455 0.113564 -0.540916
v -17.455 0.2 0.12
v -17.455 -0.13796 0.12
v -17.455 -0.2 0.12
v -17.455 0.113564 -1.053112
v -17.455 0.2 -2.075485
v -17.455 0.113564 -0.925063
v -17.455 -0.136436 -1.327502
v -17.455 -0.067916 -1.296725
v -17.455 -0.090277 -1.282389
v -17.455 0.086125 -0.958599
v -17.455 0.003808 -0.958599
v -17.455 0.086125 -1.053112
v -17.455 0.003808 -1.047014
v -17.455 -0.023631 -1.047014
v -17.455 -0.136436 -1.10799
v -17.455 0.113564 -1.10799
v -17.455 -0.10998 -1.261811
v -17.455 -0.125149 -1.235708
v -17.455 -0.133736 -1.206901
v -17.455 0.109703 -1.214658
v -17.455 0.099432 -1.243909
v -17.455 0.113564 -1.422014
v -17.455 0.081197 -1.271119
v -17.455 -0.136436 -1.553111
v -17.455 -0.13796 -2.075485
v -17.455 0.113564 -1.455551
v -17.455 0.080967 -1.27138
v -17.455 0.061364 -1.289059
v -17.455 0.039863 -1.300678
v -17.455 0.113564 -1.17854
v -17.455 0.015232 -1.307392
v -17.455 -0.008292 -1.309209
v -17.455 -0.041749 -1.305701
v -17.455 -0.136436 -1.175968
v -17.455 -0.023631 -0.958599
v -17.455 -0.108997 -0.958599
v -17.455 -0.108997 -1.059209
v -17.455 -0.136436 -1.059209
v -17.455 -0.136436 -0.925063
v -17.455 -0.066314 -1.491231
v -17.455 -0.066314 -1.387953
v -17.455 -0.136436 -1.516526
v -17.455 -0.136436 -1.364087
v -17.455 -0.2 -2.075485
v -17.060001 -0.2 0.5
v -17.060001 0.2 0.5
v -16.975443 0.2 0.509527
v -16.975443 -0.2 0.509527
v -16.895124 0.2 0.537632
v -16.895124 -0.2 0.537632
v -16.823074 0.2 0.582904
v -16.823074 -0.2 0.582904
v -16.762905 0.2 0.643074
v -16.762905 -0.2 0.643074
v -16.717632 0.2 0.715124
v -16.717632 -0.2 0.715124
v -16.689528 0.2 0.795442
v -16.689528 -0.2 0.795442
v -16.68 0.2 0.88
v -16.68 -0.2 0.88
v -16.68 0.2 5.85
v -16.68 -0.2 5.85
v -16.685112 0.2 5.888823
v -16.685112 -0.2 5.888823
v -16.700096 0.2 5.925
v -16.700096 -0.2 5.925
v -16.723934 0.2 5.956066
v -16.723934 -0.2 5.956066
v -16.754999 0.2 5.979904
v -16.754999 -0.2 5.979904
v -16.791178 0.2 5.994889
v -16.791178 -0.2 5.994889
v -16.83 0.2 6.0
v -16.83 -0.2 6.0
v -17.030001 0.2 6.0
v -17.030001 -0.2 6.0
v -17.068823 0.2 5.994889
v -17.068823 -0.2 5.994889
v -17.105 0.2 5.979904
v -17.105 -0.2 5.979904
v -17.136065 0.2 5.956066
v -17.136065 -0.2 5.956066
v -17.159903 0.2 5.925
v -17.159903 -0.2 5.925
v -17.174889 0.2 5.888823
v -17.174889 -0.2 5.888823
v -17.18 0.2 5.85
v -17.18 -0.2 5.85
v -17.18 0.2 1.800739
v -17.18 -0.2 1.800739
v -17.189312 -0.2 1.714926
v -17.189312 0.2 1.714926
v -17.21682 -0.2 1.633109
v -17.21682 0.2 1.633109
v -17.261236 -0.2 1.559098
v -17.261236 0.2 1.559098
v -17.320499 -0.2 1.496339
v -17.320499 0.2 1.496339
v -17.45883 -0.2 1.404061
v -17.45883 0.2 1.404061
v -17.614864 -0.2 1.346579
v -17.614864 0.2 1.346579
v -17.780001 -0.2 1.327059
v -17.780001 0.2 1.327059
v -17.945135 -0.2 1.346579
v -17.945135 0.2 1.346579
v -18.10117 -0.2 1.404061
v -18.10117 0.2 1.404061
v -18.2395 -0.2 1.496339
v -18.2395 0.2 1.496339
v -18.298761 -0.2 1.559098
v -18.298761 0.2 1.559098
v -18.34318 -0.2 1.633109
v -18.34318 0.2 1.633109
v -18.370686 -0.2 1.714926
v -18.370686 0.2 1.714926
v -18.379999 -0.2 1.800739
v -18.379999 0.2 1.800739
v -18.379999 0.2 5.85
v -18.379999 -0.2 5.85
v -18.385111 0.2 5.888823
v -18.385111 -0.2 5.888823
v -18.400095 0.2 5.925
v -18.400095 -0.2 5.925
v -18.423933 0.2 5.956066
v -18.423933 -0.2 5.956066
v -18.455 0.2 5.979904
v -18.455 -0.2 5.979904
v -18.491177 0.2 5.994889
v -18.491177 -0.2 5.994889
v -18.530001 0.2 6.0
v -18.530001 -0.2 6.0
v -18.73 0.2 6.0
v -18.73 -0.2 6.0
v -18.768824 0.2 5.994889
v -18.768824 -0.2 5.994889
v -18.805 0.2 5.979904
v -18.805 -0.2 5.979904
v -18.836065 0.2 5.956066
v -18.836065 -0.2 5.956066
v -18.859903 0.2 5.925
v -18.859903 -0.2 5.925
v -18.874889 0.2 5.888823
v -18.874889 -0.2 5.888823
v -18.880001 0.2 5.85
v -18.880001 -0.2 5.85
v -18.880001 0.2 0.88
v -18.880001 -0.2 0.88
v -18.870472 0.2 0.795442
v -18.870472 -0.2 0.795442
v -18.842367 0.2 0.715124
v -18.842367 -0.2 0.715124
v -18.797096 0.2 0.643074
v -18.797096 -0.2 0.643074
v -18.736927 0.2 0.582904
v -18.736927 -0.2 0.582904
v -18.664877 0.2 0.537632
v -18.664877 -0.2 0.537632
v -18.584558 0.2 0.509527
v -18.584558 -0.2 0.509527
v -18.5 0.2 0.5
v -18.5 -0.2 0.5
v -18.485001 0.2 0.5
v -18.485001 -0.2 0.5
v -18.400442 -0.2 0.490473
v -18.400442 0.2 0.490473
v -18.320124 -0.2 0.462368
v -18.320124 0.2 0.462368
v -18.248074 -0.2 0.417096
v -18.248074 0.2 0.417096
v -18.187904 -0.2 0.356926
v -18.187904 0.2 0.356926
v -18.142632 -0.2 0.284876
v -18.142632 0.2 0.284876
v -18.114527 -0.2 0.204558
v -18.114527 0.2 0.204558
v -18.105 -0.2 0.12
v -18.105 0.2 0.12
v -18.105 0.2 -2.075485
v -18.105 -0.2 -2.075485
v -18.089556 0.2 -2.323554
v -18.089556 -0.2 -2.323554
v -18.015949 0.2 -2.912404
v -18.015949 -0.2 -2.912404
v -18.010118 0.2 -2.935735
v -18.010118 -0.2 -2.935735
v -17.998888 0.2 -2.957
v -17.998888 -0.2 -2.957
v -17.982903 0.2 -2.974968
v -17.982903 -0.2 -2.974968
v -17.963091 0.2 -2.9886
v -17.963091 -0.2 -2.9886
v -17.940596 0.2 -2.997108
v -17.940596 -0.2 -2.997108
v -17.916721 0.2 -3.0
v -17.916721 -0.2 -3.0
v -17.643278 0.2 -3.0
v -17.643278 -0.2 -3.0
v -17.619404 0.2 -2.997108
v -17.619404 -0.2 -2.997108
v -17.59691 0.2 -2.9886
v -17.59691 -0.2 -2.9886
v -17.577099 0.2 -2.974968
v -17.577099 -0.2 -2.974968
v -17.561113 0.2 -2.957
v -17.561113 -0.2 -2.957
v -17.549881 0.2 -2.935735
v -17.549881 -0.2 -2.935735
v -17.54405 0.2 -2.912404
v -17.54405 -0.2 -2.912404
v -17.470444 0.2 -2.323554
v -17.470444 -0.2 -2.323554
v -17.445473 0.2 0.204558
v -17.445473 -0.2 0.204558
v -17.417368 -0.2 0.284876
v -17.417368 0.2 0.284876
v -17.372095 -0.2 0.356926
v -17.372095 0.2 0.356926
v -17.311928 -0.2 0.417096
v -17.311928 0.2 0.417096
v -17.239876 -0.2 0.462368
v -17.239876 0.2 0.462368
v -17.159559 -0.2 0.490473
v -17.159559 0.2 0.490473
v -17.075001 -0.2 0.5
v -17.075001 0.2 0.5
v -17.464998 -0.108997 -0.668965
v -17.464998 -0.136436 -0.668965
v -17.464998 -0.136436 -0.540916
v -17.464998 0.113564 -0.540916
v -17.464998 0.113564 -0.574453
v -17.464998 -0.108997 -0.574453
v -17.464998 -0.09604 -0.876282
v -17.464998 -0.123479 -0.876282
v -17.464998 -0.13442 -0.849634
v -17.464998 -0.139485 -0.807494
v -17.464998 -0.139367 -0.81433
v -17.464998 -0.016152 -0.690307
v -17.464998 -0.045105 -0.692724
v -17.464998 -0.071567 -0.700248
v -17.464998 -0.095339 -0.713566
v -17.464998 -0.115108 -0.732344
v -17.464998 -0.12795 -0.752454
v -17.464998 -0.13629 -0.776685
v -17.464998 0.116613 -0.81745
v -17.464998 0.114563 -0.79234
v -17.464998 0.106466 -0.76447
v -17.464998 0.092798 -0.740724
v -17.464998 0.071091 -0.718154
v -17.464998 0.047717 -0.703501
v -17.464998 0.019391 -0.693903
v -17.464998 0.106704 -0.876282
v -17.464998 0.114548 -0.847378
v -17.464998 0.073168 -0.876282
v -17.464998 0.089174 -0.817736
v -17.464998 0.085226 -0.848122
v -17.464998 -0.014104 -0.723843
v -17.464998 0.005348 -0.725036
v -17.464998 0.032111 -0.7317
v -17.464998 0.051414 -0.742006
v -17.464998 0.06808 -0.757103
v -17.464998 0.079656 -0.774407
v -17.464998 0.086409 -0.793119
v -17.464998 -0.112046 -0.812115
v -17.464998 -0.10943 -0.788797
v -17.464998 -0.102724 -0.770581
v -17.464998 -0.092383 -0.755238
v -17.464998 -0.080006 -0.743506
v -17.464998 -0.062671 -0.733167
v -17.464998 -0.041167 -0.726375
v -17.464998 -0.098521 -0.871802
v -17.464998 -0.108362 -0.8453
v -17.464998 -0.108997 -1.059209
v -17.464998 -0.136436 -1.059209
v -17.464998 -0.136436 -0.925063
v -17.464998 0.113564 -0.925063
v -17.464998 0.113564 -1.053112
v -17.464998 0.086125 -1.053112
v -17.464998 0.086125 -0.958599
v -17.464998 0.003808 -0.958599
v -17.464998 0.003808 -1.047014
v -17.464998 -0.023631 -1.047014
v -17.464998 -0.023631 -0.958599
v -17.464998 -0.108997 -0.958599
v -17.464998 -0.136436 -1.175968
v -17.464998 -0.136436 -1.10799
v -17.464998 0.113564 -1.10799
v -17.464998 0.113564 -1.17854
v -17.464998 -0.008292 -1.309209
v -17.464998 0.015232 -1.307392
v -17.464998 0.039863 -1.300678
v -17.464998 0.061364 -1.289059
v -17.464998 0.080967 -1.27138
v -17.464998 0.081197 -1.271119
v -17.464998 0.099432 -1.243909
v -17.464998 0.109703 -1.214658
v -17.464998 -0.133736 -1.206901
v -17.464998 -0.125149 -1.235708
v -17.464998 -0.10998 -1.261811
v -17.464998 -0.090277 -1.282389
v -17.464998 -0.067916 -1.296725
v -17.464998 -0.041749 -1.305701
v -17.464998 0.051068 -1.259027
v -17.464998 0.063961 -1.246884
v -17.464998 0.075758 -1.228623
v -17.464998 0.08298 -1.207987
v -17.464998 0.086125 -1.178397
v -17.464998 0.086125 -1.141526
v -17.464998 -0.108997 -1.141526
v -17.464998 -0.108997 -1.177016
v -17.464998 -0.106542 -1.203391
v -17.464998 -0.099975 -1.224429
v -17.464998 -0.089851 -1.241479
v -17.464998 -0.076001 -1.2555
v -17.464998 -0.058765 -1.266045
v -17.464998 -0.035265 -1.273377
v -17.464998 -0.009006 -1.275672
v -17.464998 0.015875 -1.273548
v -17.464998 0.035648 -1.267713
v -17.455 0.086125 -1.178397
v -17.455 0.086125 -1.141526
v -17.455 0.08298 -1.207987
v -17.455 0.075758 -1.228623
v -17.455 0.063961 -1.246884
v -17.455 0.051068 -1.259027
v -17.455 0.035648 -1.267713
v -17.455 0.015875 -1.273548
v -17.455 -0.009006 -1.275672
v -17.455 -0.035265 -1.273377
v -17.455 -0.058765 -1.266045
v -17.455 -0.076001 -1.2555
v -17.455 -0.089851 -1.241479
v -17.455 -0.099975 -1.224429
v -17.455 -0.106542 -1.203391
v -17.455 -0.108997 -1.177016
v -17.455 -0.108997 -1.141526
v -17.464998 0.113564 -1.455551
v -17.464998 -0.136436 -1.553111
v -17.464998 -0.136436 -1.516526
v -17.464998 -0.066314 -1.491231
v -17.464998 -0.066314 -1.387953
v -17.464998 -0.136436 -1.364087
v -17.464998 -0.136436 -1.327502
v -17.464998 0.113564 -1.422014
v -17.464998 -0.038875 -1.396385
v -17.464998 -0.038875 -1.479988
v -17.464998 0.065546 -1.433685
v -17.464998 0.074216 -1.436091
v -17.464998 0.083076 -1.437687
v -17.464998 0.083076 -1.438496
v -17.464998 0.074243 -1.440128
v -17.464998 0.065546 -1.442355
v -17.455 -0.038875 -1.396385
v -17.455 -0.038875 -1.479988
v -17.455 0.065546 -1.433685
v -17.455 0.074216 -1.436091
v -17.455 0.083076 -1.437687
v -17.455 0.083076 -1.438496
v -17.455 0.074243 -1.440128
v -17.455 0.065546 -1.442355
v -19.995001 0.089174 -0.817736
v -19.995001 0.086409 -0.793119
v -19.995001 -0.098521 -0.871802
v -19.995001 -0.09604 -0.876282
v -19.995001 -0.123479 -0.876282
v -19.995001 -0.13796 -0.900672
v -19.995001 -0.136436 -0.540916
v -19.995001 -0.13796 -0.792792
v -19.995001 -0.136436 -0.668965
v -19.995001 -0.13629 -0.776685
v -19.995001 -0.12795 -0.752454
v -19.995001 0.085226 -0.848122
v -19.995001 0.073168 -0.876282
v -19.995001 0.2 -0.900672
v -19.995001 0.106704 -0.876282
v -19.995001 0.079656 -0.774407
v -19.995001 0.06808 -0.757103
v -19.995001 0.051414 -0.742006
v -19.995001 -0.014104 -0.723843
v -19.995001 -0.041167 -0.726375
v -19.995001 -0.062671 -0.733167
v -19.995001 -0.10943 -0.788797
v -19.995001 -0.112046 -0.812115
v -19.995001 -0.102724 -0.770581
v -19.995001 -0.092383 -0.755238
v -19.995001 -0.080006 -0.743506
v -19.995001 -0.108362 -0.8453
v -19.995001 0.047717 -0.703501
v -19.995001 0.071091 -0.718154
v -19.995001 0.113564 -0.574453
v -19.995001 0.092798 -0.740724
v -19.995001 0.032111 -0.7317
v -19.995001 0.005348 -0.725036
v -19.995001 -0.115108 -0.732344
v -19.995001 -0.095339 -0.713566
v -19.995001 -0.108997 -0.668965
v -19.995001 -0.071567 -0.700248
v -19.995001 -0.108997 -0.574453
v -19.995001 0.106466 -0.76447
v -19.995001 0.114563 -0.79234
v -19.995001 -0.045105 -0.692724
v -19.995001 -0.016152 -0.690307
v -19.995001 0.019391 -0.693903
v -19.995001 0.116613 -0.81745
v -19.995001 0.114548 -0.847378
v -19.995001 -0.13442 -0.849634
v -19.995001 -0.13796 -0.824372
v -19.995001 -0.2 -0.900672
v -19.995001 -0.139367 -0.81433
v -19.995001 -0.139485 -0.807494
v -19.995001 0.113564 -0.540916
v -19.995001 0.2 0.12
v -19.995001 -0.13796 0.12
v -19.995001 -0.2 0.12
v -19.995001 0.113564 -1.053112
v -19.995001 0.2 -2.075485
v -19.995001 0.113564 -0.925063
v -19.995001 -0.136436 -1.327502
v -19.995001 -0.067916 -1.296725
v -19.995001 -0.090277 -1.282389
v -19.995001 0.086125 -0.958599
v -19.995001 0.003808 -0.958599
v -19.995001 0.086125 -1.053112
v -19.995001 0.003808 -1.047014
v -19.995001 -0.023631 -1.047014
v -19.995001 -0.136436 -1.10799
v -19.995001 0.113564 -1.10799
v -19.995001 -0.10998 -1.261811
v -19.995001 -0.125149 -1.235708
v -19.995001 -0.133736 -1.206901
v -19.995001 0.109703 -1.214658
v -19.995001 0.099432 -1.243909
v -19.995001 0.113564 -1.422014
v -19.995001 0.081197 -1.271119
v -19.995001 -0.136436 -1.553111
v -19.995001 -0.13796 -2.075485
v -19.995001 0.113564 -1.455551
v -19.995001 0.080967 -1.27138
v -19.995001 0.061364 -1.289059
v -19.995001 0.039863 -1.300678
v -19.995001 0.113564 -1.17854
v -19.995001 0.015232 -1.307392
v -19.995001 -0.008292 -1.309209
v -19.995001 -0.041749 -1.305701
v -19.995001 -0.136436 -1.175968
v -19.995001 -0.023631 -0.958599
v -19.995001 -0.108997 -0.958599
v -19.995001 -0.108997 -1.059209
v -19.995001 -0.136436 -1.059209
v -19.995001 -0.136436 -0.925063
v -19.995001 -0.066314 -1.491231
v -19.995001 -0.066314 -1.387953
v -19.995001 -0.136436 -1.516526
v -19.995001 -0.136436 -1.364087
v -19.995001 -0.2 -2.075485
v -19.6 -0.2 0.5
v -19.6 0.2 0.5
v -19.515442 0.2 0.509527
v -19.515442 -0.2 0.509527
v -19.435125 0.2 0.537632
v -19.435125 -0.2 0.537632
v -19.363073 0.2 0.582904
v -19.363073 -0.2 0.582904
v -19.302904 0.2 0.643074
v -19.302904 -0.2 0.643074
v -19.257631 0.2 0.715124
v -19.257631 -0.2 0.715124
v -19.229528 0.2 0.795442
v -19.229528 -0.2 0.795442
v -19.219999 0.2 0.88
v -19.219999 -0.2 0.88
v -19.219999 0.2 5.85
v -19.219999 -0.2 5.85
v -19.225111 0.2 5.888823
v -19.225111 -0.2 5.888823
v -19.240097 0.2 5.925
v -19.240097 -0.2 5.925
v -19.263935 0.2 5.956066
v -19.263935 -0.2 5.956066
v -19.295 0.2 5.979904
v -19.295 -0.2 5.979904
v -19.331177 0.2 5.994889
v -19.331177 -0.2 5.994889
v -19.370001 0.2 6.0
v -19.370001 -0.2 6.0
v -19.57 0.2 6.0
v -19.57 -0.2 6.0
v -19.608824 0.2 5.994889
v -19.608824 -0.2 5.994889
v -19.645 0.2 5.979904
v -19.645 -0.2 5.979904
v -19.676067 0.2 5.956066
v -19.676067 -0.2 5.956066
v -19.699903 0.2 5.925
v -19.699903 -0.2 5.925
v -19.714888 0.2 5.888823
v -19.714888 -0.2 5.888823
v -19.719999 0.2 5.85
v -19.719999 -0.2 5.85
v -19.719999 0.2 1.800739
v -19.719999 -0.2 1.800739
v -19.729313 -0.2 1.714926
v -19.729313 0.2 1.714926
v -19.756821 -0.2 1.633109
v -19.756821 0.2 1.633109
v -19.801239 -0.2 1.559098
v -19.801239 0.2 1.559098
v -19.860498 -0.2 1.496339
v -19.860498 0.2 1.496339
v -19.998831 -0.2 1.404061
v -19.998831 0.2 1.404061
v -20.154863 -0.2 1.346579
v -20.154863 0.2 1.346579
v -20.32 -0.2 1.327059
v -20.32 0.2 1.327059
v -20.485134 -0.2 1.346579
v -20.485134 0.2 1.346579
v -20.641169 -0.2 1.404061
v -20.641169 0.2 1.404061
v -20.779499 -0.2 1.496339
v -20.779499 0.2 1.496339
v -20.838762 -0.2 1.559098
v -20.838762 0.2 1.559098
v -20.883181 -0.2 1.633109
v -20.883181 0.2 1.633109
v -20.910686 -0.2 1.714926
v -20.910686 0.2 1.714926
v -20.919998 -0.2 1.800739
v -20.919998 0.2 1.800739
v -20.919998 0.2 5.85
v -20.919998 -0.2 5.85
v -20.92511 0.2 5.888823
v -20.92511 -0.2 5.888823
v -20.940098 0.2 5.925
v -20.940098 -0.2 5.925
v -20.963934 0.2 5.956066
v -20.963934 -0.2 5.956066
v -20.995001 0.2 5.979904
v -20.995001 -0.2 5.979904
v -21.031178 0.2 5.994889
v -21.031178 -0.2 5.994889
v -21.07 0.2 6.0
v -21.07 -0.2 6.0
v -21.269999 0.2 6.0
v -21.269999 -0.2 6.0
v -21.308823 0.2 5.994889
v -21.308823 -0.2 5.994889
v -21.345001 0.2 5.979904
v -21.345001 -0.2 5.979904
v -21.376066 0.2 5.956066
v -21.376066 -0.2 5.956066
v -21.399904 0.2 5.925
v -21.399904 -0.2 5.925
v -21.414888 0.2 5.888823
v -21.414888 -0.2 5.888823
v -21.42 0.2 5.85
v -21.42 -0.2 5.85
v -21.42 0.2 0.88
v -21.42 -0.2 0.88
v -21.410473 0.2 0.795442
v -21.410473 -0.2 0.795442
v -21.38237 0.2 0.715124
v -21.38237 -0.2 0.715124
v -21.337095 0.2 0.643074
v -21.337095 -0.2 0.643074
v -21.276926 0.2 0.582904
v -21.276926 -0.2 0.582904
v -21.204876 0.2 0.537632
v -21.204876 -0.2 0.537632
v -21.124559 0.2 0.509527
v -21.124559 -0.2 0.509527
v -21.040001 0.2 0.5
v -21.040001 -0.2 0.5
v -21.025 0.2 0.5
v -21.025 -0.2 0.5
v -20.940441 -0.2 0.490473
v -20.940441 0.2 0.490473
v -20.860125 -0.2 0.462368
v -20.860125 0.2 0.462368
v -20.788074 -0.2 0.417096
v -20.788074 0.2 0.417096
v -20.727905 -0.2 0.356926
v -20.727905 0.2 0.356926
v -20.682631 -0.2 0.284876
v -20.682631 0.2 0.284876
v -20.654528 -0.2 0.204558
v -20.654528 0.2 0.204558
v -20.645 -0.2 0.12
v -20.645 0.2 0.12
v -20.645 0.2 -2.075485
v -20.645 -0.2 -2.075485
v -20.629555 0.2 -2.323554
v -20.629555 -0.2 -2.323554
v -20.555948 0.2 -2.912404
v -20.555948 -0.2 -2.912404
v -20.550119 0.2 -2.935735
v -20.550119 -0.2 -2.935735
v -20.538887 0.2 -2.957
v -20.538887 -0.2 -2.957
v -20.522902 0.2 -2.974968
v -20.522902 -0.2 -2.974968
v -20.50309 0.2 -2.9886
v -20.50309 -0.2 -2.9886
v -20.480595 0.2 -2.997108
v -20.480595 -0.2 -2.997108
v -20.456722 0.2 -3.0
v -20.456722 -0.2 -3.0
v -20.183279 0.2 -3.0
v -20.183279 -0.2 -3.0
v -20.159403 0.2 -2.997108
v -20.159403 -0.2 -2.997108
v -20.136909 0.2 -2.9886
v -20.136909 -0.2 -2.9886
v -20.117098 0.2 -2.974968
v -20.117098 -0.2 -2.974968
v -20.101112 0.2 -2.957
v -20.101112 -0.2 -2.957
v -20.089882 0.2 -2.935735
v -20.089882 -0.2 -2.935735
v -20.084049 0.2 -2.912404
v -20.084049 -0.2 -2.912404
v -20.010443 0.2 -2.323554
v -20.010443 -0.2 -2.323554
v -19.985474 0.2 0.204558
v -19.985474 -0.2 0.204558
v -19.957367 -0.2 0.284876
v -19.957367 0.2 0.284876
v -19.912096 -0.2 0.356926
v -19.912096 0.2 0.356926
v -19.851927 -0.2 0.417096
v -19.851927 0.2 0.417096
v -19.779877 -0.2 0.462368
v -19.779877 0.2 0.462368
v -19.699558 -0.2 0.490473
v -19.699558 0.2 0.490473
v -19.615 -0.2 0.5
v -19.615 0.2 0.5
v -20.005001 -0.108997 -0.668965
v -20.005001 -0.136436 -0.668965
v -20.005001 -0.136436 -0.540916
v -20.005001 0.113564 -0.540916
v -20.005001 0.113564 -0.574453
v -20.005001 -0.108997 -0.574453
v -20.005001 -0.09604 -0.876282
v -20.005001 -0.123479 -0.876282
v -20.005001 -0.13442 -0.849634
v -20.005001 -0.139485 -0.807494
v -20.005001 -0.139367 -0.81433
v -20.005001 -0.016152 -0.690307
v -20.005001 -0.045105 -0.692724
v -20.005001 -0.071567 -0.700248
v -20.005001 -0.095339 -0.713566
v -20.005001 -0.115108 -0.732344
v -20.005001 -0.12795 -0.752454
v -20.005001 -0.13629 -0.776685
v -20.005001 0.116613 -0.81745
v -20.005001 0.114563 -0.79234
v -20.005001 0.106466 -0.76447
v -20.005001 0.092798 -0.740724
v -20.005001 0.071091 -0.718154
v -20.005001 0.047717 -0.703501
v -20.005001 0.019391 -0.693903
v -20.005001 0.106704 -0.876282
v -20.005001 0.114548 -0.847378
v -20.005001 0.073168 -0.876282
v -20.005001 0.089174 -0.817736
v -20.005001 0.085226 -0.848122
v -20.005001 -0.014104 -0.723843
v -20.005001 0.005348 -0.725036
v -20.005001 0.032111 -0.7317
v -20.005001 0.051414 -0.742006
v -20.005001 0.06808 -0.757103
v -20.005001 0.079656 -0.774407
v -20.005001 0.086409 -0.793119
v -20.005001 -0.112046 -0.812115
v -20.005001 -0.10943 -0.788797
v -20.005001 -0.102724 -0.770581
v -20.005001 -0.092383 -0.755238
v -20.005001 -0.080006 -0.743506
v -20.005001 -0.062671 -0.733167
v -20.005001 -0.041167 -0.726375
v -20.005001 -0.098521 -0.871802
v -20.005001 -0.108362 -0.8453
v -20.005001 -0.108997 -1.059209
v -20.005001 -0.136436 -1.059209
v -20.005001 -0.136436 -0.925063
v -20.005001 0.113564 -0.925063
v -20.005001 0.113564 -1.053112
v -20.005001 0.086125 -1.053112
v -20.005001 0.086125 -0.958599
v -20.005001 0.003808 -0.958599
v -20.005001 0.003808 -1.047014
v -20.005001 -0.023631 -1.047014
v -20.005001 -0.023631 -0.958599
v -20.005001 -0.108997 -0.958599
v -20.005001 -0.136436 -1.175968
v -20.005001 -0.136436 -1.10799
v -20.005001 0.113564 -1.10799
v -20.005001 0.113564 -1.17854
v -20.005001 -0.008292 -1.309209
v -20.005001 0.015232 -1.307392
v -20.005001 0.039863 -1.300678
v -20.005001 0.061364 -1.289059
v -20.005001 0.080967 -1.27138
v -20.005001 0.081197 -1.271119
v -20.005001 0.099432 -1.243909
v -20.005001 0.109703 -1.214658
v -20.005001 -0.133736 -1.206901
v -20.005001 -0.125149 -1.235708
v -20.005001 -0.10998 -1.261811
v -20.005001 -0.090277 -1.282389
v -20.005001 -0.067916 -1.296725
v -20.005001 -0.041749 -1.305701
v -20.005001 0.051068 -1.259027
v -20.005001 0.063961 -1.246884
v -20.005001 0.075758 -1.228623
v -20.005001 0.08298 -1.207987
v -20.005001 0.086125 -1.178397
v -20.005001 0.086125 -1.141526
v -20.005001 -0.108997 -1.141526
v -20.005001 -0.108997 -1.177016
v -20.005001 -0.106542 -1.203391
v -20.005001 -0.099975 -1.224429
v -20.005001 -0.089851 -1.241479
v -20.005001 -0.076001 -1.2555
v -20.005001 -0.058765 -1.266045
v -20.005001 -0.035265 -1.273377
v -20.005001 -0.009006 -1.275672
v -20.005001 0.015875 -1.273548
v -20.005001 0.035648 -1.267713
v -19.995001 0.086125 -1.178397
v -19.995001 0.086125 -1.141526
v -19.995001 0.08298 -1.207987
v -19.995001 0.075758 -1.228623
v -19.995001 0.063961 -1.246884
v -19.995001 0.051068 -1.259027
v -19.995001 0.035648 -1.267713
v -19.995001 0.015875 -1.273548
v -19.995001 -0.009006 -1.275672
v -19.995001 -0.035265 -1.273377
v -19.995001 -0.058765 -1.266045
v -19.995001 -0.076001 -1.2555
v -19.995001 -0.089851 -1.241479
v -19.995001 -0.099975 -1.224429
v -19.995001 -0.106542 -1.203391
v -19.995001 -0.108997 -1.177016
v -19.995001 -0.108997 -1.141526
v -20.005001 0.113564 -1.455551
v -20.005001 -0.136436 -1.553111
v -20.005001 -0.136436 -1.516526
v -20.005001 -0.066314 -1.491231
v -20.005001 -0.066314 -1.387953
v -20.005001 -0.136436 -1.364087
v -20.005001 -0.136436 -1.327502
v -20.005001 0.113564 -1.422014
v -20.005001 -0.038875 -1.396385
v -20.005001 -0.038875 -1.479988
v -20.005001 0.065546 -1.433685
v -20.005001 0.074216 -1.436091
v -20.005001 0.083076 -1.437687
v -20.005001 0.083076 -1.438496
v -20.005001 0.074243 -1.440128
v -20.005001 0.065546 -1.442355
v -19.995001 -0.038875 -1.396385
v -19.995001 -0.038875 -1.479988
v -19.995001 0.065546 -1.433685
v -19.995001 0.074216 -1.436091
v -19.995001 0.083076 -1.437687
v -19.995001 0.083076 -1.438496
v -19.995001 0.074243 -1.440128
v -19.995001 0.065546 -1.442355
v -22.535 0.089174 -0.817736
v -22.535 0.086409 -0.793119
v -22.535 -0.098521 -0.871802
v -22.535 -0.09604 -0.876282
v -22.535 -0.123479 -0.876282
v -22.535 -0.13796 -0.900672
v -22.535 -0.136436 -0.540916
v -22.535 -0.13796 -0.792792
v -22.535 -0.136436 -0.668965
v -22.535 -0.13629 -0.776685
v -22.535 -0.12795 -0.752454
v -22.535 0.085226 -0.848122
v -22.535 0.073168 -0.876282
v -22.535 0.2 -0.900672
v -22.535 0.106704 -0.876282
v -22.535 0.079656 -0.774407
v -22.535 0.06808 -0.757103
v -22.535 0.051414 -0.742006
v -22.535 -0.014104 -0.723843
v -22.535 -0.041167 -0.726375
v -22.535 -0.062671 -0.733167
v -22.535 -0.10943 -0.788797
v -22.535 -0.112046 -0.812115
v -22.535 -0.102724 -0.770581
v -22.535 -0.092383 -0.755238
v -22.535 -0.080006 -0.743506
v -22.535 -0.108362 -0.8453
v -22.535 0.047717 -0.703501
v -22.535 0.071091 -0.718154
v -22.535 0.113564 -0.574453
v -22.535 0.092798 -0.740724
v -22.535 0.032111 -0.7317
v -22.535 0.005348 -0.725036
v -22.535 -0.115108 -0.732344
v -22.535 -0.095339 -0.713566
v -22.535 -0.108997 -0.668965
v -22.535 -0.071567 -0.700248
v -22.535 -0.108997 -0.574453
v -22.535 0.106466 -0.76447
v -22.535 0.114563 -0.79234
v -22.535 -0.045105 -0.692724
v -22.535 -0.016152 -0.690307
v -22.535 0.019391 -0.693903
v -22.535 0.116613 -0.81745
v -22.535 0.114548 -0.847378
v -22.535 -0.13442 -0.849634
v -22.535 -0.13796 -0.824372
v -22.535 -0.2 -0.900672
v -22.535 -0.139367 -0.81433
v -22.535 -0.139485 -0.807494
v -22.535 0.113564 -0.540916
v -22.535 0.2 0.12
v -22.535 -0.13796 0.12
v -22.535 -0.2 0.12
v -22.535 0.113564 -1.053112
v -22.535 0.2 -2.075485
v -22.535 0.113564 -0.925063
v -22.535 -0.136436 -1.327502
v -22.535 -0.067916 -1.296725
v -22.535 -0.090277 -1.282389
v -22.535 0.086125 -0.958599
v -22.535 0.003808 -0.958599
v -22.535 0.086125 -1.053112
v -22.535 0.003808 -1.047014
v -22.535 -0.023631 -1.047014
v -22.535 -0.136436 -1.10799
v -22.535 0.113564 -1.10799
v -22.535 -0.10998 -1.261811
v -22.535 -0.125149 -1.235708
v -22.535 -0.133736 -1.206901
v -22.535 0.109703 -1.214658
v -22.535 0.099432 -1.243909
v -22.535 0.113564 -1.422014
v -22.535 0.081197 -1.271119
v -22.535 -0.136436 -1.553111
v -22.535 -0.13796 -2.075485
v -22.535 0.113564 -1.455551
v -22.535 0.080967 -1.27138
v -22.535 0.061364 -1.289059
v -22.535 0.039863 -1.300678
v -22.535 0.113564 -1.17854
v -22.535 0.015232 -1.307392
v -22.535 -0.008292 -1.309209
v -22.535 -0.041749 -1.305701
v -22.535 -0.136436 -1.175968
v -22.535 -0.023631 -0.958599
v -22.535 -0.108997 -0.958599
v -22.535 -0.108997 -1.059209
v -22.535 -0.136436 -1.059209
v -22.535 -0.136436 -0.925063
v -22.535 -0.066314 -1.491231
v -22.535 -0.066314 -1.387953
v -22.535 -0.136436 -1.516526
v -22.535 -0.136436 -1.364087
v -22.535 -0.2 -2.075485
v -22.139999 -0.2 0.5
v -22.139999 0.2 0.5
v -22.055441 0.2 0.509527
v -22.055441 -0.2 0.509527
v -21.975124 0.2 0.537632
v -21.975124 -0.2 0.537632
v -21.903074 0.2 0.582904
v -21.903074 -0.2 0.582904
v -21.842905 0.2 0.643074
v -21.842905 -0.2 0.643074
v -21.79763 0.2 0.715124
v -21.79763 -0.2 0.715124
v -21.769527 0.2 0.795442
v -21.769527 -0.2 0.795442
v -21.76 0.2 0.88
v -21.76 -0.2 0.88
v -21.76 0.2 5.85
v -21.76 -0.2 5.85
v -21.765112 0.2 5.888823
v -21.765112 -0.2 5.888823
v -21.780096 0.2 5.925
v -21.780096 -0.2 5.925
v -21.803934 0.2 5.956066
v -21.803934 -0.2 5.956066
v -21.834999 0.2 5.979904
v -21.834999 -0.2 5.979904
v -21.871178 0.2 5.994889
v -21.871178 -0.2 5.994889
v -21.91 0.2 6.0
v -21.91 -0.2 6.0
v -22.110001 0.2 6.0
v -22.110001 -0.2 6.0
v -22.148823 0.2 5.994889
v -22.148823 -0.2 5.994889
v -22.184999 0.2 5.979904
v -22.184999 -0.2 5.979904
v -22.216066 0.2 5.956066
v -22.216066 -0.2 5.956066
v -22.239902 0.2 5.925
v -22.239902 -0.2 5.925
v -22.254889 0.2 5.888823
v -22.254889 -0.2 5.888823
v -22.26 0.2 5.85
v -22.26 -0.2 5.85
v -22.26 0.2 1.800739
v -22.26 -0.2 1.800739
v -22.269314 -0.2 1.714926
v -22.269314 0.2 1.714926
v -22.29682 -0.2 1.633109
v -22.29682 0.2 1.633109
v -22.341238 -0.2 1.559098
v -22.341238 0.2 1.559098
v -22.400499 -0.2 1.496339
v -22.400499 0.2 1.496339
v -22.538832 -0.2 1.404061
v -22.538832 0.2 1.404061
v -22.694866 -0.2 1.346579
v -22.694866 0.2 1.346579
v -22.860001 -0.2 1.327059
v -22.860001 0.2 1.327059
v -23.025135 -0.2 1.346579
v -23.025135 0.2 1.346579
v -23.181168 -0.2 1.404061
v -23.181168 0.2 1.404061
v -23.319502 -0.2 1.496339
v -23.319502 0.2 1.496339
v -23.378761 -0.2 1.559098
v -23.378761 0.2 1.559098
v -23.42318 -0.2 1.633109
v -23.42318 0.2 1.633109
v -23.450687 -0.2 1.714926
v -23.450687 0.2 1.714926
v -23.460001 -0.2 1.800739
v -23.460001 0.2 1.800739
v -23.460001 0.2 5.85
v -23.460001 -0.2 5.85
v -23.465113 0.2 5.888823
v -23.465113 -0.2 5.888823
v -23.480097 0.2 5.925
v -23.480097 -0.2 5.925
v -23.503933 0.2 5.956066
v -23.503933 -0.2 5.956066
v -23.535 0.2 5.979904
v -23.535 -0.2 5.979904
v -23.571177 0.2 5.994889
v -23.571177 -0.2 5.994889
v -23.609999 0.2 6.0
v -23.609999 -0.2 6.0
v -23.809999 0.2 6.0
v -23.809999 -0.2 6.0
v -23.848822 0.2 5.994889
v -23.848822 -0.2 5.994889
v -23.885 0.2 5.979904
v -23.885 -0.2 5.979904
v -23.916065 0.2 5.956066
v -23.916065 -0.2 5.956066
v -23.939903 0.2 5.925
v -23.939903 -0.2 5.925
v -23.954889 0.2 5.888823
v -23.954889 -0.2 5.888823
v -23.959999 0.2 5.85
v -23.959999 -0.2 5.85
v -23.959999 0.2 0.88
v -23.959999 -0.2 0.88
v -23.950472 0.2 0.795442
v -23.950472 -0.2 0.795442
v -23.922369 0.2 0.715124
v -23.922369 -0.2 0.715124
v -23.877096 0.2 0.643074
v -23.877096 -0.2 0.643074
v -23.816927 0.2 0.582904
v -23.816927 -0.2 0.582904
v -23.744875 0.2 0.537632
v -23.744875 -0.2 0.537632
v -23.664558 0.2 0.509527
v -23.664558 -0.2 0.509527
v -23.58 0.2 0.5
v -23.58 -0.2 0.5
v -23.565001 0.2 0.5
v -23.565001 -0.2 0.5
v -23.480442 -0.2 0.490473
v -23.480442 0.2 0.490473
v -23.400124 -0.2 0.462368
v -23.400124 0.2 0.462368
v -23.328074 -0.2 0.417096
v -23.328074 0.2 0.417096
v -23.267904 -0.2 0.356926
v -23.267904 0.2 0.356926
v -23.222633 -0.2 0.284876
v -23.222633 0.2 0.284876
v -23.194527 -0.2 0.204558
v -23.194527 0.2 0.204558
v -23.184999 -0.2 0.12
v -23.184999 0.2 0.12
v -23.184999 0.2 -2.075485
v -23.184999 -0.2 -2.075485
v -23.169558 0.2 -2.323554
v -23.169558 -0.2 -2.323554
v -23.095951 0.2 -2.912404
v -23.095951 -0.2 -2.912404
v -23.090118 0.2 -2.935735
v -23.090118 -0.2 -2.935735
v -23.078886 0.2 -2.957
v -23.078886 -0.2 -2.957
v -23.062902 0.2 -2.974968
v -23.062902 -0.2 -2.974968
v -23.043091 0.2 -2.9886
v -23.043091 -0.2 -2.9886
v -23.020597 0.2 -2.997108
v -23.020597 -0.2 -2.997108
v -22.996721 0.2 -3.0
v -22.996721 -0.2 -3.0
v -22.723278 0.2 -3.0
v -22.723278 -0.2 -3.0
v -22.699404 0.2 -2.997108
v -22.699404 -0.2 -2.997108
v -22.676908 0.2 -2.9886
v -22.676908 -0.2 -2.9886
v -22.657099 0.2 -2.974968
v -22.657099 -0.2 -2.974968
v -22.641113 0.2 -2.957
v -22.641113 -0.2 -2.957
v -22.629881 0.2 -2.935735
v -22.629881 -0.2 -2.935735
v -22.624052 0.2 -2.912404
v -22.624052 -0.2 -2.912404
v -22.550446 0.2 -2.323554
v -22.550446 -0.2 -2.323554
v -22.525473 0.2 0.204558
v -22.525473 -0.2 0.204558
v -22.49737 -0.2 0.284876
v -22.49737 0.2 0.284876
v -22.452095 -0.2 0.356926
v -22.452095 0.2 0.356926
v -22.391926 -0.2 0.417096
v -22.391926 0.2 0.417096
v -22.319876 -0.2 0.462368
v -22.319876 0.2 0.462368
v -22.239559 -0.2 0.490473
v -22.239559 0.2 0.490473
v -22.155001 -0.2 0.5
v -22.155001 0.2 0.5
v -22.545 -0.108997 -0.668965
v -22.545 -0.136436 -0.668965
v -22.545 -0.136436 -0.540916
v -22.545 0.113564 -0.540916
v -22.545 0.113564 -0.574453
v -22.545 -0.108997 -0.574453
v -22.545 -0.09604 -0.876282
v -22.545 -0.123479 -0.876282
v -22.545 -0.13442 -0.849634
v -22.545 -0.139485 -0.807494
v -22.545 -0.139367 -0.81433
v -22.545 -0.016152 -0.690307
v -22.545 -0.045105 -0.692724
v -22.545 -0.071567 -0.700248
v -22.545 -0.095339 -0.713566
v -22.545 -0.115108 -0.732344
v -22.545 -0.12795 -0.752454
v -22.545 -0.13629 -0.776685
v -22.545 0.116613 -0.81745
v -22.545 0.114563 -0.79234
v -22.545 0.106466 -0.76447
v -22.545 0.092798 -0.740724
v -22.545 0.071091 -0.718154
v -22.545 0.047717 -0.703501
v -22.545 0.019391 -0.693903
v -22.545 0.106704 -0.876282
v -22.545 0.114548 -0.847378
v -22.545 0.073168 -0.876282
v -22.545 0.089174 -0.817736
v -22.545 0.085226 -0.848122
v -22.545 -0.014104 -0.723843
v -22.545 0.005348 -0.725036
v -22.545 0.032111 -0.7317
v -22.545 0.051414 -0.742006
v -22.545 0.06808 -0.757103
v -22.545 0.079656 -0.774407
v -22.545 0.086409 -0.793119
v -22.545 -0.112046 -0.812115
v -22.545 -0.10943 -0.788797
v -22.545 -0.102724 -0.770581
v -22.545 -0.092383 -0.755238
v -22.545 -0.080006 -0.743506
v -22.545 -0.062671 -0.733167
v -22.545 -0.041167 -0.726375
v -22.545 -0.098521 -0.871802
v -22.545 -0.108362 -0.8453
v -22.545 -0.108997 -1.059209
v -22.545 -0.136436 -1.059209
v -22.545 -0.136436 -0.925063
v -22.545 0.113564 -0.925063
v -22.545 0.113564 -1.053112
v -22.545 0.086125 -1.053112
v -22.545 0.086125 -0.958599
v -22.545 0.003808 -0.958599
v -22.545 0.003808 -1.047014
v -22.545 -0.023631 -1.047014
v -22.545 -0.023631 -0.958599
v -22.545 -0.108997 -0.958599
v -22.545 -0.136436 -1.175968
v -22.545 -0.136436 -1.10799
v -22.545 0.113564 -1.10799
v -22.545 0.113564 -1.17854
v -22.545 -0.008292 -1.309209
v -22.545 0.015232 -1.307392
v -22.545 0.039863 -1.300678
v -22.545 0.061364 -1.289059
v -22.545 0.080967 -1.27138
v -22.545 0.081197 -1.271119
v -22.545 0.099432 -1.243909
v -22.545 0.109703 -1.214658
v -22.545 -0.133736 -1.206901
v -22.545 -0.125149 -1.235708
v -22.545 -0.10998 -1.261811
v -22.545 -0.090277 -1.282389
v -22.545 -0.067916 -1.296725
v -22.545 -0.041749 -1.305701
v -22.545 0.051068 -1.259027
v -22.545 0.063961 -1.246884
v -22.545 0.075758 -1.228623
v -22.545 0.08298 -1.207987
v -22.545 0.086125 -1.178397
v -22.545 0.086125 -1.141526
v -22.545 -0.108997 -1.141526
v -22.545 -0.108997 -1.177016
v -22.545 -0.106542 -1.203391
v -22.545 -0.099975 -1.224429
v -22.545 -0.089851 -1.241479
v -22.545 -0.076001 -1.2555
v -22.545 -0.058765 -1.266045
v -22.545 -0.035265 -1.273377
v -22.545 -0.009006 -1.275672
v -22.545 0.015875 -1.273548
v -22.545 0.035648 -1.267713
v -22.535 0.086125 -1.178397
v -22.535 0.086125 -1.141526
v -22.535 0.08298 -1.207987
v -22.535 0.075758 -1.228623
v -22.535 0.063961 -1.246884
v -22.535 0.051068 -1.259027
v -22.535 0.035648 -1.267713
v -22.535 0.015875 -1.273548
v -22.535 -0.009006 -1.275672
v -22.535 -0.035265 -1.273377
v -22.535 -0.058765 -1.266045
v -22.535 -0.076001 -1.2555
v -22.535 -0.089851 -1.241479
v -22.535 -0.099975 -1.224429
v -22.535 -0.106542 -1.203391
v -22.535 -0.108997 -1.177016
v -22.535 -0.108997 -1.141526
v -22.545 0.113564 -1.455551
v -22.545 -0.136436 -1.553111
v -22.545 -0.136436 -1.516526
v -22.545 -0.066314 -1.491231
v -22.545 -0.066314 -1.387953
v -22.545 -0.136436 -1.364087
v -22.545 -0.136436 -1.327502
v -22.545 0.113564 -1.422014
v -22.545 -0.038875 -1.396385
v -22.545 -0.038875 -1.479988
v -22.545 0.065546 -1.433685
v -22.545 0.074216 -1.436091
v -22.545 0.083076 -1.437687
v -22.545 0.083076 -1.438496
v -22.545 0.074243 -1.440128
v -22.545 0.065546 -1.442355
v -22.535 -0.038875 -1.396385
v -22.535 -0.038875 -1.479988
v -22.535 0.065546 -1.433685
v -22.535 0.074216 -1.436091
v -22.535 0.083076 -1.437687
v -22.535 0.083076 -1.438496
v -22.535 0.074243 -1.440128
v -22.535 0.065546 -1.442355
v 0.325 0.089174 -0.817736
v 0.325 0.086409 -0.793119
v 0.325 -0.098521 -0.871802
v 0.325 -0.09604 -0.876282
v 0.325 -0.123479 -0.876282
v 0.325 -0.13796 -0.900672
v 0.325 -0.136436 -0.540916
v 0.325 -0.13796 -0.792792
v 0.325 -0.136436 -0.668965
v 0.325 -0.13629 -0.776685
v 0.325 -0.12795 -0.752454
v 0.325 0.085226 -0.848122
v 0.325 0.073168 -0.876282
v 0.325 0.2 -0.900672
v 0.325 0.106704 -0.876282
v 0.325 0.079656 -0.774407
v 0.325 0.06808 -0.757103
v 0.325 0.051414 -0.742006
v 0.325 -0.014104 -0.723843
v 0.325 -0.041167 -0.726375
v 0.325 -0.062671 -0.733167
v 0.325 -0.10943 -0.788797
v 0.325 -0.112046 -0.812115
v 0.325 -0.102724 -0.770581
v 0.325 -0.092383 -0.755238
v 0.325 -0.080006 -0.743506
v 0.325 -0.108362 -0.8453
v 0.325 0.047717 -0.703501
v 0.325 0.071091 -0.718154
v 0.325 0.113564 -0.574453
v 0.325 0.092798 -0.740724
v 0.325 0.032111 -0.7317
v 0.325 0.005348 -0.725036
v 0.325 -0.115108 -0.732344
v 0.325 -0.095339 -0.713566
v 0.325 -0.108997 -0.668965
v 0.325 -0.071567 -0.700248
v 0.325 -0.108997 -0.574453
v 0.325 0.106466 -0.76447
v 0.325 0.114563 -0.79234
v 0.325 -0.045105 -0.692724
v 0.325 -0.016152 -0.690307
v 0.325 0.019391 -0.693903
v 0.325 0.116613 -0.81745
v 0.325 0.114548 -0.847378
v 0.325 -0.13442 -0.849634
v 0.325 -0.13796 -0.824372
v 0.325 -0.2 -0.900672
v 0.325 -0.139367 -0.81433
v 0.325 -0.139485 -0.807494
v 0.325 0.113564 -0.540916
v 0.325 0.2 0.12
v 0.325 -0.13796 0.12
v 0.325 -0.2 0.12
v 0.325 0.113564 -1.053112
v 0.325 0.2 -2.075485
v 0.325 0.113564 -0.925063
v 0.325 -0.136436 -1.327502
v 0.325 -0.067916 -1.296725
v 0.325 -0.090277 -1.282389
v 0.325 0.086125 -0.958599
v 0.325 0.003808 -0.958599
v 0.325 0.086125 -1.053112
v 0.325 0.003808 -1.047014
v 0.325 -0.023631 -1.047014
v 0.325 -0.136436 -1.10799
v 0.325 0.113564 -1.10799
v 0.325 -0.10998 -1.261811
v 0.325 -0.125149 -1.235708
v 0.325 -0.133736 -1.206901
v 0.325 -0.136436 -1.553111
v 0.325 -0.13796 -2.075485
v 0.325 0.113564 -1.455551
v 0.325 0.113564 -1.422014
v 0.325 0.109703 -1.214658
v 0.325 0.099432 -1.243909
v 0.325 0.081197 -1.271119
v 0.325 0.113564 -1.17854
v 0.325 0.080967 -1.27138
v 0.325 0.061364 -1.289059
v 0.325 0.039863 -1.300678
v 0.325 0.015232 -1.307392
v 0.325 -0.008292 -1.309209
v 0.325 -0.041749 -1.305701
v 0.325 -0.136436 -1.175968
v 0.325 -0.023631 -0.958599
v 0.325 -0.108997 -0.958599
v 0.325 -0.108997 -1.059209
v 0.325 -0.136436 -1.059209
v 0.325 -0.136436 -0.925063
v 0.325 -0.066314 -1.491231
v 0.325 -0.066314 -1.387953
v 0.325 -0.136436 -1.516526
v 0.325 -0.136436 -1.364087
v 0.325 -0.2 -2.075485
v 0.72 -0.2 0.5
v 0.72 0.2 0.5
v 0.804558 0.2 0.509527
v 0.804558 -0.2 0.509527
v 0.884876 0.2 0.537632
v 0.884876 -0.2 0.537632
v 0.956926 0.2 0.582904
v 0.956926 -0.2 0.582904
v 1.017096 0.2 0.643074
v 1.017096 -0.2 0.643074
v 1.062368 0.2 0.715124
v 1.062368 -0.2 0.715124
v 1.090473 0.2 0.795442
v 1.090473 -0.2 0.795442
v 1.1 0.2 0.88
v 1.1 -0.2 0.88
v 1.1 0.2 5.85
v 1.1 -0.2 5.85
v 1.094889 0.2 5.888823
v 1.094889 -0.2 5.888823
v 1.079904 0.2 5.925
v 1.079904 -0.2 5.925
v 1.056066 0.2 5.956066
v 1.056066 -0.2 5.956066
v 1.025 0.2 5.979904
v 1.025 -0.2 5.979904
v 0.988823 0.2 5.994889
v 0.988823 -0.2 5.994889
v 0.95 0.2 6.0
v 0.95 -0.2 6.0
v 0.75 0.2 6.0
v 0.75 -0.2 6.0
v 0.711177 0.2 5.994889
v 0.711177 -0.2 5.994889
v 0.675 0.2 5.979904
v 0.675 -0.2 5.979904
v 0.643934 0.2 5.956066
v 0.643934 -0.2 5.956066
v 0.620096 0.2 5.925
v 0.620096 -0.2 5.925
v 0.605111 0.2 5.888823
v 0.605111 -0.2 5.888823
v 0.6 0.2 5.85
v 0.6 -0.2 5.85
v 0.6 0.2 1.800739
v 0.6 -0.2 1.800739
v 0.590687 -0.2 1.714926
v 0.590687 0.2 1.714926
v 0.563181 -0.2 1.633109
v 0.563181 0.2 1.633109
v 0.518762 -0.2 1.559098
v 0.518762 0.2 1.559098
v 0.459501 -0.2 1.496339
v 0.459501 0.2 1.496339
v 0.321169 -0.2 1.404061
v 0.321169 0.2 1.404061
v 0.165135 -0.2 1.346579
v 0.165135 0.2 1.346579
v 0.0 -0.2 1.327059
v 0.0 0.2 1.327059
v -0.165135 -0.2 1.346579
v -0.165135 0.2 1.346579
v -0.321169 -0.2 1.404061
v -0.321169 0.2 1.404061
v -0.459501 -0.2 1.496339
v -0.459501 0.2 1.496339
v -0.518762 -0.2 1.559098
v -0.518762 0.2 1.559098
v -0.563181 -0.2 1.633109
v -0.563181 0.2 1.633109
v -0.590687 -0.2 1.714926
v -0.590687 0.2 1.714926
v -0.6 -0.2 1.800739
v -0.6 0.2 1.800739
v -0.6 0.2 5.85
v -0.6 -0.2 5.85
v -0.605111 0.2 5.888823
v -0.605111 -0.2 5.888823
v -0.620096 0.2 5.925
v -0.620096 -0.2 5.925
v -0.643934 0.2 5.956066
v -0.643934 -0.2 5.956066
v -0.675 0.2 5.979904
v -0.675 -0.2 5.979904
v -0.711177 0.2 5.994889
v -0.711177 -0.2 5.994889
v -0.75 0.2 6.0
v -0.75 -0.2 6.0
v -0.95 0.2 6.0
v -0.95 -0.2 6.0
v -0.988823 0.2 5.994889
v -0.988823 -0.2 5.994889
v -1.025 0.2 5.979904
v -1.025 -0.2 5.979904
v -1.056066 0.2 5.956066
v -1.056066 -0.2 5.956066
v -1.079904 0.2 5.925
v -1.079904 -0.2 5.925
v -1.094889 0.2 5.888823
v -1.094889 -0.2 5.888823
v -1.1 0.2 5.85
v -1.1 -0.2 5.85
v -1.1 0.2 0.88
v -1.1 -0.2 0.88
v -1.090473 0.2 0.795442
v -1.090473 -0.2 0.795442
v -1.062368 0.2 0.715124
v -1.062368 -0.2 0.715124
v -1.017096 0.2 0.643074
v -1.017096 -0.2 0.643074
v -0.956926 0.2 0.582904
v -0.956926 -0.2 0.582904
v -0.884876 0.2 0.537632
v -0.884876 -0.2 0.537632
v -0.804558 0.2 0.509527
v -0.804558 -0.2 0.509527
v -0.72 0.2 0.5
v -0.72 -0.2 0.5
v -0.705 0.2 0.5
v -0.705 -0.2 0.5
v -0.620442 -0.2 0.490473
v -0.620442 0.2 0.490473
v -0.540124 -0.2 0.462368
v -0.540124 0.2 0.462368
v -0.468074 -0.2 0.417096
v -0.468074 0.2 0.417096
v -0.407904 -0.2 0.356926
v -0.407904 0.2 0.356926
v -0.362632 -0.2 0.284876
v -0.362632 0.2 0.284876
v -0.334527 -0.2 0.204558
v -0.334527 0.2 0.204558
v -0.325 -0.2 0.12
v -0.325 0.2 0.12
v -0.325 0.2 -2.075485
v -0.325 -0.2 -2.075485
v -0.309556 0.2 -2.323554
v -0.309556 -0.2 -2.323554
v -0.23595 0.2 -2.912404
v -0.23595 -0.2 -2.912404
v -0.230119 0.2 -2.935735
v -0.230119 -0.2 -2.935735
v -0.218886 0.2 -2.957
v -0.218886 -0.2 -2.957
v -0.202902 0.2 -2.974968
v -0.202902 -0.2 -2.974968
v -0.18309 0.2 -2.9886
v -0.18309 -0.2 -2.9886
v -0.160596 0.2 -2.997108
v -0.160596 -0.2 -2.997108
v -0.136722 0.2 -3.0
v -0.136722 -0.2 -3.0
v 0.136722 0.2 -3.0
v 0.136722 -0.2 -3.0
v 0.160596 0.2 -2.997108
v 0.160596 -0.2 -2.997108
v 0.18309 0.2 -2.9886
v 0.18309 -0.2 -2.9886
v 0.202902 0.2 -2.974968
v 0.202902 -0.2 -2.974968
v 0.218886 0.2 -2.957
v 0.218886 -0.2 -2.957
v 0.230119 0.2 -2.935735
v 0.230119 -0.2 -2.935735
v 0.23595 0.2 -2.912404
v 0.23595 -0.2 -2.912404
v 0.309556 0.2 -2.323554
v 0.309556 -0.2 -2.323554
v 0.334527 0.2 0.204558
v 0.334527 -0.2 0.204558
v 0.362632 -0.2 0.284876
v 0.362632 0.2 0.284876
v 0.407904 -0.2 0.356926
v 0.407904 0.2 0.356926
v 0.468074 -0.2 0.417096
v 0.468074 0.2 0.417096
v 0.540124 -0.2 0.462368
v 0.540124 0.2 0.462368
v 0.620442 -0.2 0.490473
v 0.620442 0.2 0.490473
v 0.705 -0.2 0.5
v 0.705 0.2 0.5
v 0.315 0.113564 -1.455551
v 0.315 -0.136436 -1.553111
v 0.315 -0.136436 -1.516526
v 0.315 -0.066314 -1.491231
v 0.315 -0.066314 -1.387953
v 0.315 -0.136436 -1.364087
v 0.315 -0.136436 -1.327502
v 0.315 0.113564 -1.422014
v 0.315 -0.038875 -1.396385
v 0.315 -0.038875 -1.479988
v 0.315 0.065546 -1.433685
v 0.315 0.074216 -1.436091
v 0.315 0.083076 -1.437687
v 0.315 0.083076 -1.438496
v 0.315 0.074243 -1.440128
v 0.315 0.065546 -1.442355
v 0.325 -0.038875 -1.396385
v 0.325 -0.038875 -1.479988
v 0.325 0.065546 -1.433685
v 0.325 0.074216 -1.436091
v 0.325 0.083076 -1.437687
v 0.325 0.083076 -1.438496
v 0.325 0.074243 -1.440128
v 0.325 0.065546 -1.442355
v 0.315 -0.136436 -1.175968
v 0.315 -0.136436 -1.10799
v 0.315 0.113564 -1.10799
v 0.315 0.113564 -1.17854
v 0.315 -0.008292 -1.309209
v 0.315 0.015232 -1.307392
v 0.315 0.039863 -1.300678
v 0.315 0.061364 -1.289059
v 0.315 0.080967 -1.27138
v 0.315 0.081197 -1.271119
v 0.315 0.099432 -1.243909
v 0.315 0.109703 -1.214658
v 0.315 -0.133736 -1.206901
v 0.315 -0.125149 -1.235708
v 0.315 -0.10998 -1.261811
v 0.315 -0.090277 -1.282389
v 0.315 -0.067916 -1.296725
v 0.315 -0.041749 -1.305701
v 0.315 0.051068 -1.259027
v 0.315 0.063961 -1.246884
v 0.315 0.075758 -1.228623
v 0.315 0.08298 -1.207987
v 0.315 0.086125 -1.178397
v 0.315 0.086125 -1.141526
v 0.315 -0.108997 -1.141526
v 0.315 -0.108997 -1.177016
v 0.315 -0.106542 -1.203391
v 0.315 -0.099975 -1.224429
v 0.315 -0.089851 -1.241479
v 0.315 -0.076001 -1.2555
v 0.315 -0.058765 -1.266045
v 0.315 -0.035265 -1.273377
v 0.315 -0.009006 -1.275672
v 0.315 0.015875 -1.273548
v 0.315 0.035648 -1.267713
v 0.325 0.086125 -1.178397
v 0.325 0.086125 -1.141526
v 0.325 0.08298 -1.207987
v 0.325 0.075758 -1.228623
v 0.325 0.063961 -1.246884
v 0.325 0.051068 -1.259027
v 0.325 0.035648 -1.267713
v 0.325 0.015875 -1.273548
v 0.325 -0.009006 -1.275672
v 0.325 -0.035265 -1.273377
v 0.325 -0.058765 -1.266045
v 0.325 -0.076001 -1.2555
v 0.325 -0.089851 -1.241479
v 0.325 -0.099975 -1.224429
v 0.325 -0.106542 -1.203391
v 0.325 -0.108997 -1.177016
v 0.325 -0.108997 -1.141526
v 0.315 -0.108997 -1.059209
v 0.315 -0.136436 -1.059209
v 0.315 -0.136436 -0.925063
v 0.315 0.113564 -0.925063
v 0.315 0.113564 -1.053112
v 0.315 0.086125 -1.053112
v 0.315 0.086125 -0.958599
v 0.315 0.003808 -0.958599
v 0.315 0.003808 -1.047014
v 0.315 -0.023631 -1.047014
v 0.315 -0.023631 -0.958599
v 0.315 -0.108997 -0.958599
v 0.315 -0.09604 -0.876282
v 0.315 -0.123479 -0.876282
v 0.315 -0.13442 -0.849634
v 0.315 -0.139485 -0.807494
v 0.315 -0.139367 -0.81433
v 0.315 -0.016152 -0.690307
v 0.315 -0.045105 -0.692724
v 0.315 -0.071567 -0.700248
v 0.315 -0.095339 -0.713566
v 0.315 -0.115108 -0.732344
v 0.315 -0.12795 -0.752454
v 0.315 -0.13629 -0.776685
v 0.315 0.116613 -0.81745
v 0.315 0.114563 -0.79234
v 0.315 0.106466 -0.76447
v 0.315 0.092798 -0.740724
v 0.315 0.071091 -0.718154
v 0.315 0.047717 -0.703501
v 0.315 0.019391 -0.693903
v 0.315 0.106704 -0.876282
v 0.315 0.114548 -0.847378
v 0.315 0.073168 -0.876282
v 0.315 0.089174 -0.817736
v 0.315 0.085226 -0.848122
v 0.315 -0.014104 -0.723843
v 0.315 0.005348 -0.725036
v 0.315 0.032111 -0.7317
v 0.315 0.051414 -0.742006
v 0.315 0.06808 -0.757103
v 0.315 0.079656 -0.774407
v 0.315 0.086409 -0.793119
v 0.315 -0.112046 -0.812115
v 0.315 -0.10943 -0.788797
v 0.315 -0.102724 -0.770581
v 0.315 -0.092383 -0.755238
v 0.315 -0.080006 -0.743506
v 0.315 -0.062671 -0.733167
v 0.315 -0.041167 -0.726375
v 0.315 -0.098521 -0.871802
v 0.315 -0.108362 -0.8453
v 0.315 -0.108997 -0.668965
v 0.315 -0.136436 -0.668965
v 0.315 -0.136436 -0.540916
v 0.315 0.113564 -0.540916
v 0.315 0.113564 -0.574453
v 0.315 -0.108997 -0.574453
v -25.074999 0.089174 -0.817736
v -25.074999 0.086409 -0.793119
v -25.074999 -0.098521 -0.871802
v -25.074999 -0.09604 -0.876282
v -25.074999 -0.123479 -0.876282
v -25.074999 -0.13796 -0.900672
v -25.074999 -0.136436 -0.540916
v -25.074999 -0.13796 -0.792792
v -25.074999 -0.136436 -0.668965
v -25.074999 -0.13629 -0.776685
v -25.074999 -0.12795 -0.752454
v -25.074999 0.085226 -0.848122
v -25.074999 0.073168 -0.876282
v -25.074999 0.2 -0.900672
v -25.074999 0.106704 -0.876282
v -25.074999 0.079656 -0.774407
v -25.074999 0.06808 -0.757103
v -25.074999 0.051414 -0.742006
v -25.074999 -0.014104 -0.723843
v -25.074999 -0.041167 -0.726375
v -25.074999 -0.062671 -0.733167
v -25.074999 -0.10943 -0.788797
v -25.074999 -0.112046 -0.812115
v -25.074999 -0.102724 -0.770581
v -25.074999 -0.092383 -0.755238
v -25.074999 -0.080006 -0.743506
v -25.074999 -0.108362 -0.8453
v -25.074999 0.047717 -0.703501
v -25.074999 0.071091 -0.718154
v -25.074999 0.113564 -0.574453
v -25.074999 0.092798 -0.740724
v -25.074999 0.032111 -0.7317
v -25.074999 0.005348 -0.725036
v -25.074999 -0.115108 -0.732344
v -25.074999 -0.095339 -0.713566
v -25.074999 -0.108997 -0.668965
v -25.074999 -0.071567 -0.700248
v -25.074999 -0.108997 -0.574453
v -25.074999 0.106466 -0.76447
v -25.074999 0.114563 -0.79234
v -25.074999 -0.045105 -0.692724
v -25.074999 -0.016152 -0.690307
v -25.074999 0.019391 -0.693903
v -25.074999 0.116613 -0.81745
v -25.074999 0.114548 -0.847378
v -25.074999 -0.13442 -0.849634
v -25.074999 -0.13796 -0.824372
v -25.074999 -0.2 -0.900672
v -25.074999 -0.139367 -0.81433
v -25.074999 -0.139485 -0.807494
v -25.074999 0.113564 -0.540916
v -25.074999 0.2 0.12
v -25.074999 -0.13796 0.12
v -25.074999 -0.2 0.12
v -25.074999 0.113564 -1.053112
v -25.074999 0.2 -2.075485
v -25.074999 0.113564 -0.925063
v -25.074999 -0.136436 -1.327502
v -25.074999 -0.067916 -1.296725
v -25.074999 -0.090277 -1.282389
v -25.074999 0.086125 -0.958599
v -25.074999 0.003808 -0.958599
v -25.074999 0.086125 -1.053112
v -25.074999 0.003808 -1.047014
v -25.074999 -0.023631 -1.047014
v -25.074999 -0.136436 -1.10799
v -25.074999 0.113564 -1.10799
v -25.074999 -0.10998 -1.261811
v -25.074999 -0.125149 -1.235708
v -25.074999 -0.133736 -1.206901
v -25.074999 0.109703 -1.214658
v -25.074999 0.099432 -1.243909
v -25.074999 0.113564 -1.422014
v -25.074999 0.081197 -1.271119
v -25.074999 -0.136436 -1.553111
v -25.074999 -0.13796 -2.075485
v -25.074999 0.113564 -1.455551
v -25.074999 0.080967 -1.27138
v -25.074999 0.061364 -1.289059
v -25.074999 0.039863 -1.300678
v -25.074999 0.113564 -1.17854
v -25.074999 0.015232 -1.307392
v -25.074999 -0.008292 -1.309209
v -25.074999 -0.041749 -1.305701
v -25.074999 -0.136436 -1.175968
v -25.074999 -0.023631 -0.958599
v -25.074999 -0.108997 -0.958599
v -25.074999 -0.108997 -1.059209
v -25.074999 -0.136436 -1.059209
v -25.074999 -0.136436 -0.925063
v -25.074999 -0.066314 -1.491231
v -25.074999 -0.066314 -1.387953
v -25.074999 -0.136436 -1.516526
v -25.074999 -0.136436 -1.364087
v -25.074999 -0.2 -2.075485
v -24.68 -0.2 0.5
v -24.68 0.2 0.5
v -24.595442 0.2 0.509527
v -24.595442 -0.2 0.509527
v -24.515123 0.2 0.537632
v -24.515123 -0.2 0.537632
v -24.443073 0.2 0.582904
v -24.443073 -0.2 0.582904
v -24.382904 0.2 0.643074
v -24.382904 -0.2 0.643074
v -24.337633 0.2 0.715124
v -24.337633 -0.2 0.715124
v -24.309526 0.2 0.795442
v -24.309526 -0.2 0.795442
v -24.299999 0.2 0.88
v -24.299999 -0.2 0.88
v -24.299999 0.2 5.85
v -24.299999 -0.2 5.85
v -24.305111 0.2 5.888823
v -24.305111 -0.2 5.888823
v -24.320095 0.2 5.925
v -24.320095 -0.2 5.925
v -24.343933 0.2 5.956066
v -24.343933 -0.2 5.956066
v -24.375 0.2 5.979904
v -24.375 -0.2 5.979904
v -24.411177 0.2 5.994889
v -24.411177 -0.2 5.994889
v -24.450001 0.2 6.0
v -24.450001 -0.2 6.0
v -24.65 0.2 6.0
v -24.65 -0.2 6.0
v -24.688824 0.2 5.994889
v -24.688824 -0.2 5.994889
v -24.725 0.2 5.979904
v -24.725 -0.2 5.979904
v -24.756067 0.2 5.956066
v -24.756067 -0.2 5.956066
v -24.779905 0.2 5.925
v -24.779905 -0.2 5.925
v -24.794889 0.2 5.888823
v -24.794889 -0.2 5.888823
v -24.800001 0.2 5.85
v -24.800001 -0.2 5.85
v -24.800001 0.2 1.800739
v -24.800001 -0.2 1.800739
v -24.809315 -0.2 1.714926
v -24.809315 0.2 1.714926
v -24.836819 -0.2 1.633109
v -24.836819 0.2 1.633109
v -24.881239 -0.2 1.559098
v -24.881239 0.2 1.559098
v -24.9405 -0.2 1.496339
v -24.9405 0.2 1.496339
v -25.078831 -0.2 1.404061
v -25.078831 0.2 1.404061
v -25.234865 -0.2 1.346579
v -25.234865 0.2 1.346579
v -25.4 -0.2 1.327059
v -25.4 0.2 1.327059
v -25.565136 -0.2 1.346579
v -25.565136 0.2 1.346579
v -25.72117 -0.2 1.404061
v -25.72117 0.2 1.404061
v -25.859501 -0.2 1.496339
v -25.859501 0.2 1.496339
v -25.918762 -0.2 1.559098
v -25.918762 0.2 1.559098
v -25.963181 -0.2 1.633109
v -25.963181 0.2 1.633109
v -25.990686 -0.2 1.714926
v -25.990686 0.2 1.714926
v -26.0 -0.2 1.800739
v -26.0 0.2 1.800739
v -26.0 0.2 5.85
v -26.0 -0.2 5.85
v -26.005112 0.2 5.888823
v -26.005112 -0.2 5.888823
v -26.020096 0.2 5.925
v -26.020096 -0.2 5.925
v -26.043934 0.2 5.956066
v -26.043934 -0.2 5.956066
v -26.075001 0.2 5.979904
v -26.075001 -0.2 5.979904
v -26.111176 0.2 5.994889
v -26.111176 -0.2 5.994889
v -26.15 0.2 6.0
v -26.15 -0.2 6.0
v -26.35 0.2 6.0
v -26.35 -0.2 6.0
v -26.388823 0.2 5.994889
v -26.388823 -0.2 5.994889
v -26.425001 0.2 5.979904
v -26.425001 -0.2 5.979904
v -26.456066 0.2 5.956066
v -26.456066 -0.2 5.956066
v -26.479904 0.2 5.925
v -26.479904 -0.2 5.925
v -26.494888 0.2 5.888823
v -26.494888 -0.2 5.888823
v -26.5 0.2 5.85
v -26.5 -0.2 5.85
v -26.5 0.2 0.88
v -26.5 -0.2 0.88
v -26.490473 0.2 0.795442
v -26.490473 -0.2 0.795442
v -26.462368 0.2 0.715124
v -26.462368 -0.2 0.715124
v -26.417095 0.2 0.643074
v -26.417095 -0.2 0.643074
v -26.356926 0.2 0.582904
v -26.356926 -0.2 0.582904
v -26.284876 0.2 0.537632
v -26.284876 -0.2 0.537632
v -26.204557 0.2 0.509527
v -26.204557 -0.2 0.509527
v -26.119999 0.2 0.5
v -26.119999 -0.2 0.5
v -26.105 0.2 0.5
v -26.105 -0.2 0.5
v -26.020441 -0.2 0.490473
v -26.020441 0.2 0.490473
v -25.940125 -0.2 0.462368
v -25.940125 0.2 0.462368
v -25.868073 -0.2 0.417096
v -25.868073 0.2 0.417096
v -25.807903 -0.2 0.356926
v -25.807903 0.2 0.356926
v -25.762632 -0.2 0.284876
v -25.762632 0.2 0.284876
v -25.734528 -0.2 0.204558
v -25.734528 0.2 0.204558
v -25.725 -0.2 0.12
v -25.725 0.2 0.12
v -25.725 0.2 -2.075485
v -25.725 -0.2 -2.075485
v -25.709557 0.2 -2.323554
v -25.709557 -0.2 -2.323554
v -25.63595 0.2 -2.912404
v -25.63595 -0.2 -2.912404
v -25.630117 0.2 -2.935735
v -25.630117 -0.2 -2.935735
v -25.618887 0.2 -2.957
v -25.618887 -0.2 -2.957
v -25.602901 0.2 -2.974968
v -25.602901 -0.2 -2.974968
v -25.58309 0.2 -2.9886
v -25.58309 -0.2 -2.9886
v -25.560596 0.2 -2.997108
v -25.560596 -0.2 -2.997108
v -25.536722 0.2 -3.0
v -25.536722 -0.2 -3.0
v -25.263277 0.2 -3.0
v -25.263277 -0.2 -3.0
v -25.239405 0.2 -2.997108
v -25.239405 -0.2 -2.997108
v -25.216909 0.2 -2.9886
v -25.216909 -0.2 -2.9886
v -25.197098 0.2 -2.974968
v -25.197098 -0.2 -2.974968
v -25.181112 0.2 -2.957
v -25.181112 -0.2 -2.957
v -25.169882 0.2 -2.935735
v -25.169882 -0.2 -2.935735
v -25.164051 0.2 -2.912404
v -25.164051 -0.2 -2.912404
v -25.090445 0.2 -2.323554
v -25.090445 -0.2 -2.323554
v -25.065472 0.2 0.204558
v -25.065472 -0.2 0.204558
v -25.037369 -0.2 0.284876
v -25.037369 0.2 0.284876
v -24.992096 -0.2 0.356926
v -24.992096 0.2 0.356926
v -24.931927 -0.2 0.417096
v -24.931927 0.2 0.417096
v -24.859875 -0.2 0.462368
v -24.859875 0.2 0.462368
v -24.779558 -0.2 0.490473
v -24.779558 0.2 0.490473
v -24.695 -0.2 0.5
v -24.695 0.2 0.5
v -25.085001 -0.108997 -0.668965
v -25.085001 -0.136436 -0.668965
v -25.085001 -0.136436 -0.540916
v -25.085001 0.113564 -0.540916
v -25.085001 0.113564 -0.574453
v -25.085001 -0.108997 -0.574453
v -25.085001 -0.09604 -0.876282
v -25.085001 -0.123479 -0.876282
v -25.085001 -0.13442 -0.849634
v -25.085001 -0.139485 -0.807494
v -25.085001 -0.139367 -0.81433
v -25.085001 -0.016152 -0.690307
v -25.085001 -0.045105 -0.692724
v -25.085001 -0.071567 -0.700248
v -25.085001 -0.095339 -0.713566
v -25.085001 -0.115108 -0.732344
v -25.085001 -0.12795 -0.752454
v -25.085001 -0.13629 -0.776685
v -25.085001 0.116613 -0.81745
v -25.085001 0.114563 -0.79234
v -25.085001 0.106466 -0.76447
v -25.085001 0.092798 -0.740724
v -25.085001 0.071091 -0.718154
v -25.085001 0.047717 -0.703501
v -25.085001 0.019391 -0.693903
v -25.085001 0.106704 -0.876282
v -25.085001 0.114548 -0.847378
v -25.085001 0.073168 -0.876282
v -25.085001 0.089174 -0.817736
v -25.085001 0.085226 -0.848122
v -25.085001 -0.014104 -0.723843
v -25.085001 0.005348 -0.725036
v -25.085001 0.032111 -0.7317
v -25.085001 0.051414 -0.742006
v -25.085001 0.06808 -0.757103
v -25.085001 0.079656 -0.774407
v -25.085001 0.086409 -0.793119
v -25.085001 -0.112046 -0.812115
v -25.085001 -0.10943 -0.788797
v -25.085001 -0.102724 -0.770581
v -25.085001 -0.092383 -0.755238
v -25.085001 -0.080006 -0.743506
v -25.085001 -0.062671 -0.733167
v -25.085001 -0.041167 -0.726375
v -25.085001 -0.098521 -0.871802
v -25.085001 -0.108362 -0.8453
v -25.085001 -0.108997 -1.059209
v -25.085001 -0.136436 -1.059209
v -25.085001 -0.136436 -0.925063
v -25.085001 0.113564 -0.925063
v -25.085001 0.113564 -1.053112
v -25.085001 0.086125 -1.053112
v -25.085001 0.086125 -0.958599
v -25.085001 0.003808 -0.958599
v -25.085001 0.003808 -1.047014
v -25.085001 -0.023631 -1.047014
v -25.085001 -0.023631 -0.958599
v -25.085001 -0.108997 -0.958599
v -25.085001 -0.136436 -1.175968
v -25.085001 -0.136436 -1.10799
v -25.085001 0.113564 -1.10799
v -25.085001 0.113564 -1.17854
v -25.085001 -0.008292 -1.309209
v -25.085001 0.015232 -1.307392
v -25.085001 0.039863 -1.300678
v -25.085001 0.061364 -1.289059
v -25.085001 0.080967 -1.27138
v -25.085001 0.081197 -1.271119
v -25.085001 0.099432 -1.243909
v -25.085001 0.109703 -1.214658
v -25.085001 -0.133736 -1.206901
v -25.085001 -0.125149 -1.235708
v -25.085001 -0.10998 -1.261811
v -25.085001 -0.090277 -1.282389
v -25.085001 -0.067916 -1.296725
v -25.085001 -0.041749 -1.305701
v -25.085001 0.051068 -1.259027
v -25.085001 0.063961 -1.246884
v -25.085001 0.075758 -1.228623
v -25.085001 0.08298 -1.207987
v -25.085001 0.086125 -1.178397
v -25.085001 0.086125 -1.141526
v -25.085001 -0.108997 -1.141526
v -25.085001 -0.108997 -1.177016
v -25.085001 -0.106542 -1.203391
v -25.085001 -0.099975 -1.224429
v -25.085001 -0.089851 -1.241479
v -25.085001 -0.076001 -1.2555
v -25.085001 -0.058765 -1.266045
v -25.085001 -0.035265 -1.273377
v -25.085001 -0.009006 -1.275672
v -25.085001 0.015875 -1.273548
v -25.085001 0.035648 -1.267713
v -25.074999 0.086125 -1.178397
v -25.074999 0.086125 -1.141526
v -25.074999 0.08298 -1.207987
v -25.074999 0.075758 -1.228623
v -25.074999 0.063961 -1.246884
v -25.074999 0.051068 -1.259027
v -25.074999 0.035648 -1.267713
v -25.074999 0.015875 -1.273548
v -25.074999 -0.009006 -1.275672
v -25.074999 -0.035265 -1.273377
v -25.074999 -0.058765 -1.266045
v -25.074999 -0.076001 -1.2555
v -25.074999 -0.089851 -1.241479
v -25.074999 -0.099975 -1.224429
v -25.074999 -0.106542 -1.203391
v -25.074999 -0.108997 -1.177016
v -25.074999 -0.108997 -1.141526
v -25.085001 0.113564 -1.455551
v -25.085001 -0.136436 -1.553111
v -25.085001 -0.136436 -1.516526
v -25.085001 -0.066314 -1.491231
v -25.085001 -0.066314 -1.387953
v -25.085001 -0.136436 -1.364087
v -25.085001 -0.136436 -1.327502
v -25.085001 0.113564 -1.422014
v -25.085001 -0.038875 -1.396385
v -25.085001 -0.038875 -1.479988
v -25.085001 0.065546 -1.433685
v -25.085001 0.074216 -1.436091
v -25.085001 0.083076 -1.437687
v -25.085001 0.083076 -1.438496
v -25.085001 0.074243 -1.440128
v -25.085001 0.065546 -1.442355
v -25.074999 -0.038875 -1.396385
v -25.074999 -0.038875 -1.479988
v -25.074999 0.065546 -1.433685
v -25.074999 0.074216 -1.436091
v -25.074999 0.083076 -1.437687
v -25.074999 0.083076 -1.438496
v -25.074999 0.074243 -1.440128
v -25.074999 0.065546 -1.442355
v -27.615 0.089174 -0.817736
v -27.615 0.086409 -0.793119
v -27.615 -0.098521 -0.871802
v -27.615 -0.09604 -0.876282
v -27.615 -0.123479 -0.876282
v -27.615 -0.13796 -0.900672
v -27.615 -0.136436 -0.540916
v -27.615 -0.13796 -0.792792
v -27.615 -0.136436 -0.668965
v -27.615 -0.13629 -0.776685
v -27.615 -0.12795 -0.752454
v -27.615 0.085226 -0.848122
v -27.615 0.073168 -0.876282
v -27.615 0.2 -0.900672
v -27.615 0.106704 -0.876282
v -27.615 0.079656 -0.774407
v -27.615 0.06808 -0.757103
v -27.615 0.051414 -0.742006
v -27.615 -0.014104 -0.723843
v -27.615 -0.041167 -0.726375
v -27.615 -0.062671 -0.733167
v -27.615 -0.10943 -0.788797
v -27.615 -0.112046 -0.812115
v -27.615 -0.102724 -0.770581
v -27.615 -0.092383 -0.755238
v -27.615 -0.080006 -0.743506
v -27.615 -0.108362 -0.8453
v -27.615 0.047717 -0.703501
v -27.615 0.071091 -0.718154
v -27.615 0.113564 -0.574453
v -27.615 0.092798 -0.740724
v -27.615 0.032111 -0.7317
v -27.615 0.005348 -0.725036
v -27.615 -0.115108 -0.732344
v -27.615 -0.095339 -0.713566
v -27.615 -0.108997 -0.668965
v -27.615 -0.071567 -0.700248
v -27.615 -0.108997 -0.574453
v -27.615 0.106466 -0.76447
v -27.615 0.114563 -0.79234
v -27.615 -0.045105 -0.692724
v -27.615 -0.016152 -0.690307
v -27.615 0.019391 -0.693903
v -27.615 0.116613 -0.81745
v -27.615 0.114548 -0.847378
v -27.615 -0.13442 -0.849634
v -27.615 -0.13796 -0.824372
v -27.615 -0.2 -0.900672
v -27.615 -0.139367 -0.81433
v -27.615 -0.139485 -0.807494
v -27.615 0.113564 -0.540916
v -27.615 0.2 0.12
v -27.615 -0.13796 0.12
v -27.615 -0.2 0.12
v -27.615 0.113564 -1.053112
v -27.615 0.2 -2.075485
v -27.615 0.113564 -0.925063
v -27.615 -0.136436 -1.327502
v -27.615 -0.067916 -1.296725
v -27.615 -0.090277 -1.282389
v -27.615 0.086125 -0.958599
v -27.615 0.003808 -0.958599
v -27.615 0.086125 -1.053112
v -27.615 0.003808 -1.047014
v -27.615 -0.023631 -1.047014
v -27.615 -0.136436 -1.10799
v -27.615 0.113564 -1.10799
v -27.615 -0.10998 -1.261811
v -27.615 -0.125149 -1.235708
v -27.615 -0.133736 -1.206901
v -27.615 0.109703 -1.214658
v -27.615 0.099432 -1.243909
v -27.615 0.113564 -1.422014
v -27.615 0.081197 -1.271119
v -27.615 -0.136436 -1.553111
v -27.615 -0.13796 -2.075485
v -27.615 0.113564 -1.455551
v -27.615 0.080967 -1.27138
v -27.615 0.061364 -1.289059
v -27.615 0.039863 -1.300678
v -27.615 0.113564 -1.17854
v -27.615 0.015232 -1.307392
v -27.615 -0.008292 -1.309209
v -27.615 -0.041749 -1.305701
v -27.615 -0.136436 -1.175968
v -27.615 -0.023631 -0.958599
v -27.615 -0.108997 -0.958599
v -27.615 -0.108997 -1.059209
v -27.615 -0.136436 -1.059209
v -27.615 -0.136436 -0.925063
v -27.615 -0.066314 -1.491231
v -27.615 -0.066314 -1.387953
v -27.615 -0.136436 -1.516526
v -27.615 -0.136436 -1.364087
v -27.615 -0.2 -2.075485
v -27.219999 -0.2 0.5
v -27.219999 0.2 0.5
v -27.135443 0.2 0.509527
v -27.135443 -0.2 0.509527
v -27.055124 0.2 0.537632
v -27.055124 -0.2 0.537632
v -26.983072 0.2 0.582904
v -26.983072 -0.2 0.582904
v -26.922903 0.2 0.643074
v -26.922903 -0.2 0.643074
v -26.877632 0.2 0.715124
v -26.877632 -0.2 0.715124
v -26.849527 0.2 0.795442
v -26.849527 -0.2 0.795442
v -26.84 0.2 0.88
v -26.84 -0.2 0.88
v -26.84 0.2 5.85
v -26.84 -0.2 5.85
v -26.84511 0.2 5.888823
v -26.84511 -0.2 5.888823
v -26.860096 0.2 5.925
v -26.860096 -0.2 5.925
v -26.883934 0.2 5.956066
v -26.883934 -0.2 5.956066
v -26.915001 0.2 5.979904
v -26.915001 -0.2 5.979904
v -26.951178 0.2 5.994889
v -26.951178 -0.2 5.994889
v -26.99 0.2 6.0
v -26.99 -0.2 6.0
v -27.190001 0.2 6.0
v -27.190001 -0.2 6.0
v -27.228823 0.2 5.994889
v -27.228823 -0.2 5.994889
v -27.264999 0.2 5.979904
v -27.264999 -0.2 5.979904
v -27.296066 0.2 5.956066
v -27.296066 -0.2 5.956066
v -27.319904 0.2 5.925
v -27.319904 -0.2 5.925
v -27.334888 0.2 5.888823
v -27.334888 -0.2 5.888823
v -27.34 0.2 5.85
v -27.34 -0.2 5.85
v -27.34 0.2 1.800739
v -27.34 -0.2 1.800739
v -27.349314 -0.2 1.714926
v -27.349314 0.2 1.714926
v -27.37682 -0.2 1.633109
v -27.37682 0.2 1.633109
v -27.421238 -0.2 1.559098
v -27.421238 0.2 1.559098
v -27.480499 -0.2 1.496339
v -27.480499 0.2 1.496339
v -27.618832 -0.2 1.404061
v -27.618832 0.2 1.404061
v -27.774864 -0.2 1.346579
v -27.774864 0.2 1.346579
v -27.939999 -0.2 1.327059
v -27.939999 0.2 1.327059
v -28.105137 -0.2 1.346579
v -28.105137 0.2 1.346579
v -28.261169 -0.2 1.404061
v -28.261169 0.2 1.404061
v -28.399502 -0.2 1.496339
v -28.399502 0.2 1.496339
v -28.458763 -0.2 1.559098
v -28.458763 0.2 1.559098
v -28.503181 -0.2 1.633109
v -28.503181 0.2 1.633109
v -28.530687 -0.2 1.714926
v -28.530687 0.2 1.714926
v -28.540001 -0.2 1.800739
v -28.540001 0.2 1.800739
v -28.540001 0.2 5.85
v -28.540001 -0.2 5.85
v -28.545111 0.2 5.888823
v -28.545111 -0.2 5.888823
v -28.560097 0.2 5.925
v -28.560097 -0.2 5.925
v -28.583935 0.2 5.956066
v -28.583935 -0.2 5.956066
v -28.615 0.2 5.979904
v -28.615 -0.2 5.979904
v -28.651178 0.2 5.994889
v -28.651178 -0.2 5.994889
v -28.689999 0.2 6.0
v -28.689999 -0.2 6.0
v -28.890001 0.2 6.0
v -28.890001 -0.2 6.0
v -28.928823 0.2 5.994889
v -28.928823 -0.2 5.994889
v -28.965 0.2 5.979904
v -28.965 -0.2 5.979904
v -28.996065 0.2 5.956066
v -28.996065 -0.2 5.956066
v -29.019903 0.2 5.925
v -29.019903 -0.2 5.925
v -29.034889 0.2 5.888823
v -29.034889 -0.2 5.888823
v -29.039999 0.2 5.85
v -29.039999 -0.2 5.85
v -29.039999 0.2 0.88
v -29.039999 -0.2 0.88
v -29.030472 0.2 0.795442
v -29.030472 -0.2 0.795442
v -29.002369 0.2 0.715124
v -29.002369 -0.2 0.715124
v -28.957096 0.2 0.643074
v -28.957096 -0.2 0.643074
v -28.896927 0.2 0.582904
v -28.896927 -0.2 0.582904
v -28.824875 0.2 0.537632
v -28.824875 -0.2 0.537632
v -28.744558 0.2 0.509527
v -28.744558 -0.2 0.509527
v -28.66 0.2 0.5
v -28.66 -0.2 0.5
v -28.644999 0.2 0.5
v -28.644999 -0.2 0.5
v -28.560442 -0.2 0.490473
v -28.560442 0.2 0.490473
v -28.480124 -0.2 0.462368
v -28.480124 0.2 0.462368
v -28.408075 -0.2 0.417096
v -28.408075 0.2 0.417096
v -28.347904 -0.2 0.356926
v -28.347904 0.2 0.356926
v -28.302631 -0.2 0.284876
v -28.302631 0.2 0.284876
v -28.274527 -0.2 0.204558
v -28.274527 0.2 0.204558
v -28.264999 -0.2 0.12
v -28.264999 0.2 0.12
v -28.264999 0.2 -2.075485
v -28.264999 -0.2 -2.075485
v -28.249556 0.2 -2.323554
v -28.249556 -0.2 -2.323554
v -28.175949 0.2 -2.912404
v -28.175949 -0.2 -2.912404
v -28.170118 0.2 -2.935735
v -28.170118 -0.2 -2.935735
v -28.158886 0.2 -2.957
v -28.158886 -0.2 -2.957
v -28.1429 0.2 -2.974968
v -28.1429 -0.2 -2.974968
v -28.123091 0.2 -2.9886
v -28.123091 -0.2 -2.9886
v -28.100597 0.2 -2.997108
v -28.100597 -0.2 -2.997108
v -28.076721 0.2 -3.0
v -28.076721 -0.2 -3.0
v -27.803278 0.2 -3.0
v -27.803278 -0.2 -3.0
v -27.779404 0.2 -2.997108
v -27.779404 -0.2 -2.997108
v -27.75691 0.2 -2.9886
v -27.75691 -0.2 -2.9886
v -27.737099 0.2 -2.974968
v -27.737099 -0.2 -2.974968
v -27.721115 0.2 -2.957
v -27.721115 -0.2 -2.957
v -27.709881 0.2 -2.935735
v -27.709881 -0.2 -2.935735
v -27.70405 0.2 -2.912404
v -27.70405 -0.2 -2.912404
v -27.630445 0.2 -2.323554
v -27.630445 -0.2 -2.323554
v -27.605473 0.2 0.204558
v -27.605473 -0.2 0.204558
v -27.577368 -0.2 0.284876
v -27.577368 0.2 0.284876
v -27.532095 -0.2 0.356926
v -27.532095 0.2 0.356926
v -27.471926 -0.2 0.417096
v -27.471926 0.2 0.417096
v -27.399876 -0.2 0.462368
v -27.399876 0.2 0.462368
v -27.319557 -0.2 0.490473
v -27.319557 0.2 0.490473
v -27.234999 -0.2 0.5
v -27.234999 0.2 0.5
v -27.625 -0.108997 -0.668965
v -27.625 -0.136436 -0.668965
v -27.625 -0.136436 -0.540916
v -27.625 0.113564 -0.540916
v -27.625 0.113564 -0.574453
v -27.625 -0.108997 -0.574453
v -27.625 -0.09604 -0.876282
v -27.625 -0.123479 -0.876282
v -27.625 -0.13442 -0.849634
v -27.625 -0.139485 -0.807494
v -27.625 -0.139367 -0.81433
v -27.625 -0.016152 -0.690307
v -27.625 -0.045105 -0.692724
v -27.625 -0.071567 -0.700248
v -27.625 -0.095339 -0.713566
v -27.625 -0.115108 -0.732344
v -27.625 -0.12795 -0.752454
v -27.625 -0.13629 -0.776685
v -27.625 0.116613 -0.81745
v -27.625 0.114563 -0.79234
v -27.625 0.106466 -0.76447
v -27.625 0.092798 -0.740724
v -27.625 0.071091 -0.718154
v -27.625 0.047717 -0.703501
v -27.625 0.019391 -0.693903
v -27.625 0.106704 -0.876282
v -27.625 0.114548 -0.847378
v -27.625 0.073168 -0.876282
v -27.625 0.089174 -0.817736
v -27.625 0.085226 -0.848122
v -27.625 -0.014104 -0.723843
v -27.625 0.005348 -0.725036
v -27.625 0.032111 -0.7317
v -27.625 0.051414 -0.742006
v -27.625 0.06808 -0.757103
v -27.625 0.079656 -0.774407
v -27.625 0.086409 -0.793119
v -27.625 -0.112046 -0.812115
v -27.625 -0.10943 -0.788797
v -27.625 -0.102724 -0.770581
v -27.625 -0.092383 -0.755238
v -27.625 -0.080006 -0.743506
v -27.625 -0.062671 -0.733167
v -27.625 -0.041167 -0.726375
v -27.625 -0.098521 -0.871802
v -27.625 -0.108362 -0.8453
v -27.625 -0.108997 -1.059209
v -27.625 -0.136436 -1.059209
v -27.625 -0.136436 -0.925063
v -27.625 0.113564 -0.925063
v -27.625 0.113564 -1.053112
v -27.625 0.086125 -1.053112
v -27.625 0.086125 -0.958599
v -27.625 0.003808 -0.958599
v -27.625 0.003808 -1.047014
v -27.625 -0.023631 -1.047014
v -27.625 -0.023631 -0.958599
v -27.625 -0.108997 -0.958599
v -27.625 -0.136436 -1.175968
v -27.625 -0.136436 -1.10799
v -27.625 0.113564 -1.10799
v -27.625 0.113564 -1.17854
v -27.625 -0.008292 -1.309209
v -27.625 0.015232 -1.307392
v -27.625 0.039863 -1.300678
v -27.625 0.061364 -1.289059
v -27.625 0.080967 -1.27138
v -27.625 0.081197 -1.271119
v -27.625 0.099432 -1.243909
v -27.625 0.109703 -1.214658
v -27.625 -0.133736 -1.206901
v -27.625 -0.125149 -1.235708
v -27.625 -0.10998 -1.261811
v -27.625 -0.090277 -1.282389
v -27.625 -0.067916 -1.296725
v -27.625 -0.041749 -1.305701
v -27.625 0.051068 -1.259027
v -27.625 0.063961 -1.246884
v -27.625 0.075758 -1.228623
v -27.625 0.08298 -1.207987
v -27.625 0.086125 -1.178397
v -27.625 0.086125 -1.141526
v -27.625 -0.108997 -1.141526
v -27.625 -0.108997 -1.177016
v -27.625 -0.106542 -1.203391
v -27.625 -0.099975 -1.224429
v -27.625 -0.089851 -1.241479
v -27.625 -0.076001 -1.2555
v -27.625 -0.058765 -1.266045
v -27.625 -0.035265 -1.273377
v -27.625 -0.009006 -1.275672
v -27.625 0.015875 -1.273548
v -27.625 0.035648 -1.267713
v -27.615 0.086125 -1.178397
v -27.615 0.086125 -1.141526
v -27.615 0.08298 -1.207987
v -27.615 0.075758 -1.228623
v -27.615 0.063961 -1.246884
v -27.615 0.051068 -1.259027
v -27.615 0.035648 -1.267713
v -27.615 0.015875 -1.273548
v -27.615 -0.009006 -1.275672
v -27.615 -0.035265 -1.273377
v -27.615 -0.058765 -1.266045
v -27.615 -0.076001 -1.2555
v -27.615 -0.089851 -1.241479
v -27.615 -0.099975 -1.224429
v -27.615 -0.106542 -1.203391
v -27.615 -0.108997 -1.177016
v -27.615 -0.108997 -1.141526
v -27.625 0.113564 -1.455551
v -27.625 -0.136436 -1.553111
v -27.625 -0.136436 -1.516526
v -27.625 -0.066314 -1.491231
v -27.625 -0.066314 -1.387953
v -27.625 -0.136436 -1.364087
v -27.625 -0.136436 -1.327502
v -27.625 0.113564 -1.422014
v -27.625 -0.038875 -1.396385
v -27.625 -0.038875 -1.479988
v -27.625 0.065546 -1.433685
v -27.625 0.074216 -1.436091
v -27.625 0.083076 -1.437687
v -27.625 0.083076 -1.438496
v -27.625 0.074243 -1.440128
v -27.625 0.065546 -1.442355
v -27.615 -0.038875 -1.396385
v -27.615 -0.038875 -1.479988
v -27.615 0.065546 -1.433685
v -27.615 0.074216 -1.436091
v -27.615 0.083076 -1.437687
v -27.615 0.083076 -1.438496
v -27.615 0.074243 -1.440128
v -27.615 0.065546 -1.442355
v -30.154999 0.089174 -0.817736
v -30.154999 0.086409 -0.793119
v -30.154999 -0.098521 -0.871802
v -30.154999 -0.09604 -0.876282
v -30.154999 -0.123479 -0.876282
v -30.154999 -0.13796 -0.900672
v -30.154999 -0.136436 -0.540916
v -30.154999 -0.13796 -0.792792
v -30.154999 -0.136436 -0.668965
v -30.154999 -0.13629 -0.776685
v -30.154999 -0.12795 -0.752454
v -30.154999 0.085226 -0.848122
v -30.154999 0.073168 -0.876282
v -30.154999 0.2 -0.900672
v -30.154999 0.106704 -0.876282
v -30.154999 0.079656 -0.774407
v -30.154999 0.06808 -0.757103
v -30.154999 0.051414 -0.742006
v -30.154999 -0.014104 -0.723843
v -30.154999 -0.041167 -0.726375
v -30.154999 -0.062671 -0.733167
v -30.154999 -0.10943 -0.788797
v -30.154999 -0.112046 -0.812115
v -30.154999 -0.102724 -0.770581
v -30.154999 -0.092383 -0.755238
v -30.154999 -0.080006 -0.743506
v -30.154999 -0.108362 -0.8453
v -30.154999 0.047717 -0.703501
v -30.154999 0.071091 -0.718154
v -30.154999 0.113564 -0.574453
v -30.154999 0.092798 -0.740724
v -30.154999 0.032111 -0.7317
v -30.154999 0.005348 -0.725036
v -30.154999 -0.115108 -0.732344
v -30.154999 -0.095339 -0.713566
v -30.154999 -0.108997 -0.668965
v -30.154999 -0.071567 -0.700248
v -30.154999 -0.108997 -0.574453
v -30.154999 0.106466 -0.76447
v -30.154999 0.114563 -0.79234
v -30.154999 -0.045105 -0.692724
v -30.154999 -0.016152 -0.690307
v -30.154999 0.019391 -0.693903
v -30.154999 0.116613 -0.81745
v -30.154999 0.114548 -0.847378
v -30.154999 -0.13442 -0.849634
v -30.154999 -0.13796 -0.824372
v -30.154999 -0.2 -0.900672
v -30.154999 -0.139367 -0.81433
v -30.154999 -0.139485 -0.807494
v -30.154999 0.113564 -0.540916
v -30.154999 0.2 0.12
v -30.154999 -0.13796 0.12
v -30.154999 -0.2 0.12
v -30.154999 0.113564 -1.053112
v -30.154999 0.2 -2.075485
v -30.154999 0.113564 -0.925063
v -30.154999 -0.136436 -1.327502
v -30.154999 -0.067916 -1.296725
v -30.154999 -0.090277 -1.282389
v -30.154999 0.086125 -0.958599
v -30.154999 0.003808 -0.958599
v -30.154999 0.086125 -1.053112
v -30.154999 0.003808 -1.047014
v -30.154999 -0.023631 -1.047014
v -30.154999 -0.136436 -1.10799
v -30.154999 0.113564 -1.10799
v -30.154999 -0.10998 -1.261811
v -30.154999 -0.125149 -1.235708
v -30.154999 -0.133736 -1.206901
v -30.154999 0.109703 -1.214658
v -30.154999 0.099432 -1.243909
v -30.154999 0.113564 -1.422014
v -30.154999 0.081197 -1.271119
v -30.154999 -0.136436 -1.553111
v -30.154999 -0.13796 -2.075485
v -30.154999 0.113564 -1.455551
v -30.154999 0.080967 -1.27138
v -30.154999 0.061364 -1.289059
v -30.154999 0.039863 -1.300678
v -30.154999 0.113564 -1.17854
v -30.154999 0.015232 -1.307392
v -30.154999 -0.008292 -1.309209
v -30.154999 -0.041749 -1.305701
v -30.154999 -0.136436 -1.175968
v -30.154999 -0.023631 -0.958599
v -30.154999 -0.108997 -0.958599
v -30.154999 -0.108997 -1.059209
v -30.154999 -0.136436 -1.059209
v -30.154999 -0.136436 -0.925063
v -30.154999 -0.066314 -1.491231
v -30.154999 -0.066314 -1.387953
v -30.154999 -0.136436 -1.516526
v -30.154999 -0.136436 -1.364087
v -30.154999 -0.2 -2.075485
v -29.76 -0.2 0.5
v -29.76 0.2 0.5
v -29.675444 0.2 0.509527
v -29.675444 -0.2 0.509527
v -29.595123 0.2 0.537632
v -29.595123 -0.2 0.537632
v -29.523075 0.2 0.582904
v -29.523075 -0.2 0.582904
v -29.462904 0.2 0.643074
v -29.462904 -0.2 0.643074
v -29.417633 0.2 0.715124
v -29.417633 -0.2 0.715124
v -29.389526 0.2 0.795442
v -29.389526 -0.2 0.795442
v -29.379999 0.2 0.88
v -29.379999 -0.2 0.88
v -29.379999 0.2 5.85
v -29.379999 -0.2 5.85
v -29.385111 0.2 5.888823
v -29.385111 -0.2 5.888823
v -29.400095 0.2 5.925
v -29.400095 -0.2 5.925
v -29.423933 0.2 5.956066
v -29.423933 -0.2 5.956066
v -29.455 0.2 5.979904
v -29.455 -0.2 5.979904
v -29.491177 0.2 5.994889
v -29.491177 -0.2 5.994889
v -29.530001 0.2 6.0
v -29.530001 -0.2 6.0
v -29.73 0.2 6.0
v -29.73 -0.2 6.0
v -29.768824 0.2 5.994889
v -29.768824 -0.2 5.994889
v -29.805 0.2 5.979904
v -29.805 -0.2 5.979904
v -29.836065 0.2 5.956066
v -29.836065 -0.2 5.956066
v -29.859903 0.2 5.925
v -29.859903 -0.2 5.925
v -29.874889 0.2 5.888823
v -29.874889 -0.2 5.888823
v -29.880001 0.2 5.85
v -29.880001 -0.2 5.85
v -29.880001 0.2 1.800739
v -29.880001 -0.2 1.800739
v -29.889313 -0.2 1.714926
v -29.889313 0.2 1.714926
v -29.916819 -0.2 1.633109
v -29.916819 0.2 1.633109
v -29.961237 -0.2 1.559098
v -29.961237 0.2 1.559098
v -30.0205 -0.2 1.496339
v -30.0205 0.2 1.496339
v -30.158831 -0.2 1.404061
v -30.158831 0.2 1.404061
v -30.314865 -0.2 1.346579
v -30.314865 0.2 1.346579
v -30.48 -0.2 1.327059
v -30.48 0.2 1.327059
v -30.645136 -0.2 1.346579
v -30.645136 0.2 1.346579
v -30.80117 -0.2 1.404061
v -30.80117 0.2 1.404061
v -30.939501 -0.2 1.496339
v -30.939501 0.2 1.496339
v -30.998762 -0.2 1.559098
v -30.998762 0.2 1.559098
v -31.04318 -0.2 1.633109
v -31.04318 0.2 1.633109
v -31.070686 -0.2 1.714926
v -31.070686 0.2 1.714926
v -31.08 -0.2 1.800739
v -31.08 0.2 1.800739
v -31.08 0.2 5.85
v -31.08 -0.2 5.85
v -31.085112 0.2 5.888823
v -31.085112 -0.2 5.888823
v -31.100096 0.2 5.925
v -31.100096 -0.2 5.925
v -31.123934 0.2 5.956066
v -31.123934 -0.2 5.956066
v -31.154999 0.2 5.979904
v -31.154999 -0.2 5.979904
v -31.191177 0.2 5.994889
v -31.191177 -0.2 5.994889
v -31.230001 0.2 6.0
v -31.230001 -0.2 6.0
v -31.429998 0.2 6.0
v -31.429998 -0.2 6.0
v -31.468824 0.2 5.994889
v -31.468824 -0.2 5.994889
v -31.504999 0.2 5.979904
v -31.504999 -0.2 5.979904
v -31.536064 0.2 5.956066
v -31.536064 -0.2 5.956066
v -31.559904 0.2 5.925
v -31.559904 -0.2 5.925
v -31.57489 0.2 5.888823
v -31.57489 -0.2 5.888823
v -31.580002 0.2 5.85
v -31.580002 -0.2 5.85
v -31.580002 0.2 0.88
v -31.580002 -0.2 0.88
v -31.570473 0.2 0.795442
v -31.570473 -0.2 0.795442
v -31.542368 0.2 0.715124
v -31.542368 -0.2 0.715124
v -31.497095 0.2 0.643074
v -31.497095 -0.2 0.643074
v -31.436928 0.2 0.582904
v -31.436928 -0.2 0.582904
v -31.364878 0.2 0.537632
v -31.364878 -0.2 0.537632
v -31.284559 0.2 0.509527
v -31.284559 -0.2 0.509527
v -31.199999 0.2 0.5
v -31.199999 -0.2 0.5
v -31.184999 0.2 0.5
v -31.184999 -0.2 0.5
v -31.100443 -0.2 0.490473
v -31.100443 0.2 0.490473
v -31.020124 -0.2 0.462368
v -31.020124 0.2 0.462368
v -30.948074 -0.2 0.417096
v -30.948074 0.2 0.417096
v -30.887903 -0.2 0.356926
v -30.887903 0.2 0.356926
v -30.842632 -0.2 0.284876
v -30.842632 0.2 0.284876
v -30.814528 -0.2 0.204558
v -30.814528 0.2 0.204558
v -30.804998 -0.2 0.12
v -30.804998 0.2 0.12
v -30.804998 0.2 -2.075485
v -30.804998 -0.2 -2.075485
v -30.789557 0.2 -2.323554
v -30.789557 -0.2 -2.323554
v -30.71595 0.2 -2.912404
v -30.71595 -0.2 -2.912404
v -30.710119 0.2 -2.935735
v -30.710119 -0.2 -2.935735
v -30.698887 0.2 -2.957
v -30.698887 -0.2 -2.957
v -30.682903 0.2 -2.974968
v -30.682903 -0.2 -2.974968
v -30.66309 0.2 -2.9886
v -30.66309 -0.2 -2.9886
v -30.640596 0.2 -2.997108
v -30.640596 -0.2 -2.997108
v -30.61672 0.2 -3.0
v -30.61672 -0.2 -3.0
v -30.343277 0.2 -3.0
v -30.343277 -0.2 -3.0
v -30.319405 0.2 -2.997108
v -30.319405 -0.2 -2.997108
v -30.296911 0.2 -2.9886
v -30.296911 -0.2 -2.9886
v -30.277098 0.2 -2.974968
v -30.277098 -0.2 -2.974968
v -30.261114 0.2 -2.957
v -30.261114 -0.2 -2.957
v -30.24988 0.2 -2.935735
v -30.24988 -0.2 -2.935735
v -30.244051 0.2 -2.912404
v -30.244051 -0.2 -2.912404
v -30.170444 0.2 -2.323554
v -30.170444 -0.2 -2.323554
v -30.145472 0.2 0.204558
v -30.145472 -0.2 0.204558
v -30.117369 -0.2 0.284876
v -30.117369 0.2 0.284876
v -30.072096 -0.2 0.356926
v -30.072096 0.2 0.356926
v -30.011927 -0.2 0.417096
v -30.011927 0.2 0.417096
v -29.939875 -0.2 0.462368
v -29.939875 0.2 0.462368
v -29.859558 -0.2 0.490473
v -29.859558 0.2 0.490473
v -29.775 -0.2 0.5
v -29.775 0.2 0.5
v -30.164999 -0.108997 -0.668965
v -30.164999 -0.136436 -0.668965
v -30.164999 -0.136436 -0.540916
v -30.164999 0.113564 -0.540916
v -30.164999 0.113564 -0.574453
v -30.164999 -0.108997 -0.574453
v -30.164999 -0.09604 -0.876282
v -30.164999 -0.123479 -0.876282
v -30.164999 -0.13442 -0.849634
v -30.164999 -0.139485 -0.807494
v -30.164999 -0.139367 -0.81433
v -30.164999 -0.016152 -0.690307
v -30.164999 -0.045105 -0.692724
v -30.164999 -0.071567 -0.700248
v -30.164999 -0.095339 -0.713566
v -30.164999 -0.115108 -0.732344
v -30.164999 -0.12795 -0.752454
v -30.164999 -0.13629 -0.776685
v -30.164999 0.116613 -0.81745
v -30.164999 0.114563 -0.79234
v -30.164999 0.106466 -0.76447
v -30.164999 0.092798 -0.740724
v -30.164999 0.071091 -0.718154
v -30.164999 0.047717 -0.703501
v -30.164999 0.019391 -0.693903
v -30.164999 0.106704 -0.876282
v -30.164999 0.114548 -0.847378
v -30.164999 0.073168 -0.876282
v -30.164999 0.089174 -0.817736
v -30.164999 0.085226 -0.848122
v -30.164999 -0.014104 -0.723843
v -30.164999 0.005348 -0.725036
v -30.164999 0.032111 -0.7317
v -30.164999 0.051414 -0.742006
v -30.164999 0.06808 -0.757103
v -30.164999 0.079656 -0.774407
v -30.164999 0.086409 -0.793119
v -30.164999 -0.112046 -0.812115
v -30.164999 -0.10943 -0.788797
v -30.164999 -0.102724 -0.770581
v -30.164999 -0.092383 -0.755238
v -30.164999 -0.080006 -0.743506
v -30.164999 -0.062671 -0.733167
v -30.164999 -0.041167 -0.726375
v -30.164999 -0.098521 -0.871802
v -30.164999 -0.108362 -0.8453
v -30.164999 -0.108997 -1.059209
v -30.164999 -0.136436 -1.059209
v -30.164999 -0.136436 -0.925063
v -30.164999 0.113564 -0.925063
v -30.164999 0.113564 -1.053112
v -30.164999 0.086125 -1.053112
v -30.164999 0.086125 -0.958599
v -30.164999 0.003808 -0.958599
v -30.164999 0.003808 -1.047014
v -30.164999 -0.023631 -1.047014
v -30.164999 -0.023631 -0.958599
v -30.164999 -0.108997 -0.958599
v -30.164999 -0.136436 -1.175968
v -30.164999 -0.136436 -1.10799
v -30.164999 0.113564 -1.10799
v -30.164999 0.113564 -1.17854
v -30.164999 -0.008292 -1.309209
v -30.164999 0.015232 -1.307392
v -30.164999 0.039863 -1.300678
v -30.164999 0.061364 -1.289059
v -30.164999 0.080967 -1.27138
v -30.164999 0.081197 -1.271119
v -30.164999 0.099432 -1.243909
v -30.164999 0.109703 -1.214658
v -30.164999 -0.133736 -1.206901
v -30.164999 -0.125149 -1.235708
v -30.164999 -0.10998 -1.261811
v -30.164999 -0.090277 -1.282389
v -30.164999 -0.067916 -1.296725
v -30.164999 -0.041749 -1.305701
v -30.164999 0.051068 -1.259027
v -30.164999 0.063961 -1.246884
v -30.164999 0.075758 -1.228623
v -30.164999 0.08298 -1.207987
v -30.164999 0.086125 -1.178397
v -30.164999 0.086125 -1.141526
v -30.164999 -0.108997 -1.141526
v -30.164999 -0.108997 -1.177016
v -30.164999 -0.106542 -1.203391
v -30.164999 -0.099975 -1.224429
v -30.164999 -0.089851 -1.241479
v -30.164999 -0.076001 -1.2555
v -30.164999 -0.058765 -1.266045
v -30.164999 -0.035265 -1.273377
v -30.164999 -0.009006 -1.275672
v -30.164999 0.015875 -1.273548
v -30.164999 0.035648 -1.267713
v -30.154999 0.086125 -1.178397
v -30.154999 0.086125 -1.141526
v -30.154999 0.08298 -1.207987
v -30.154999 0.075758 -1.228623
v -30.154999 0.063961 -1.246884
v -30.154999 0.051068 -1.259027
v -30.154999 0.035648 -1.267713
v -30.154999 0.015875 -1.273548
v -30.154999 -0.009006 -1.275672
v -30.154999 -0.035265 -1.273377
v -30.154999 -0.058765 -1.266045
v -30.154999 -0.076001 -1.2555
v -30.154999 -0.089851 -1.241479
v -30.154999 -0.099975 -1.224429
v -30.154999 -0.106542 -1.203391
v -30.154999 -0.108997 -1.177016
v -30.154999 -0.108997 -1.141526
v -30.164999 0.113564 -1.455551
v -30.164999 -0.136436 -1.553111
v -30.164999 -0.136436 -1.516526
v -30.164999 -0.066314 -1.491231
v -30.164999 -0.066314 -1.387953
v -30.164999 -0.136436 -1.364087
v -30.164999 -0.136436 -1.327502
v -30.164999 0.113564 -1.422014
v -30.164999 -0.038875 -1.396385
v -30.164999 -0.038875 -1.479988
v -30.164999 0.065546 -1.433685
v -30.164999 0.074216 -1.436091
v -30.164999 0.083076 -1.437687
v -30.164999 0.083076 -1.438496
v -30.164999 0.074243 -1.440128
v -30.164999 0.065546 -1.442355
v -30.154999 -0.038875 -1.396385
v -30.154999 -0.038875 -1.479988
v -30.154999 0.065546 -1.433685
v -30.154999 0.074216 -1.436091
v -30.154999 0.083076 -1.437687
v -30.154999 0.083076 -1.438496
v -30.154999 0.074243 -1.440128
v -30.154999 0.065546 -1.442355
v -32.695 0.089174 -0.817736
v -32.695 0.086409 -0.793119
v -32.695 -0.098521 -0.871802
v -32.695 -0.09604 -0.876282
v -32.695 -0.123479 -0.876282
v -32.695 -0.13796 -0.900672
v -32.695 -0.136436 -0.540916
v -32.695 -0.13796 -0.792792
v -32.695 -0.136436 -0.668965
v -32.695 -0.13629 -0.776685
v -32.695 -0.12795 -0.752454
v -32.695 0.085226 -0.848122
v -32.695 0.073168 -0.876282
v -32.695 0.2 -0.900672
v -32.695 0.106704 -0.876282
v -32.695 0.079656 -0.774407
v -32.695 0.06808 -0.757103
v -32.695 0.051414 -0.742006
v -32.695 -0.014104 -0.723843
v -32.695 -0.041167 -0.726375
v -32.695 -0.062671 -0.733167
v -32.695 -0.10943 -0.788797
v -32.695 -0.112046 -0.812115
v -32.695 -0.102724 -0.770581
v -32.695 -0.092383 -0.755238
v -32.695 -0.080006 -0.743506
v -32.695 -0.108362 -0.8453
v -32.695 0.047717 -0.703501
v -32.695 0.071091 -0.718154
v -32.695 0.113564 -0.574453
v -32.695 0.092798 -0.740724
v -32.695 0.032111 -0.7317
v -32.695 0.005348 -0.725036
v -32.695 -0.115108 -0.732344
v -32.695 -0.095339 -0.713566
v -32.695 -0.108997 -0.668965
v -32.695 -0.071567 -0.700248
v -32.695 -0.108997 -0.574453
v -32.695 0.106466 -0.76447
v -32.695 0.114563 -0.79234
v -32.695 -0.045105 -0.692724
v -32.695 -0.016152 -0.690307
v -32.695 0.019391 -0.693903
v -32.695 0.116613 -0.81745
v -32.695 0.114548 -0.847378
v -32.695 -0.13442 -0.849634
v -32.695 -0.13796 -0.824372
v -32.695 -0.2 -0.900672
v -32.695 -0.139367 -0.81433
v -32.695 -0.139485 -0.807494
v -32.695 0.113564 -0.540916
v -32.695 0.2 0.12
v -32.695 -0.13796 0.12
v -32.695 -0.2 0.12
v -32.695 0.113564 -1.053112
v -32.695 0.2 -2.075485
v -32.695 0.113564 -0.925063
v -32.695 -0.136436 -1.327502
v -32.695 -0.067916 -1.296725
v -32.695 -0.090277 -1.282389
v -32.695 0.086125 -0.958599
v -32.695 0.003808 -0.958599
v -32.695 0.086125 -1.053112
v -32.695 0.003808 -1.047014
v -32.695 -0.023631 -1.047014
v -32.695 -0.136436 -1.10799
v -32.695 0.113564 -1.10799
v -32.695 -0.10998 -1.261811
v -32.695 -0.125149 -1.235708
v -32.695 -0.133736 -1.206901
v -32.695 0.109703 -1.214658
v -32.695 0.099432 -1.243909
v -32.695 0.113564 -1.422014
v -32.695 0.081197 -1.271119
v -32.695 -0.136436 -1.553111
v -32.695 -0.13796 -2.075485
v -32.695 0.113564 -1.455551
v -32.695 0.080967 -1.27138
v -32.695 0.061364 -1.289059
v -32.695 0.039863 -1.300678
v -32.695 0.113564 -1.17854
v -32.695 0.015232 -1.307392
v -32.695 -0.008292 -1.309209
v -32.695 -0.041749 -1.305701
v -32.695 -0.136436 -1.175968
v -32.695 -0.023631 -0.958599
v -32.695 -0.108997 -0.958599
v -32.695 -0.108997 -1.059209
v -32.695 -0.136436 -1.059209
v -32.695 -0.136436 -0.925063
v -32.695 -0.066314 -1.491231
v -32.695 -0.066314 -1.387953
v -32.695 -0.136436 -1.516526
v -32.695 -0.136436 -1.364087
v -32.695 -0.2 -2.075485
v -32.299999 -0.2 0.5
v -32.299999 0.2 0.5
v -32.215443 0.2 0.509527
v -32.215443 -0.2 0.509527
v -32.135124 0.2 0.537632
v -32.135124 -0.2 0.537632
v -32.063076 0.2 0.582904
v -32.063076 -0.2 0.582904
v -32.002903 0.2 0.643074
v -32.002903 -0.2 0.643074
v -31.95763 0.2 0.715124
v -31.95763 -0.2 0.715124
v -31.929527 0.2 0.795442
v -31.929527 -0.2 0.795442
v -31.92 0.2 0.88
v -31.92 -0.2 0.88
v -31.92 0.2 5.85
v -31.92 -0.2 5.85
v -31.925112 0.2 5.888823
v -31.925112 -0.2 5.888823
v -31.940096 0.2 5.925
v -31.940096 -0.2 5.925
v -31.963934 0.2 5.956066
v -31.963934 -0.2 5.956066
v -31.994999 0.2 5.979904
v -31.994999 -0.2 5.979904
v -32.031178 0.2 5.994889
v -32.031178 -0.2 5.994889
v -32.07 0.2 6.0
v -32.07 -0.2 6.0
v -32.27 0.2 6.0
v -32.27 -0.2 6.0
v -32.308823 0.2 5.994889
v -32.308823 -0.2 5.994889
v -32.345001 0.2 5.979904
v -32.345001 -0.2 5.979904
v -32.376064 0.2 5.956066
v -32.376064 -0.2 5.956066
v -32.399902 0.2 5.925
v -32.399902 -0.2 5.925
v -32.414886 0.2 5.888823
v -32.414886 -0.2 5.888823
v -32.419998 0.2 5.85
v -32.419998 -0.2 5.85
v -32.419998 0.2 1.800739
v -32.419998 -0.2 1.800739
v -32.42931 -0.2 1.714926
v -32.42931 0.2 1.714926
v -32.456818 -0.2 1.633109
v -32.456818 0.2 1.633109
v -32.50124 -0.2 1.559098
v -32.50124 0.2 1.559098
v -32.560501 -0.2 1.496339
v -32.560501 0.2 1.496339
v -32.698833 -0.2 1.404061
v -32.698833 0.2 1.404061
v -32.854866 -0.2 1.346579
v -32.854866 0.2 1.346579
v -33.02 -0.2 1.327059
v -33.02 0.2 1.327059
v -33.185135 -0.2 1.346579
v -33.185135 0.2 1.346579
v -33.341171 -0.2 1.404061
v -33.341171 0.2 1.404061
v -33.4795 -0.2 1.496339
v -33.4795 0.2 1.496339
v -33.538761 -0.2 1.559098
v -33.538761 0.2 1.559098
v -33.583179 -0.2 1.633109
v -33.583179 0.2 1.633109
v -33.610687 -0.2 1.714926
v -33.610687 0.2 1.714926
v -33.619999 -0.2 1.800739
v -33.619999 0.2 1.800739
v -33.619999 0.2 5.85
v -33.619999 -0.2 5.85
v -33.625111 0.2 5.888823
v -33.625111 -0.2 5.888823
v -33.640099 0.2 5.925
v -33.640099 -0.2 5.925
v -33.663933 0.2 5.956066
v -33.663933 -0.2 5.956066
v -33.695 0.2 5.979904
v -33.695 -0.2 5.979904
v -33.731178 0.2 5.994889
v -33.731178 -0.2 5.994889
v -33.77 0.2 6.0
v -33.77 -0.2 6.0
v -33.969997 0.2 6.0
v -33.969997 -0.2 6.0
v -34.008823 0.2 5.994889
v -34.008823 -0.2 5.994889
v -34.044998 0.2 5.979904
v -34.044998 -0.2 5.979904
v -34.076065 0.2 5.956066
v -34.076065 -0.2 5.956066
v -34.099903 0.2 5.925
v -34.099903 -0.2 5.925
v -34.114891 0.2 5.888823
v -34.114891 -0.2 5.888823
v -34.120003 0.2 5.85
v -34.120003 -0.2 5.85
v -34.120003 0.2 0.88
v -34.120003 -0.2 0.88
v -34.11047 0.2 0.795442
v -34.11047 -0.2 0.795442
v -34.082367 0.2 0.715124
v -34.082367 -0.2 0.715124
v -34.037094 0.2 0.643074
v -34.037094 -0.2 0.643074
v -33.976929 0.2 0.582904
v -33.976929 -0.2 0.582904
v -33.904877 0.2 0.537632
v -33.904877 -0.2 0.537632
v -33.824558 0.2 0.509527
v -33.824558 -0.2 0.509527
v -33.739998 0.2 0.5
v -33.739998 -0.2 0.5
v -33.725002 0.2 0.5
v -33.725002 -0.2 0.5
v -33.640442 -0.2 0.490473
v -33.640442 0.2 0.490473
v -33.560123 -0.2 0.462368
v -33.560123 0.2 0.462368
v -33.488071 -0.2 0.417096
v -33.488071 0.2 0.417096
v -33.427906 -0.2 0.356926
v -33.427906 0.2 0.356926
v -33.382633 -0.2 0.284876
v -33.382633 0.2 0.284876
v -33.354527 -0.2 0.204558
v -33.354527 0.2 0.204558
v -33.344997 -0.2 0.12
v -33.344997 0.2 0.12
v -33.344997 0.2 -2.075485
v -33.344997 -0.2 -2.075485
v -33.329556 0.2 -2.323554
v -33.329556 -0.2 -2.323554
v -33.255951 0.2 -2.912404
v -33.255951 -0.2 -2.912404
v -33.250118 0.2 -2.935735
v -33.250118 -0.2 -2.935735
v -33.238888 0.2 -2.957
v -33.238888 -0.2 -2.957
v -33.222904 0.2 -2.974968
v -33.222904 -0.2 -2.974968
v -33.203091 0.2 -2.9886
v -33.203091 -0.2 -2.9886
v -33.180595 0.2 -2.997108
v -33.180595 -0.2 -2.997108
v -33.156723 0.2 -3.0
v -33.156723 -0.2 -3.0
v -32.883278 0.2 -3.0
v -32.883278 -0.2 -3.0
v -32.859406 0.2 -2.997108
v -32.859406 -0.2 -2.997108
v -32.83691 0.2 -2.9886
v -32.83691 -0.2 -2.9886
v -32.817101 0.2 -2.974968
v -32.817101 -0.2 -2.974968
v -32.801113 0.2 -2.957
v -32.801113 -0.2 -2.957
v -32.789883 0.2 -2.935735
v -32.789883 -0.2 -2.935735
v -32.784054 0.2 -2.912404
v -32.784054 -0.2 -2.912404
v -32.710445 0.2 -2.323554
v -32.710445 -0.2 -2.323554
v -32.685474 0.2 0.204558
v -32.685474 -0.2 0.204558
v -32.657372 -0.2 0.284876
v -32.657372 0.2 0.284876
v -32.612095 -0.2 0.356926
v -32.612095 0.2 0.356926
v -32.551926 -0.2 0.417096
v -32.551926 0.2 0.417096
v -32.479874 -0.2 0.462368
v -32.479874 0.2 0.462368
v -32.399559 -0.2 0.490473
v -32.399559 0.2 0.490473
v -32.315002 -0.2 0.5
v -32.315002 0.2 0.5
v -32.705002 -0.108997 -0.668965
v -32.705002 -0.136436 -0.668965
v -32.705002 -0.136436 -0.540916
v -32.705002 0.113564 -0.540916
v -32.705002 0.113564 -0.574453
v -32.705002 -0.108997 -0.574453
v -32.705002 -0.09604 -0.876282
v -32.705002 -0.123479 -0.876282
v -32.705002 -0.13442 -0.849634
v -32.705002 -0.139485 -0.807494
v -32.705002 -0.139367 -0.81433
v -32.705002 -0.016152 -0.690307
v -32.705002 -0.045105 -0.692724
v -32.705002 -0.071567 -0.700248
v -32.705002 -0.095339 -0.713566
v -32.705002 -0.115108 -0.732344
v -32.705002 -0.12795 -0.752454
v -32.705002 -0.13629 -0.776685
v -32.705002 0.116613 -0.81745
v -32.705002 0.114563 -0.79234
v -32.705002 0.106466 -0.76447
v -32.705002 0.092798 -0.740724
v -32.705002 0.071091 -0.718154
v -32.705002 0.047717 -0.703501
v -32.705002 0.019391 -0.693903
v -32.705002 0.106704 -0.876282
v -32.705002 0.114548 -0.847378
v -32.705002 0.073168 -0.876282
v -32.705002 0.089174 -0.817736
v -32.705002 0.085226 -0.848122
v -32.705002 -0.014104 -0.723843
v -32.705002 0.005348 -0.725036
v -32.705002 0.032111 -0.7317
v -32.705002 0.051414 -0.742006
v -32.705002 0.06808 -0.757103
v -32.705002 0.079656 -0.774407
v -32.705002 0.086409 -0.793119
v -32.705002 -0.112046 -0.812115
v -32.705002 -0.10943 -0.788797
v -32.705002 -0.102724 -0.770581
v -32.705002 -0.092383 -0.755238
v -32.705002 -0.080006 -0.743506
v -32.705002 -0.062671 -0.733167
v -32.705002 -0.041167 -0.726375
v -32.705002 -0.098521 -0.871802
v -32.705002 -0.108362 -0.8453
v -32.705002 -0.108997 -1.059209
v -32.705002 -0.136436 -1.059209
v -32.705002 -0.136436 -0.925063
v -32.705002 0.113564 -0.925063
v -32.705002 0.113564 -1.053112
v -32.705002 0.086125 -1.053112
v -32.705002 0.086125 -0.958599
v -32.705002 0.003808 -0.958599
v -32.705002 0.003808 -1.047014
v -32.705002 -0.023631 -1.047014
v -32.705002 -0.023631 -0.958599
v -32.705002 -0.108997 -0.958599
v -32.705002 -0.136436 -1.175968
v -32.705002 -0.136436 -1.10799
v -32.705002 0.113564 -1.10799
v -32.705002 0.113564 -1.17854
v -32.705002 -0.008292 -1.309209
v -32.705002 0.015232 -1.307392
v -32.705002 0.039863 -1.300678
v -32.705002 0.061364 -1.289059
v -32.705002 0.080967 -1.27138
v -32.705002 0.081197 -1.271119
v -32.705002 0.099432 -1.243909
v -32.705002 0.109703 -1.214658
v -32.705002 -0.133736 -1.206901
v -32.705002 -0.125149 -1.235708
v -32.705002 -0.10998 -1.261811
v -32.705002 -0.090277 -1.282389
v -32.705002 -0.067916 -1.296725
v -32.705002 -0.041749 -1.305701
v -32.705002 0.051068 -1.259027
v -32.705002 0.063961 -1.246884
v -32.705002 0.075758 -1.228623
v -32.705002 0.08298 -1.207987
v -32.705002 0.086125 -1.178397
v -32.705002 0.086125 -1.141526
v -32.705002 -0.108997 -1.141526
v -32.705002 -0.108997 -1.177016
v -32.705002 -0.106542 -1.203391
v -32.705002 -0.099975 -1.224429
v -32.705002 -0.089851 -1.241479
v -32.705002 -0.076001 -1.2555
v -32.705002 -0.058765 -1.266045
v -32.705002 -0.035265 -1.273377
v -32.705002 -0.009006 -1.275672
v -32.705002 0.015875 -1.273548
v -32.705002 0.035648 -1.267713
v -32.695 0.086125 -1.178397
v -32.695 0.086125 -1.141526
v -32.695 0.08298 -1.207987
v -32.695 0.075758 -1.228623
v -32.695 0.063961 -1.246884
v -32.695 0.051068 -1.259027
v -32.695 0.035648 -1.267713
v -32.695 0.015875 -1.273548
v -32.695 -0.009006 -1.275672
v -32.695 -0.035265 -1.273377
v -32.695 -0.058765 -1.266045
v -32.695 -0.076001 -1.2555
v -32.695 -0.089851 -1.241479
v -32.695 -0.099975 -1.224429
v -32.695 -0.106542 -1.203391
v -32.695 -0.108997 -1.177016
v -32.695 -0.108997 -1.141526
v -32.705002 0.113564 -1.455551
v -32.705002 -0.136436 -1.553111
v -32.705002 -0.136436 -1.516526
v -32.705002 -0.066314 -1.491231
v -32.705002 -0.066314 -1.387953
v -32.705002 -0.136436 -1.364087
v -32.705002 -0.136436 -1.327502
v -32.705002 0.113564 -1.422014
v -32.705002 -0.038875 -1.396385
v -32.705002 -0.038875 -1.479988
v -32.705002 0.065546 -1.433685
v -32.705002 0.074216 -1.436091
v -32.705002 0.083076 -1.437687
v -32.705002 0.083076 -1.438496
v -32.705002 0.074243 -1.440128
v -32.705002 0.065546 -1.442355
v -32.695 -0.038875 -1.396385
v -32.695 -0.038875 -1.479988
v -32.695 0.065546 -1.433685
v -32.695 0.074216 -1.436091
v -32.695 0.083076 -1.437687
v -32.695 0.083076 -1.438496
v -32.695 0.074243 -1.440128
v -32.695 0.065546 -1.442355
v -35.235001 0.089174 -0.817736
v -35.235001 0.086409 -0.793119
v -35.235001 -0.098521 -0.871802
v -35.235001 -0.09604 -0.876282
v -35.235001 -0.123479 -0.876282
v -35.235001 -0.13796 -0.900672
v -35.235001 -0.136436 -0.540916
v -35.235001 -0.13796 -0.792792
v -35.235001 -0.136436 -0.668965
v -35.235001 -0.13629 -0.776685
v -35.235001 -0.12795 -0.752454
v -35.235001 0.085226 -0.848122
v -35.235001 0.073168 -0.876282
v -35.235001 0.2 -0.900672
v -35.235001 0.106704 -0.876282
v -35.235001 0.079656 -0.774407
v -35.235001 0.06808 -0.757103
v -35.235001 0.051414 -0.742006
v -35.235001 -0.014104 -0.723843
v -35.235001 -0.041167 -0.726375
v -35.235001 -0.062671 -0.733167
v -35.235001 -0.10943 -0.788797
v -35.235001 -0.112046 -0.812115
v -35.235001 -0.102724 -0.770581
v -35.235001 -0.092383 -0.755238
v -35.235001 -0.080006 -0.743506
v -35.235001 -0.108362 -0.8453
v -35.235001 0.047717 -0.703501
v -35.235001 0.071091 -0.718154
v -35.235001 0.113564 -0.574453
v -35.235001 0.092798 -0.740724
v -35.235001 0.032111 -0.7317
v -35.235001 0.005348 -0.725036
v -35.235001 -0.115108 -0.732344
v -35.235001 -0.095339 -0.713566
v -35.235001 -0.108997 -0.668965
v -35.235001 -0.071567 -0.700248
v -35.235001 -0.108997 -0.574453
v -35.235001 0.106466 -0.76447
v -35.235001 0.114563 -0.79234
v -35.235001 -0.045105 -0.692724
v -35.235001 -0.016152 -0.690307
v -35.235001 0.019391 -0.693903
v -35.235001 0.116613 -0.81745
v -35.235001 0.114548 -0.847378
v -35.235001 -0.13442 -0.849634
v -35.235001 -0.13796 -0.824372
v -35.235001 -0.2 -0.900672
v -35.235001 -0.139367 -0.81433
v -35.235001 -0.139485 -0.807494
v -35.235001 0.113564 -0.540916
v -35.235001 0.2 0.12
v -35.235001 -0.13796 0.12
v -35.235001 -0.2 0.12
v -35.235001 0.113564 -1.053112
v -35.235001 0.2 -2.075485
v -35.235001 0.113564 -0.925063
v -35.235001 -0.136436 -1.327502
v -35.235001 -0.067916 -1.296725
v -35.235001 -0.090277 -1.282389
v -35.235001 0.086125 -0.958599
v -35.235001 0.003808 -0.958599
v -35.235001 0.086125 -1.053112
v -35.235001 0.003808 -1.047014
v -35.235001 -0.023631 -1.047014
v -35.235001 -0.136436 -1.10799
v -35.235001 0.113564 -1.10799
v -35.235001 -0.10998 -1.261811
v -35.235001 -0.125149 -1.235708
v -35.235001 -0.133736 -1.206901
v -35.235001 0.109703 -1.214658
v -35.235001 0.099432 -1.243909
v -35.235001 0.113564 -1.422014
v -35.235001 0.081197 -1.271119
v -35.235001 -0.136436 -1.553111
v -35.235001 -0.13796 -2.075485
v -35.235001 0.113564 -1.455551
v -35.235001 0.080967 -1.27138
v -35.235001 0.061364 -1.289059
v -35.235001 0.039863 -1.300678
v -35.235001 0.113564 -1.17854
v -35.235001 0.015232 -1.307392
v -35.235001 -0.008292 -1.309209
v -35.235001 -0.041749 -1.305701
v -35.235001 -0.136436 -1.175968
v -35.235001 -0.023631 -0.958599
v -35.235001 -0.108997 -0.958599
v -35.235001 -0.108997 -1.059209
v -35.235001 -0.136436 -1.059209
v -35.235001 -0.136436 -0.925063
v -35.235001 -0.066314 -1.491231
v -35.235001 -0.066314 -1.387953
v -35.235001 -0.136436 -1.516526
v -35.235001 -0.136436 -1.364087
v -35.235001 -0.2 -2.075485
v -34.84 -0.2 0.5
v -34.84 0.2 0.5
v -34.755444 0.2 0.509527
v -34.755444 -0.2 0.509527
v -34.675125 0.2 0.537632
v -34.675125 -0.2 0.537632
v -34.603073 0.2 0.582904
v -34.603073 -0.2 0.582904
v -34.542904 0.2 0.643074
v -34.542904 -0.2 0.643074
v -34.497635 0.2 0.715124
v -34.497635 -0.2 0.715124
v -34.469524 0.2 0.795442
v -34.469524 -0.2 0.795442
v -34.459999 0.2 0.88
v -34.459999 -0.2 0.88
v -34.459999 0.2 5.85
v -34.459999 -0.2 5.85
v -34.465111 0.2 5.888823
v -34.465111 -0.2 5.888823
v -34.480095 0.2 5.925
v -34.480095 -0.2 5.925
v -34.503933 0.2 5.956066
v -34.503933 -0.2 5.956066
v -34.535 0.2 5.979904
v -34.535 -0.2 5.979904
v -34.571178 0.2 5.994889
v -34.571178 -0.2 5.994889
v -34.610001 0.2 6.0
v -34.610001 -0.2 6.0
v -34.809998 0.2 6.0
v -34.809998 -0.2 6.0
v -34.848824 0.2 5.994889
v -34.848824 -0.2 5.994889
v -34.885002 0.2 5.979904
v -34.885002 -0.2 5.979904
v -34.916065 0.2 5.956066
v -34.916065 -0.2 5.956066
v -34.939903 0.2 5.925
v -34.939903 -0.2 5.925
v -34.954891 0.2 5.888823
v -34.954891 -0.2 5.888823
v -34.960003 0.2 5.85
v -34.960003 -0.2 5.85
v -34.960003 0.2 1.800739
v -34.960003 -0.2 1.800739
v -34.969315 -0.2 1.714926
v -34.969315 0.2 1.714926
v -34.996819 -0.2 1.633109
v -34.996819 0.2 1.633109
v -35.041241 -0.2 1.559098
v -35.041241 0.2 1.559098
v -35.100502 -0.2 1.496339
v -35.100502 0.2 1.496339
v -35.238831 -0.2 1.404061
v -35.238831 0.2 1.404061
v -35.394867 -0.2 1.346579
v -35.394867 0.2 1.346579
v -35.560001 -0.2 1.327059
v -35.560001 0.2 1.327059
v -35.725136 -0.2 1.346579
v -35.725136 0.2 1.346579
v -35.881168 -0.2 1.404061
v -35.881168 0.2 1.404061
v -36.019501 -0.2 1.496339
v -36.019501 0.2 1.496339
v -36.078762 -0.2 1.559098
v -36.078762 0.2 1.559098
v -36.12318 -0.2 1.633109
v -36.12318 0.2 1.633109
v -36.150688 -0.2 1.714926
v -36.150688 0.2 1.714926
v -36.16 -0.2 1.800739
v -36.16 0.2 1.800739
v -36.16 0.2 5.85
v -36.16 -0.2 5.85
v -36.165112 0.2 5.888823
v -36.165112 -0.2 5.888823
v -36.180099 0.2 5.925
v -36.180099 -0.2 5.925
v -36.203938 0.2 5.956066
v -36.203938 -0.2 5.956066
v -36.235001 0.2 5.979904
v -36.235001 -0.2 5.979904
v -36.271175 0.2 5.994889
v -36.271175 -0.2 5.994889
v -36.309998 0.2 6.0
v -36.309998 -0.2 6.0
v -36.509998 0.2 6.0
v -36.509998 -0.2 6.0
v -36.548824 0.2 5.994889
v -36.548824 -0.2 5.994889
v -36.584999 0.2 5.979904
v -36.584999 -0.2 5.979904
v -36.616066 0.2 5.956066
v -36.616066 -0.2 5.956066
v -36.639904 0.2 5.925
v -36.639904 -0.2 5.925
v -36.654888 0.2 5.888823
v -36.654888 -0.2 5.888823
v -36.66 0.2 5.85
v -36.66 -0.2 5.85
v -36.66 0.2 0.88
v -36.66 -0.2 0.88
v -36.650471 0.2 0.795442
v -36.650471 -0.2 0.795442
v -36.622368 0.2 0.715124
v -36.622368 -0.2 0.715124
v -36.577095 0.2 0.643074
v -36.577095 -0.2 0.643074
v -36.516926 0.2 0.582904
v -36.516926 -0.2 0.582904
v -36.444878 0.2 0.537632
v -36.444878 -0.2 0.537632
v -36.364559 0.2 0.509527
v -36.364559 -0.2 0.509527
v -36.279999 0.2 0.5
v -36.279999 -0.2 0.5
v -36.264999 0.2 0.5
v -36.264999 -0.2 0.5
v -36.180439 -0.2 0.490473
v -36.180439 0.2 0.490473
v -36.100124 -0.2 0.462368
v -36.100124 0.2 0.462368
v -36.028072 -0.2 0.417096
v -36.028072 0.2 0.417096
v -35.967907 -0.2 0.356926
v -35.967907 0.2 0.356926
v -35.92263 -0.2 0.284876
v -35.92263 0.2 0.284876
v -35.894527 -0.2 0.204558
v -35.894527 0.2 0.204558
v -35.884998 -0.2 0.12
v -35.884998 0.2 0.12
v -35.884998 0.2 -2.075485
v -35.884998 -0.2 -2.075485
v -35.869556 0.2 -2.323554
v -35.869556 -0.2 -2.323554
v -35.795948 0.2 -2.912404
v -35.795948 -0.2 -2.912404
v -35.790119 0.2 -2.935735
v -35.790119 -0.2 -2.935735
v -35.778889 0.2 -2.957
v -35.778889 -0.2 -2.957
v -35.762901 0.2 -2.974968
v -35.762901 -0.2 -2.974968
v -35.743092 0.2 -2.9886
v -35.743092 -0.2 -2.9886
v -35.720596 0.2 -2.997108
v -35.720596 -0.2 -2.997108
v -35.696724 0.2 -3.0
v -35.696724 -0.2 -3.0
v -35.423279 0.2 -3.0
v -35.423279 -0.2 -3.0
v -35.399403 0.2 -2.997108
v -35.399403 -0.2 -2.997108
v -35.376911 0.2 -2.9886
v -35.376911 -0.2 -2.9886
v -35.357098 0.2 -2.974968
v -35.357098 -0.2 -2.974968
v -35.341114 0.2 -2.957
v -35.341114 -0.2 -2.957
v -35.329884 0.2 -2.935735
v -35.329884 -0.2 -2.935735
v -35.324051 0.2 -2.912404
v -35.324051 -0.2 -2.912404
v -35.250443 0.2 -2.323554
v -35.250443 -0.2 -2.323554
v -35.225471 0.2 0.204558
v -35.225471 -0.2 0.204558
v -35.197369 -0.2 0.284876
v -35.197369 0.2 0.284876
v -35.152096 -0.2 0.356926
v -35.152096 0.2 0.356926
v -35.091927 -0.2 0.417096
v -35.091927 0.2 0.417096
v -35.019875 -0.2 0.462368
v -35.019875 0.2 0.462368
v -34.939556 -0.2 0.490473
v -34.939556 0.2 0.490473
v -34.855 -0.2 0.5
v -34.855 0.2 0.5
v -35.245003 -0.108997 -0.668965
v -35.245003 -0.136436 -0.668965
v -35.245003 -0.136436 -0.540916
v -35.245003 0.113564 -0.540916
v -35.245003 0.113564 -0.574453
v -35.245003 -0.108997 -0.574453
v -35.245003 -0.09604 -0.876282
v -35.245003 -0.123479 -0.876282
v -35.245003 -0.13442 -0.849634
v -35.245003 -0.139485 -0.807494
v -35.245003 -0.139367 -0.81433
v -35.245003 -0.016152 -0.690307
v -35.245003 -0.045105 -0.692724
v -35.245003 -0.071567 -0.700248
v -35.245003 -0.095339 -0.713566
v -35.245003 -0.115108 -0.732344
v -35.245003 -0.12795 -0.752454
v -35.245003 -0.13629 -0.776685
v -35.245003 0.116613 -0.81745
v -35.245003 0.114563 -0.79234
v -35.245003 0.106466 -0.76447
v -35.245003 0.092798 -0.740724
v -35.245003 0.071091 -0.718154
v -35.245003 0.047717 -0.703501
v -35.245003 0.019391 -0.693903
v -35.245003 0.106704 -0.876282
v -35.245003 0.114548 -0.847378
v -35.245003 0.073168 -0.876282
v -35.245003 0.089174 -0.817736
v -35.245003 0.085226 -0.848122
v -35.245003 -0.014104 -0.723843
v -35.245003 0.005348 -0.725036
v -35.245003 0.032111 -0.7317
v -35.245003 0.051414 -0.742006
v -35.245003 0.06808 -0.757103
v -35.245003 0.079656 -0.774407
v -35.245003 0.086409 -0.793119
v -35.245003 -0.112046 -0.812115
v -35.245003 -0.10943 -0.788797
v -35.245003 -0.102724 -0.770581
v -35.245003 -0.092383 -0.755238
v -35.245003 -0.080006 -0.743506
v -35.245003 -0.062671 -0.733167
v -35.245003 -0.041167 -0.726375
v -35.245003 -0.098521 -0.871802
v -35.245003 -0.108362 -0.8453
v -35.245003 -0.108997 -1.059209
v -35.245003 -0.136436 -1.059209
v -35.245003 -0.136436 -0.925063
v -35.245003 0.113564 -0.925063
v -35.245003 0.113564 -1.053112
v -35.245003 0.086125 -1.053112
v -35.245003 0.086125 -0.958599
v -35.245003 0.003808 -0.958599
v -35.245003 0.003808 -1.047014
v -35.245003 -0.023631 -1.047014
v -35.245003 -0.023631 -0.958599
v -35.245003 -0.108997 -0.958599
v -35.245003 -0.136436 -1.175968
v -35.245003 -0.136436 -1.10799
v -35.245003 0.113564 -1.10799
v -35.245003 0.113564 -1.17854
v -35.245003 -0.008292 -1.309209
v -35.245003 0.015232 -1.307392
v -35.245003 0.039863 -1.300678
v -35.245003 0.061364 -1.289059
v -35.245003 0.080967 -1.27138
v -35.245003 0.081197 -1.271119
v -35.245003 0.099432 -1.243909
v -35.245003 0.109703 -1.214658
v -35.245003 -0.133736 -1.206901
v -35.245003 -0.125149 -1.235708
v -35.245003 -0.10998 -1.261811
v -35.245003 -0.090277 -1.282389
v -35.245003 -0.067916 -1.296725
v -35.245003 -0.041749 -1.305701
v -35.245003 0.051068 -1.259027
v -35.245003 0.063961 -1.246884
v -35.245003 0.075758 -1.228623
v -35.245003 0.08298 -1.207987
v -35.245003 0.086125 -1.178397
v -35.245003 0.086125 -1.141526
v -35.245003 -0.108997 -1.141526
v -35.245003 -0.108997 -1.177016
v -35.245003 -0.106542 -1.203391
v -35.245003 -0.099975 -1.224429
v -35.245003 -0.089851 -1.241479
v -35.245003 -0.076001 -1.2555
v -35.245003 -0.058765 -1.266045
v -35.245003 -0.035265 -1.273377
v -35.245003 -0.009006 -1.275672
v -35.245003 0.015875 -1.273548
v -35.245003 0.035648 -1.267713
v -35.235001 0.086125 -1.178397
v -35.235001 0.086125 -1.141526
v -35.235001 0.08298 -1.207987
v -35.235001 0.075758 -1.228623
v -35.235001 0.063961 -1.246884
v -35.235001 0.051068 -1.259027
v -35.235001 0.035648 -1.267713
v -35.235001 0.015875 -1.273548
v -35.235001 -0.009006 -1.275672
v -35.235001 -0.035265 -1.273377
v -35.235001 -0.058765 -1.266045
v -35.235001 -0.076001 -1.2555
v -35.235001 -0.089851 -1.241479
v -35.235001 -0.099975 -1.224429
v -35.235001 -0.106542 -1.203391
v -35.235001 -0.108997 -1.177016
v -35.235001 -0.108997 -1.141526
v -35.245003 0.113564 -1.455551
v -35.245003 -0.136436 -1.553111
v -35.245003 -0.136436 -1.516526
v -35.245003 -0.066314 -1.491231
v -35.245003 -0.066314 -1.387953
v -35.245003 -0.136436 -1.364087
v -35.245003 -0.136436 -1.327502
v -35.245003 0.113564 -1.422014
v -35.245003 -0.038875 -1.396385
v -35.245003 -0.038875 -1.479988
v -35.245003 0.065546 -1.433685
v -35.245003 0.074216 -1.436091
v -35.245003 0.083076 -1.437687
v -35.245003 0.083076 -1.438496
v -35.245003 0.074243 -1.440128
v -35.245003 0.065546 -1.442355
v -35.235001 -0.038875 -1.396385
v -35.235001 -0.038875 -1.479988
v -35.235001 0.065546 -1.433685
v -35.235001 0.074216 -1.436091
v -35.235001 0.083076 -1.437687
v -35.235001 0.083076 -1.438496
v -35.235001 0.074243 -1.440128
v -35.235001 0.065546 -1.442355
v -37.774998 0.089174 -0.817736
v -37.774998 0.086409 -0.793119
v -37.774998 -0.098521 -0.871802
v -37.774998 -0.09604 -0.876282
v -37.774998 -0.123479 -0.876282
v -37.774998 -0.13796 -0.900672
v -37.774998 -0.136436 -0.540916
v -37.774998 -0.13796 -0.792792
v -37.774998 -0.136436 -0.668965
v -37.774998 -0.13629 -0.776685
v -37.774998 -0.12795 -0.752454
v -37.774998 0.085226 -0.848122
v -37.774998 0.073168 -0.876282
v -37.774998 0.2 -0.900672
v -37.774998 0.106704 -0.876282
v -37.774998 0.079656 -0.774407
v -37.774998 0.06808 -0.757103
v -37.774998 0.051414 -0.742006
v -37.774998 -0.014104 -0.723843
v -37.774998 -0.041167 -0.726375
v -37.774998 -0.062671 -0.733167
v -37.774998 -0.10943 -0.788797
v -37.774998 -0.112046 -0.812115
v -37.774998 -0.102724 -0.770581
v -37.774998 -0.092383 -0.755238
v -37.774998 -0.080006 -0.743506
v -37.774998 -0.108362 -0.8453
v -37.774998 0.047717 -0.703501
v -37.774998 0.071091 -0.718154
v -37.774998 0.113564 -0.574453
v -37.774998 0.092798 -0.740724
v -37.774998 0.032111 -0.7317
v -37.774998 0.005348 -0.725036
v -37.774998 -0.115108 -0.732344
v -37.774998 -0.095339 -0.713566
v -37.774998 -0.108997 -0.668965
v -37.774998 -0.071567 -0.700248
v -37.774998 -0.108997 -0.574453
v -37.774998 0.106466 -0.76447
v -37.774998 0.114563 -0.79234
v -37.774998 -0.045105 -0.692724
v -37.774998 -0.016152 -0.690307
v -37.774998 0.019391 -0.693903
v -37.774998 0.116613 -0.81745
v -37.774998 0.114548 -0.847378
v -37.774998 -0.13442 -0.849634
v -37.774998 -0.13796 -0.824372
v -37.774998 -0.2 -0.900672
v -37.774998 -0.139367 -0.81433
v -37.774998 -0.139485 -0.807494
v -37.774998 0.113564 -0.540916
v -37.774998 0.2 0.12
v -37.774998 -0.13796 0.12
v -37.774998 -0.2 0.12
v -37.774998 0.113564 -1.053112
v -37.774998 0.2 -2.075485
v -37.774998 0.113564 -0.925063
v -37.774998 -0.136436 -1.327502
v -37.774998 -0.067916 -1.296725
v -37.774998 -0.090277 -1.282389
v -37.774998 0.086125 -0.958599
v -37.774998 0.003808 -0.958599
v -37.774998 0.086125 -1.053112
v -37.774998 0.003808 -1.047014
v -37.774998 -0.023631 -1.047014
v -37.774998 -0.136436 -1.10799
v -37.774998 0.113564 -1.10799
v -37.774998 -0.10998 -1.261811
v -37.774998 -0.125149 -1.235708
v -37.774998 -0.133736 -1.206901
v -37.774998 0.109703 -1.214658
v -37.774998 0.099432 -1.243909
v -37.774998 0.113564 -1.422014
v -37.774998 0.081197 -1.271119
v -37.774998 -0.136436 -1.553111
v -37.774998 -0.13796 -2.075485
v -37.774998 0.113564 -1.455551
v -37.774998 0.080967 -1.27138
v -37.774998 0.061364 -1.289059
v -37.774998 0.039863 -1.300678
v -37.774998 0.113564 -1.17854
v -37.774998 0.015232 -1.307392
v -37.774998 -0.008292 -1.309209
v -37.774998 -0.041749 -1.305701
v -37.774998 -0.136436 -1.175968
v -37.774998 -0.023631 -0.958599
v -37.774998 -0.108997 -0.958599
v -37.774998 -0.108997 -1.059209
v -37.774998 -0.136436 -1.059209
v -37.774998 -0.136436 -0.925063
v -37.774998 -0.066314 -1.491231
v -37.774998 -0.066314 -1.387953
v -37.774998 -0.136436 -1.516526
v -37.774998 -0.136436 -1.364087
v -37.774998 -0.2 -2.075485
v -37.379997 -0.2 0.5
v -37.379997 0.2 0.5
v -37.295441 0.2 0.509527
v -37.295441 -0.2 0.509527
v -37.215126 0.2 0.537632
v -37.215126 -0.2 0.537632
v -37.143074 0.2 0.582904
v -37.143074 -0.2 0.582904
v -37.082905 0.2 0.643074
v -37.082905 -0.2 0.643074
v -37.037632 0.2 0.715124
v -37.037632 -0.2 0.715124
v -37.009525 0.2 0.795442
v -37.009525 -0.2 0.795442
v -37.0 0.2 0.88
v -37.0 -0.2 0.88
v -37.0 0.2 5.85
v -37.0 -0.2 5.85
v -37.005112 0.2 5.888823
v -37.005112 -0.2 5.888823
v -37.020096 0.2 5.925
v -37.020096 -0.2 5.925
v -37.043934 0.2 5.956066
v -37.043934 -0.2 5.956066
v -37.075001 0.2 5.979904
v -37.075001 -0.2 5.979904
v -37.111179 0.2 5.994889
v -37.111179 -0.2 5.994889
v -37.149998 0.2 6.0
v -37.149998 -0.2 6.0
v -37.349998 0.2 6.0
v -37.349998 -0.2 6.0
v -37.388824 0.2 5.994889
v -37.388824 -0.2 5.994889
v -37.424999 0.2 5.979904
v -37.424999 -0.2 5.979904
v -37.456066 0.2 5.956066
v -37.456066 -0.2 5.956066
v -37.479904 0.2 5.925
v -37.479904 -0.2 5.925
v -37.494892 0.2 5.888823
v -37.494892 -0.2 5.888823
v -37.5 0.2 5.85
v -37.5 -0.2 5.85
v -37.5 0.2 1.800739
v -37.5 -0.2 1.800739
v -37.509315 -0.2 1.714926
v -37.509315 0.2 1.714926
v -37.536819 -0.2 1.633109
v -37.536819 0.2 1.633109
v -37.581238 -0.2 1.559098
v -37.581238 0.2 1.559098
v -37.640499 -0.2 1.496339
v -37.640499 0.2 1.496339
v -37.778831 -0.2 1.404061
v -37.778831 0.2 1.404061
v -37.934864 -0.2 1.346579
v -37.934864 0.2 1.346579
v -38.100002 -0.2 1.327059
v -38.100002 0.2 1.327059
v -38.265137 -0.2 1.346579
v -38.265137 0.2 1.346579
v -38.421169 -0.2 1.404061
v -38.421169 0.2 1.404061
v -38.559502 -0.2 1.496339
v -38.559502 0.2 1.496339
v -38.618763 -0.2 1.559098
v -38.618763 0.2 1.559098
v -38.663181 -0.2 1.633109
v -38.663181 0.2 1.633109
v -38.690685 -0.2 1.714926
v -38.690685 0.2 1.714926
v -38.700001 -0.2 1.800739
v -38.700001 0.2 1.800739
v -38.700001 0.2 5.85
v -38.700001 -0.2 5.85
v -38.705109 0.2 5.888823
v -38.705109 -0.2 5.888823
v -38.720097 0.2 5.925
v -38.720097 -0.2 5.925
v -38.743935 0.2 5.956066
v -38.743935 -0.2 5.956066
v -38.775002 0.2 5.979904
v -38.775002 -0.2 5.979904
v -38.811176 0.2 5.994889
v -38.811176 -0.2 5.994889
v -38.849998 0.2 6.0
v -38.849998 -0.2 6.0
v -39.050003 0.2 6.0
v -39.050003 -0.2 6.0
v -39.088821 0.2 5.994889
v -39.088821 -0.2 5.994889
v -39.125 0.2 5.979904
v -39.125 -0.2 5.979904
v -39.156063 0.2 5.956066
v -39.156063 -0.2 5.956066
v -39.179901 0.2 5.925
v -39.179901 -0.2 5.925
v -39.194889 0.2 5.888823
v -39.194889 -0.2 5.888823
v -39.200001 0.2 5.85
v -39.200001 -0.2 5.85
v -39.200001 0.2 0.88
v -39.200001 -0.2 0.88
v -39.190472 0.2 0.795442
v -39.190472 -0.2 0.795442
v -39.162369 0.2 0.715124
v -39.162369 -0.2 0.715124
v -39.117096 0.2 0.643074
v -39.117096 -0.2 0.643074
v -39.056927 0.2 0.582904
v -39.056927 -0.2 0.582904
v -38.984875 0.2 0.537632
v -38.984875 -0.2 0.537632
v -38.90456 0.2 0.509527
v -38.90456 -0.2 0.509527
v -38.82 0.2 0.5
v -38.82 -0.2 0.5
v -38.805 0.2 0.5
v -38.805 -0.2 0.5
v -38.720444 -0.2 0.490473
v -38.720444 0.2 0.490473
v -38.640121 -0.2 0.462368
v -38.640121 0.2 0.462368
v -38.568073 -0.2 0.417096
v -38.568073 0.2 0.417096
v -38.507904 -0.2 0.356926
v -38.507904 0.2 0.356926
v -38.462631 -0.2 0.284876
v -38.462631 0.2 0.284876
v -38.434528 -0.2 0.204558
v -38.434528 0.2 0.204558
v -38.424999 -0.2 0.12
v -38.424999 0.2 0.12
v -38.424999 0.2 -2.075485
v -38.424999 -0.2 -2.075485
v -38.409557 0.2 -2.323554
v -38.409557 -0.2 -2.323554
v -38.335949 0.2 -2.912404
v -38.335949 -0.2 -2.912404
v -38.33012 0.2 -2.935735
v -38.33012 -0.2 -2.935735
v -38.318886 0.2 -2.957
v -38.318886 -0.2 -2.957
v -38.302902 0.2 -2.974968
v -38.302902 -0.2 -2.974968
v -38.283092 0.2 -2.9886
v -38.283092 -0.2 -2.9886
v -38.260597 0.2 -2.997108
v -38.260597 -0.2 -2.997108
v -38.236721 0.2 -3.0
v -38.236721 -0.2 -3.0
v -37.96328 0.2 -3.0
v -37.96328 -0.2 -3.0
v -37.939404 0.2 -2.997108
v -37.939404 -0.2 -2.997108
v -37.916908 0.2 -2.9886
v -37.916908 -0.2 -2.9886
v -37.897099 0.2 -2.974968
v -37.897099 -0.2 -2.974968
v -37.881115 0.2 -2.957
v -37.881115 -0.2 -2.957
v -37.869881 0.2 -2.935735
v -37.869881 -0.2 -2.935735
v -37.864052 0.2 -2.912404
v -37.864052 -0.2 -2.912404
v -37.790443 0.2 -2.323554
v -37.790443 -0.2 -2.323554
v -37.765472 0.2 0.204558
v -37.765472 -0.2 0.204558
v -37.73737 -0.2 0.284876
v -37.73737 0.2 0.284876
v -37.692097 -0.2 0.356926
v -37.692097 0.2 0.356926
v -37.631924 -0.2 0.417096
v -37.631924 0.2 0.417096
v -37.559875 -0.2 0.462368
v -37.559875 0.2 0.462368
v -37.479557 -0.2 0.490473
v -37.479557 0.2 0.490473
v -37.395 -0.2 0.5
v -37.395 0.2 0.5
v -37.785 -0.108997 -0.668965
v -37.785 -0.136436 -0.668965
v -37.785 -0.136436 -0.540916
v -37.785 0.113564 -0.540916
v -37.785 0.113564 -0.574453
v -37.785 -0.108997 -0.574453
v -37.785 -0.09604 -0.876282
v -37.785 -0.123479 -0.876282
v -37.785 -0.13442 -0.849634
v -37.785 -0.139485 -0.807494
v -37.785 -0.139367 -0.81433
v -37.785 -0.016152 -0.690307
v -37.785 -0.045105 -0.692724
v -37.785 -0.071567 -0.700248
v -37.785 -0.095339 -0.713566
v -37.785 -0.115108 -0.732344
v -37.785 -0.12795 -0.752454
v -37.785 -0.13629 -0.776685
v -37.785 0.116613 -0.81745
v -37.785 0.114563 -0.79234
v -37.785 0.106466 -0.76447
v -37.785 0.092798 -0.740724
v -37.785 0.071091 -0.718154
v -37.785 0.047717 -0.703501
v -37.785 0.019391 -0.693903
v -37.785 0.106704 -0.876282
v -37.785 0.114548 -0.847378
v -37.785 0.073168 -0.876282
v -37.785 0.089174 -0.817736
v -37.785 0.085226 -0.848122
v -37.785 -0.014104 -0.723843
v -37.785 0.005348 -0.725036
v -37.785 0.032111 -0.7317
v -37.785 0.051414 -0.742006
v -37.785 0.06808 -0.757103
v -37.785 0.079656 -0.774407
v -37.785 0.086409 -0.793119
v -37.785 -0.112046 -0.812115
v -37.785 -0.10943 -0.788797
v -37.785 -0.102724 -0.770581
v -37.785 -0.092383 -0.755238
v -37.785 -0.080006 -0.743506
v -37.785 -0.062671 -0.733167
v -37.785 -0.041167 -0.726375
v -37.785 -0.098521 -0.871802
v -37.785 -0.108362 -0.8453
v -37.785 -0.108997 -1.059209
v -37.785 -0.136436 -1.059209
v -37.785 -0.136436 -0.925063
v -37.785 0.113564 -0.925063
v -37.785 0.113564 -1.053112
v -37.785 0.086125 -1.053112
v -37.785 0.086125 -0.958599
v -37.785 0.003808 -0.958599
v -37.785 0.003808 -1.047014
v -37.785 -0.023631 -1.047014
v -37.785 -0.023631 -0.958599
v -37.785 -0.108997 -0.958599
v -37.785 -0.136436 -1.175968
v -37.785 -0.136436 -1.10799
v -37.785 0.113564 -1.10799
v -37.785 0.113564 -1.17854
v -37.785 -0.008292 -1.309209
v -37.785 0.015232 -1.307392
v -37.785 0.039863 -1.300678
v -37.785 0.061364 -1.289059
v -37.785 0.080967 -1.27138
v -37.785 0.081197 -1.271119
v -37.785 0.099432 -1.243909
v -37.785 0.109703 -1.214658
v -37.785 -0.133736 -1.206901
v -37.785 -0.125149 -1.235708
v -37.785 -0.10998 -1.261811
v -37.785 -0.090277 -1.282389
v -37.785 -0.067916 -1.296725
v -37.785 -0.041749 -1.305701
v -37.785 0.051068 -1.259027
v -37.785 0.063961 -1.246884
v -37.785 0.075758 -1.228623
v -37.785 0.08298 -1.207987
v -37.785 0.086125 -1.178397
v -37.785 0.086125 -1.141526
v -37.785 -0.108997 -1.141526
v -37.785 -0.108997 -1.177016
v -37.785 -0.106542 -1.203391
v -37.785 -0.099975 -1.224429
v -37.785 -0.089851 -1.241479
v -37.785 -0.076001 -1.2555
v -37.785 -0.058765 -1.266045
v -37.785 -0.035265 -1.273377
v -37.785 -0.009006 -1.275672
v -37.785 0.015875 -1.273548
v -37.785 0.035648 -1.267713
v -37.774998 0.086125 -1.178397
v -37.774998 0.086125 -1.141526
v -37.774998 0.08298 -1.207987
v -37.774998 0.075758 -1.228623
v -37.774998 0.063961 -1.246884
v -37.774998 0.051068 -1.259027
v -37.774998 0.035648 -1.267713
v -37.774998 0.015875 -1.273548
v -37.774998 -0.009006 -1.275672
v -37.774998 -0.035265 -1.273377
v -37.774998 -0.058765 -1.266045
v -37.774998 -0.076001 -1.2555
v -37.774998 -0.089851 -1.241479
v -37.774998 -0.099975 -1.224429
v -37.774998 -0.106542 -1.203391
v -37.774998 -0.108997 -1.177016
v -37.774998 -0.108997 -1.141526
v -37.785 0.113564 -1.455551
v -37.785 -0.136436 -1.553111
v -37.785 -0.136436 -1.516526
v -37.785 -0.066314 -1.491231
v -37.785 -0.066314 -1.387953
v -37.785 -0.136436 -1.364087
v -37.785 -0.136436 -1.327502
v -37.785 0.113564 -1.422014
v -37.785 -0.038875 -1.396385
v -37.785 -0.038875 -1.479988
v -37.785 0.065546 -1.433685
v -37.785 0.074216 -1.436091
v -37.785 0.083076 -1.437687
v -37.785 0.083076 -1.438496
v -37.785 0.074243 -1.440128
v -37.785 0.065546 -1.442355
v -37.774998 -0.038875 -1.396385
v -37.774998 -0.038875 -1.479988
v -37.774998 0.065546 -1.433685
v -37.774998 0.074216 -1.436091
v -37.774998 0.083076 -1.437687
v -37.774998 0.083076 -1.438496
v -37.774998 0.074243 -1.440128
v -37.774998 0.065546 -1.442355
usemtl 1
f 1// 2// 3//
f 4// 5// 6//
f 6// 5// 7//
f 6// 7// 8//
f 8// 7// 3//
f 8// 3// 9//
f 9// 3// 2//
f 9// 2// 4//
f 4// 2// 5//
f 10// 7// 11//
f 11// 7// 12//
f 11// 12// 13//
f 13// 12// 14//
f 13// 14// 15//
f 15// 14// 3//
f 15// 3// 10//
f 10// 3// 7//
f 16// 12// 17//
f 17// 12// 18//
f 17// 18// 19//
f 19// 18// 20//
f 19// 20// 21//
f 21// 20// 14//
f 21// 14// 16//
f 16// 14// 12//
f 22// 18// 23//
f 23// 18// 24//
f 23// 24// 25//
f 25// 24// 26//
f 25// 26// 27//
f 27// 26// 20//
f 27// 20// 22//
f 22// 20// 18//
f 28// 24// 29//
f 29// 24// 30//
f 29// 30// 31//
f 31// 30// 32//
f 31// 32// 33//
f 33// 32// 26//
f 33// 26// 28//
f 28// 26// 24//
f 34// 30// 35//
f 35// 30// 36//
f 35// 36// 37//
f 37// 36// 38//
f 37// 38// 39//
f 39// 38// 32//
f 39// 32// 34//
f 34// 32// 30//
f 40// 36// 41//
f 41// 36// 42//
f 41// 42// 43//
f 43// 42// 44//
f 43// 44// 45//
f 45// 44// 38//
f 45// 38// 40//
f 40// 38// 36//
f 46// 42// 47//
f 47// 42// 48//
f 47// 48// 49//
f 49// 48// 50//
f 49// 50// 51//
f 51// 50// 44//
f 51// 44// 46//
f 46// 44// 42//
f 52// 53// 54//
f 54// 53// 55//
f 56// 57// 58//
f 58// 57// 59//
f 58// 59// 52//
f 52// 59// 50//
f 52// 50// 53//
f 56// 54// 57//
f 57// 54// 55//
f 57// 55// 48//
f 48// 55// 60//
f 48// 60// 50//
f 50// 60// 61//
f 50// 61// 53//
f 62// 57// 63//
f 63// 57// 64//
f 63// 64// 65//
f 65// 64// 66//
f 65// 66// 67//
f 67// 66// 59//
f 67// 59// 62//
f 62// 59// 57//
f 68// 64// 69//
f 69// 64// 70//
f 69// 70// 71//
f 71// 70// 72//
f 71// 72// 73//
f 73// 72// 66//
f 73// 66// 68//
f 68// 66// 64//
f 74// 70// 75//
f 75// 70// 76//
f 75// 76// 77//
f 77// 76// 78//
f 77// 78// 79//
f 79// 78// 72//
f 79// 72// 74//
f 74// 72// 70//
f 80// 76// 81//
f 81// 76// 82//
f 81// 82// 83//
f 83// 82// 84//
f 83// 84// 85//
f 85// 84// 78//
f 85// 78// 80//
f 80// 78// 76//
f 86// 82// 87//
f 87// 82// 88//
f 87// 88// 89//
f 89// 88// 90//
f 89// 90// 91//
f 91// 90// 84//
f 91// 84// 86//
f 86// 84// 82//
f 92// 93// 94//
f 93// 92// 95//
f 95// 92// 90//
f 95// 90// 96//
f 96// 90// 88//
f 96// 88// 94//
f 94// 88// 97//
f 94// 97// 92//
f 92// 97// 98//
f 92// 98// 99//
f 1// 3// 100//
f 100// 3// 14//
f 100// 14// 101//
f 101// 14// 20//
f 101// 20// 102//
f 102// 20// 26//
f 102// 26// 103//
f 103// 26// 32//
f 103// 32// 104//
f 104// 32// 38//
f 104// 38// 105//
f 105// 38// 44//
f 105// 44// 106//
f 106// 44// 50//
f 106// 50// 107//
f 107// 50// 59//
f 107// 59// 108//
f 108// 59// 66//
f 108// 66// 109//
f 109// 66// 72//
f 109// 72// 110//
f 110// 72// 78//
f 110// 78// 111//
f 111// 78// 84//
f 111// 84// 112//
f 112// 84// 90//
f 112// 90// 113//
f 113// 90// 92//
f 113// 92// 114//
f 114// 92// 99//
f 114// 99// 115//
f 116// 117// 118//
f 118// 117// 119//
f 118// 119// 120//
f 120// 119// 121//
f 122// 123// 124//
f 124// 123// 125//
f 124// 125// 126//
f 126// 125// 127//
f 126// 127// 128//
f 128// 127// 129//
f 129// 130// 115//
f 131// 132// 98//
f 98// 132// 133//
f 98// 133// 115//
f 115// 133// 128//
f 115// 128// 129//
f 133// 132// 116//
f 116// 132// 117//
f 134// 135// 136//
f 136// 135// 137//
f 136// 137// 93//
f 93// 137// 94//
f 138// 96// 137//
f 137// 96// 94//
f 139// 140// 138//
f 138// 140// 141//
f 138// 141// 96//
f 96// 141// 95//
f 136// 93// 141//
f 141// 93// 95//
f 139// 138// 142//
f 142// 138// 137//
f 142// 137// 143//
f 143// 137// 135//
f 134// 136// 144//
f 144// 136// 141//
f 144// 141// 145//
f 145// 141// 140//
f 140// 139// 145//
f 145// 139// 142//
f 144// 143// 134//
f 134// 143// 135//
f 146// 147// 148//
f 149// 150// 151//
f 151// 150// 146//
f 151// 146// 152//
f 152// 146// 148//
f 149// 153// 150//
f 150// 153// 154//
f 150// 154// 155//
f 155// 154// 156//
f 155// 156// 147//
f 147// 156// 157//
f 147// 157// 148//
f 158// 143// 159//
f 159// 143// 144//
f 160// 142// 158//
f 158// 142// 143//
f 161// 145// 160//
f 160// 145// 142//
f 159// 144// 161//
f 161// 144// 145//
f 98// 97// 131//
f 131// 97// 88//
f 131// 88// 82//
f 82// 76// 131//
f 131// 76// 70//
f 131// 70// 64//
f 64// 57// 131//
f 131// 57// 48//
f 131// 48// 162//
f 162// 48// 42//
f 162// 42// 36//
f 36// 30// 162//
f 162// 30// 24//
f 162// 24// 18//
f 18// 12// 162//
f 162// 12// 7//
f 162// 7// 5//
f 163// 164// 165//
f 166// 167// 168//
f 168// 167// 163//
f 169// 170// 171//
f 171// 170// 168//
f 171// 168// 162//
f 162// 168// 163//
f 162// 163// 172//
f 172// 163// 165//
f 173// 174// 175//
f 176// 177// 178//
f 178// 177// 173//
f 121// 119// 117//
f 179// 180// 172//
f 172// 180// 178//
f 172// 178// 162//
f 162// 178// 173//
f 162// 173// 181//
f 181// 173// 175//
f 182// 183// 184//
f 184// 183// 121//
f 185// 186// 187//
f 187// 186// 188//
f 188// 189// 190//
f 191// 192// 193//
f 193// 192// 194//
f 195// 196// 194//
f 194// 196// 197//
f 197// 198// 199//
f 200// 201// 202//
f 202// 201// 187//
f 202// 187// 131//
f 131// 187// 188//
f 131// 188// 203//
f 203// 188// 190//
f 204// 205// 203//
f 203// 205// 184//
f 203// 184// 131//
f 131// 184// 121//
f 131// 121// 132//
f 132// 121// 117//
f 206// 207// 181//
f 181// 207// 193//
f 181// 193// 162//
f 162// 193// 194//
f 162// 194// 131//
f 131// 194// 197//
f 131// 197// 202//
f 202// 197// 199//
f 1// 100// 208//
f 208// 100// 101//
f 101// 102// 208//
f 208// 102// 103//
f 208// 103// 104//
f 104// 105// 208//
f 208// 105// 106//
f 208// 106// 130//
f 106// 107// 130//
f 130// 107// 108//
f 130// 108// 109//
f 109// 110// 130//
f 130// 110// 111//
f 130// 111// 112//
f 112// 113// 130//
f 130// 113// 114//
f 130// 114// 115//
f 209// 210// 211//
f 212// 213// 214//
f 214// 213// 209//
f 215// 216// 217//
f 217// 216// 218//
f 217// 218// 208//
f 219// 220// 218//
f 218// 220// 221//
f 218// 221// 208//
f 127// 125// 129//
f 129// 125// 123//
f 129// 123// 130//
f 222// 223// 224//
f 225// 226// 123//
f 123// 226// 227//
f 123// 227// 130//
f 228// 229// 230//
f 230// 229// 222//
f 231// 232// 233//
f 233// 232// 234//
f 235// 208// 130//
f 234// 236// 237//
f 238// 239// 227//
f 227// 239// 230//
f 227// 230// 130//
f 130// 230// 222//
f 130// 222// 240//
f 240// 222// 224//
f 237// 235// 234//
f 234// 235// 130//
f 234// 130// 233//
f 233// 130// 240//
f 233// 240// 241//
f 241// 240// 242//
f 243// 244// 245//
f 245// 244// 246//
f 246// 247// 248//
f 249// 250// 235//
f 235// 250// 245//
f 235// 245// 208//
f 208// 245// 246//
f 208// 246// 251//
f 251// 246// 248//
f 252// 253// 251//
f 251// 253// 214//
f 251// 214// 208//
f 208// 214// 209//
f 208// 209// 217//
f 217// 209// 211//
f 254// 255// 256//
f 256// 255// 257//
f 258// 259// 254//
f 254// 259// 255//
f 256// 257// 260//
f 260// 257// 261//
f 260// 261// 258//
f 258// 261// 259//
f 157// 156// 262//
f 157// 262// 263//
f 263// 262// 264//
f 263// 264// 265//
f 265// 264// 266//
f 265// 266// 267//
f 267// 266// 268//
f 268// 266// 269//
f 268// 269// 270//
f 270// 269// 271//
f 270// 271// 272//
f 272// 271// 273//
f 272// 273// 274//
f 273// 275// 274//
f 274// 275// 276//
f 274// 276// 277//
f 277// 276// 120//
f 277// 120// 122//
f 270// 278// 279//
f 270// 279// 268//
f 268// 279// 280//
f 268// 280// 267//
f 267// 280// 281//
f 267// 281// 265//
f 265// 281// 282//
f 265// 282// 263//
f 263// 282// 148//
f 263// 148// 157//
f 278// 270// 283//
f 283// 270// 272//
f 283// 272// 284//
f 272// 274// 284//
f 284// 274// 277//
f 284// 277// 285//
f 285// 277// 122//
f 285// 122// 124//
f 118// 120// 276//
f 118// 276// 286//
f 286// 276// 275//
f 286// 275// 287//
f 287// 275// 288//
f 288// 275// 273//
f 288// 273// 289//
f 289// 273// 271//
f 289// 271// 290//
f 290// 271// 269//
f 290// 269// 291//
f 269// 266// 291//
f 291// 266// 264//
f 291// 264// 292//
f 292// 264// 262//
f 292// 262// 293//
f 293// 262// 156//
f 293// 156// 154//
f 124// 126// 294//
f 124// 294// 285//
f 285// 294// 295//
f 285// 295// 284//
f 284// 295// 296//
f 284// 296// 283//
f 283// 296// 297//
f 283// 297// 278//
f 278// 297// 298//
f 278// 298// 279//
f 279// 298// 299//
f 279// 299// 280//
f 280// 299// 300//
f 280// 300// 281//
f 281// 300// 301//
f 281// 301// 282//
f 282// 301// 152//
f 282// 152// 148//
f 116// 118// 286//
f 116// 286// 302//
f 302// 286// 287//
f 302// 287// 303//
f 303// 287// 304//
f 304// 287// 288//
f 304// 288// 305//
f 305// 288// 289//
f 305// 289// 306//
f 306// 289// 290//
f 306// 290// 307//
f 290// 291// 307//
f 307// 291// 292//
f 307// 292// 308//
f 308// 292// 293//
f 308// 293// 309//
f 309// 293// 154//
f 309// 154// 153//
f 151// 152// 310//
f 310// 152// 301//
f 300// 311// 301//
f 301// 311// 312//
f 301// 312// 310//
f 299// 313// 300//
f 300// 313// 314//
f 300// 314// 311//
f 126// 128// 294//
f 294// 128// 315//
f 294// 315// 295//
f 295// 315// 316//
f 295// 316// 296//
f 296// 316// 317//
f 296// 317// 297//
f 297// 317// 318//
f 297// 318// 298//
f 298// 318// 319//
f 298// 319// 299//
f 299// 319// 320//
f 299// 320// 313//
f 133// 116// 302//
f 133// 302// 321//
f 321// 302// 303//
f 321// 303// 322//
f 322// 303// 304//
f 322// 304// 323//
f 323// 304// 305//
f 323// 305// 324//
f 324// 305// 306//
f 324// 306// 325//
f 325// 306// 307//
f 325// 307// 326//
f 326// 307// 327//
f 327// 307// 308//
f 327// 308// 328//
f 328// 308// 329//
f 329// 308// 309//
f 329// 309// 330//
f 330// 309// 331//
f 331// 309// 153//
f 331// 153// 149//
f 149// 151// 310//
f 323// 324// 319//
f 319// 324// 325//
f 319// 325// 320//
f 320// 325// 326//
f 320// 326// 313//
f 313// 326// 327//
f 313// 327// 314//
f 314// 327// 328//
f 314// 328// 311//
f 311// 328// 329//
f 311// 329// 312//
f 312// 329// 330//
f 312// 330// 310//
f 310// 330// 331//
f 310// 331// 149//
f 317// 316// 321//
f 319// 318// 323//
f 323// 318// 317//
f 323// 317// 322//
f 322// 317// 321//
f 316// 315// 321//
f 321// 315// 128//
f 321// 128// 133//
f 146// 150// 332//
f 146// 332// 333//
f 333// 332// 334//
f 333// 334// 335//
f 335// 334// 336//
f 335// 336// 337//
f 337// 336// 260//
f 337// 260// 258//
f 147// 146// 333//
f 147// 333// 338//
f 338// 333// 335//
f 338// 335// 339//
f 339// 335// 337//
f 339// 337// 340//
f 340// 337// 258//
f 340// 258// 254//
f 256// 260// 336//
f 256// 336// 341//
f 341// 336// 334//
f 341// 334// 342//
f 342// 334// 332//
f 342// 332// 343//
f 343// 332// 150//
f 343// 150// 155//
f 155// 147// 338//
f 155// 338// 343//
f 343// 338// 339//
f 343// 339// 342//
f 342// 339// 340//
f 342// 340// 341//
f 341// 340// 254//
f 341// 254// 256//
f 344// 161// 160//
f 344// 160// 345//
f 346// 347// 348//
f 160// 349// 345//
f 345// 349// 346//
f 345// 346// 350//
f 350// 346// 348//
f 347// 351// 348//
f 348// 351// 257//
f 348// 257// 255//
f 352// 159// 161//
f 352// 161// 353//
f 345// 350// 354//
f 161// 344// 353//
f 353// 344// 345//
f 353// 345// 355//
f 355// 345// 354//
f 350// 348// 354//
f 354// 348// 255//
f 354// 255// 259//
f 257// 351// 261//
f 261// 351// 356//
f 347// 346// 357//
f 347// 357// 351//
f 351// 357// 358//
f 351// 358// 356//
f 349// 160// 158//
f 349// 158// 346//
f 346// 158// 359//
f 346// 359// 357//
f 359// 158// 159//
f 359// 159// 357//
f 357// 159// 352//
f 357// 352// 353//
f 355// 356// 353//
f 353// 356// 358//
f 353// 358// 357//
f 355// 354// 356//
f 356// 354// 259//
f 356// 259// 261//
f 360// 183// 361//
f 361// 183// 182//
f 361// 182// 362//
f 362// 182// 184//
f 363// 227// 364//
f 364// 227// 226//
f 364// 226// 365//
f 365// 226// 225//
f 365// 225// 122//
f 122// 225// 123//
f 120// 121// 360//
f 360// 121// 183//
f 366// 367// 368//
f 368// 367// 369//
f 368// 369// 89//
f 89// 369// 87//
f 370// 86// 369//
f 369// 86// 87//
f 371// 372// 370//
f 370// 372// 373//
f 370// 373// 86//
f 86// 373// 91//
f 368// 89// 373//
f 373// 89// 91//
f 374// 205// 375//
f 375// 205// 204//
f 375// 204// 376//
f 376// 204// 203//
f 377// 230// 378//
f 378// 230// 239//
f 378// 239// 379//
f 379// 239// 238//
f 379// 238// 363//
f 363// 238// 227//
f 362// 184// 374//
f 374// 184// 205//
f 380// 381// 382//
f 382// 381// 383//
f 382// 383// 83//
f 83// 383// 81//
f 384// 80// 383//
f 383// 80// 81//
f 385// 386// 384//
f 384// 386// 387//
f 384// 387// 80//
f 80// 387// 85//
f 382// 83// 387//
f 387// 83// 85//
f 388// 190// 389//
f 389// 190// 189//
f 389// 189// 390//
f 390// 189// 188//
f 391// 222// 392//
f 392// 222// 229//
f 392// 229// 393//
f 393// 229// 228//
f 393// 228// 377//
f 377// 228// 230//
f 376// 203// 388//
f 388// 203// 190//
f 394// 395// 396//
f 396// 395// 397//
f 396// 397// 77//
f 77// 397// 75//
f 398// 74// 397//
f 397// 74// 75//
f 399// 400// 398//
f 398// 400// 401//
f 398// 401// 74//
f 74// 401// 79//
f 396// 77// 401//
f 401// 77// 79//
f 402// 186// 403//
f 403// 186// 185//
f 403// 185// 404//
f 404// 185// 187//
f 405// 240// 406//
f 406// 240// 224//
f 406// 224// 407//
f 407// 224// 223//
f 407// 223// 391//
f 391// 223// 222//
f 390// 188// 402//
f 402// 188// 186//
f 408// 409// 410//
f 410// 409// 411//
f 410// 411// 71//
f 71// 411// 69//
f 412// 68// 411//
f 411// 68// 69//
f 413// 414// 412//
f 412// 414// 415//
f 412// 415// 68//
f 68// 415// 73//
f 410// 71// 415//
f 415// 71// 73//
f 416// 201// 417//
f 417// 201// 200//
f 417// 200// 418//
f 418// 200// 202//
f 419// 233// 420//
f 420// 233// 241//
f 420// 241// 421//
f 421// 241// 242//
f 421// 242// 405//
f 405// 242// 240//
f 404// 187// 416//
f 416// 187// 201//
f 422// 423// 424//
f 424// 423// 425//
f 424// 425// 65//
f 65// 425// 63//
f 426// 62// 425//
f 425// 62// 63//
f 427// 428// 426//
f 426// 428// 429//
f 426// 429// 62//
f 62// 429// 67//
f 424// 65// 429//
f 429// 65// 67//
f 430// 199// 431//
f 431// 199// 198//
f 431// 198// 432//
f 432// 198// 197//
f 433// 234// 434//
f 434// 234// 232//
f 434// 232// 435//
f 435// 232// 231//
f 435// 231// 419//
f 419// 231// 233//
f 418// 202// 430//
f 430// 202// 199//
f 436// 437// 438//
f 438// 437// 439//
f 438// 439// 58//
f 58// 439// 56//
f 440// 54// 439//
f 439// 54// 56//
f 441// 442// 440//
f 440// 442// 443//
f 440// 443// 54//
f 54// 443// 52//
f 438// 58// 443//
f 443// 58// 52//
f 444// 196// 445//
f 445// 196// 195//
f 445// 195// 446//
f 446// 195// 194//
f 447// 235// 448//
f 448// 235// 237//
f 448// 237// 449//
f 449// 237// 236//
f 449// 236// 433//
f 433// 236// 234//
f 432// 197// 444//
f 444// 197// 196//
f 450// 451// 452//
f 452// 451// 453//
f 452// 453// 53//
f 53// 453// 55//
f 454// 60// 453//
f 453// 60// 55//
f 455// 456// 454//
f 454// 456// 457//
f 454// 457// 60//
f 60// 457// 61//
f 452// 53// 457//
f 457// 53// 61//
f 458// 192// 459//
f 459// 192// 191//
f 459// 191// 460//
f 460// 191// 193//
f 461// 245// 462//
f 462// 245// 250//
f 462// 250// 463//
f 463// 250// 249//
f 463// 249// 447//
f 447// 249// 235//
f 446// 194// 458//
f 458// 194// 192//
f 464// 465// 466//
f 466// 465// 467//
f 466// 467// 49//
f 49// 467// 47//
f 468// 46// 467//
f 467// 46// 47//
f 469// 470// 468//
f 468// 470// 471//
f 468// 471// 46//
f 46// 471// 51//
f 466// 49// 471//
f 471// 49// 51//
f 472// 207// 473//
f 473// 207// 206//
f 473// 206// 474//
f 474// 206// 181//
f 475// 246// 476//
f 476// 246// 244//
f 476// 244// 477//
f 477// 244// 243//
f 477// 243// 461//
f 461// 243// 245//
f 460// 193// 472//
f 472// 193// 207//
f 478// 479// 480//
f 480// 479// 481//
f 480// 481// 43//
f 43// 481// 41//
f 482// 40// 481//
f 481// 40// 41//
f 483// 484// 482//
f 482// 484// 485//
f 482// 485// 40//
f 40// 485// 45//
f 480// 43// 485//
f 485// 43// 45//
f 486// 175// 487//
f 487// 175// 174//
f 487// 174// 488//
f 488// 174// 173//
f 489// 251// 490//
f 490// 251// 248//
f 490// 248// 491//
f 491// 248// 247//
f 491// 247// 475//
f 475// 247// 246//
f 474// 181// 486//
f 486// 181// 175//
f 492// 493// 494//
f 494// 493// 495//
f 494// 495// 37//
f 37// 495// 35//
f 496// 34// 495//
f 495// 34// 35//
f 497// 498// 496//
f 496// 498// 499//
f 496// 499// 34//
f 34// 499// 39//
f 494// 37// 499//
f 499// 37// 39//
f 500// 177// 501//
f 501// 177// 176//
f 501// 176// 502//
f 502// 176// 178//
f 503// 214// 504//
f 504// 214// 253//
f 504// 253// 505//
f 505// 253// 252//
f 505// 252// 489//
f 489// 252// 251//
f 488// 173// 500//
f 500// 173// 177//
f 506// 507// 508//
f 508// 507// 509//
f 508// 509// 31//
f 31// 509// 29//
f 510// 28// 509//
f 509// 28// 29//
f 511// 512// 510//
f 510// 512// 513//
f 510// 513// 28//
f 28// 513// 33//
f 508// 31// 513//
f 513// 31// 33//
f 514// 180// 515//
f 515// 180// 179//
f 515// 179// 516//
f 516// 179// 172//
f 517// 209// 518//
f 518// 209// 213//
f 518// 213// 519//
f 519// 213// 212//
f 519// 212// 503//
f 503// 212// 214//
f 502// 178// 514//
f 514// 178// 180//
f 520// 521// 522//
f 522// 521// 523//
f 522// 523// 25//
f 25// 523// 23//
f 524// 22// 523//
f 523// 22// 23//
f 525// 526// 524//
f 524// 526// 527//
f 524// 527// 22//
f 22// 527// 27//
f 522// 25// 527//
f 527// 25// 27//
f 528// 165// 529//
f 529// 165// 164//
f 529// 164// 530//
f 530// 164// 163//
f 531// 217// 532//
f 532// 217// 211//
f 532// 211// 533//
f 533// 211// 210//
f 533// 210// 517//
f 517// 210// 209//
f 516// 172// 528//
f 528// 172// 165//
f 534// 535// 536//
f 536// 535// 537//
f 536// 537// 19//
f 19// 537// 17//
f 538// 16// 537//
f 537// 16// 17//
f 539// 540// 538//
f 538// 540// 541//
f 538// 541// 16//
f 16// 541// 21//
f 536// 19// 541//
f 541// 19// 21//
f 542// 167// 543//
f 543// 167// 166//
f 543// 166// 544//
f 544// 166// 168//
f 545// 218// 546//
f 546// 218// 216//
f 546// 216// 547//
f 547// 216// 215//
f 547// 215// 531//
f 531// 215// 217//
f 530// 163// 542//
f 542// 163// 167//
f 548// 549// 550//
f 550// 549// 551//
f 550// 551// 13//
f 13// 551// 11//
f 552// 10// 551//
f 551// 10// 11//
f 553// 554// 552//
f 552// 554// 555//
f 552// 555// 10//
f 10// 555// 15//
f 550// 13// 555//
f 555// 13// 15//
f 556// 170// 557//
f 557// 170// 169//
f 557// 169// 558//
f 558// 169// 171//
f 208// 221// 1//
f 1// 221// 559//
f 1// 559// 2//
f 2// 559// 558//
f 2// 558// 5//
f 5// 558// 171//
f 5// 171// 162//
f 559// 221// 560//
f 560// 221// 220//
f 560// 220// 561//
f 561// 220// 219//
f 561// 219// 545//
f 545// 219// 218//
f 544// 168// 556//
f 556// 168// 170//
f 562// 563// 564//
f 564// 563// 565//
f 564// 565// 8//
f 8// 565// 6//
f 566// 4// 565//
f 565// 4// 6//
f 567// 568// 566//
f 566// 568// 569//
f 566// 569// 4//
f 4// 569// 9//
f 564// 8// 569//
f 569// 8// 9//
f 371// 370// 570//
f 570// 370// 369//
f 570// 369// 571//
f 571// 369// 367//
f 385// 384// 572//
f 572// 384// 383//
f 572// 383// 573//
f 573// 383// 381//
f 399// 398// 574//
f 574// 398// 397//
f 574// 397// 575//
f 575// 397// 395//
f 413// 412// 576//
f 576// 412// 411//
f 576// 411// 577//
f 577// 411// 409//
f 427// 426// 578//
f 578// 426// 425//
f 578// 425// 579//
f 579// 425// 423//
f 441// 440// 580//
f 580// 440// 439//
f 580// 439// 581//
f 581// 439// 437//
f 455// 454// 582//
f 582// 454// 453//
f 582// 453// 583//
f 583// 453// 451//
f 469// 468// 584//
f 584// 468// 467//
f 584// 467// 585//
f 585// 467// 465//
f 483// 482// 586//
f 586// 482// 481//
f 586// 481// 587//
f 587// 481// 479//
f 497// 496// 588//
f 588// 496// 495//
f 588// 495// 589//
f 589// 495// 493//
f 511// 510// 590//
f 590// 510// 509//
f 590// 509// 591//
f 591// 509// 507//
f 525// 524// 592//
f 592// 524// 523//
f 592// 523// 593//
f 593// 523// 521//
f 539// 538// 594//
f 594// 538// 537//
f 594// 537// 595//
f 595// 537// 535//
f 553// 552// 596//
f 596// 552// 551//
f 596// 551// 597//
f 597// 551// 549//
f 567// 566// 598//
f 598// 566// 565//
f 598// 565// 599//
f 599// 565// 563//
f 366// 368// 600//
f 600// 368// 373//
f 600// 373// 601//
f 601// 373// 372//
f 380// 382// 602//
f 602// 382// 387//
f 602// 387// 603//
f 603// 387// 386//
f 394// 396// 604//
f 604// 396// 401//
f 604// 401// 605//
f 605// 401// 400//
f 408// 410// 606//
f 606// 410// 415//
f 606// 415// 607//
f 607// 415// 414//
f 422// 424// 608//
f 608// 424// 429//
f 608// 429// 609//
f 609// 429// 428//
f 436// 438// 610//
f 610// 438// 443//
f 610// 443// 611//
f 611// 443// 442//
f 450// 452// 612//
f 612// 452// 457//
f 612// 457// 613//
f 613// 457// 456//
f 464// 466// 614//
f 614// 466// 471//
f 614// 471// 615//
f 615// 471// 470//
f 478// 480// 616//
f 616// 480// 485//
f 616// 485// 617//
f 617// 485// 484//
f 492// 494// 618//
f 618// 494// 499//
f 618// 499// 619//
f 619// 499// 498//
f 506// 508// 620//
f 620// 508// 513//
f 620// 513// 621//
f 621// 513// 512//
f 520// 522// 622//
f 622// 522// 527//
f 622// 527// 623//
f 623// 527// 526//
f 534// 536// 624//
f 624// 536// 541//
f 624// 541// 625//
f 625// 541// 540//
f 548// 550// 626//
f 626// 550// 555//
f 626// 555// 627//
f 627// 555// 554//
f 562// 564// 628//
f 628// 564// 569//
f 628// 569// 629//
f 629// 569// 568//
f 601// 372// 570//
f 570// 372// 371//
f 366// 600// 367//
f 367// 600// 571//
f 603// 386// 572//
f 572// 386// 385//
f 380// 602// 381//
f 381// 602// 573//
f 605// 400// 574//
f 574// 400// 399//
f 394// 604// 395//
f 395// 604// 575//
f 607// 414// 576//
f 576// 414// 413//
f 408// 606// 409//
f 409// 606// 577//
f 609// 428// 578//
f 578// 428// 427//
f 422// 608// 423//
f 423// 608// 579//
f 611// 442// 580//
f 580// 442// 441//
f 436// 610// 437//
f 437// 610// 581//
f 613// 456// 582//
f 582// 456// 455//
f 450// 612// 451//
f 451// 612// 583//
f 615// 470// 584//
f 584// 470// 469//
f 464// 614// 465//
f 465// 614// 585//
f 617// 484// 586//
f 586// 484// 483//
f 478// 616// 479//
f 479// 616// 587//
f 619// 498// 588//
f 588// 498// 497//
f 492// 618// 493//
f 493// 618// 589//
f 621// 512// 590//
f 590// 512// 511//
f 506// 620// 507//
f 507// 620// 591//
f 623// 526// 592//
f 592// 526// 525//
f 520// 622// 521//
f 521// 622// 593//
f 625// 540// 594//
f 594// 540// 539//
f 534// 624// 535//
f 535// 624// 595//
f 627// 554// 596//
f 596// 554// 553//
f 548// 626// 549//
f 549// 626// 597//
f 629// 568// 598//
f 598// 568// 567//
f 630// 631// 632//
f 633// 634// 635//
f 636// 637// 638//
f 638// 637// 639//
f 638// 639// 640//
f 641// 642// 643//
f 643// 642// 640//
f 643// 640// 635//
f 635// 640// 639//
f 635// 639// 633//
f 644// 645// 646//
f 646// 645// 647//
f 646// 647// 648//
f 644// 649// 650//
f 650// 649// 651//
f 648// 652// 637//
f 641// 653// 642//
f 642// 653// 654//
f 642// 654// 636//
f 636// 654// 651//
f 636// 651// 637//
f 637// 651// 649//
f 637// 649// 648//
f 648// 647// 652//
f 652// 647// 655//
f 652// 655// 656//
f 657// 658// 659//
f 659// 658// 660//
f 659// 660// 661//
f 657// 662// 663//
f 663// 662// 664//
f 661// 665// 645//
f 650// 666// 644//
f 644// 666// 664//
f 644// 664// 645//
f 645// 664// 662//
f 645// 662// 661//
f 661// 660// 665//
f 665// 660// 667//
f 665// 667// 668//
f 669// 670// 671//
f 671// 670// 672//
f 671// 672// 673//
f 669// 674// 675//
f 675// 674// 676//
f 673// 677// 658//
f 663// 678// 657//
f 657// 678// 676//
f 657// 676// 658//
f 658// 676// 674//
f 658// 674// 673//
f 673// 672// 677//
f 677// 672// 679//
f 677// 679// 680//
f 681// 682// 683//
f 683// 682// 684//
f 683// 684// 685//
f 681// 686// 687//
f 687// 686// 688//
f 685// 689// 670//
f 675// 690// 669//
f 669// 690// 688//
f 669// 688// 670//
f 670// 688// 686//
f 670// 686// 685//
f 685// 684// 689//
f 689// 684// 691//
f 689// 691// 692//
f 693// 694// 695//
f 695// 694// 696//
f 695// 696// 697//
f 693// 698// 699//
f 699// 698// 700//
f 697// 701// 682//
f 687// 702// 681//
f 681// 702// 700//
f 681// 700// 682//
f 682// 700// 698//
f 682// 698// 697//
f 697// 696// 701//
f 701// 696// 703//
f 701// 703// 704//
f 705// 706// 707//
f 707// 706// 708//
f 707// 708// 709//
f 705// 710// 711//
f 711// 710// 712//
f 709// 713// 694//
f 699// 714// 693//
f 693// 714// 712//
f 693// 712// 694//
f 694// 712// 710//
f 694// 710// 709//
f 709// 708// 713//
f 713// 708// 715//
f 713// 715// 716//
f 717// 718// 719//
f 719// 718// 720//
f 719// 720// 721//
f 717// 722// 723//
f 723// 722// 724//
f 721// 725// 706//
f 711// 726// 705//
f 705// 726// 724//
f 705// 724// 706//
f 706// 724// 722//
f 706// 722// 721//
f 721// 720// 725//
f 725// 720// 727//
f 725// 727// 728//
f 729// 730// 731//
f 731// 730// 732//
f 731// 732// 733//
f 729// 734// 735//
f 735// 734// 736//
f 737// 738// 739//
f 739// 738// 740//
f 739// 740// 741//
f 737// 742// 743//
f 743// 742// 744//
f 733// 745// 738//
f 741// 746// 718//
f 743// 747// 737//
f 737// 747// 736//
f 737// 736// 738//
f 738// 736// 734//
f 738// 734// 733//
f 723// 748// 717//
f 717// 748// 744//
f 717// 744// 718//
f 718// 744// 742//
f 718// 742// 741//
f 741// 740// 746//
f 746// 740// 749//
f 746// 749// 750//
f 733// 732// 745//
f 745// 732// 751//
f 745// 751// 752//
f 753// 754// 755//
f 755// 754// 756//
f 755// 756// 757//
f 753// 758// 759//
f 759// 758// 760//
f 757// 761// 730//
f 735// 762// 729//
f 729// 762// 760//
f 729// 760// 730//
f 730// 760// 758//
f 730// 758// 757//
f 757// 756// 761//
f 761// 756// 763//
f 761// 763// 764//
f 765// 766// 767//
f 767// 766// 768//
f 767// 768// 769//
f 765// 770// 771//
f 771// 770// 772//
f 769// 773// 754//
f 759// 774// 753//
f 753// 774// 772//
f 753// 772// 754//
f 754// 772// 770//
f 754// 770// 769//
f 769// 768// 773//
f 773// 768// 775//
f 773// 775// 776//
f 777// 778// 779//
f 779// 778// 780//
f 779// 780// 781//
f 777// 782// 783//
f 783// 782// 784//
f 781// 785// 766//
f 771// 786// 765//
f 765// 786// 784//
f 765// 784// 766//
f 766// 784// 782//
f 766// 782// 781//
f 781// 780// 785//
f 785// 780// 787//
f 785// 787// 788//
f 789// 790// 791//
f 791// 790// 792//
f 791// 792// 793//
f 793// 792// 794//
f 793// 794// 795//
f 789// 791// 796//
f 796// 791// 797//
f 796// 797// 798//
f 795// 799// 778//
f 783// 800// 777//
f 777// 800// 798//
f 777// 798// 778//
f 778// 798// 797//
f 778// 797// 795//
f 795// 794// 799//
f 799// 794// 801//
f 799// 801// 802//
f 803// 804// 805//
f 805// 804// 806//
f 806// 804// 807//
f 806// 807// 808//
f 808// 807// 809//
f 808// 809// 810//
f 805// 811// 803//
f 803// 811// 792//
f 803// 792// 809//
f 809// 792// 790//
f 809// 790// 810//
f 812// 813// 806//
f 806// 813// 814//
f 806// 814// 805//
f 805// 814// 630//
f 805// 630// 811//
f 811// 630// 632//
f 562// 628// 563//
f 563// 628// 599//
f 815// 571// 816//
f 816// 571// 600//
f 817// 570// 815//
f 815// 570// 571//
f 818// 601// 817//
f 817// 601// 570//
f 816// 600// 818//
f 818// 600// 601//
f 819// 573// 820//
f 820// 573// 602//
f 821// 572// 819//
f 819// 572// 573//
f 822// 603// 821//
f 821// 603// 572//
f 820// 602// 822//
f 822// 602// 603//
f 823// 575// 824//
f 824// 575// 604//
f 825// 574// 823//
f 823// 574// 575//
f 826// 605// 825//
f 825// 605// 574//
f 824// 604// 826//
f 826// 604// 605//
f 827// 577// 828//
f 828// 577// 606//
f 829// 576// 827//
f 827// 576// 577//
f 830// 607// 829//
f 829// 607// 576//
f 828// 606// 830//
f 830// 606// 607//
f 831// 579// 832//
f 832// 579// 608//
f 833// 578// 831//
f 831// 578// 579//
f 834// 609// 833//
f 833// 609// 578//
f 832// 608// 834//
f 834// 608// 609//
f 835// 581// 836//
f 836// 581// 610//
f 837// 580// 835//
f 835// 580// 581//
f 838// 611// 837//
f 837// 611// 580//
f 836// 610// 838//
f 838// 610// 611//
f 839// 583// 840//
f 840// 583// 612//
f 841// 582// 839//
f 839// 582// 583//
f 842// 613// 841//
f 841// 613// 582//
f 840// 612// 842//
f 842// 612// 613//
f 843// 585// 844//
f 844// 585// 614//
f 845// 584// 843//
f 843// 584// 585//
f 846// 615// 845//
f 845// 615// 584//
f 844// 614// 846//
f 846// 614// 615//
f 847// 587// 848//
f 848// 587// 616//
f 849// 586// 847//
f 847// 586// 587//
f 850// 617// 849//
f 849// 617// 586//
f 848// 616// 850//
f 850// 616// 617//
f 851// 589// 852//
f 852// 589// 618//
f 853// 588// 851//
f 851// 588// 589//
f 854// 619// 853//
f 853// 619// 588//
f 852// 618// 854//
f 854// 618// 619//
f 855// 591// 856//
f 856// 591// 620//
f 857// 590// 855//
f 855// 590// 591//
f 858// 621// 857//
f 857// 621// 590//
f 856// 620// 858//
f 858// 620// 621//
f 859// 593// 860//
f 860// 593// 622//
f 861// 592// 859//
f 859// 592// 593//
f 862// 623// 861//
f 861// 623// 592//
f 860// 622// 862//
f 862// 622// 623//
f 863// 595// 864//
f 864// 595// 624//
f 865// 594// 863//
f 863// 594// 595//
f 866// 625// 865//
f 865// 625// 594//
f 864// 624// 866//
f 866// 624// 625//
f 867// 597// 868//
f 868// 597// 626//
f 869// 596// 867//
f 867// 596// 597//
f 870// 627// 869//
f 869// 627// 596//
f 868// 626// 870//
f 870// 626// 627//
f 871// 599// 872//
f 872// 599// 628//
f 873// 598// 871//
f 871// 598// 599//
f 874// 629// 873//
f 873// 629// 598//
f 872// 628// 874//
f 874// 628// 629//
f 875// 876// 877//
f 877// 876// 878//
f 879// 880// 875//
f 875// 880// 876//
f 877// 878// 881//
f 881// 878// 882//
f 881// 882// 879//
f 879// 882// 880//
f 883// 884// 885//
f 885// 884// 886//
f 885// 886// 887//
f 887// 886// 888//
f 889// 890// 883//
f 883// 890// 884//
f 887// 888// 889//
f 889// 888// 890//
f 891// 892// 893//
f 893// 892// 894//
f 893// 894// 895//
f 895// 894// 896//
f 897// 898// 891//
f 891// 898// 892//
f 895// 896// 897//
f 897// 896// 898//
f 899// 900// 901//
f 901// 900// 902//
f 901// 902// 903//
f 903// 902// 904//
f 905// 906// 899//
f 899// 906// 900//
f 903// 904// 905//
f 905// 904// 906//
f 907// 908// 909//
f 909// 908// 910//
f 909// 910// 911//
f 911// 910// 912//
f 913// 914// 907//
f 907// 914// 908//
f 911// 912// 913//
f 913// 912// 914//
f 915// 916// 917//
f 917// 916// 918//
f 917// 918// 919//
f 919// 918// 920//
f 921// 922// 915//
f 915// 922// 916//
f 919// 920// 921//
f 921// 920// 922//
f 923// 924// 925//
f 925// 924// 926//
f 925// 926// 927//
f 927// 926// 928//
f 929// 930// 923//
f 923// 930// 924//
f 927// 928// 929//
f 929// 928// 930//
f 931// 932// 933//
f 933// 932// 934//
f 933// 934// 935//
f 935// 934// 936//
f 937// 938// 931//
f 931// 938// 932//
f 935// 936// 937//
f 937// 936// 938//
f 939// 940// 941//
f 941// 940// 942//
f 941// 942// 943//
f 943// 942// 944//
f 945// 946// 939//
f 939// 946// 940//
f 943// 944// 945//
f 945// 944// 946//
f 947// 948// 949//
f 949// 948// 950//
f 949// 950// 951//
f 951// 950// 952//
f 953// 954// 947//
f 947// 954// 948//
f 951// 952// 953//
f 953// 952// 954//
f 955// 956// 957//
f 957// 956// 958//
f 957// 958// 959//
f 959// 958// 960//
f 961// 962// 955//
f 955// 962// 956//
f 959// 960// 961//
f 961// 960// 962//
f 963// 964// 965//
f 965// 964// 966//
f 965// 966// 967//
f 967// 966// 968//
f 969// 970// 963//
f 963// 970// 964//
f 967// 968// 969//
f 969// 968// 970//
f 971// 972// 973//
f 973// 972// 974//
f 973// 974// 975//
f 975// 974// 976//
f 977// 978// 971//
f 971// 978// 972//
f 975// 976// 977//
f 977// 976// 978//
f 979// 980// 981//
f 981// 980// 982//
f 981// 982// 983//
f 983// 982// 984//
f 985// 986// 979//
f 979// 986// 980//
f 983// 984// 985//
f 985// 984// 986//
f 987// 988// 989//
f 989// 988// 990//
f 989// 990// 991//
f 991// 990// 992//
f 993// 994// 987//
f 987// 994// 988//
f 991// 992// 993//
f 993// 992// 994//
f 558// 559// 995//
f 558// 995// 996//
f 996// 995// 997//
f 996// 997// 998//
f 998// 997// 999//
f 998// 999// 1000//
f 1000// 999// 1001//
f 1000// 1001// 1002//
f 1002// 1001// 1003//
f 1002// 1003// 1004//
f 1004// 1003// 1005//
f 1004// 1005// 1006//
f 1006// 1005// 1007//
f 1006// 1007// 1008//
f 1008// 1007// 1009//
f 1008// 1009// 1010//
f 1010// 1009// 813//
f 1010// 813// 812//
f 814// 813// 1009//
f 631// 630// 1011//
f 1011// 630// 1012//
f 630// 814// 1012//
f 1012// 814// 1009//
f 1012// 1009// 1013//
f 1013// 1009// 1007//
f 1005// 1014// 1007//
f 1007// 1014// 1015//
f 1007// 1015// 1013//
f 559// 560// 995//
f 995// 560// 1016//
f 995// 1016// 997//
f 997// 1016// 1017//
f 997// 1017// 999//
f 999// 1017// 1018//
f 999// 1018// 1001//
f 1001// 1018// 1019//
f 1001// 1019// 1003//
f 1003// 1019// 1020//
f 1003// 1020// 1005//
f 1005// 1020// 1021//
f 1005// 1021// 1014//
f 806// 808// 1022//
f 557// 558// 996//
f 557// 996// 1023//
f 1023// 996// 998//
f 1023// 998// 1024//
f 1024// 998// 1025//
f 1025// 998// 1000//
f 1025// 1000// 1026//
f 1026// 1000// 1002//
f 1026// 1002// 1027//
f 1027// 1002// 1004//
f 1027// 1004// 1028//
f 1010// 1029// 1008//
f 1008// 1029// 1028//
f 1008// 1028// 1006//
f 1006// 1028// 1004//
f 812// 806// 1010//
f 1010// 806// 1022//
f 1010// 1022// 1029//
f 632// 631// 1011//
f 632// 1011// 1030//
f 1030// 1011// 1012//
f 1030// 1012// 1031//
f 1012// 1013// 1031//
f 1031// 1013// 1015//
f 1031// 1015// 1032//
f 1015// 1014// 1032//
f 1032// 1014// 1021//
f 1032// 1021// 1033//
f 1021// 1020// 1033//
f 1033// 1020// 1019//
f 1033// 1019// 1034//
f 1019// 1018// 1034//
f 1034// 1018// 1017//
f 1034// 1017// 1035//
f 1017// 1016// 1035//
f 1035// 1016// 560//
f 1035// 560// 561//
f 556// 557// 1023//
f 556// 1023// 1036//
f 1036// 1023// 1024//
f 1036// 1024// 1037//
f 1037// 1024// 1025//
f 1037// 1025// 1038//
f 1038// 1025// 1026//
f 1038// 1026// 1039//
f 1039// 1026// 1027//
f 1039// 1027// 1040//
f 1040// 1027// 1028//
f 1040// 1028// 1041//
f 1041// 1028// 1029//
f 1041// 1029// 1042//
f 1042// 1029// 1022//
f 1042// 1022// 1043//
f 1043// 1022// 808//
f 1043// 808// 810//
f 1044// 1045// 1032//
f 632// 1030// 811//
f 811// 1030// 1046//
f 811// 1046// 792//
f 1032// 1045// 1031//
f 1045// 1047// 1031//
f 1031// 1047// 1048//
f 1031// 1048// 1030//
f 1030// 1048// 1049//
f 1030// 1049// 1046//
f 1044// 1032// 1050//
f 1050// 1032// 1033//
f 1050// 1033// 1051//
f 1051// 1033// 1034//
f 1051// 1034// 1052//
f 1035// 561// 545//
f 545// 1053// 1035//
f 1035// 1053// 1054//
f 1035// 1054// 1034//
f 1034// 1054// 1055//
f 1034// 1055// 1052//
f 544// 556// 1036//
f 544// 1036// 1056//
f 1056// 1036// 1037//
f 1056// 1037// 1057//
f 1057// 1037// 1038//
f 1057// 1038// 1058//
f 1058// 1038// 1039//
f 1058// 1039// 1059//
f 1059// 1039// 1040//
f 1059// 1040// 1060//
f 1060// 1040// 1041//
f 1060// 1041// 1061//
f 1061// 1041// 1042//
f 1061// 1042// 1062//
f 1062// 1042// 1043//
f 1062// 1043// 1063//
f 1063// 1043// 810//
f 1063// 810// 790//
f 1064// 801// 794//
f 1064// 794// 1065//
f 792// 1046// 794//
f 794// 1046// 1049//
f 794// 1049// 1065//
f 1065// 1049// 1048//
f 1065// 1048// 1066//
f 1066// 1048// 1047//
f 1066// 1047// 1067//
f 1067// 1047// 1045//
f 1067// 1045// 1068//
f 1068// 1045// 1044//
f 1068// 1044// 1069//
f 1069// 1044// 1050//
f 1069// 1050// 1070//
f 1070// 1050// 1051//
f 1070// 1051// 1071//
f 1071// 1051// 1052//
f 1071// 1052// 1072//
f 1072// 1052// 1055//
f 1072// 1055// 1073//
f 1055// 1054// 1073//
f 1073// 1054// 1053//
f 1073// 1053// 1074//
f 1074// 1053// 545//
f 1074// 545// 546//
f 1061// 1062// 1075//
f 543// 544// 1076//
f 1076// 544// 1056//
f 1076// 1056// 1077//
f 1077// 1056// 1057//
f 1077// 1057// 1078//
f 1078// 1057// 1058//
f 1078// 1058// 1079//
f 1079// 1058// 1059//
f 1079// 1059// 1080//
f 1080// 1059// 1060//
f 1080// 1060// 1081//
f 1081// 1060// 1061//
f 1081// 1061// 1082//
f 1082// 1061// 1075//
f 1063// 790// 789//
f 789// 1083// 1063//
f 1063// 1083// 1084//
f 1063// 1084// 1062//
f 1062// 1084// 1085//
f 1062// 1085// 1075//
f 1070// 1086// 1087//
f 1070// 1087// 1069//
f 1069// 1087// 1088//
f 1069// 1088// 1068//
f 1068// 1088// 1089//
f 1068// 1089// 1067//
f 1067// 1089// 1090//
f 1067// 1090// 1066//
f 1066// 1090// 1091//
f 1066// 1091// 1065//
f 1065// 1091// 1092//
f 1065// 1092// 1064//
f 1064// 1092// 802//
f 1064// 802// 801//
f 1086// 1070// 1093//
f 1093// 1070// 1071//
f 1093// 1071// 1094//
f 1094// 1071// 1072//
f 1094// 1072// 1095//
f 1095// 1072// 1073//
f 1095// 1073// 1096//
f 1073// 1074// 1096//
f 1096// 1074// 546//
f 1096// 546// 547//
f 1097// 1098// 1082//
f 1099// 1100// 1080//
f 1101// 1102// 1078//
f 1103// 1104// 1076//
f 1076// 1104// 542//
f 1076// 542// 543//
f 1103// 1076// 1102//
f 1102// 1076// 1077//
f 1102// 1077// 1078//
f 1101// 1078// 1100//
f 1100// 1078// 1079//
f 1100// 1079// 1080//
f 1099// 1080// 1098//
f 1098// 1080// 1081//
f 1098// 1081// 1082//
f 1097// 1082// 1105//
f 1105// 1082// 1075//
f 1105// 1075// 1085//
f 1084// 1106// 1085//
f 1085// 1106// 1107//
f 1085// 1107// 1105//
f 1084// 1083// 1106//
f 1106// 1083// 789//
f 1106// 789// 796//
f 1108// 778// 799//
f 1108// 799// 1109//
f 1110// 1111// 1091//
f 1091// 1111// 1109//
f 1091// 1109// 1092//
f 1092// 1109// 799//
f 1092// 799// 802//
f 1091// 1090// 1110//
f 1110// 1090// 1089//
f 1110// 1089// 1112//
f 1112// 1089// 1113//
f 547// 531// 1096//
f 1096// 531// 1114//
f 1096// 1114// 1095//
f 1089// 1088// 1113//
f 1113// 1088// 1087//
f 1113// 1087// 1115//
f 1115// 1087// 1086//
f 1115// 1086// 1116//
f 1116// 1086// 1093//
f 1116// 1093// 1117//
f 1117// 1093// 1094//
f 1117// 1094// 1118//
f 1118// 1094// 1095//
f 1118// 1095// 1119//
f 1119// 1095// 1114//
f 1103// 1120// 1104//
f 1104// 1120// 530//
f 1104// 530// 542//
f 796// 798// 1121//
f 796// 1121// 1106//
f 1106// 1121// 1122//
f 1106// 1122// 1107//
f 1107// 1122// 1123//
f 1107// 1123// 1105//
f 1105// 1123// 1124//
f 1105// 1124// 1097//
f 1097// 1124// 1125//
f 1097// 1125// 1098//
f 1098// 1125// 1126//
f 1098// 1126// 1099//
f 1099// 1126// 1127//
f 1099// 1127// 1100//
f 1100// 1127// 1128//
f 1100// 1128// 1101//
f 1101// 1128// 1129//
f 1101// 1129// 1102//
f 1102// 1129// 1130//
f 1102// 1130// 1103//
f 1103// 1130// 1131//
f 1103// 1131// 1120//
f 780// 778// 1108//
f 787// 780// 1132//
f 1132// 780// 1108//
f 1132// 1108// 1133//
f 1133// 1108// 1109//
f 1109// 1111// 1133//
f 1133// 1111// 1110//
f 1133// 1110// 1134//
f 1110// 1112// 1134//
f 1134// 1112// 1113//
f 1134// 1113// 1135//
f 1113// 1115// 1135//
f 1135// 1115// 1116//
f 1135// 1116// 1136//
f 1116// 1117// 1136//
f 1136// 1117// 1118//
f 1136// 1118// 1137//
f 531// 532// 1114//
f 1114// 532// 1137//
f 1114// 1137// 1119//
f 1119// 1137// 1118//
f 1138// 529// 530//
f 530// 1120// 1138//
f 1138// 1120// 1131//
f 1138// 1131// 1139//
f 1139// 1131// 1130//
f 1130// 1129// 1139//
f 1139// 1129// 1128//
f 1139// 1128// 1140//
f 1140// 1128// 1127//
f 1140// 1127// 1141//
f 1127// 1126// 1141//
f 1141// 1126// 1125//
f 1141// 1125// 1142//
f 1125// 1124// 1142//
f 1142// 1124// 1123//
f 1142// 1123// 1143//
f 1143// 1123// 1122//
f 1122// 1121// 1143//
f 1143// 1121// 798//
f 1143// 798// 800//
f 788// 787// 1132//
f 788// 1132// 1144//
f 1144// 1132// 1133//
f 1144// 1133// 1145//
f 1145// 1133// 1134//
f 1145// 1134// 1146//
f 1146// 1134// 1135//
f 1146// 1135// 1147//
f 1147// 1135// 1136//
f 1147// 1136// 1148//
f 1148// 1136// 1137//
f 1148// 1137// 1149//
f 1149// 1137// 532//
f 1149// 532// 533//
f 529// 1138// 528//
f 528// 1138// 1150//
f 1150// 1138// 1151//
f 1151// 1138// 1139//
f 1151// 1139// 1152//
f 1152// 1139// 1153//
f 1153// 1139// 1140//
f 1153// 1140// 1154//
f 1154// 1140// 1155//
f 1155// 1140// 1141//
f 1155// 1141// 1156//
f 1156// 1141// 1157//
f 1157// 1141// 1142//
f 1157// 1142// 1158//
f 1158// 1142// 1159//
f 1159// 1142// 1143//
f 1159// 1143// 1160//
f 1160// 1143// 800//
f 1160// 800// 783//
f 785// 788// 1144//
f 1161// 766// 785//
f 785// 1144// 1161//
f 1161// 1144// 1145//
f 1161// 1145// 1162//
f 1162// 1145// 1146//
f 1162// 1146// 1163//
f 1163// 1146// 1147//
f 1163// 1147// 1164//
f 1164// 1147// 1148//
f 1164// 1148// 1165//
f 1149// 533// 517//
f 517// 1166// 1149//
f 1149// 1166// 1167//
f 1149// 1167// 1148//
f 1148// 1167// 1168//
f 1148// 1168// 1165//
f 1151// 1169// 1150//
f 1150// 1169// 516//
f 1150// 516// 528//
f 783// 784// 1170//
f 783// 1170// 1160//
f 1160// 1170// 1171//
f 1160// 1171// 1159//
f 1159// 1171// 1172//
f 1159// 1172// 1158//
f 1158// 1172// 1173//
f 1158// 1173// 1157//
f 1157// 1173// 1174//
f 1157// 1174// 1156//
f 1156// 1174// 1175//
f 1156// 1175// 1155//
f 1155// 1175// 1176//
f 1155// 1176// 1154//
f 1154// 1176// 1177//
f 1154// 1177// 1153//
f 1153// 1177// 1178//
f 1153// 1178// 1152//
f 1152// 1178// 1179//
f 1152// 1179// 1151//
f 1151// 1179// 1180//
f 1151// 1180// 1169//
f 768// 766// 1161//
f 775// 768// 1181//
f 1181// 768// 1161//
f 1181// 1161// 1182//
f 1182// 1161// 1162//
f 1163// 1183// 1162//
f 1162// 1183// 1184//
f 1162// 1184// 1182//
f 1164// 1185// 1163//
f 1163// 1185// 1186//
f 1163// 1186// 1183//
f 517// 518// 1166//
f 1166// 518// 1187//
f 1166// 1187// 1167//
f 1167// 1187// 1188//
f 1167// 1188// 1168//
f 1168// 1188// 1189//
f 1168// 1189// 1165//
f 1165// 1189// 1190//
f 1165// 1190// 1164//
f 1164// 1190// 1191//
f 1164// 1191// 1185//
f 1192// 515// 516//
f 516// 1169// 1192//
f 1192// 1169// 1180//
f 1192// 1180// 1193//
f 1193// 1180// 1179//
f 1193// 1179// 1194//
f 1194// 1179// 1178//
f 1194// 1178// 1195//
f 1195// 1178// 1177//
f 1195// 1177// 1196//
f 1196// 1177// 1176//
f 1196// 1176// 1197//
f 1197// 1176// 1198//
f 1176// 1175// 1198//
f 1198// 1175// 1174//
f 1198// 1174// 1199//
f 1199// 1174// 1200//
f 1172// 1171// 1201//
f 1174// 1173// 1200//
f 1200// 1173// 1172//
f 1200// 1172// 1202//
f 1202// 1172// 1201//
f 1171// 1170// 1201//
f 1201// 1170// 784//
f 1201// 784// 786//
f 776// 775// 1203//
f 1203// 775// 1181//
f 1203// 1181// 1204//
f 1204// 1181// 1182//
f 1204// 1182// 1205//
f 1205// 1182// 1184//
f 1205// 1184// 1206//
f 1206// 1184// 1183//
f 1206// 1183// 1207//
f 1207// 1183// 1186//
f 1207// 1186// 1208//
f 1190// 1209// 1191//
f 1191// 1209// 1208//
f 1191// 1208// 1185//
f 1185// 1208// 1186//
f 518// 519// 1187//
f 1187// 519// 1210//
f 1187// 1210// 1188//
f 1188// 1210// 1211//
f 1188// 1211// 1189//
f 1189// 1211// 1212//
f 1189// 1212// 1190//
f 1190// 1212// 1213//
f 1190// 1213// 1209//
f 514// 515// 1192//
f 514// 1192// 1214//
f 1214// 1192// 1193//
f 1214// 1193// 1215//
f 1215// 1193// 1194//
f 1215// 1194// 1216//
f 1216// 1194// 1195//
f 1216// 1195// 1217//
f 1217// 1195// 1196//
f 1217// 1196// 1218//
f 1218// 1196// 1197//
f 1218// 1197// 1219//
f 1219// 1197// 1220//
f 1220// 1197// 1198//
f 1220// 1198// 1221//
f 1198// 1199// 1221//
f 1221// 1199// 1200//
f 1221// 1200// 1222//
f 1222// 1200// 1202//
f 1222// 1202// 1223//
f 1223// 1202// 1201//
f 1223// 1201// 1224//
f 1224// 1201// 786//
f 1224// 786// 771//
f 773// 776// 1203//
f 754// 773// 1225//
f 1225// 773// 1203//
f 1225// 1203// 1226//
f 1203// 1204// 1226//
f 1226// 1204// 1205//
f 1226// 1205// 1227//
f 1205// 1206// 1227//
f 1227// 1206// 1207//
f 1227// 1207// 1228//
f 1228// 1207// 1208//
f 1210// 519// 503//
f 1208// 1209// 1228//
f 1228// 1209// 1213//
f 1228// 1213// 1229//
f 1229// 1213// 1212//
f 1229// 1212// 1230//
f 1230// 1212// 1211//
f 1230// 1211// 1231//
f 1231// 1211// 1210//
f 1231// 1210// 1232//
f 1232// 1210// 503//
f 502// 514// 1233//
f 1233// 514// 1214//
f 1233// 1214// 1234//
f 1234// 1214// 1215//
f 1234// 1215// 1235//
f 1235// 1215// 1216//
f 1235// 1216// 1236//
f 1236// 1216// 1217//
f 1236// 1217// 1237//
f 1237// 1217// 1218//
f 1237// 1218// 1238//
f 1238// 1218// 1219//
f 1238// 1219// 1239//
f 1239// 1219// 1220//
f 1239// 1220// 1240//
f 1240// 1220// 1221//
f 1240// 1221// 1241//
f 1241// 1221// 1222//
f 1241// 1222// 1242//
f 1242// 1222// 1243//
f 1243// 1222// 1223//
f 1243// 1223// 1244//
f 1223// 1224// 1244//
f 1244// 1224// 771//
f 1244// 771// 772//
f 756// 754// 1225//
f 763// 756// 1245//
f 1245// 756// 1225//
f 1245// 1225// 1246//
f 1246// 1225// 1226//
f 1227// 1247// 1226//
f 1226// 1247// 1248//
f 1226// 1248// 1246//
f 1228// 1249// 1227//
f 1227// 1249// 1250//
f 1227// 1250// 1247//
f 503// 504// 1232//
f 1232// 504// 1251//
f 1232// 1251// 1231//
f 1231// 1251// 1252//
f 1231// 1252// 1230//
f 1230// 1252// 1253//
f 1230// 1253// 1229//
f 1229// 1253// 1254//
f 1229// 1254// 1228//
f 1228// 1254// 1255//
f 1228// 1255// 1249//
f 501// 502// 1256//
f 1256// 502// 1233//
f 1256// 1233// 1257//
f 1233// 1234// 1257//
f 1257// 1234// 1235//
f 1257// 1235// 1258//
f 1258// 1235// 1236//
f 1258// 1236// 1259//
f 1259// 1236// 1237//
f 1259// 1237// 1260//
f 1260// 1237// 1238//
f 1260// 1238// 1261//
f 1261// 1238// 1239//
f 1261// 1239// 1262//
f 1239// 1240// 1262//
f 1262// 1240// 1241//
f 1262// 1241// 1263//
f 1241// 1242// 1263//
f 1263// 1242// 1243//
f 1263// 1243// 774//
f 774// 1243// 1244//
f 774// 1244// 772//
f 763// 1245// 764//
f 764// 1245// 1264//
f 1245// 1246// 1264//
f 1264// 1246// 1248//
f 1264// 1248// 1265//
f 1248// 1247// 1265//
f 1265// 1247// 1250//
f 1265// 1250// 1266//
f 1250// 1249// 1266//
f 1266// 1249// 1255//
f 1266// 1255// 1267//
f 1267// 1255// 1254//
f 1267// 1254// 1268//
f 1268// 1254// 1253//
f 1268// 1253// 1269//
f 1269// 1253// 1252//
f 1269// 1252// 1270//
f 1270// 1252// 1251//
f 1270// 1251// 1271//
f 1271// 1251// 504//
f 1271// 504// 505//
f 500// 501// 1256//
f 500// 1256// 1272//
f 1272// 1256// 1257//
f 1272// 1257// 1273//
f 1273// 1257// 1274//
f 1274// 1257// 1258//
f 1274// 1258// 1275//
f 1258// 1259// 1275//
f 1275// 1259// 1260//
f 1275// 1260// 1276//
f 1276// 1260// 1261//
f 1276// 1261// 1277//
f 1277// 1261// 1262//
f 1277// 1262// 1278//
f 1278// 1262// 1263//
f 1278// 1263// 1279//
f 1279// 1263// 774//
f 1279// 774// 759//
f 1280// 730// 761//
f 1266// 1281// 1265//
f 1265// 1281// 1280//
f 1265// 1280// 1264//
f 1264// 1280// 761//
f 1264// 761// 764//
f 505// 489// 1271//
f 1271// 489// 1282//
f 1271// 1282// 1270//
f 1270// 1282// 1283//
f 1270// 1283// 1269//
f 1269// 1283// 1284//
f 1269// 1284// 1268//
f 1268// 1284// 1285//
f 1268// 1285// 1267//
f 1267// 1285// 1286//
f 1267// 1286// 1266//
f 1266// 1286// 1287//
f 1266// 1287// 1281//
f 488// 500// 1272//
f 488// 1272// 1288//
f 1288// 1272// 1273//
f 1288// 1273// 1289//
f 1289// 1273// 1274//
f 1289// 1274// 1290//
f 1290// 1274// 1275//
f 1290// 1275// 1291//
f 1291// 1275// 1276//
f 1291// 1276// 1292//
f 1292// 1276// 1277//
f 1292// 1277// 1293//
f 1293// 1277// 1278//
f 1293// 1278// 1294//
f 1294// 1278// 1279//
f 1294// 1279// 1295//
f 1295// 1279// 759//
f 1295// 759// 760//
f 1296// 751// 732//
f 732// 730// 1280//
f 1296// 732// 1297//
f 1297// 732// 1280//
f 1297// 1280// 1298//
f 1298// 1280// 1281//
f 1298// 1281// 1299//
f 1299// 1281// 1300//
f 1300// 1281// 1287//
f 1300// 1287// 1301//
f 1301// 1287// 1286//
f 1301// 1286// 1302//
f 1302// 1286// 1285//
f 1302// 1285// 1303//
f 1303// 1285// 1284//
f 1303// 1284// 1304//
f 1304// 1284// 1283//
f 1304// 1283// 1305//
f 1305// 1283// 1282//
f 1305// 1282// 1306//
f 1306// 1282// 489//
f 1306// 489// 490//
f 487// 488// 1307//
f 1307// 488// 1288//
f 1307// 1288// 1308//
f 1308// 1288// 1289//
f 1308// 1289// 1309//
f 1309// 1289// 1290//
f 1309// 1290// 1310//
f 1310// 1290// 1291//
f 1310// 1291// 1311//
f 1311// 1291// 1292//
f 1311// 1292// 1312//
f 1292// 1293// 1312//
f 1312// 1293// 1294//
f 1312// 1294// 1313//
f 1313// 1294// 1295//
f 1313// 1295// 1314//
f 1314// 1295// 760//
f 1314// 760// 762//
f 752// 751// 1296//
f 752// 1296// 1315//
f 1315// 1296// 1297//
f 1315// 1297// 1316//
f 1297// 1298// 1316//
f 1316// 1298// 1299//
f 1316// 1299// 1317//
f 1299// 1300// 1317//
f 1317// 1300// 1301//
f 1317// 1301// 1318//
f 1301// 1302// 1318//
f 1318// 1302// 1303//
f 1318// 1303// 1319//
f 1303// 1304// 1319//
f 1319// 1304// 1305//
f 1319// 1305// 1320//
f 1305// 1306// 1320//
f 1320// 1306// 490//
f 1320// 490// 491//
f 486// 487// 1307//
f 486// 1307// 1321//
f 1321// 1307// 1308//
f 1321// 1308// 1322//
f 1322// 1308// 1309//
f 1322// 1309// 1323//
f 1323// 1309// 1310//
f 1323// 1310// 1324//
f 1324// 1310// 1311//
f 1324// 1311// 1325//
f 1325// 1311// 1312//
f 1325// 1312// 1326//
f 1326// 1312// 1327//
f 1327// 1312// 1313//
f 1327// 1313// 1328//
f 1328// 1313// 1329//
f 1329// 1313// 1314//
f 1329// 1314// 1330//
f 1330// 1314// 1331//
f 1331// 1314// 762//
f 1331// 762// 735//
f 745// 752// 1315//
f 1332// 738// 745//
f 745// 1315// 1332//
f 1332// 1315// 1316//
f 1332// 1316// 1333//
f 1333// 1316// 1317//
f 1333// 1317// 1334//
f 1334// 1317// 1318//
f 1334// 1318// 1335//
f 1335// 1318// 1319//
f 1335// 1319// 1336//
f 1320// 491// 475//
f 475// 1337// 1320//
f 1320// 1337// 1338//
f 1320// 1338// 1319//
f 1319// 1338// 1339//
f 1319// 1339// 1336//
f 474// 486// 1340//
f 1340// 486// 1321//
f 1340// 1321// 1341//
f 1341// 1321// 1322//
f 1341// 1322// 1342//
f 1342// 1322// 1323//
f 1342// 1323// 1343//
f 1343// 1323// 1324//
f 1343// 1324// 1344//
f 1324// 1325// 1344//
f 1344// 1325// 1326//
f 1344// 1326// 1345//
f 1326// 1327// 1345//
f 1345// 1327// 1328//
f 1345// 1328// 1346//
f 1328// 1329// 1346//
f 1346// 1329// 1330//
f 1346// 1330// 1347//
f 1330// 1331// 1347//
f 1347// 1331// 735//
f 1347// 735// 736//
f 740// 738// 1332//
f 749// 740// 1348//
f 1348// 740// 1332//
f 1348// 1332// 1349//
f 1349// 1332// 1333//
f 1334// 1350// 1333//
f 1333// 1350// 1351//
f 1333// 1351// 1349//
f 1335// 1352// 1334//
f 1334// 1352// 1353//
f 1334// 1353// 1350//
f 475// 476// 1337//
f 1337// 476// 1354//
f 1337// 1354// 1338//
f 1338// 1354// 1355//
f 1338// 1355// 1339//
f 1339// 1355// 1356//
f 1339// 1356// 1336//
f 1336// 1356// 1357//
f 1336// 1357// 1335//
f 1335// 1357// 1358//
f 1335// 1358// 1352//
f 1359// 473// 474//
f 474// 1340// 1359//
f 1359// 1340// 1341//
f 1359// 1341// 1360//
f 1360// 1341// 1342//
f 1360// 1342// 1361//
f 1361// 1342// 1343//
f 1361// 1343// 1362//
f 1362// 1343// 1344//
f 1362// 1344// 1363//
f 1345// 1364// 1344//
f 1344// 1364// 1365//
f 1344// 1365// 1363//
f 1366// 1367// 1346//
f 1346// 1367// 1368//
f 1346// 1368// 1345//
f 1345// 1368// 1369//
f 1345// 1369// 1364//
f 1346// 1347// 1366//
f 1366// 1347// 736//
f 1366// 736// 747//
f 1370// 750// 749//
f 1370// 749// 1371//
f 749// 1348// 1371//
f 1371// 1348// 1349//
f 1371// 1349// 1372//
f 1372// 1349// 1351//
f 1372// 1351// 1373//
f 1373// 1351// 1350//
f 1373// 1350// 1374//
f 1374// 1350// 1353//
f 1374// 1353// 1375//
f 1357// 1376// 1358//
f 1358// 1376// 1375//
f 1358// 1375// 1352//
f 1352// 1375// 1353//
f 476// 477// 1354//
f 1354// 477// 1377//
f 1354// 1377// 1355//
f 1355// 1377// 1378//
f 1355// 1378// 1356//
f 1356// 1378// 1379//
f 1356// 1379// 1357//
f 1357// 1379// 1380//
f 1357// 1380// 1376//
f 472// 473// 1381//
f 1381// 473// 1359//
f 1381// 1359// 1382//
f 1382// 1359// 1360//
f 1382// 1360// 1383//
f 1383// 1360// 1361//
f 1383// 1361// 1384//
f 1384// 1361// 1362//
f 1384// 1362// 1385//
f 1385// 1362// 1363//
f 1385// 1363// 1386//
f 1363// 1365// 1386//
f 1386// 1365// 1364//
f 1386// 1364// 1387//
f 1364// 1369// 1387//
f 1387// 1369// 1368//
f 1387// 1368// 1388//
f 747// 743// 1366//
f 1366// 743// 1388//
f 1366// 1388// 1367//
f 1367// 1388// 1368//
f 746// 750// 1370//
f 718// 746// 1389//
f 1389// 746// 1370//
f 1389// 1370// 1390//
f 1370// 1371// 1390//
f 1390// 1371// 1372//
f 1390// 1372// 1391//
f 1372// 1373// 1391//
f 1391// 1373// 1374//
f 1391// 1374// 1392//
f 1392// 1374// 1375//
f 1377// 477// 461//
f 1375// 1376// 1392//
f 1392// 1376// 1380//
f 1392// 1380// 1393//
f 1393// 1380// 1379//
f 1393// 1379// 1394//
f 1394// 1379// 1378//
f 1394// 1378// 1395//
f 1395// 1378// 1377//
f 1395// 1377// 1396//
f 1396// 1377// 461//
f 1382// 1397// 1381//
f 1381// 1397// 460//
f 1381// 460// 472//
f 1386// 1398// 1399//
f 1386// 1399// 1385//
f 1385// 1399// 1400//
f 1385// 1400// 1384//
f 1384// 1400// 1401//
f 1384// 1401// 1383//
f 1383// 1401// 1402//
f 1383// 1402// 1382//
f 1382// 1402// 1403//
f 1382// 1403// 1397//
f 1398// 1386// 1404//
f 1404// 1386// 1387//
f 1404// 1387// 1405//
f 1405// 1387// 1406//
f 1406// 1387// 1388//
f 1406// 1388// 1407//
f 1407// 1388// 1408//
f 1408// 1388// 743//
f 1408// 743// 744//
f 720// 718// 1389//
f 727// 720// 1409//
f 1409// 720// 1389//
f 1409// 1389// 1410//
f 1410// 1389// 1390//
f 1391// 1411// 1390//
f 1390// 1411// 1412//
f 1390// 1412// 1410//
f 1392// 1413// 1391//
f 1391// 1413// 1414//
f 1391// 1414// 1411//
f 461// 462// 1396//
f 1396// 462// 1415//
f 1396// 1415// 1395//
f 1395// 1415// 1416//
f 1395// 1416// 1394//
f 1394// 1416// 1417//
f 1394// 1417// 1393//
f 1393// 1417// 1418//
f 1393// 1418// 1392//
f 1392// 1418// 1419//
f 1392// 1419// 1413//
f 1420// 459// 460//
f 460// 1397// 1420//
f 1420// 1397// 1403//
f 1420// 1403// 1421//
f 1421// 1403// 1402//
f 1421// 1402// 1422//
f 1422// 1402// 1401//
f 1422// 1401// 1423//
f 1423// 1401// 1400//
f 1423// 1400// 1424//
f 1424// 1400// 1399//
f 1424// 1399// 1425//
f 1425// 1399// 1426//
f 1399// 1398// 1426//
f 1426// 1398// 1404//
f 1426// 1404// 1427//
f 1427// 1404// 1428//
f 1406// 1407// 1429//
f 1404// 1405// 1428//
f 1428// 1405// 1406//
f 1428// 1406// 1430//
f 1430// 1406// 1429//
f 1407// 1408// 1429//
f 1429// 1408// 744//
f 1429// 744// 748//
f 727// 1409// 728//
f 728// 1409// 1431//
f 1409// 1410// 1431//
f 1431// 1410// 1412//
f 1431// 1412// 1432//
f 1412// 1411// 1432//
f 1432// 1411// 1414//
f 1432// 1414// 1433//
f 1414// 1413// 1433//
f 1433// 1413// 1419//
f 1433// 1419// 1434//
f 1434// 1419// 1418//
f 1434// 1418// 1435//
f 1435// 1418// 1417//
f 1435// 1417// 1436//
f 1436// 1417// 1416//
f 1436// 1416// 1437//
f 1437// 1416// 1415//
f 1437// 1415// 1438//
f 1438// 1415// 462//
f 1438// 462// 463//
f 458// 459// 1439//
f 1439// 459// 1420//
f 1439// 1420// 1440//
f 1440// 1420// 1421//
f 1440// 1421// 1441//
f 1441// 1421// 1422//
f 1441// 1422// 1442//
f 1442// 1422// 1423//
f 1442// 1423// 1443//
f 1443// 1423// 1424//
f 1443// 1424// 1444//
f 1424// 1425// 1444//
f 1444// 1425// 1426//
f 1444// 1426// 1445//
f 1426// 1427// 1445//
f 1445// 1427// 1428//
f 1445// 1428// 1446//
f 748// 723// 1429//
f 1429// 723// 1446//
f 1429// 1446// 1430//
f 1430// 1446// 1428//
f 725// 728// 1431//
f 1431// 1432// 1447//
f 1447// 1448// 1431//
f 1431// 1448// 1449//
f 1431// 1449// 725//
f 725// 1449// 1450//
f 725// 1450// 706//
f 463// 447// 1438//
f 1438// 447// 1451//
f 1438// 1451// 1437//
f 1451// 1452// 1437//
f 1437// 1452// 1453//
f 1437// 1453// 1436//
f 1436// 1453// 1454//
f 1436// 1454// 1435//
f 1435// 1454// 1455//
f 1435// 1455// 1434//
f 1434// 1455// 1456//
f 1434// 1456// 1433//
f 1433// 1456// 1457//
f 1433// 1457// 1432//
f 1432// 1457// 1458//
f 1432// 1458// 1447//
f 1440// 1459// 1439//
f 1439// 1459// 446//
f 1439// 446// 458//
f 1444// 1460// 1461//
f 1444// 1461// 1443//
f 1443// 1461// 1462//
f 1443// 1462// 1442//
f 1442// 1462// 1463//
f 1442// 1463// 1441//
f 1441// 1463// 1464//
f 1441// 1464// 1440//
f 1440// 1464// 1465//
f 1440// 1465// 1459//
f 1460// 1444// 1466//
f 1466// 1444// 1445//
f 1466// 1445// 1467//
f 1467// 1445// 1468//
f 1468// 1445// 1446//
f 1468// 1446// 1469//
f 1469// 1446// 1470//
f 1470// 1446// 723//
f 1470// 723// 724//
f 708// 706// 1450//
f 715// 708// 1471//
f 1471// 708// 1450//
f 1471// 1450// 1472//
f 1472// 1450// 1449//
f 1449// 1448// 1472//
f 1472// 1448// 1447//
f 1472// 1447// 1473//
f 1447// 1458// 1473//
f 1473// 1458// 1457//
f 1473// 1457// 1474//
f 1457// 1456// 1474//
f 1474// 1456// 1455//
f 1474// 1455// 1475//
f 1455// 1454// 1475//
f 1475// 1454// 1453//
f 1475// 1453// 1476//
f 447// 448// 1451//
f 1451// 448// 1476//
f 1451// 1476// 1452//
f 1452// 1476// 1453//
f 1477// 445// 446//
f 446// 1459// 1477//
f 1477// 1459// 1465//
f 1477// 1465// 1478//
f 1478// 1465// 1464//
f 1478// 1464// 1479//
f 1479// 1464// 1463//
f 1479// 1463// 1480//
f 1480// 1463// 1462//
f 1480// 1462// 1481//
f 1481// 1462// 1461//
f 1481// 1461// 1482//
f 1482// 1461// 1483//
f 1461// 1460// 1483//
f 1483// 1460// 1466//
f 1483// 1466// 1484//
f 1484// 1466// 1485//
f 1468// 1469// 1486//
f 1466// 1467// 1485//
f 1485// 1467// 1468//
f 1485// 1468// 1487//
f 1487// 1468// 1486//
f 1469// 1470// 1486//
f 1486// 1470// 724//
f 1486// 724// 726//
f 715// 1471// 716//
f 716// 1471// 1488//
f 1488// 1471// 1489//
f 1489// 1471// 1472//
f 1489// 1472// 1490//
f 1490// 1472// 1491//
f 1491// 1472// 1473//
f 1491// 1473// 1492//
f 1492// 1473// 1493//
f 1493// 1473// 1474//
f 1493// 1474// 1494//
f 1495// 1496// 1475//
f 1475// 1496// 1497//
f 1475// 1497// 1474//
f 1474// 1497// 1498//
f 1474// 1498// 1494//
f 1475// 1476// 1495//
f 1495// 1476// 448//
f 1495// 448// 449//
f 444// 445// 1477//
f 444// 1477// 1499//
f 1499// 1477// 1478//
f 1499// 1478// 1500//
f 1500// 1478// 1479//
f 1500// 1479// 1501//
f 1501// 1479// 1480//
f 1501// 1480// 1502//
f 1502// 1480// 1481//
f 1502// 1481// 1503//
f 1503// 1481// 1482//
f 1503// 1482// 1504//
f 1504// 1482// 1483//
f 1504// 1483// 1505//
f 1505// 1483// 1484//
f 1505// 1484// 1506//
f 1506// 1484// 1485//
f 1506// 1485// 1507//
f 1507// 1485// 1487//
f 1507// 1487// 1508//
f 1508// 1487// 1486//
f 1508// 1486// 1509//
f 1509// 1486// 726//
f 1509// 726// 711//
f 1510// 694// 713//
f 1510// 713// 1511//
f 1512// 1513// 1489//
f 1489// 1513// 1511//
f 1489// 1511// 1488//
f 1488// 1511// 713//
f 1488// 713// 716//
f 1489// 1490// 1512//
f 1512// 1490// 1491//
f 1512// 1491// 1514//
f 1514// 1491// 1515//
f 449// 433// 1495//
f 1495// 433// 1516//
f 1495// 1516// 1496//
f 1491// 1492// 1515//
f 1515// 1492// 1493//
f 1515// 1493// 1517//
f 1517// 1493// 1494//
f 1517// 1494// 1518//
f 1518// 1494// 1498//
f 1518// 1498// 1519//
f 1519// 1498// 1497//
f 1519// 1497// 1520//
f 1520// 1497// 1496//
f 1520// 1496// 1521//
f 1521// 1496// 1516//
f 432// 444// 1522//
f 1522// 444// 1499//
f 1522// 1499// 1523//
f 1523// 1499// 1500//
f 1523// 1500// 1524//
f 1524// 1500// 1501//
f 1524// 1501// 1525//
f 1525// 1501// 1502//
f 1525// 1502// 1526//
f 1502// 1503// 1526//
f 1526// 1503// 1504//
f 1526// 1504// 1527//
f 1504// 1505// 1527//
f 1527// 1505// 1506//
f 1527// 1506// 1528//
f 1506// 1507// 1528//
f 1528// 1507// 1508//
f 1528// 1508// 1529//
f 1508// 1509// 1529//
f 1529// 1509// 711//
f 1529// 711// 712//
f 696// 694// 1510//
f 703// 696// 1530//
f 1530// 696// 1510//
f 1530// 1510// 1531//
f 1531// 1510// 1511//
f 1531// 1511// 1532//
f 433// 434// 1516//
f 1516// 434// 1533//
f 1516// 1533// 1521//
f 1521// 1533// 1534//
f 1521// 1534// 1520//
f 1520// 1534// 1535//
f 1520// 1535// 1519//
f 1519// 1535// 1536//
f 1519// 1536// 1518//
f 1518// 1536// 1537//
f 1518// 1537// 1517//
f 1517// 1537// 1538//
f 1517// 1538// 1515//
f 1515// 1538// 1539//
f 1515// 1539// 1514//
f 1514// 1539// 1540//
f 1514// 1540// 1512//
f 1512// 1540// 1532//
f 1512// 1532// 1513//
f 1513// 1532// 1511//
f 1541// 431// 432//
f 432// 1522// 1541//
f 1541// 1522// 1523//
f 1541// 1523// 1542//
f 1542// 1523// 1524//
f 1542// 1524// 1543//
f 1543// 1524// 1525//
f 1543// 1525// 1544//
f 1544// 1525// 1526//
f 1544// 1526// 1545//
f 1527// 1546// 1526//
f 1526// 1546// 1547//
f 1526// 1547// 1545//
f 1548// 1549// 1528//
f 1528// 1549// 1550//
f 1528// 1550// 1527//
f 1527// 1550// 1551//
f 1527// 1551// 1546//
f 1528// 1529// 1548//
f 1548// 1529// 712//
f 1548// 712// 714//
f 703// 1530// 704//
f 704// 1530// 1552//
f 1530// 1531// 1552//
f 1552// 1531// 1532//
f 1552// 1532// 1553//
f 1532// 1540// 1553//
f 1553// 1540// 1539//
f 1553// 1539// 1554//
f 1539// 1538// 1554//
f 1554// 1538// 1537//
f 1554// 1537// 1555//
f 1555// 1537// 1536//
f 1555// 1536// 1556//
f 1556// 1536// 1535//
f 1556// 1535// 1557//
f 1557// 1535// 1534//
f 1557// 1534// 1558//
f 1558// 1534// 1533//
f 1558// 1533// 1559//
f 1559// 1533// 434//
f 1559// 434// 435//
f 430// 431// 1541//
f 430// 1541// 1560//
f 1560// 1541// 1542//
f 1560// 1542// 1561//
f 1561// 1542// 1562//
f 1562// 1542// 1543//
f 1562// 1543// 1563//
f 1543// 1544// 1563//
f 1563// 1544// 1545//
f 1563// 1545// 1564//
f 1564// 1545// 1547//
f 1564// 1547// 1565//
f 1565// 1547// 1546//
f 1565// 1546// 1566//
f 1566// 1546// 1551//
f 1566// 1551// 1567//
f 1567// 1551// 1550//
f 1567// 1550// 1568//
f 1568// 1550// 1549//
f 1568// 1549// 1569//
f 1569// 1549// 1548//
f 1569// 1548// 1570//
f 1570// 1548// 714//
f 1570// 714// 699//
f 1571// 682// 701//
f 1554// 1572// 1553//
f 1553// 1572// 1571//
f 1553// 1571// 1552//
f 1552// 1571// 701//
f 1552// 701// 704//
f 435// 419// 1559//
f 1559// 419// 1573//
f 1559// 1573// 1558//
f 1558// 1573// 1574//
f 1558// 1574// 1557//
f 1557// 1574// 1575//
f 1557// 1575// 1556//
f 1556// 1575// 1576//
f 1556// 1576// 1555//
f 1555// 1576// 1577//
f 1555// 1577// 1554//
f 1554// 1577// 1578//
f 1554// 1578// 1572//
f 418// 430// 1579//
f 1579// 430// 1560//
f 1579// 1560// 1580//
f 1580// 1560// 1561//
f 1580// 1561// 1581//
f 1581// 1561// 1562//
f 1581// 1562// 1582//
f 1582// 1562// 1563//
f 1582// 1563// 1583//
f 1563// 1564// 1583//
f 1583// 1564// 1565//
f 1583// 1565// 1584//
f 1565// 1566// 1584//
f 1584// 1566// 1567//
f 1584// 1567// 1585//
f 1567// 1568// 1585//
f 1585// 1568// 1569//
f 1585// 1569// 1586//
f 1569// 1570// 1586//
f 1586// 1570// 699//
f 1586// 699// 700//
f 1587// 691// 684//
f 684// 682// 1571//
f 1587// 684// 1588//
f 1588// 684// 1571//
f 1588// 1571// 1589//
f 1589// 1571// 1572//
f 1589// 1572// 1590//
f 1590// 1572// 1591//
f 1591// 1572// 1578//
f 1591// 1578// 1592//
f 1592// 1578// 1577//
f 1592// 1577// 1593//
f 1593// 1577// 1576//
f 1593// 1576// 1594//
f 1594// 1576// 1575//
f 1594// 1575// 1595//
f 1595// 1575// 1574//
f 1595// 1574// 1596//
f 1596// 1574// 1573//
f 1596// 1573// 1597//
f 1597// 1573// 419//
f 1597// 419// 420//
f 1598// 417// 418//
f 418// 1579// 1598//
f 1598// 1579// 1580//
f 1598// 1580// 1599//
f 1599// 1580// 1581//
f 1599// 1581// 1600//
f 1600// 1581// 1582//
f 1600// 1582// 1601//
f 1601// 1582// 1583//
f 1601// 1583// 1602//
f 1584// 1603// 1583//
f 1583// 1603// 1604//
f 1583// 1604// 1602//
f 1605// 1606// 1585//
f 1585// 1606// 1607//
f 1585// 1607// 1584//
f 1584// 1607// 1608//
f 1584// 1608// 1603//
f 1585// 1586// 1605//
f 1605// 1586// 700//
f 1605// 700// 702//
f 1593// 1609// 1610//
f 1593// 1610// 1592//
f 1592// 1610// 1611//
f 1592// 1611// 1591//
f 1591// 1611// 1612//
f 1591// 1612// 1590//
f 1590// 1612// 1613//
f 1590// 1613// 1589//
f 1589// 1613// 1614//
f 1589// 1614// 1588//
f 1588// 1614// 1615//
f 1588// 1615// 1587//
f 1587// 1615// 692//
f 1587// 692// 691//
f 1609// 1593// 1616//
f 1616// 1593// 1594//
f 1616// 1594// 1617//
f 1617// 1594// 1595//
f 1617// 1595// 1618//
f 1618// 1595// 1596//
f 1618// 1596// 1619//
f 1596// 1597// 1619//
f 1619// 1597// 420//
f 1619// 420// 421//
f 416// 417// 1620//
f 1620// 417// 1598//
f 1620// 1598// 1621//
f 1621// 1598// 1599//
f 1621// 1599// 1622//
f 1622// 1599// 1600//
f 1622// 1600// 1623//
f 1623// 1600// 1601//
f 1623// 1601// 1624//
f 1624// 1601// 1602//
f 1624// 1602// 1625//
f 1602// 1604// 1625//
f 1625// 1604// 1603//
f 1625// 1603// 1626//
f 1603// 1608// 1626//
f 1626// 1608// 1607//
f 1626// 1607// 1627//
f 702// 687// 1605//
f 1605// 687// 1627//
f 1605// 1627// 1606//
f 1606// 1627// 1607//
f 670// 689// 1628//
f 1628// 689// 1629//
f 1630// 1631// 1614//
f 1614// 1631// 1629//
f 1614// 1629// 1615//
f 1615// 1629// 689//
f 1615// 689// 692//
f 1614// 1613// 1630//
f 1630// 1613// 1612//
f 1630// 1612// 1632//
f 1632// 1612// 1633//
f 421// 405// 1619//
f 1619// 405// 1634//
f 1619// 1634// 1618//
f 1612// 1611// 1633//
f 1633// 1611// 1610//
f 1633// 1610// 1635//
f 1635// 1610// 1609//
f 1635// 1609// 1636//
f 1636// 1609// 1616//
f 1636// 1616// 1637//
f 1637// 1616// 1617//
f 1637// 1617// 1638//
f 1638// 1617// 1618//
f 1638// 1618// 1639//
f 1639// 1618// 1634//
f 404// 416// 1620//
f 404// 1620// 1640//
f 1640// 1620// 1621//
f 1640// 1621// 1641//
f 1641// 1621// 1622//
f 1641// 1622// 1642//
f 1642// 1622// 1623//
f 1642// 1623// 1643//
f 1643// 1623// 1624//
f 1643// 1624// 1644//
f 1644// 1624// 1625//
f 1644// 1625// 1645//
f 1645// 1625// 1626//
f 1645// 1626// 1646//
f 1646// 1626// 1627//
f 1646// 1627// 1647//
f 1647// 1627// 687//
f 1647// 687// 688//
f 672// 670// 1628//
f 679// 672// 1648//
f 1648// 672// 1628//
f 1648// 1628// 1649//
f 1649// 1628// 1629//
f 1649// 1629// 1650//
f 405// 406// 1634//
f 1634// 406// 1651//
f 1634// 1651// 1639//
f 1639// 1651// 1652//
f 1639// 1652// 1638//
f 1638// 1652// 1653//
f 1638// 1653// 1637//
f 1637// 1653// 1654//
f 1637// 1654// 1636//
f 1636// 1654// 1655//
f 1636// 1655// 1635//
f 1635// 1655// 1656//
f 1635// 1656// 1633//
f 1633// 1656// 1657//
f 1633// 1657// 1632//
f 1632// 1657// 1658//
f 1632// 1658// 1630//
f 1630// 1658// 1650//
f 1630// 1650// 1631//
f 1631// 1650// 1629//
f 403// 404// 1659//
f 1659// 404// 1640//
f 1659// 1640// 1660//
f 1660// 1640// 1641//
f 1660// 1641// 1661//
f 1661// 1641// 1642//
f 1661// 1642// 1662//
f 1662// 1642// 1643//
f 1662// 1643// 1663//
f 1663// 1643// 1644//
f 1663// 1644// 1664//
f 1644// 1645// 1664//
f 1664// 1645// 1646//
f 1664// 1646// 1665//
f 1665// 1646// 1647//
f 1665// 1647// 1666//
f 1666// 1647// 688//
f 1666// 688// 690//
f 679// 1648// 680//
f 680// 1648// 1667//
f 1648// 1649// 1667//
f 1667// 1649// 1650//
f 1667// 1650// 1668//
f 1650// 1658// 1668//
f 1668// 1658// 1657//
f 1668// 1657// 1669//
f 1657// 1656// 1669//
f 1669// 1656// 1655//
f 1669// 1655// 1670//
f 1670// 1655// 1654//
f 1670// 1654// 1671//
f 1671// 1654// 1653//
f 1671// 1653// 1672//
f 1672// 1653// 1652//
f 1672// 1652// 1673//
f 1673// 1652// 1651//
f 1673// 1651// 1674//
f 1674// 1651// 406//
f 1674// 406// 407//
f 402// 403// 1659//
f 402// 1659// 1675//
f 1675// 1659// 1660//
f 1675// 1660// 1676//
f 1676// 1660// 1661//
f 1676// 1661// 1677//
f 1677// 1661// 1662//
f 1677// 1662// 1678//
f 1678// 1662// 1679//
f 1679// 1662// 1663//
f 1679// 1663// 1680//
f 1663// 1664// 1680//
f 1680// 1664// 1665//
f 1680// 1665// 1681//
f 1681// 1665// 1666//
f 1681// 1666// 1682//
f 1682// 1666// 690//
f 1682// 690// 675//
f 677// 680// 1667//
f 1667// 1668// 1683//
f 1683// 1684// 1667//
f 1667// 1684// 1685//
f 1667// 1685// 677//
f 677// 1685// 1686//
f 677// 1686// 658//
f 407// 391// 1674//
f 1674// 391// 1687//
f 1674// 1687// 1673//
f 1687// 1688// 1673//
f 1673// 1688// 1689//
f 1673// 1689// 1672//
f 1672// 1689// 1690//
f 1672// 1690// 1671//
f 1671// 1690// 1691//
f 1671// 1691// 1670//
f 1670// 1691// 1692//
f 1670// 1692// 1669//
f 1669// 1692// 1693//
f 1669// 1693// 1668//
f 1668// 1693// 1694//
f 1668// 1694// 1683//
f 390// 402// 1675//
f 390// 1675// 1695//
f 1695// 1675// 1676//
f 1695// 1676// 1696//
f 1696// 1676// 1677//
f 1696// 1677// 1697//
f 1697// 1677// 1678//
f 1697// 1678// 1698//
f 1698// 1678// 1679//
f 1698// 1679// 1699//
f 1699// 1679// 1680//
f 1699// 1680// 1700//
f 1700// 1680// 1681//
f 1700// 1681// 1701//
f 1701// 1681// 1682//
f 1701// 1682// 1702//
f 1702// 1682// 675//
f 1702// 675// 676//
f 660// 658// 1686//
f 667// 660// 1703//
f 1703// 660// 1686//
f 1703// 1686// 1704//
f 1704// 1686// 1685//
f 1704// 1685// 1705//
f 391// 392// 1687//
f 1687// 392// 1706//
f 1687// 1706// 1688//
f 1688// 1706// 1707//
f 1688// 1707// 1689//
f 1689// 1707// 1708//
f 1689// 1708// 1690//
f 1690// 1708// 1709//
f 1690// 1709// 1691//
f 1691// 1709// 1710//
f 1691// 1710// 1692//
f 1692// 1710// 1711//
f 1692// 1711// 1693//
f 1693// 1711// 1712//
f 1693// 1712// 1694//
f 1694// 1712// 1713//
f 1694// 1713// 1683//
f 1683// 1713// 1705//
f 1683// 1705// 1684//
f 1684// 1705// 1685//
f 389// 390// 1714//
f 1714// 390// 1695//
f 1714// 1695// 1715//
f 1715// 1695// 1696//
f 1715// 1696// 1716//
f 1716// 1696// 1697//
f 1716// 1697// 1717//
f 1717// 1697// 1698//
f 1717// 1698// 1718//
f 1718// 1698// 1699//
f 1718// 1699// 1719//
f 1699// 1700// 1719//
f 1719// 1700// 1701//
f 1719// 1701// 1720//
f 1720// 1701// 1702//
f 1720// 1702// 1721//
f 1721// 1702// 676//
f 1721// 676// 678//
f 668// 667// 1722//
f 1722// 667// 1703//
f 1722// 1703// 1723//
f 1723// 1703// 1704//
f 1723// 1704// 1724//
f 1724// 1704// 1705//
f 1724// 1705// 1725//
f 1725// 1705// 1713//
f 1725// 1713// 1726//
f 1726// 1713// 1712//
f 1726// 1712// 1727//
f 1727// 1712// 1711//
f 1727// 1711// 1728//
f 1728// 1711// 1710//
f 1728// 1710// 1729//
f 1729// 1710// 1709//
f 1729// 1709// 1730//
f 1730// 1709// 1708//
f 1730// 1708// 1731//
f 1731// 1708// 1707//
f 1731// 1707// 1732//
f 1732// 1707// 1706//
f 1732// 1706// 393//
f 393// 1706// 392//
f 388// 389// 1714//
f 388// 1714// 1733//
f 1733// 1714// 1715//
f 1733// 1715// 1734//
f 1734// 1715// 1716//
f 1734// 1716// 1735//
f 1735// 1716// 1717//
f 1735// 1717// 1736//
f 1736// 1717// 1718//
f 1736// 1718// 1737//
f 1737// 1718// 1719//
f 1737// 1719// 1738//
f 1738// 1719// 1739//
f 1739// 1719// 1720//
f 1739// 1720// 1740//
f 1740// 1720// 1741//
f 1741// 1720// 1721//
f 1741// 1721// 1742//
f 1742// 1721// 1743//
f 1743// 1721// 678//
f 1743// 678// 663//
f 665// 668// 1722//
f 645// 665// 1744//
f 1744// 665// 1722//
f 1744// 1722// 1745//
f 1722// 1723// 1745//
f 1745// 1723// 1724//
f 1745// 1724// 1746//
f 1724// 1725// 1746//
f 1746// 1725// 1726//
f 1746// 1726// 1747//
f 1747// 1726// 1727//
f 1732// 393// 377//
f 1727// 1728// 1747//
f 1747// 1728// 1729//
f 1747// 1729// 1748//
f 1748// 1729// 1730//
f 1748// 1730// 1749//
f 1749// 1730// 1731//
f 1749// 1731// 1750//
f 1750// 1731// 1732//
f 1750// 1732// 1751//
f 1751// 1732// 377//
f 376// 388// 1752//
f 1752// 388// 1733//
f 1752// 1733// 1753//
f 1753// 1733// 1734//
f 1753// 1734// 1754//
f 1754// 1734// 1735//
f 1754// 1735// 1755//
f 1755// 1735// 1736//
f 1755// 1736// 1756//
f 1756// 1736// 1737//
f 1756// 1737// 1757//
f 1757// 1737// 1738//
f 1757// 1738// 1758//
f 1758// 1738// 1739//
f 1758// 1739// 1759//
f 1759// 1739// 1740//
f 1759// 1740// 1760//
f 1760// 1740// 1741//
f 1760// 1741// 1761//
f 1761// 1741// 1742//
f 1761// 1742// 1762//
f 1762// 1742// 1763//
f 1742// 1743// 1763//
f 1763// 1743// 663//
f 1763// 663// 664//
f 647// 645// 1744//
f 655// 647// 1764//
f 1764// 647// 1744//
f 1764// 1744// 1765//
f 1765// 1744// 1745//
f 1746// 1766// 1745//
f 1745// 1766// 1767//
f 1745// 1767// 1765//
f 1747// 1768// 1746//
f 1746// 1768// 1769//
f 1746// 1769// 1766//
f 377// 378// 1751//
f 1751// 378// 1770//
f 1751// 1770// 1750//
f 1750// 1770// 1771//
f 1750// 1771// 1749//
f 1749// 1771// 1772//
f 1749// 1772// 1748//
f 1748// 1772// 1773//
f 1748// 1773// 1747//
f 1747// 1773// 1774//
f 1747// 1774// 1768//
f 375// 376// 1775//
f 1775// 376// 1752//
f 1775// 1752// 1776//
f 1752// 1753// 1776//
f 1776// 1753// 1754//
f 1776// 1754// 1777//
f 1777// 1754// 1755//
f 1777// 1755// 1778//
f 1778// 1755// 1756//
f 1778// 1756// 1779//
f 1779// 1756// 1757//
f 1779// 1757// 1780//
f 1780// 1757// 1758//
f 1780// 1758// 1781//
f 1758// 1759// 1781//
f 1781// 1759// 1760//
f 1781// 1760// 1782//
f 1760// 1761// 1782//
f 1782// 1761// 1762//
f 1782// 1762// 666//
f 666// 1762// 1763//
f 666// 1763// 664//
f 655// 1764// 656//
f 656// 1764// 1783//
f 1764// 1765// 1783//
f 1783// 1765// 1767//
f 1783// 1767// 1784//
f 1767// 1766// 1784//
f 1784// 1766// 1769//
f 1784// 1769// 1785//
f 1769// 1768// 1785//
f 1785// 1768// 1774//
f 1785// 1774// 1786//
f 1786// 1774// 1773//
f 1786// 1773// 1787//
f 1787// 1773// 1772//
f 1787// 1772// 1788//
f 1788// 1772// 1771//
f 1788// 1771// 1789//
f 1789// 1771// 1770//
f 1789// 1770// 1790//
f 1790// 1770// 378//
f 1790// 378// 379//
f 374// 375// 1775//
f 374// 1775// 1791//
f 1791// 1775// 1776//
f 1791// 1776// 1792//
f 1792// 1776// 1793//
f 1793// 1776// 1777//
f 1793// 1777// 1794//
f 1794// 1777// 1778//
f 1794// 1778// 1795//
f 1795// 1778// 1779//
f 1795// 1779// 1796//
f 1779// 1780// 1796//
f 1796// 1780// 1781//
f 1796// 1781// 1797//
f 1797// 1781// 1782//
f 1797// 1782// 1798//
f 1798// 1782// 666//
f 1798// 666// 650//
f 1799// 637// 652//
f 1785// 1800// 1784//
f 1784// 1800// 1799//
f 1784// 1799// 1783//
f 1783// 1799// 652//
f 1783// 652// 656//
f 379// 363// 1790//
f 1790// 363// 1801//
f 1790// 1801// 1789//
f 1789// 1801// 1802//
f 1789// 1802// 1788//
f 1788// 1802// 1803//
f 1788// 1803// 1787//
f 1787// 1803// 1804//
f 1787// 1804// 1786//
f 1786// 1804// 1805//
f 1786// 1805// 1785//
f 1785// 1805// 1806//
f 1785// 1806// 1800//
f 362// 374// 1791//
f 362// 1791// 1807//
f 1807// 1791// 1792//
f 1807// 1792// 1808//
f 1808// 1792// 1793//
f 1808// 1793// 1809//
f 1809// 1793// 1794//
f 1809// 1794// 1810//
f 1810// 1794// 1795//
f 1810// 1795// 1811//
f 1811// 1795// 1796//
f 1811// 1796// 1812//
f 1812// 1796// 1797//
f 1812// 1797// 1813//
f 1813// 1797// 1798//
f 1813// 1798// 1814//
f 1814// 1798// 650//
f 1814// 650// 651//
f 639// 637// 1799//
f 1815// 633// 639//
f 639// 1799// 1815//
f 1815// 1799// 1800//
f 1815// 1800// 1816//
f 1816// 1800// 1806//
f 1816// 1806// 1817//
f 1817// 1806// 1805//
f 1817// 1805// 1818//
f 1818// 1805// 1804//
f 1818// 1804// 1819//
f 1819// 1804// 1803//
f 1819// 1803// 1820//
f 1820// 1803// 1802//
f 1820// 1802// 1821//
f 1821// 1802// 1801//
f 1821// 1801// 1822//
f 1822// 1801// 363//
f 1822// 363// 364//
f 361// 362// 1823//
f 1823// 362// 1807//
f 1823// 1807// 1824//
f 1824// 1807// 1808//
f 1824// 1808// 1825//
f 1825// 1808// 1809//
f 1825// 1809// 1826//
f 1826// 1809// 1810//
f 1826// 1810// 1827//
f 1827// 1810// 1811//
f 1827// 1811// 1828//
f 1811// 1812// 1828//
f 1828// 1812// 1813//
f 1828// 1813// 1829//
f 1829// 1813// 1814//
f 1829// 1814// 1830//
f 1830// 1814// 651//
f 1830// 651// 654//
f 1819// 1831// 1832//
f 1819// 1832// 1818//
f 1818// 1832// 1833//
f 1818// 1833// 1817//
f 1817// 1833// 1834//
f 1817// 1834// 1816//
f 1816// 1834// 1835//
f 1816// 1835// 1815//
f 1815// 1835// 634//
f 1815// 634// 633//
f 1831// 1819// 1836//
f 1836// 1819// 1820//
f 1836// 1820// 1837//
f 1820// 1821// 1837//
f 1837// 1821// 1822//
f 1837// 1822// 1838//
f 1838// 1822// 364//
f 1838// 364// 365//
f 360// 361// 1823//
f 360// 1823// 1839//
f 1839// 1823// 1824//
f 1839// 1824// 1840//
f 1840// 1824// 1825//
f 1840// 1825// 1841//
f 1841// 1825// 1826//
f 1841// 1826// 1842//
f 1842// 1826// 1827//
f 1842// 1827// 1843//
f 1843// 1827// 1828//
f 1843// 1828// 1844//
f 1844// 1828// 1829//
f 1844// 1829// 1845//
f 1845// 1829// 1830//
f 1845// 1830// 1846//
f 1846// 1830// 654//
f 1846// 654// 653//
f 634// 1835// 635//
f 635// 1835// 1847//
f 635// 1847// 643//
f 1834// 1848// 1835//
f 1835// 1848// 1849//
f 1835// 1849// 1847//
f 1833// 1850// 1834//
f 1834// 1850// 1851//
f 1834// 1851// 1848//
f 365// 122// 1838//
f 1838// 122// 1852//
f 1838// 1852// 1837//
f 1837// 1852// 1853//
f 1837// 1853// 1836//
f 1836// 1853// 1854//
f 1836// 1854// 1831//
f 1831// 1854// 1855//
f 1831// 1855// 1832//
f 1832// 1855// 1856//
f 1832// 1856// 1833//
f 1833// 1856// 1857//
f 1833// 1857// 1850//
f 120// 360// 1839//
f 120// 1839// 1858//
f 1858// 1839// 1840//
f 1858// 1840// 1859//
f 1859// 1840// 1841//
f 1859// 1841// 1860//
f 1860// 1841// 1842//
f 1860// 1842// 1861//
f 1861// 1842// 1843//
f 1861// 1843// 1862//
f 1862// 1843// 1844//
f 1862// 1844// 1863//
f 1863// 1844// 1864//
f 1864// 1844// 1845//
f 1864// 1845// 1865//
f 1865// 1845// 1866//
f 1866// 1845// 1846//
f 1866// 1846// 1867//
f 1867// 1846// 1868//
f 1868// 1846// 653//
f 1868// 653// 641//
f 641// 643// 1847//
f 1860// 1861// 1856//
f 1856// 1861// 1862//
f 1856// 1862// 1857//
f 1857// 1862// 1863//
f 1857// 1863// 1850//
f 1850// 1863// 1864//
f 1850// 1864// 1851//
f 1851// 1864// 1865//
f 1851// 1865// 1848//
f 1848// 1865// 1866//
f 1848// 1866// 1849//
f 1849// 1866// 1867//
f 1849// 1867// 1847//
f 1847// 1867// 1868//
f 1847// 1868// 641//
f 1856// 1855// 1860//
f 1860// 1855// 1854//
f 1860// 1854// 1859//
f 1859// 1854// 1853//
f 1859// 1853// 1858//
f 1853// 1852// 1858//
f 1858// 1852// 122//
f 1858// 122// 120//
f 640// 642// 1869//
f 640// 1869// 1870//
f 1870// 1869// 1871//
f 1870// 1871// 1872//
f 1872// 1871// 1873//
f 1872// 1873// 1874//
f 1874// 1873// 881//
f 1874// 881// 879//
f 638// 640// 1870//
f 638// 1870// 1875//
f 1875// 1870// 1872//
f 1875// 1872// 1876//
f 1876// 1872// 1874//
f 1876// 1874// 1877//
f 1877// 1874// 879//
f 1877// 879// 875//
f 877// 881// 1873//
f 877// 1873// 1878//
f 1878// 1873// 1871//
f 1878// 1871// 1879//
f 1879// 1871// 1869//
f 1879// 1869// 1880//
f 1880// 1869// 642//
f 1880// 642// 636//
f 636// 638// 1875//
f 636// 1875// 1880//
f 1880// 1875// 1876//
f 1880// 1876// 1879//
f 1879// 1876// 1877//
f 1879// 1877// 1878//
f 1878// 1877// 875//
f 1878// 875// 877//
f 648// 649// 1881//
f 648// 1881// 1882//
f 1882// 1881// 1883//
f 1882// 1883// 1884//
f 1884// 1883// 1885//
f 1884// 1885// 1886//
f 1886// 1885// 890//
f 1886// 890// 888//
f 646// 648// 1882//
f 646// 1882// 1887//
f 1887// 1882// 1884//
f 1887// 1884// 1888//
f 1888// 1884// 1886//
f 1888// 1886// 1889//
f 1889// 1886// 888//
f 1889// 888// 886//
f 884// 890// 1885//
f 884// 1885// 1890//
f 1890// 1885// 1883//
f 1890// 1883// 1891//
f 1891// 1883// 1881//
f 1891// 1881// 1892//
f 1892// 1881// 649//
f 1892// 649// 644//
f 644// 646// 1887//
f 644// 1887// 1892//
f 1892// 1887// 1888//
f 1892// 1888// 1891//
f 1891// 1888// 1889//
f 1891// 1889// 1890//
f 1890// 1889// 886//
f 1890// 886// 884//
f 661// 662// 1893//
f 661// 1893// 1894//
f 1894// 1893// 1895//
f 1894// 1895// 1896//
f 1896// 1895// 1897//
f 1896// 1897// 1898//
f 1898// 1897// 898//
f 1898// 898// 896//
f 659// 661// 1894//
f 659// 1894// 1899//
f 1899// 1894// 1896//
f 1899// 1896// 1900//
f 1900// 1896// 1898//
f 1900// 1898// 1901//
f 1901// 1898// 896//
f 1901// 896// 894//
f 892// 898// 1897//
f 892// 1897// 1902//
f 1902// 1897// 1895//
f 1902// 1895// 1903//
f 1903// 1895// 1893//
f 1903// 1893// 1904//
f 1904// 1893// 662//
f 1904// 662// 657//
f 657// 659// 1899//
f 657// 1899// 1904//
f 1904// 1899// 1900//
f 1904// 1900// 1903//
f 1903// 1900// 1901//
f 1903// 1901// 1902//
f 1902// 1901// 894//
f 1902// 894// 892//
f 673// 674// 1905//
f 673// 1905// 1906//
f 1906// 1905// 1907//
f 1906// 1907// 1908//
f 1908// 1907// 1909//
f 1908// 1909// 1910//
f 1910// 1909// 906//
f 1910// 906// 904//
f 671// 673// 1906//
f 671// 1906// 1911//
f 1911// 1906// 1908//
f 1911// 1908// 1912//
f 1912// 1908// 1910//
f 1912// 1910// 1913//
f 1913// 1910// 904//
f 1913// 904// 902//
f 900// 906// 1909//
f 900// 1909// 1914//
f 1914// 1909// 1907//
f 1914// 1907// 1915//
f 1915// 1907// 1905//
f 1915// 1905// 1916//
f 1916// 1905// 674//
f 1916// 674// 669//
f 669// 671// 1911//
f 669// 1911// 1916//
f 1916// 1911// 1912//
f 1916// 1912// 1915//
f 1915// 1912// 1913//
f 1915// 1913// 1914//
f 1914// 1913// 902//
f 1914// 902// 900//
f 685// 686// 1917//
f 685// 1917// 1918//
f 1918// 1917// 1919//
f 1918// 1919// 1920//
f 1920// 1919// 1921//
f 1920// 1921// 1922//
f 1922// 1921// 914//
f 1922// 914// 912//
f 683// 685// 1918//
f 683// 1918// 1923//
f 1923// 1918// 1920//
f 1923// 1920// 1924//
f 1924// 1920// 1922//
f 1924// 1922// 1925//
f 1925// 1922// 912//
f 1925// 912// 910//
f 908// 914// 1921//
f 908// 1921// 1926//
f 1926// 1921// 1919//
f 1926// 1919// 1927//
f 1927// 1919// 1917//
f 1927// 1917// 1928//
f 1928// 1917// 686//
f 1928// 686// 681//
f 681// 683// 1923//
f 681// 1923// 1928//
f 1928// 1923// 1924//
f 1928// 1924// 1927//
f 1927// 1924// 1925//
f 1927// 1925// 1926//
f 1926// 1925// 910//
f 1926// 910// 908//
f 697// 698// 1929//
f 697// 1929// 1930//
f 1930// 1929// 1931//
f 1930// 1931// 1932//
f 1932// 1931// 1933//
f 1932// 1933// 1934//
f 1934// 1933// 922//
f 1934// 922// 920//
f 695// 697// 1930//
f 695// 1930// 1935//
f 1935// 1930// 1932//
f 1935// 1932// 1936//
f 1936// 1932// 1934//
f 1936// 1934// 1937//
f 1937// 1934// 920//
f 1937// 920// 918//
f 916// 922// 1933//
f 916// 1933// 1938//
f 1938// 1933// 1931//
f 1938// 1931// 1939//
f 1939// 1931// 1929//
f 1939// 1929// 1940//
f 1940// 1929// 698//
f 1940// 698// 693//
f 693// 695// 1935//
f 693// 1935// 1940//
f 1940// 1935// 1936//
f 1940// 1936// 1939//
f 1939// 1936// 1937//
f 1939// 1937// 1938//
f 1938// 1937// 918//
f 1938// 918// 916//
f 709// 710// 1941//
f 709// 1941// 1942//
f 1942// 1941// 1943//
f 1942// 1943// 1944//
f 1944// 1943// 1945//
f 1944// 1945// 1946//
f 1946// 1945// 930//
f 1946// 930// 928//
f 707// 709// 1942//
f 707// 1942// 1947//
f 1947// 1942// 1944//
f 1947// 1944// 1948//
f 1948// 1944// 1946//
f 1948// 1946// 1949//
f 1949// 1946// 928//
f 1949// 928// 926//
f 924// 930// 1945//
f 924// 1945// 1950//
f 1950// 1945// 1943//
f 1950// 1943// 1951//
f 1951// 1943// 1941//
f 1951// 1941// 1952//
f 1952// 1941// 710//
f 1952// 710// 705//
f 705// 707// 1947//
f 705// 1947// 1952//
f 1952// 1947// 1948//
f 1952// 1948// 1951//
f 1951// 1948// 1949//
f 1951// 1949// 1950//
f 1950// 1949// 926//
f 1950// 926// 924//
f 721// 722// 1953//
f 721// 1953// 1954//
f 1954// 1953// 1955//
f 1954// 1955// 1956//
f 1956// 1955// 1957//
f 1956// 1957// 1958//
f 1958// 1957// 938//
f 1958// 938// 936//
f 719// 721// 1954//
f 719// 1954// 1959//
f 1959// 1954// 1956//
f 1959// 1956// 1960//
f 1960// 1956// 1958//
f 1960// 1958// 1961//
f 1961// 1958// 936//
f 1961// 936// 934//
f 932// 938// 1957//
f 932// 1957// 1962//
f 1962// 1957// 1955//
f 1962// 1955// 1963//
f 1963// 1955// 1953//
f 1963// 1953// 1964//
f 1964// 1953// 722//
f 1964// 722// 717//
f 717// 719// 1959//
f 717// 1959// 1964//
f 1964// 1959// 1960//
f 1964// 1960// 1963//
f 1963// 1960// 1961//
f 1963// 1961// 1962//
f 1962// 1961// 934//
f 1962// 934// 932//
f 741// 742// 1965//
f 741// 1965// 1966//
f 1966// 1965// 1967//
f 1966// 1967// 1968//
f 1968// 1967// 1969//
f 1968// 1969// 1970//
f 1970// 1969// 946//
f 1970// 946// 944//
f 739// 741// 1966//
f 739// 1966// 1971//
f 1971// 1966// 1968//
f 1971// 1968// 1972//
f 1972// 1968// 1970//
f 1972// 1970// 1973//
f 1973// 1970// 944//
f 1973// 944// 942//
f 940// 946// 1969//
f 940// 1969// 1974//
f 1974// 1969// 1967//
f 1974// 1967// 1975//
f 1975// 1967// 1965//
f 1975// 1965// 1976//
f 1976// 1965// 742//
f 1976// 742// 737//
f 737// 739// 1971//
f 737// 1971// 1976//
f 1976// 1971// 1972//
f 1976// 1972// 1975//
f 1975// 1972// 1973//
f 1975// 1973// 1974//
f 1974// 1973// 942//
f 1974// 942// 940//
f 733// 734// 1977//
f 733// 1977// 1978//
f 1978// 1977// 1979//
f 1978// 1979// 1980//
f 1980// 1979// 1981//
f 1980// 1981// 1982//
f 1982// 1981// 954//
f 1982// 954// 952//
f 731// 733// 1978//
f 731// 1978// 1983//
f 1983// 1978// 1980//
f 1983// 1980// 1984//
f 1984// 1980// 1982//
f 1984// 1982// 1985//
f 1985// 1982// 952//
f 1985// 952// 950//
f 948// 954// 1981//
f 948// 1981// 1986//
f 1986// 1981// 1979//
f 1986// 1979// 1987//
f 1987// 1979// 1977//
f 1987// 1977// 1988//
f 1988// 1977// 734//
f 1988// 734// 729//
f 729// 731// 1983//
f 729// 1983// 1988//
f 1988// 1983// 1984//
f 1988// 1984// 1987//
f 1987// 1984// 1985//
f 1987// 1985// 1986//
f 1986// 1985// 950//
f 1986// 950// 948//
f 757// 758// 1989//
f 757// 1989// 1990//
f 1990// 1989// 1991//
f 1990// 1991// 1992//
f 1992// 1991// 1993//
f 1992// 1993// 1994//
f 1994// 1993// 962//
f 1994// 962// 960//
f 755// 757// 1990//
f 755// 1990// 1995//
f 1995// 1990// 1992//
f 1995// 1992// 1996//
f 1996// 1992// 1994//
f 1996// 1994// 1997//
f 1997// 1994// 960//
f 1997// 960// 958//
f 956// 962// 1993//
f 956// 1993// 1998//
f 1998// 1993// 1991//
f 1998// 1991// 1999//
f 1999// 1991// 1989//
f 1999// 1989// 2000//
f 2000// 1989// 758//
f 2000// 758// 753//
f 753// 755// 1995//
f 753// 1995// 2000//
f 2000// 1995// 1996//
f 2000// 1996// 1999//
f 1999// 1996// 1997//
f 1999// 1997// 1998//
f 1998// 1997// 958//
f 1998// 958// 956//
f 769// 770// 2001//
f 769// 2001// 2002//
f 2002// 2001// 2003//
f 2002// 2003// 2004//
f 2004// 2003// 2005//
f 2004// 2005// 2006//
f 2006// 2005// 970//
f 2006// 970// 968//
f 767// 769// 2002//
f 767// 2002// 2007//
f 2007// 2002// 2004//
f 2007// 2004// 2008//
f 2008// 2004// 2006//
f 2008// 2006// 2009//
f 2009// 2006// 968//
f 2009// 968// 966//
f 964// 970// 2005//
f 964// 2005// 2010//
f 2010// 2005// 2003//
f 2010// 2003// 2011//
f 2011// 2003// 2001//
f 2011// 2001// 2012//
f 2012// 2001// 770//
f 2012// 770// 765//
f 765// 767// 2007//
f 765// 2007// 2012//
f 2012// 2007// 2008//
f 2012// 2008// 2011//
f 2011// 2008// 2009//
f 2011// 2009// 2010//
f 2010// 2009// 966//
f 2010// 966// 964//
f 781// 782// 2013//
f 781// 2013// 2014//
f 2014// 2013// 2015//
f 2014// 2015// 2016//
f 2016// 2015// 2017//
f 2016// 2017// 2018//
f 2018// 2017// 978//
f 2018// 978// 976//
f 779// 781// 2014//
f 779// 2014// 2019//
f 2019// 2014// 2016//
f 2019// 2016// 2020//
f 2020// 2016// 2018//
f 2020// 2018// 2021//
f 2021// 2018// 976//
f 2021// 976// 974//
f 972// 978// 2017//
f 972// 2017// 2022//
f 2022// 2017// 2015//
f 2022// 2015// 2023//
f 2023// 2015// 2013//
f 2023// 2013// 2024//
f 2024// 2013// 782//
f 2024// 782// 777//
f 777// 779// 2019//
f 777// 2019// 2024//
f 2024// 2019// 2020//
f 2024// 2020// 2023//
f 2023// 2020// 2021//
f 2023// 2021// 2022//
f 2022// 2021// 974//
f 2022// 974// 972//
f 795// 797// 2025//
f 795// 2025// 2026//
f 2026// 2025// 2027//
f 2026// 2027// 2028//
f 2028// 2027// 2029//
f 2028// 2029// 2030//
f 2030// 2029// 986//
f 2030// 986// 984//
f 793// 795// 2026//
f 793// 2026// 2031//
f 2031// 2026// 2028//
f 2031// 2028// 2032//
f 2032// 2028// 2030//
f 2032// 2030// 2033//
f 2033// 2030// 984//
f 2033// 984// 982//
f 980// 986// 2029//
f 980// 2029// 2034//
f 2034// 2029// 2027//
f 2034// 2027// 2035//
f 2035// 2027// 2025//
f 2035// 2025// 2036//
f 2036// 2025// 797//
f 2036// 797// 791//
f 791// 793// 2031//
f 791// 2031// 2036//
f 2036// 2031// 2032//
f 2036// 2032// 2035//
f 2035// 2032// 2033//
f 2035// 2033// 2034//
f 2034// 2033// 982//
f 2034// 982// 980//
f 803// 809// 2037//
f 803// 2037// 2038//
f 2038// 2037// 2039//
f 2038// 2039// 2040//
f 2040// 2039// 2041//
f 2040// 2041// 2042//
f 2042// 2041// 994//
f 2042// 994// 992//
f 804// 803// 2038//
f 804// 2038// 2043//
f 2043// 2038// 2040//
f 2043// 2040// 2044//
f 2044// 2040// 2042//
f 2044// 2042// 2045//
f 2045// 2042// 992//
f 2045// 992// 990//
f 988// 994// 2041//
f 988// 2041// 2046//
f 2046// 2041// 2039//
f 2046// 2039// 2047//
f 2047// 2039// 2037//
f 2047// 2037// 2048//
f 2048// 2037// 809//
f 2048// 809// 807//
f 807// 804// 2043//
f 807// 2043// 2048//
f 2048// 2043// 2044//
f 2048// 2044// 2047//
f 2047// 2044// 2045//
f 2047// 2045// 2046//
f 2046// 2045// 990//
f 2046// 990// 988//
f 2049// 818// 817//
f 2049// 817// 2050//
f 2050// 817// 2051//
f 2050// 2051// 2052//
f 2053// 2054// 2052//
f 2052// 2054// 2055//
f 2052// 2055// 2050//
f 2053// 2056// 2054//
f 2054// 2056// 878//
f 2054// 878// 876//
f 2057// 816// 818//
f 2057// 818// 2058//
f 2050// 2055// 2059//
f 818// 2049// 2058//
f 2058// 2049// 2050//
f 2058// 2050// 2060//
f 2060// 2050// 2059//
f 2055// 2054// 2059//
f 2059// 2054// 876//
f 2059// 876// 880//
f 878// 2056// 882//
f 882// 2056// 2061//
f 2053// 2052// 2062//
f 2053// 2062// 2056//
f 2056// 2062// 2063//
f 2056// 2063// 2061//
f 2051// 817// 815//
f 2051// 815// 2052//
f 2052// 815// 2064//
f 2052// 2064// 2062//
f 2064// 815// 816//
f 2064// 816// 2062//
f 2058// 2060// 2061//
f 816// 2057// 2062//
f 2062// 2057// 2058//
f 2062// 2058// 2063//
f 2063// 2058// 2061//
f 2060// 2059// 2061//
f 2061// 2059// 880//
f 2061// 880// 882//
f 2065// 822// 821//
f 2065// 821// 2066//
f 2067// 2068// 2069//
f 821// 2070// 2066//
f 2066// 2070// 2067//
f 2066// 2067// 2071//
f 2071// 2067// 2069//
f 2068// 2072// 2069//
f 2069// 2072// 883//
f 2069// 883// 885//
f 2073// 820// 822//
f 2073// 822// 2074//
f 2066// 2071// 2075//
f 822// 2065// 2074//
f 2074// 2065// 2066//
f 2074// 2066// 2076//
f 2076// 2066// 2075//
f 2071// 2069// 2075//
f 2075// 2069// 885//
f 2075// 885// 887//
f 883// 2072// 889//
f 889// 2072// 2077//
f 2068// 2067// 2078//
f 2068// 2078// 2072//
f 2072// 2078// 2079//
f 2072// 2079// 2077//
f 2070// 821// 819//
f 2070// 819// 2067//
f 2067// 819// 2080//
f 2067// 2080// 2078//
f 2080// 819// 820//
f 2080// 820// 2078//
f 2078// 820// 2073//
f 2078// 2073// 2074//
f 2076// 2077// 2074//
f 2074// 2077// 2079//
f 2074// 2079// 2078//
f 2076// 2075// 2077//
f 2077// 2075// 887//
f 2077// 887// 889//
f 2081// 826// 825//
f 2081// 825// 2082//
f 2082// 825// 2083//
f 2082// 2083// 2084//
f 2085// 2086// 2084//
f 2084// 2086// 2087//
f 2084// 2087// 2082//
f 2085// 2088// 2086//
f 2086// 2088// 891//
f 2086// 891// 893//
f 2089// 824// 826//
f 2089// 826// 2090//
f 2082// 2087// 2091//
f 826// 2081// 2090//
f 2090// 2081// 2082//
f 2090// 2082// 2092//
f 2092// 2082// 2091//
f 2087// 2086// 2091//
f 2091// 2086// 893//
f 2091// 893// 895//
f 2093// 2094// 2084//
f 2095// 2096// 2088//
f 2088// 2096// 897//
f 2088// 897// 891//
f 2095// 2088// 2094//
f 2094// 2088// 2085//
f 2094// 2085// 2084//
f 2093// 2084// 823//
f 823// 2084// 2083//
f 823// 2083// 825//
f 2093// 823// 824//
f 2093// 824// 2094//
f 2090// 2092// 2096//
f 824// 2089// 2094//
f 2094// 2089// 2090//
f 2094// 2090// 2095//
f 2095// 2090// 2096//
f 2092// 2091// 2096//
f 2096// 2091// 895//
f 2096// 895// 897//
f 2097// 830// 829//
f 2097// 829// 2098//
f 2098// 829// 2099//
f 2098// 2099// 2100//
f 2101// 2102// 2100//
f 2100// 2102// 2103//
f 2100// 2103// 2098//
f 2101// 2104// 2102//
f 2102// 2104// 899//
f 2102// 899// 901//
f 2105// 828// 830//
f 2105// 830// 2106//
f 2098// 2103// 2107//
f 830// 2097// 2106//
f 2106// 2097// 2098//
f 2106// 2098// 2108//
f 2108// 2098// 2107//
f 2103// 2102// 2107//
f 2107// 2102// 901//
f 2107// 901// 903//
f 2109// 2110// 2100//
f 899// 2104// 905//
f 905// 2104// 2111//
f 2100// 2110// 2101//
f 2101// 2110// 2104//
f 2104// 2110// 2112//
f 2104// 2112// 2111//
f 2109// 2100// 827//
f 827// 2100// 2099//
f 827// 2099// 829//
f 2109// 827// 828//
f 2109// 828// 2110//
f 2110// 828// 2105//
f 2110// 2105// 2106//
f 2108// 2111// 2106//
f 2106// 2111// 2112//
f 2106// 2112// 2110//
f 2108// 2107// 2111//
f 2111// 2107// 903//
f 2111// 903// 905//
f 2113// 834// 833//
f 2113// 833// 2114//
f 2114// 833// 2115//
f 2114// 2115// 2116//
f 2117// 2118// 2116//
f 2116// 2118// 2119//
f 2116// 2119// 2114//
f 2117// 2120// 2118//
f 2118// 2120// 907//
f 2118// 907// 909//
f 2121// 832// 834//
f 2121// 834// 2122//
f 2114// 2119// 2123//
f 834// 2113// 2122//
f 2122// 2113// 2114//
f 2122// 2114// 2124//
f 2124// 2114// 2123//
f 2119// 2118// 2123//
f 2123// 2118// 909//
f 2123// 909// 911//
f 2125// 2126// 2116//
f 907// 2120// 913//
f 913// 2120// 2127//
f 2116// 2126// 2117//
f 2117// 2126// 2120//
f 2120// 2126// 2128//
f 2120// 2128// 2127//
f 2125// 2116// 831//
f 831// 2116// 2115//
f 831// 2115// 833//
f 2125// 831// 832//
f 2125// 832// 2126//
f 2126// 832// 2121//
f 2126// 2121// 2122//
f 2124// 2127// 2122//
f 2122// 2127// 2128//
f 2122// 2128// 2126//
f 2124// 2123// 2127//
f 2127// 2123// 911//
f 2127// 911// 913//
f 2129// 838// 837//
f 2129// 837// 2130//
f 2131// 2132// 2133//
f 837// 2134// 2130//
f 2130// 2134// 2131//
f 2130// 2131// 2135//
f 2135// 2131// 2133//
f 2132// 2136// 2133//
f 2133// 2136// 915//
f 2133// 915// 917//
f 2129// 2130// 2137//
f 2129// 2137// 838//
f 838// 2137// 2138//
f 838// 2138// 836//
f 2135// 2139// 2130//
f 2130// 2139// 2140//
f 2130// 2140// 2137//
f 2135// 2133// 2139//
f 2139// 2133// 917//
f 2139// 917// 919//
f 2141// 2142// 2136//
f 2136// 2142// 921//
f 2136// 921// 915//
f 2141// 2136// 2143//
f 2143// 2136// 2132//
f 2143// 2132// 2131//
f 2134// 837// 835//
f 2134// 835// 2131//
f 2131// 835// 2144//
f 2131// 2144// 2143//
f 2144// 835// 836//
f 2144// 836// 2143//
f 2143// 836// 2138//
f 2143// 2138// 2137//
f 2140// 2142// 2137//
f 2137// 2142// 2141//
f 2137// 2141// 2143//
f 2140// 2139// 2142//
f 2142// 2139// 919//
f 2142// 919// 921//
f 2145// 842// 841//
f 2145// 841// 2146//
f 2147// 2148// 2149//
f 841// 2150// 2146//
f 2146// 2150// 2147//
f 2146// 2147// 2151//
f 2151// 2147// 2149//
f 2148// 2152// 2149//
f 2149// 2152// 923//
f 2149// 923// 925//
f 2153// 840// 842//
f 2153// 842// 2154//
f 2146// 2151// 2155//
f 842// 2145// 2154//
f 2154// 2145// 2146//
f 2154// 2146// 2156//
f 2156// 2146// 2155//
f 2151// 2149// 2155//
f 2155// 2149// 925//
f 2155// 925// 927//
f 923// 2152// 929//
f 929// 2152// 2157//
f 2148// 2147// 2158//
f 2148// 2158// 2152//
f 2152// 2158// 2159//
f 2152// 2159// 2157//
f 2150// 841// 839//
f 2150// 839// 2147//
f 2147// 839// 2160//
f 2147// 2160// 2158//
f 2160// 839// 840//
f 2160// 840// 2158//
f 2154// 2156// 2157//
f 840// 2153// 2158//
f 2158// 2153// 2154//
f 2158// 2154// 2159//
f 2159// 2154// 2157//
f 2156// 2155// 2157//
f 2157// 2155// 927//
f 2157// 927// 929//
f 2161// 846// 845//
f 2161// 845// 2162//
f 2163// 2164// 2165//
f 845// 2166// 2162//
f 2162// 2166// 2163//
f 2162// 2163// 2167//
f 2167// 2163// 2165//
f 2164// 2168// 2165//
f 2165// 2168// 931//
f 2165// 931// 933//
f 2169// 844// 846//
f 2169// 846// 2170//
f 2162// 2167// 2171//
f 846// 2161// 2170//
f 2170// 2161// 2162//
f 2170// 2162// 2172//
f 2172// 2162// 2171//
f 2167// 2165// 2171//
f 2171// 2165// 933//
f 2171// 933// 935//
f 931// 2168// 937//
f 937// 2168// 2173//
f 2164// 2163// 2174//
f 2164// 2174// 2168//
f 2168// 2174// 2175//
f 2168// 2175// 2173//
f 2166// 845// 843//
f 2166// 843// 2163//
f 2163// 843// 2176//
f 2163// 2176// 2174//
f 2176// 843// 844//
f 2176// 844// 2174//
f 2170// 2172// 2173//
f 844// 2169// 2174//
f 2174// 2169// 2170//
f 2174// 2170// 2175//
f 2175// 2170// 2173//
f 2172// 2171// 2173//
f 2173// 2171// 935//
f 2173// 935// 937//
f 2177// 850// 849//
f 2177// 849// 2178//
f 2179// 2180// 2181//
f 849// 2182// 2178//
f 2178// 2182// 2179//
f 2178// 2179// 2183//
f 2183// 2179// 2181//
f 2180// 2184// 2181//
f 2181// 2184// 939//
f 2181// 939// 941//
f 2185// 848// 850//
f 2185// 850// 2186//
f 2178// 2183// 2187//
f 850// 2177// 2186//
f 2186// 2177// 2178//
f 2186// 2178// 2188//
f 2188// 2178// 2187//
f 2183// 2181// 2187//
f 2187// 2181// 941//
f 2187// 941// 943//
f 939// 2184// 945//
f 945// 2184// 2189//
f 2180// 2179// 2190//
f 2180// 2190// 2184//
f 2184// 2190// 2191//
f 2184// 2191// 2189//
f 2182// 849// 847//
f 2182// 847// 2179//
f 2179// 847// 2192//
f 2179// 2192// 2190//
f 2192// 847// 848//
f 2192// 848// 2190//
f 2186// 2188// 2189//
f 848// 2185// 2190//
f 2190// 2185// 2186//
f 2190// 2186// 2191//
f 2191// 2186// 2189//
f 2188// 2187// 2189//
f 2189// 2187// 943//
f 2189// 943// 945//
f 2193// 854// 853//
f 2193// 853// 2194//
f 2195// 2196// 2197//
f 853// 2198// 2194//
f 2194// 2198// 2195//
f 2194// 2195// 2199//
f 2199// 2195// 2197//
f 2196// 2200// 2197//
f 2197// 2200// 947//
f 2197// 947// 949//
f 2201// 852// 854//
f 2201// 854// 2202//
f 2194// 2199// 2203//
f 854// 2193// 2202//
f 2202// 2193// 2194//
f 2202// 2194// 2204//
f 2204// 2194// 2203//
f 2199// 2197// 2203//
f 2203// 2197// 949//
f 2203// 949// 951//
f 947// 2200// 953//
f 953// 2200// 2205//
f 2196// 2195// 2206//
f 2196// 2206// 2200//
f 2200// 2206// 2207//
f 2200// 2207// 2205//
f 2198// 853// 851//
f 2198// 851// 2195//
f 2195// 851// 2208//
f 2195// 2208// 2206//
f 2208// 851// 852//
f 2208// 852// 2206//
f 2202// 2204// 2205//
f 852// 2201// 2206//
f 2206// 2201// 2202//
f 2206// 2202// 2207//
f 2207// 2202// 2205//
f 2204// 2203// 2205//
f 2205// 2203// 951//
f 2205// 951// 953//
f 2209// 858// 857//
f 2209// 857// 2210//
f 2211// 2212// 2213//
f 857// 2214// 2210//
f 2210// 2214// 2211//
f 2210// 2211// 2215//
f 2215// 2211// 2213//
f 2212// 2216// 2213//
f 2213// 2216// 955//
f 2213// 955// 957//
f 2217// 856// 858//
f 2217// 858// 2218//
f 2210// 2215// 2219//
f 858// 2209// 2218//
f 2218// 2209// 2210//
f 2218// 2210// 2220//
f 2220// 2210// 2219//
f 2215// 2213// 2219//
f 2219// 2213// 957//
f 2219// 957// 959//
f 955// 2216// 961//
f 961// 2216// 2221//
f 2212// 2211// 2222//
f 2212// 2222// 2216//
f 2216// 2222// 2223//
f 2216// 2223// 2221//
f 2214// 857// 855//
f 2214// 855// 2211//
f 2211// 855// 2224//
f 2211// 2224// 2222//
f 2224// 855// 856//
f 2224// 856// 2222//
f 2218// 2220// 2221//
f 856// 2217// 2222//
f 2222// 2217// 2218//
f 2222// 2218// 2223//
f 2223// 2218// 2221//
f 2220// 2219// 2221//
f 2221// 2219// 959//
f 2221// 959// 961//
f 2225// 862// 861//
f 2225// 861// 2226//
f 2227// 2228// 2229//
f 861// 2230// 2226//
f 2226// 2230// 2227//
f 2226// 2227// 2231//
f 2231// 2227// 2229//
f 2228// 2232// 2229//
f 2229// 2232// 963//
f 2229// 963// 965//
f 2233// 860// 862//
f 2233// 862// 2234//
f 2226// 2231// 2235//
f 862// 2225// 2234//
f 2234// 2225// 2226//
f 2234// 2226// 2236//
f 2236// 2226// 2235//
f 2231// 2229// 2235//
f 2235// 2229// 965//
f 2235// 965// 967//
f 963// 2232// 969//
f 969// 2232// 2237//
f 2228// 2227// 2238//
f 2228// 2238// 2232//
f 2232// 2238// 2239//
f 2232// 2239// 2237//
f 2230// 861// 859//
f 2230// 859// 2227//
f 2227// 859// 2240//
f 2227// 2240// 2238//
f 2240// 859// 860//
f 2240// 860// 2238//
f 2234// 2236// 2237//
f 860// 2233// 2238//
f 2238// 2233// 2234//
f 2238// 2234// 2239//
f 2239// 2234// 2237//
f 2236// 2235// 2237//
f 2237// 2235// 967//
f 2237// 967// 969//
f 2241// 866// 865//
f 2241// 865// 2242//
f 2243// 2244// 2245//
f 865// 2246// 2242//
f 2242// 2246// 2243//
f 2242// 2243// 2247//
f 2247// 2243// 2245//
f 2244// 2248// 2245//
f 2245// 2248// 971//
f 2245// 971// 973//
f 2249// 864// 866//
f 2249// 866// 2250//
f 2242// 2247// 2251//
f 866// 2241// 2250//
f 2250// 2241// 2242//
f 2250// 2242// 2252//
f 2252// 2242// 2251//
f 2247// 2245// 2251//
f 2251// 2245// 973//
f 2251// 973// 975//
f 2253// 2254// 2243//
f 971// 2248// 977//
f 977// 2248// 2255//
f 2243// 2254// 2244//
f 2244// 2254// 2248//
f 2248// 2254// 2256//
f 2248// 2256// 2255//
f 2253// 2243// 863//
f 863// 2243// 2246//
f 863// 2246// 865//
f 2249// 2250// 2254//
f 2249// 2254// 864//
f 864// 2254// 2253//
f 864// 2253// 863//
f 2252// 2255// 2250//
f 2250// 2255// 2256//
f 2250// 2256// 2254//
f 2252// 2251// 2255//
f 2255// 2251// 975//
f 2255// 975// 977//
f 2257// 870// 869//
f 2257// 869// 2258//
f 2259// 2260// 2261//
f 869// 2262// 2258//
f 2258// 2262// 2259//
f 2258// 2259// 2263//
f 2263// 2259// 2261//
f 2260// 2264// 2261//
f 2261// 2264// 979//
f 2261// 979// 981//
f 2265// 868// 870//
f 2265// 870// 2266//
f 2258// 2263// 2267//
f 870// 2257// 2266//
f 2266// 2257// 2258//
f 2266// 2258// 2268//
f 2268// 2258// 2267//
f 2263// 2261// 2267//
f 2267// 2261// 981//
f 2267// 981// 983//
f 2269// 2270// 2259//
f 979// 2264// 985//
f 985// 2264// 2271//
f 2259// 2270// 2260//
f 2260// 2270// 2264//
f 2264// 2270// 2272//
f 2264// 2272// 2271//
f 2269// 2259// 867//
f 867// 2259// 2262//
f 867// 2262// 869//
f 2265// 2266// 2270//
f 2265// 2270// 868//
f 868// 2270// 2269//
f 868// 2269// 867//
f 2268// 2271// 2266//
f 2266// 2271// 2272//
f 2266// 2272// 2270//
f 2268// 2267// 2271//
f 2271// 2267// 983//
f 2271// 983// 985//
f 2273// 874// 873//
f 2273// 873// 2274//
f 2275// 2276// 2277//
f 873// 2278// 2274//
f 2274// 2278// 2275//
f 2274// 2275// 2279//
f 2279// 2275// 2277//
f 2276// 2280// 2277//
f 2277// 2280// 987//
f 2277// 987// 989//
f 2281// 872// 874//
f 2281// 874// 2282//
f 2274// 2279// 2283//
f 874// 2273// 2282//
f 2282// 2273// 2274//
f 2282// 2274// 2284//
f 2284// 2274// 2283//
f 2279// 2277// 2283//
f 2283// 2277// 989//
f 2283// 989// 991//
f 2285// 2286// 2275//
f 987// 2280// 993//
f 993// 2280// 2287//
f 2275// 2286// 2276//
f 2276// 2286// 2280//
f 2280// 2286// 2288//
f 2280// 2288// 2287//
f 2285// 2275// 871//
f 871// 2275// 2278//
f 871// 2278// 873//
f 2281// 2282// 2286//
f 2281// 2286// 872//
f 872// 2286// 2285//
f 872// 2285// 871//
f 2284// 2287// 2282//
f 2282// 2287// 2288//
f 2282// 2288// 2286//
f 2284// 2283// 2287//
f 2287// 2283// 991//
f 2287// 991// 993//
usemtl 2
f 2289// 2290// 2291//
f 2292// 2293// 2294//
f 2295// 2296// 2297//
f 2297// 2296// 2298//
f 2297// 2298// 2299//
f 2289// 2291// 2300//
f 2300// 2291// 2292//
f 2300// 2292// 2301//
f 2301// 2292// 2302//
f 2301// 2302// 2303//
f 2290// 2304// 2291//
f 2291// 2304// 2305//
f 2291// 2305// 2306//
f 2307// 2308// 2291//
f 2291// 2308// 2309//
f 2310// 2311// 2312//
f 2312// 2311// 2313//
f 2309// 2314// 2291//
f 2291// 2314// 2313//
f 2291// 2313// 2315//
f 2315// 2313// 2311//
f 2316// 2317// 2318//
f 2318// 2317// 2319//
f 2306// 2320// 2291//
f 2291// 2320// 2321//
f 2291// 2321// 2307//
f 2299// 2322// 2297//
f 2297// 2322// 2323//
f 2297// 2323// 2324//
f 2324// 2323// 2325//
f 2324// 2325// 2326//
f 2327// 2328// 2302//
f 2325// 2329// 2326//
f 2326// 2329// 2330//
f 2326// 2330// 2318//
f 2318// 2330// 2331//
f 2318// 2331// 2316//
f 2328// 2332// 2302//
f 2302// 2332// 2333//
f 2302// 2333// 2303//
f 2293// 2334// 2294//
f 2294// 2334// 2335//
f 2294// 2335// 2336//
f 2335// 2337// 2336//
f 2336// 2337// 2338//
f 2336// 2338// 2296//
f 2319// 2327// 2318//
f 2318// 2327// 2302//
f 2318// 2302// 2339//
f 2339// 2302// 2340//
f 2339// 2340// 2295//
f 2295// 2340// 2341//
f 2295// 2341// 2296//
f 2296// 2341// 2342//
f 2296// 2342// 2336//
f 2343// 2344// 2302//
f 2292// 2294// 2302//
f 2302// 2294// 2345//
f 2302// 2345// 2343//
f 2346// 2347// 2348//
f 2349// 2350// 2351//
f 2351// 2350// 2352//
f 2353// 2354// 2352//
f 2352// 2354// 2355//
f 2352// 2355// 2351//
f 2348// 2356// 2346//
f 2346// 2356// 2357//
f 2346// 2357// 2358//
f 2359// 2360// 2361//
f 2361// 2360// 2362//
f 2363// 2364// 2365//
f 2365// 2364// 2344//
f 2365// 2344// 2361//
f 2362// 2366// 2361//
f 2361// 2366// 2367//
f 2361// 2367// 2368//
f 2359// 2361// 2369//
f 2369// 2361// 2344//
f 2369// 2344// 2355//
f 2355// 2344// 2343//
f 2355// 2343// 2351//
f 2368// 2370// 2361//
f 2361// 2370// 2371//
f 2361// 2371// 2346//
f 2346// 2371// 2372//
f 2346// 2372// 2347//
f 2294// 2373// 2354//
f 2374// 2375// 2353//
f 2353// 2375// 2376//
f 2353// 2376// 2354//
f 2354// 2376// 2377//
f 2354// 2377// 2294//
f 2294// 2377// 2378//
f 2294// 2378// 2345//
f 2379// 2380// 2381//
f 2381// 2380// 2382//
f 2381// 2382// 2294//
f 2294// 2382// 2346//
f 2294// 2346// 2373//
f 2373// 2346// 2358//
f 2363// 2381// 2364//
f 2364// 2381// 2294//
f 2364// 2294// 2383//
f 2383// 2294// 2336//
f 2384// 2385// 2386//
f 2384// 2386// 2387//
f 2387// 2386// 2388//
f 2387// 2388// 2389//
f 2389// 2388// 2390//
f 2389// 2390// 2391//
f 2391// 2390// 2392//
f 2391// 2392// 2393//
f 2393// 2392// 2394//
f 2393// 2394// 2395//
f 2395// 2394// 2396//
f 2395// 2396// 2397//
f 2397// 2396// 2398//
f 2397// 2398// 2399//
f 2400// 2401// 2398//
f 2398// 2401// 2399//
f 2401// 2400// 2402//
f 2401// 2402// 2403//
f 2403// 2402// 2404//
f 2403// 2404// 2405//
f 2405// 2404// 2406//
f 2405// 2406// 2407//
f 2407// 2406// 2408//
f 2407// 2408// 2409//
f 2409// 2408// 2410//
f 2409// 2410// 2411//
f 2411// 2410// 2412//
f 2411// 2412// 2413//
f 2414// 2415// 2412//
f 2412// 2415// 2413//
f 2415// 2414// 2416//
f 2415// 2416// 2417//
f 2417// 2416// 2418//
f 2417// 2418// 2419//
f 2419// 2418// 2420//
f 2419// 2420// 2421//
f 2421// 2420// 2422//
f 2421// 2422// 2423//
f 2423// 2422// 2424//
f 2423// 2424// 2425//
f 2425// 2424// 2426//
f 2425// 2426// 2427//
f 2428// 2429// 2426//
f 2426// 2429// 2427//
f 2429// 2428// 2430//
f 2430// 2428// 2431//
f 2430// 2431// 2432//
f 2432// 2431// 2433//
f 2432// 2433// 2434//
f 2434// 2433// 2435//
f 2434// 2435// 2436//
f 2436// 2435// 2437//
f 2436// 2437// 2438//
f 2438// 2437// 2439//
f 2438// 2439// 2440//
f 2440// 2439// 2441//
f 2440// 2441// 2442//
f 2442// 2441// 2443//
f 2442// 2443// 2444//
f 2444// 2443// 2445//
f 2444// 2445// 2446//
f 2446// 2445// 2447//
f 2446// 2447// 2448//
f 2448// 2447// 2449//
f 2448// 2449// 2450//
f 2450// 2449// 2451//
f 2450// 2451// 2452//
f 2452// 2451// 2453//
f 2452// 2453// 2454//
f 2454// 2453// 2455//
f 2454// 2455// 2456//
f 2456// 2455// 2457//
f 2458// 2459// 2457//
f 2457// 2459// 2456//
f 2459// 2458// 2460//
f 2459// 2460// 2461//
f 2461// 2460// 2462//
f 2461// 2462// 2463//
f 2463// 2462// 2464//
f 2463// 2464// 2465//
f 2465// 2464// 2466//
f 2465// 2466// 2467//
f 2467// 2466// 2468//
f 2467// 2468// 2469//
f 2469// 2468// 2470//
f 2469// 2470// 2471//
f 2472// 2473// 2470//
f 2470// 2473// 2471//
f 2473// 2472// 2474//
f 2473// 2474// 2475//
f 2475// 2474// 2476//
f 2475// 2476// 2477//
f 2477// 2476// 2478//
f 2477// 2478// 2479//
f 2479// 2478// 2480//
f 2479// 2480// 2481//
f 2481// 2480// 2482//
f 2481// 2482// 2483//
f 2483// 2482// 2484//
f 2483// 2484// 2485//
f 2486// 2487// 2484//
f 2484// 2487// 2485//
f 2487// 2486// 2488//
f 2487// 2488// 2489//
f 2489// 2488// 2490//
f 2489// 2490// 2491//
f 2491// 2490// 2492//
f 2491// 2492// 2493//
f 2493// 2492// 2494//
f 2493// 2494// 2495//
f 2495// 2494// 2496//
f 2495// 2496// 2497//
f 2497// 2496// 2498//
f 2497// 2498// 2499//
f 2499// 2498// 2500//
f 2499// 2500// 2501//
f 2502// 2503// 2500//
f 2500// 2503// 2501//
f 2503// 2502// 2504//
f 2504// 2502// 2505//
f 2504// 2505// 2506//
f 2506// 2505// 2507//
f 2506// 2507// 2508//
f 2508// 2507// 2509//
f 2508// 2509// 2510//
f 2510// 2509// 2511//
f 2510// 2511// 2512//
f 2512// 2511// 2513//
f 2512// 2513// 2514//
f 2514// 2513// 2515//
f 2514// 2515// 2516//
f 2516// 2515// 2517//
f 2518// 2519// 2517//
f 2517// 2519// 2516//
f 2518// 2520// 2519//
f 2519// 2520// 2521//
f 2522// 2523// 2520//
f 2520// 2523// 2521//
f 2523// 2522// 2524//
f 2523// 2524// 2525//
f 2525// 2524// 2526//
f 2525// 2526// 2527//
f 2527// 2526// 2528//
f 2527// 2528// 2529//
f 2529// 2528// 2530//
f 2529// 2530// 2531//
f 2531// 2530// 2532//
f 2531// 2532// 2533//
f 2533// 2532// 2534//
f 2533// 2534// 2535//
f 2536// 2537// 2534//
f 2534// 2537// 2535//
f 2537// 2536// 2538//
f 2537// 2538// 2539//
f 2539// 2538// 2540//
f 2539// 2540// 2541//
f 2541// 2540// 2542//
f 2541// 2542// 2543//
f 2543// 2542// 2544//
f 2543// 2544// 2545//
f 2545// 2544// 2546//
f 2545// 2546// 2547//
f 2547// 2546// 2548//
f 2547// 2548// 2549//
f 2550// 2551// 2548//
f 2548// 2551// 2549//
f 2383// 2551// 2364//
f 2364// 2551// 2550//
f 2364// 2550// 2344//
f 2341// 2340// 2552//
f 2342// 2341// 2553//
f 2553// 2341// 2552//
f 2553// 2552// 2554//
f 2554// 2552// 2555//
f 2554// 2555// 2556//
f 2556// 2555// 2557//
f 2556// 2557// 2558//
f 2558// 2557// 2559//
f 2558// 2559// 2560//
f 2560// 2559// 2561//
f 2560// 2561// 2562//
f 2562// 2561// 2563//
f 2562// 2563// 2564//
f 2564// 2563// 2565//
f 2385// 2384// 2565//
f 2565// 2384// 2564//
f 2556// 2440// 2554//
f 2554// 2440// 2442//
f 2554// 2442// 2553//
f 2493// 2495// 2446//
f 2446// 2495// 2497//
f 2446// 2497// 2499//
f 2429// 2430// 2399//
f 2391// 2393// 2436//
f 2512// 2442// 2510//
f 2510// 2442// 2444//
f 2510// 2444// 2508//
f 2446// 2504// 2444//
f 2444// 2504// 2506//
f 2444// 2506// 2508//
f 2493// 2446// 2491//
f 2491// 2446// 2448//
f 2491// 2448// 2489//
f 2489// 2448// 2487//
f 2487// 2448// 2450//
f 2487// 2450// 2452//
f 2429// 2399// 2427//
f 2430// 2432// 2399//
f 2399// 2432// 2434//
f 2399// 2434// 2397//
f 2397// 2434// 2436//
f 2397// 2436// 2395//
f 2395// 2436// 2393//
f 2556// 2558// 2440//
f 2440// 2558// 2560//
f 2440// 2560// 2438//
f 2438// 2560// 2562//
f 2438// 2562// 2564//
f 2564// 2384// 2438//
f 2438// 2384// 2387//
f 2438// 2387// 2436//
f 2436// 2387// 2389//
f 2436// 2389// 2391//
f 2519// 2537// 2516//
f 2516// 2537// 2442//
f 2516// 2442// 2514//
f 2514// 2442// 2512//
f 2499// 2501// 2446//
f 2446// 2501// 2503//
f 2446// 2503// 2504//
f 2485// 2487// 2473//
f 2473// 2487// 2471//
f 2452// 2454// 2487//
f 2487// 2454// 2456//
f 2487// 2456// 2471//
f 2471// 2456// 2459//
f 2411// 2413// 2401//
f 2551// 2383// 2537//
f 2537// 2383// 2336//
f 2537// 2336// 2442//
f 2442// 2336// 2342//
f 2442// 2342// 2553//
f 2519// 2521// 2537//
f 2537// 2521// 2523//
f 2537// 2523// 2535//
f 2535// 2523// 2533//
f 2463// 2465// 2467//
f 2401// 2413// 2399//
f 2399// 2413// 2415//
f 2399// 2415// 2427//
f 2459// 2461// 2471//
f 2471// 2461// 2463//
f 2471// 2463// 2469//
f 2469// 2463// 2467//
f 2477// 2479// 2481//
f 2419// 2421// 2423//
f 2473// 2475// 2485//
f 2485// 2475// 2477//
f 2485// 2477// 2483//
f 2483// 2477// 2481//
f 2401// 2403// 2405//
f 2415// 2417// 2427//
f 2427// 2417// 2419//
f 2427// 2419// 2425//
f 2425// 2419// 2423//
f 2523// 2525// 2533//
f 2533// 2525// 2527//
f 2533// 2527// 2531//
f 2531// 2527// 2529//
f 2405// 2407// 2401//
f 2401// 2407// 2409//
f 2401// 2409// 2411//
f 2539// 2547// 2537//
f 2537// 2547// 2549//
f 2537// 2549// 2551//
f 2539// 2541// 2547//
f 2547// 2541// 2543//
f 2547// 2543// 2545//
f 2559// 2557// 2441//
f 2496// 2494// 2447//
f 2445// 2509// 2507//
f 2517// 2443// 2536//
f 2441// 2557// 2443//
f 2443// 2557// 2555//
f 2443// 2555// 2552//
f 2445// 2507// 2447//
f 2447// 2507// 2505//
f 2447// 2505// 2502//
f 2517// 2515// 2443//
f 2443// 2515// 2513//
f 2443// 2513// 2445//
f 2445// 2513// 2511//
f 2445// 2511// 2509//
f 2437// 2396// 2394//
f 2433// 2431// 2398//
f 2398// 2431// 2428//
f 2484// 2458// 2486//
f 2486// 2458// 2457//
f 2486// 2457// 2455//
f 2474// 2472// 2484//
f 2455// 2453// 2486//
f 2486// 2453// 2451//
f 2486// 2451// 2488//
f 2488// 2451// 2449//
f 2488// 2449// 2490//
f 2490// 2449// 2447//
f 2490// 2447// 2492//
f 2492// 2447// 2494//
f 2502// 2500// 2447//
f 2447// 2500// 2498//
f 2447// 2498// 2496//
f 2390// 2388// 2439//
f 2439// 2388// 2386//
f 2439// 2386// 2385//
f 2385// 2565// 2439//
f 2439// 2565// 2563//
f 2439// 2563// 2441//
f 2441// 2563// 2561//
f 2441// 2561// 2559//
f 2437// 2394// 2439//
f 2439// 2394// 2392//
f 2439// 2392// 2390//
f 2416// 2414// 2426//
f 2396// 2437// 2398//
f 2398// 2437// 2435//
f 2398// 2435// 2433//
f 2484// 2482// 2480//
f 2484// 2472// 2458//
f 2458// 2472// 2470//
f 2458// 2470// 2460//
f 2466// 2464// 2462//
f 2524// 2522// 2534//
f 2534// 2522// 2520//
f 2534// 2520// 2536//
f 2536// 2520// 2518//
f 2536// 2518// 2517//
f 2552// 2340// 2443//
f 2443// 2340// 2302//
f 2443// 2302// 2536//
f 2536// 2302// 2344//
f 2536// 2344// 2550//
f 2426// 2414// 2428//
f 2422// 2420// 2418//
f 2480// 2478// 2484//
f 2484// 2478// 2476//
f 2484// 2476// 2474//
f 2530// 2528// 2526//
f 2460// 2470// 2462//
f 2462// 2470// 2468//
f 2462// 2468// 2466//
f 2416// 2426// 2418//
f 2418// 2426// 2424//
f 2418// 2424// 2422//
f 2428// 2414// 2398//
f 2398// 2414// 2412//
f 2398// 2412// 2400//
f 2400// 2412// 2410//
f 2400// 2410// 2408//
f 2524// 2534// 2526//
f 2526// 2534// 2532//
f 2526// 2532// 2530//
f 2408// 2406// 2400//
f 2400// 2406// 2404//
f 2400// 2404// 2402//
f 2540// 2546// 2542//
f 2542// 2546// 2544//
f 2550// 2548// 2536//
f 2536// 2548// 2546//
f 2536// 2546// 2538//
f 2538// 2546// 2540//
usemtl 3
f 2566// 2567// 2324//
f 2324// 2567// 2297//
f 2567// 2568// 2297//
f 2297// 2568// 2295//
f 2568// 2569// 2295//
f 2295// 2569// 2339//
f 2569// 2570// 2339//
f 2339// 2570// 2318//
f 2570// 2571// 2318//
f 2318// 2571// 2326//
f 2571// 2566// 2326//
f 2326// 2566// 2324//
f 2570// 2569// 2571//
f 2571// 2569// 2568//
f 2571// 2568// 2566//
f 2566// 2568// 2567//
f 2572// 2573// 2292//
f 2292// 2573// 2293//
f 2293// 2573// 2574//
f 2575// 2338// 2337//
f 2575// 2337// 2576//
f 2576// 2337// 2335//
f 2576// 2335// 2574//
f 2574// 2335// 2334//
f 2574// 2334// 2293//
f 2577// 2330// 2329//
f 2577// 2329// 2578//
f 2578// 2329// 2325//
f 2578// 2325// 2579//
f 2579// 2325// 2323//
f 2579// 2323// 2580//
f 2580// 2323// 2322//
f 2580// 2322// 2581//
f 2581// 2322// 2299//
f 2581// 2299// 2582//
f 2582// 2299// 2298//
f 2582// 2298// 2583//
f 2583// 2298// 2575//
f 2575// 2298// 2296//
f 2575// 2296// 2338//
f 2584// 2332// 2328//
f 2584// 2328// 2585//
f 2585// 2328// 2327//
f 2585// 2327// 2586//
f 2586// 2327// 2319//
f 2586// 2319// 2587//
f 2587// 2319// 2317//
f 2587// 2317// 2588//
f 2588// 2317// 2316//
f 2588// 2316// 2589//
f 2589// 2316// 2331//
f 2589// 2331// 2590//
f 2590// 2331// 2330//
f 2590// 2330// 2577//
f 2591// 2303// 2333//
f 2591// 2333// 2592//
f 2592// 2333// 2332//
f 2592// 2332// 2584//
f 2591// 2593// 2303//
f 2303// 2593// 2301//
f 2594// 2289// 2300//
f 2594// 2300// 2595//
f 2595// 2300// 2301//
f 2595// 2301// 2593//
f 2596// 2307// 2321//
f 2596// 2321// 2597//
f 2597// 2321// 2320//
f 2597// 2320// 2598//
f 2598// 2320// 2306//
f 2598// 2306// 2599//
f 2599// 2306// 2305//
f 2599// 2305// 2600//
f 2600// 2305// 2304//
f 2600// 2304// 2601//
f 2601// 2304// 2290//
f 2601// 2290// 2602//
f 2602// 2290// 2289//
f 2602// 2289// 2594//
f 2603// 2311// 2310//
f 2603// 2310// 2604//
f 2604// 2310// 2312//
f 2604// 2312// 2605//
f 2605// 2312// 2313//
f 2605// 2313// 2606//
f 2606// 2313// 2314//
f 2606// 2314// 2607//
f 2607// 2314// 2309//
f 2607// 2309// 2608//
f 2608// 2309// 2308//
f 2608// 2308// 2609//
f 2609// 2308// 2307//
f 2609// 2307// 2596//
f 2572// 2292// 2291//
f 2572// 2291// 2610//
f 2610// 2291// 2315//
f 2610// 2315// 2611//
f 2611// 2315// 2311//
f 2611// 2311// 2603//
f 2604// 2575// 2603//
f 2603// 2575// 2576//
f 2603// 2576// 2611//
f 2611// 2576// 2574//
f 2611// 2574// 2610//
f 2610// 2574// 2573//
f 2610// 2573// 2572//
f 2593// 2591// 2595//
f 2595// 2591// 2592//
f 2595// 2592// 2594//
f 2594// 2592// 2584//
f 2594// 2584// 2602//
f 2602// 2584// 2585//
f 2602// 2585// 2601//
f 2601// 2585// 2586//
f 2601// 2586// 2600//
f 2600// 2586// 2587//
f 2600// 2587// 2599//
f 2599// 2587// 2588//
f 2599// 2588// 2598//
f 2598// 2588// 2589//
f 2598// 2589// 2597//
f 2597// 2589// 2590//
f 2597// 2590// 2596//
f 2596// 2590// 2577//
f 2596// 2577// 2609//
f 2609// 2577// 2578//
f 2609// 2578// 2608//
f 2608// 2578// 2579//
f 2608// 2579// 2607//
f 2607// 2579// 2580//
f 2607// 2580// 2606//
f 2606// 2580// 2581//
f 2606// 2581// 2605//
f 2605// 2581// 2582//
f 2605// 2582// 2604//
f 2604// 2582// 2583//
f 2604// 2583// 2575//
f 2612// 2613// 2376//
f 2376// 2613// 2377//
f 2613// 2614// 2377//
f 2377// 2614// 2378//
f 2614// 2615// 2378//
f 2378// 2615// 2345//
f 2615// 2616// 2345//
f 2345// 2616// 2343//
f 2616// 2617// 2343//
f 2343// 2617// 2351//
f 2617// 2618// 2351//
f 2351// 2618// 2349//
f 2618// 2619// 2349//
f 2349// 2619// 2350//
f 2619// 2620// 2350//
f 2350// 2620// 2352//
f 2620// 2621// 2352//
f 2352// 2621// 2353//
f 2621// 2622// 2353//
f 2353// 2622// 2374//
f 2622// 2623// 2374//
f 2374// 2623// 2375//
f 2623// 2612// 2375//
f 2375// 2612// 2376//
f 2614// 2613// 2612//
f 2612// 2623// 2614//
f 2614// 2623// 2622//
f 2614// 2622// 2615//
f 2617// 2616// 2618//
f 2618// 2616// 2615//
f 2618// 2615// 2619//
f 2619// 2615// 2622//
f 2619// 2622// 2620//
f 2620// 2622// 2621//
f 2624// 2625// 2373//
f 2373// 2625// 2354//
f 2625// 2626// 2354//
f 2354// 2626// 2355//
f 2626// 2627// 2355//
f 2355// 2627// 2369//
f 2628// 2371// 2370//
f 2628// 2370// 2629//
f 2629// 2370// 2368//
f 2629// 2368// 2630//
f 2630// 2368// 2367//
f 2630// 2367// 2631//
f 2631// 2367// 2366//
f 2631// 2366// 2632//
f 2632// 2366// 2362//
f 2632// 2362// 2633//
f 2633// 2362// 2360//
f 2633// 2360// 2634//
f 2634// 2360// 2359//
f 2634// 2359// 2635//
f 2635// 2359// 2369//
f 2635// 2369// 2627//
f 2624// 2373// 2358//
f 2624// 2358// 2636//
f 2636// 2358// 2357//
f 2636// 2357// 2637//
f 2637// 2357// 2356//
f 2637// 2356// 2638//
f 2638// 2356// 2348//
f 2638// 2348// 2639//
f 2639// 2348// 2347//
f 2639// 2347// 2640//
f 2640// 2347// 2372//
f 2640// 2372// 2641//
f 2641// 2372// 2371//
f 2641// 2371// 2628//
f 2630// 2631// 2642//
f 2642// 2631// 2632//
f 2642// 2632// 2643//
f 2643// 2632// 2633//
f 2643// 2633// 2644//
f 2644// 2633// 2634//
f 2644// 2634// 2645//
f 2645// 2634// 2635//
f 2645// 2635// 2646//
f 2646// 2635// 2627//
f 2646// 2627// 2647//
f 2647// 2627// 2626//
f 2647// 2626// 2648//
f 2648// 2626// 2625//
f 2648// 2625// 2649//
f 2649// 2625// 2624//
f 2649// 2624// 2650//
f 2650// 2624// 2636//
f 2650// 2636// 2651//
f 2651// 2636// 2637//
f 2651// 2637// 2652//
f 2652// 2637// 2638//
f 2652// 2638// 2653//
f 2653// 2638// 2639//
f 2653// 2639// 2654//
f 2654// 2639// 2640//
f 2654// 2640// 2655//
f 2655// 2640// 2641//
f 2655// 2641// 2656//
f 2656// 2641// 2628//
f 2656// 2628// 2657//
f 2657// 2628// 2629//
f 2657// 2629// 2658//
f 2658// 2629// 2630//
f 2658// 2630// 2642//
f 2646// 2647// 2659//
f 2659// 2647// 2660//
f 2646// 2659// 2661//
f 2646// 2661// 2645//
f 2645// 2661// 2662//
f 2645// 2662// 2644//
f 2644// 2662// 2663//
f 2644// 2663// 2643//
f 2643// 2663// 2664//
f 2643// 2664// 2642//
f 2642// 2664// 2665//
f 2642// 2665// 2658//
f 2658// 2665// 2666//
f 2658// 2666// 2657//
f 2657// 2666// 2667//
f 2657// 2667// 2656//
f 2656// 2667// 2668//
f 2656// 2668// 2655//
f 2655// 2668// 2669//
f 2655// 2669// 2654//
f 2654// 2669// 2670//
f 2654// 2670// 2653//
f 2653// 2670// 2671//
f 2653// 2671// 2652//
f 2652// 2671// 2672//
f 2652// 2672// 2651//
f 2651// 2672// 2673//
f 2651// 2673// 2650//
f 2650// 2673// 2674//
f 2650// 2674// 2649//
f 2648// 2649// 2675//
f 2675// 2649// 2674//
f 2647// 2648// 2660//
f 2660// 2648// 2675//
usemtl 2
f 2660// 2675// 2659//
f 2659// 2675// 2674//
f 2659// 2674// 2673//
f 2667// 2666// 2659//
f 2659// 2666// 2665//
f 2659// 2665// 2661//
f 2673// 2672// 2659//
f 2659// 2672// 2671//
f 2659// 2671// 2670//
f 2670// 2669// 2659//
f 2659// 2669// 2668//
f 2659// 2668// 2667//
f 2664// 2663// 2665//
f 2665// 2663// 2662//
f 2665// 2662// 2661//
usemtl 3
f 2676// 2677// 2365//
f 2365// 2677// 2363//
f 2677// 2678// 2363//
f 2363// 2678// 2381//
f 2678// 2679// 2381//
f 2381// 2679// 2379//
f 2679// 2680// 2379//
f 2379// 2680// 2380//
f 2680// 2681// 2380//
f 2380// 2681// 2382//
f 2681// 2682// 2382//
f 2382// 2682// 2346//
f 2682// 2683// 2346//
f 2346// 2683// 2361//
f 2683// 2676// 2361//
f 2361// 2676// 2365//
f 2684// 2680// 2685//
f 2685// 2680// 2679//
f 2686// 2683// 2684//
f 2684// 2683// 2682//
f 2684// 2682// 2680//
f 2680// 2682// 2681//
f 2686// 2687// 2683//
f 2683// 2687// 2688//
f 2683// 2688// 2676//
f 2676// 2688// 2689//
f 2676// 2689// 2690//
f 2690// 2691// 2676//
f 2676// 2691// 2685//
f 2676// 2685// 2677//
f 2677// 2685// 2679//
f 2677// 2679// 2678//
f 2684// 2685// 2692//
f 2692// 2685// 2693//
f 2686// 2684// 2694//
f 2694// 2684// 2692//
f 2686// 2694// 2695//
f 2686// 2695// 2687//
f 2687// 2695// 2696//
f 2687// 2696// 2688//
f 2689// 2688// 2697//
f 2697// 2688// 2696//
f 2689// 2697// 2698//
f 2689// 2698// 2690//
f 2690// 2698// 2699//
f 2690// 2699// 2691//
f 2685// 2691// 2693//
f 2693// 2691// 2699//
usemtl 2
f 2692// 2693// 2694//
f 2694// 2693// 2699//
f 2694// 2699// 2695//
f 2695// 2699// 2698//
f 2695// 2698// 2696//
f 2696// 2698// 2697//
f 2700// 2701// 2702//
f 2703// 2704// 2705//
f 2706// 2707// 2708//
f 2708// 2707// 2709//
f 2708// 2709// 2710//
f 2700// 2702// 2711//
f 2711// 2702// 2703//
f 2711// 2703// 2712//
f 2712// 2703// 2713//
f 2712// 2713// 2714//
f 2701// 2715// 2702//
f 2702// 2715// 2716//
f 2702// 2716// 2717//
f 2718// 2719// 2702//
f 2702// 2719// 2720//
f 2721// 2722// 2723//
f 2723// 2722// 2724//
f 2720// 2725// 2702//
f 2702// 2725// 2724//
f 2702// 2724// 2726//
f 2726// 2724// 2722//
f 2727// 2728// 2729//
f 2729// 2728// 2730//
f 2717// 2731// 2702//
f 2702// 2731// 2732//
f 2702// 2732// 2718//
f 2710// 2733// 2708//
f 2708// 2733// 2734//
f 2708// 2734// 2735//
f 2735// 2734// 2736//
f 2735// 2736// 2737//
f 2738// 2739// 2713//
f 2736// 2740// 2737//
f 2737// 2740// 2741//
f 2737// 2741// 2729//
f 2729// 2741// 2742//
f 2729// 2742// 2727//
f 2739// 2743// 2713//
f 2713// 2743// 2744//
f 2713// 2744// 2714//
f 2704// 2745// 2705//
f 2705// 2745// 2746//
f 2705// 2746// 2747//
f 2746// 2748// 2747//
f 2747// 2748// 2749//
f 2747// 2749// 2707//
f 2730// 2738// 2729//
f 2729// 2738// 2713//
f 2729// 2713// 2750//
f 2750// 2713// 2751//
f 2750// 2751// 2706//
f 2706// 2751// 2752//
f 2706// 2752// 2707//
f 2707// 2752// 2753//
f 2707// 2753// 2747//
f 2754// 2755// 2713//
f 2703// 2705// 2713//
f 2713// 2705// 2756//
f 2713// 2756// 2754//
f 2757// 2758// 2759//
f 2760// 2761// 2762//
f 2762// 2761// 2763//
f 2764// 2765// 2763//
f 2763// 2765// 2766//
f 2763// 2766// 2762//
f 2759// 2767// 2757//
f 2757// 2767// 2768//
f 2757// 2768// 2769//
f 2770// 2771// 2772//
f 2772// 2771// 2773//
f 2774// 2775// 2776//
f 2776// 2775// 2755//
f 2776// 2755// 2772//
f 2773// 2777// 2772//
f 2772// 2777// 2778//
f 2772// 2778// 2779//
f 2770// 2772// 2780//
f 2780// 2772// 2755//
f 2780// 2755// 2766//
f 2766// 2755// 2754//
f 2766// 2754// 2762//
f 2779// 2781// 2772//
f 2772// 2781// 2782//
f 2772// 2782// 2757//
f 2757// 2782// 2783//
f 2757// 2783// 2758//
f 2705// 2784// 2765//
f 2785// 2786// 2764//
f 2764// 2786// 2787//
f 2764// 2787// 2765//
f 2765// 2787// 2788//
f 2765// 2788// 2705//
f 2705// 2788// 2789//
f 2705// 2789// 2756//
f 2790// 2791// 2792//
f 2792// 2791// 2793//
f 2792// 2793// 2705//
f 2705// 2793// 2757//
f 2705// 2757// 2784//
f 2784// 2757// 2769//
f 2774// 2792// 2775//
f 2775// 2792// 2705//
f 2775// 2705// 2794//
f 2794// 2705// 2747//
f 2795// 2796// 2797//
f 2795// 2797// 2798//
f 2798// 2797// 2799//
f 2798// 2799// 2800//
f 2800// 2799// 2801//
f 2800// 2801// 2802//
f 2802// 2801// 2803//
f 2802// 2803// 2804//
f 2804// 2803// 2805//
f 2804// 2805// 2806//
f 2806// 2805// 2807//
f 2806// 2807// 2808//
f 2808// 2807// 2809//
f 2808// 2809// 2810//
f 2811// 2812// 2809//
f 2809// 2812// 2810//
f 2812// 2811// 2813//
f 2812// 2813// 2814//
f 2814// 2813// 2815//
f 2814// 2815// 2816//
f 2816// 2815// 2817//
f 2816// 2817// 2818//
f 2818// 2817// 2819//
f 2818// 2819// 2820//
f 2820// 2819// 2821//
f 2820// 2821// 2822//
f 2822// 2821// 2823//
f 2822// 2823// 2824//
f 2825// 2826// 2823//
f 2823// 2826// 2824//
f 2826// 2825// 2827//
f 2826// 2827// 2828//
f 2828// 2827// 2829//
f 2828// 2829// 2830//
f 2830// 2829// 2831//
f 2830// 2831// 2832//
f 2832// 2831// 2833//
f 2832// 2833// 2834//
f 2834// 2833// 2835//
f 2834// 2835// 2836//
f 2836// 2835// 2837//
f 2836// 2837// 2838//
f 2839// 2840// 2837//
f 2837// 2840// 2838//
f 2840// 2839// 2841//
f 2841// 2839// 2842//
f 2841// 2842// 2843//
f 2843// 2842// 2844//
f 2843// 2844// 2845//
f 2845// 2844// 2846//
f 2845// 2846// 2847//
f 2847// 2846// 2848//
f 2847// 2848// 2849//
f 2849// 2848// 2850//
f 2849// 2850// 2851//
f 2851// 2850// 2852//
f 2851// 2852// 2853//
f 2853// 2852// 2854//
f 2853// 2854// 2855//
f 2855// 2854// 2856//
f 2855// 2856// 2857//
f 2857// 2856// 2858//
f 2857// 2858// 2859//
f 2859// 2858// 2860//
f 2859// 2860// 2861//
f 2861// 2860// 2862//
f 2861// 2862// 2863//
f 2863// 2862// 2864//
f 2863// 2864// 2865//
f 2865// 2864// 2866//
f 2865// 2866// 2867//
f 2867// 2866// 2868//
f 2869// 2870// 2868//
f 2868// 2870// 2867//
f 2870// 2869// 2871//
f 2870// 2871// 2872//
f 2872// 2871// 2873//
f 2872// 2873// 2874//
f 2874// 2873// 2875//
f 2874// 2875// 2876//
f 2876// 2875// 2877//
f 2876// 2877// 2878//
f 2878// 2877// 2879//
f 2878// 2879// 2880//
f 2880// 2879// 2881//
f 2880// 2881// 2882//
f 2883// 2884// 2881//
f 2881// 2884// 2882//
f 2884// 2883// 2885//
f 2884// 2885// 2886//
f 2886// 2885// 2887//
f 2886// 2887// 2888//
f 2888// 2887// 2889//
f 2888// 2889// 2890//
f 2890// 2889// 2891//
f 2890// 2891// 2892//
f 2892// 2891// 2893//
f 2892// 2893// 2894//
f 2894// 2893// 2895//
f 2894// 2895// 2896//
f 2897// 2898// 2895//
f 2895// 2898// 2896//
f 2898// 2897// 2899//
f 2898// 2899// 2900//
f 2900// 2899// 2901//
f 2900// 2901// 2902//
f 2902// 2901// 2903//
f 2902// 2903// 2904//
f 2904// 2903// 2905//
f 2904// 2905// 2906//
f 2906// 2905// 2907//
f 2906// 2907// 2908//
f 2908// 2907// 2909//
f 2908// 2909// 2910//
f 2910// 2909// 2911//
f 2910// 2911// 2912//
f 2913// 2914// 2911//
f 2911// 2914// 2912//
f 2914// 2913// 2915//
f 2915// 2913// 2916//
f 2915// 2916// 2917//
f 2917// 2916// 2918//
f 2917// 2918// 2919//
f 2919// 2918// 2920//
f 2919// 2920// 2921//
f 2921// 2920// 2922//
f 2921// 2922// 2923//
f 2923// 2922// 2924//
f 2923// 2924// 2925//
f 2925// 2924// 2926//
f 2925// 2926// 2927//
f 2927// 2926// 2928//
f 2929// 2930// 2928//
f 2928// 2930// 2927//
f 2929// 2931// 2930//
f 2930// 2931// 2932//
f 2933// 2934// 2931//
f 2931// 2934// 2932//
f 2934// 2933// 2935//
f 2934// 2935// 2936//
f 2936// 2935// 2937//
f 2936// 2937// 2938//
f 2938// 2937// 2939//
f 2938// 2939// 2940//
f 2940// 2939// 2941//
f 2940// 2941// 2942//
f 2942// 2941// 2943//
f 2942// 2943// 2944//
f 2944// 2943// 2945//
f 2944// 2945// 2946//
f 2947// 2948// 2945//
f 2945// 2948// 2946//
f 2948// 2947// 2949//
f 2948// 2949// 2950//
f 2950// 2949// 2951//
f 2950// 2951// 2952//
f 2952// 2951// 2953//
f 2952// 2953// 2954//
f 2954// 2953// 2955//
f 2954// 2955// 2956//
f 2956// 2955// 2957//
f 2956// 2957// 2958//
f 2958// 2957// 2959//
f 2958// 2959// 2960//
f 2961// 2962// 2959//
f 2959// 2962// 2960//
f 2794// 2962// 2775//
f 2775// 2962// 2961//
f 2775// 2961// 2755//
f 2752// 2751// 2963//
f 2753// 2752// 2964//
f 2964// 2752// 2963//
f 2964// 2963// 2965//
f 2965// 2963// 2966//
f 2965// 2966// 2967//
f 2967// 2966// 2968//
f 2967// 2968// 2969//
f 2969// 2968// 2970//
f 2969// 2970// 2971//
f 2971// 2970// 2972//
f 2971// 2972// 2973//
f 2973// 2972// 2974//
f 2973// 2974// 2975//
f 2975// 2974// 2976//
f 2796// 2795// 2976//
f 2976// 2795// 2975//
f 2919// 2921// 2855//
f 2747// 2753// 2853//
f 2855// 2921// 2853//
f 2853// 2921// 2923//
f 2853// 2923// 2925//
f 2800// 2802// 2849//
f 2967// 2851// 2965//
f 2965// 2851// 2853//
f 2965// 2853// 2964//
f 2964// 2853// 2753//
f 2912// 2914// 2857//
f 2857// 2914// 2915//
f 2857// 2915// 2855//
f 2855// 2915// 2917//
f 2855// 2917// 2919//
f 2902// 2904// 2857//
f 2857// 2904// 2906//
f 2802// 2804// 2849//
f 2849// 2804// 2806//
f 2849// 2806// 2847//
f 2847// 2806// 2808//
f 2847// 2808// 2845//
f 2845// 2808// 2810//
f 2845// 2810// 2843//
f 2967// 2969// 2851//
f 2851// 2969// 2971//
f 2851// 2971// 2849//
f 2849// 2971// 2973//
f 2849// 2973// 2975//
f 2906// 2908// 2857//
f 2857// 2908// 2910//
f 2857// 2910// 2912//
f 2902// 2857// 2900//
f 2900// 2857// 2859//
f 2900// 2859// 2898//
f 2898// 2859// 2861//
f 2898// 2861// 2863//
f 2863// 2865// 2898//
f 2898// 2865// 2867//
f 2898// 2867// 2896//
f 2896// 2867// 2870//
f 2838// 2840// 2810//
f 2810// 2840// 2841//
f 2810// 2841// 2843//
f 2975// 2795// 2849//
f 2849// 2795// 2798//
f 2849// 2798// 2800//
f 2944// 2946// 2936//
f 2824// 2826// 2810//
f 2958// 2960// 2948//
f 2948// 2960// 2962//
f 2948// 2962// 2794//
f 2925// 2927// 2853//
f 2853// 2927// 2948//
f 2853// 2948// 2747//
f 2747// 2948// 2794//
f 2874// 2876// 2878//
f 2886// 2888// 2896//
f 2927// 2930// 2948//
f 2948// 2930// 2932//
f 2948// 2932// 2946//
f 2946// 2932// 2934//
f 2946// 2934// 2936//
f 2870// 2872// 2882//
f 2882// 2872// 2874//
f 2882// 2874// 2880//
f 2880// 2874// 2878//
f 2870// 2882// 2896//
f 2896// 2882// 2884//
f 2896// 2884// 2886//
f 2950// 2952// 2954//
f 2888// 2890// 2896//
f 2896// 2890// 2892//
f 2896// 2892// 2894//
f 2810// 2826// 2838//
f 2838// 2826// 2828//
f 2838// 2828// 2830//
f 2950// 2954// 2948//
f 2948// 2954// 2956//
f 2948// 2956// 2958//
f 2830// 2832// 2838//
f 2838// 2832// 2834//
f 2838// 2834// 2836//
f 2938// 2940// 2936//
f 2936// 2940// 2942//
f 2936// 2942// 2944//
f 2810// 2812// 2824//
f 2824// 2812// 2814//
f 2824// 2814// 2822//
f 2822// 2814// 2816//
f 2822// 2816// 2820//
f 2820// 2816// 2818//
f 2922// 2856// 2924//
f 2924// 2856// 2854//
f 2947// 2928// 2854//
f 2854// 2928// 2926//
f 2854// 2926// 2924//
f 2907// 2905// 2858//
f 2922// 2920// 2856//
f 2856// 2920// 2918//
f 2856// 2918// 2858//
f 2858// 2918// 2916//
f 2858// 2916// 2913//
f 2966// 2854// 2968//
f 2968// 2854// 2852//
f 2968// 2852// 2970//
f 2966// 2963// 2854//
f 2854// 2963// 2751//
f 2854// 2751// 2713//
f 2895// 2869// 2897//
f 2897// 2869// 2868//
f 2897// 2868// 2866//
f 2905// 2903// 2858//
f 2858// 2903// 2901//
f 2858// 2901// 2860//
f 2860// 2901// 2899//
f 2860// 2899// 2862//
f 2862// 2899// 2897//
f 2862// 2897// 2864//
f 2864// 2897// 2866//
f 2913// 2911// 2858//
f 2858// 2911// 2909//
f 2858// 2909// 2907//
f 2803// 2850// 2805//
f 2805// 2850// 2848//
f 2805// 2848// 2807//
f 2807// 2848// 2809//
f 2809// 2848// 2846//
f 2809// 2846// 2844//
f 2945// 2931// 2947//
f 2947// 2931// 2929//
f 2947// 2929// 2928//
f 2850// 2974// 2852//
f 2852// 2974// 2972//
f 2852// 2972// 2970//
f 2803// 2801// 2850//
f 2850// 2801// 2799//
f 2850// 2799// 2797//
f 2891// 2883// 2893//
f 2893// 2883// 2895//
f 2879// 2877// 2869//
f 2797// 2796// 2850//
f 2850// 2796// 2976//
f 2850// 2976// 2974//
f 2891// 2889// 2883//
f 2883// 2889// 2887//
f 2883// 2887// 2885//
f 2895// 2883// 2869//
f 2869// 2883// 2881//
f 2869// 2881// 2879//
f 2713// 2755// 2854//
f 2854// 2755// 2961//
f 2854// 2961// 2947//
f 2947// 2961// 2959//
f 2947// 2959// 2957//
f 2877// 2875// 2869//
f 2869// 2875// 2873//
f 2869// 2873// 2871//
f 2951// 2949// 2953//
f 2953// 2949// 2947//
f 2953// 2947// 2955//
f 2955// 2947// 2957//
f 2844// 2842// 2809//
f 2809// 2842// 2839//
f 2809// 2839// 2811//
f 2811// 2839// 2837//
f 2943// 2935// 2945//
f 2945// 2935// 2933//
f 2945// 2933// 2931//
f 2943// 2941// 2935//
f 2935// 2941// 2939//
f 2935// 2939// 2937//
f 2835// 2833// 2825//
f 2823// 2811// 2825//
f 2825// 2811// 2837//
f 2825// 2837// 2835//
f 2833// 2831// 2825//
f 2825// 2831// 2829//
f 2825// 2829// 2827//
f 2819// 2817// 2815//
f 2823// 2821// 2811//
f 2811// 2821// 2819//
f 2811// 2819// 2813//
f 2813// 2819// 2815//
usemtl 3
f 2977// 2978// 2735//
f 2735// 2978// 2708//
f 2978// 2979// 2708//
f 2708// 2979// 2706//
f 2979// 2980// 2706//
f 2706// 2980// 2750//
f 2980// 2981// 2750//
f 2750// 2981// 2729//
f 2981// 2982// 2729//
f 2729// 2982// 2737//
f 2982// 2977// 2737//
f 2737// 2977// 2735//
f 2981// 2980// 2982//
f 2982// 2980// 2979//
f 2982// 2979// 2977//
f 2977// 2979// 2978//
f 2983// 2984// 2703//
f 2703// 2984// 2704//
f 2704// 2984// 2985//
f 2986// 2749// 2748//
f 2986// 2748// 2987//
f 2987// 2748// 2746//
f 2987// 2746// 2985//
f 2985// 2746// 2745//
f 2985// 2745// 2704//
f 2988// 2741// 2740//
f 2988// 2740// 2989//
f 2989// 2740// 2736//
f 2989// 2736// 2990//
f 2990// 2736// 2734//
f 2990// 2734// 2991//
f 2991// 2734// 2733//
f 2991// 2733// 2992//
f 2992// 2733// 2710//
f 2992// 2710// 2993//
f 2993// 2710// 2709//
f 2993// 2709// 2994//
f 2994// 2709// 2986//
f 2986// 2709// 2707//
f 2986// 2707// 2749//
f 2995// 2743// 2739//
f 2995// 2739// 2996//
f 2996// 2739// 2738//
f 2996// 2738// 2997//
f 2997// 2738// 2730//
f 2997// 2730// 2998//
f 2998// 2730// 2728//
f 2998// 2728// 2999//
f 2999// 2728// 2727//
f 2999// 2727// 3000//
f 3000// 2727// 2742//
f 3000// 2742// 3001//
f 3001// 2742// 2741//
f 3001// 2741// 2988//
f 3002// 2714// 2744//
f 3002// 2744// 3003//
f 3003// 2744// 2743//
f 3003// 2743// 2995//
f 3002// 3004// 2714//
f 2714// 3004// 2712//
f 3005// 2700// 2711//
f 3005// 2711// 3006//
f 3006// 2711// 2712//
f 3006// 2712// 3004//
f 3007// 2718// 2732//
f 3007// 2732// 3008//
f 3008// 2732// 2731//
f 3008// 2731// 3009//
f 3009// 2731// 2717//
f 3009// 2717// 3010//
f 3010// 2717// 2716//
f 3010// 2716// 3011//
f 3011// 2716// 2715//
f 3011// 2715// 3012//
f 3012// 2715// 2701//
f 3012// 2701// 3013//
f 3013// 2701// 2700//
f 3013// 2700// 3005//
f 3014// 2722// 2721//
f 3014// 2721// 3015//
f 3015// 2721// 2723//
f 3015// 2723// 3016//
f 3016// 2723// 2724//
f 3016// 2724// 3017//
f 3017// 2724// 2725//
f 3017// 2725// 3018//
f 3018// 2725// 2720//
f 3018// 2720// 3019//
f 3019// 2720// 2719//
f 3019// 2719// 3020//
f 3020// 2719// 2718//
f 3020// 2718// 3007//
f 2983// 2703// 2702//
f 2983// 2702// 3021//
f 3021// 2702// 2726//
f 3021// 2726// 3022//
f 3022// 2726// 2722//
f 3022// 2722// 3014//
f 3015// 2986// 3014//
f 3014// 2986// 2987//
f 3014// 2987// 3022//
f 3022// 2987// 2985//
f 3022// 2985// 3021//
f 3021// 2985// 2984//
f 3021// 2984// 2983//
f 3004// 3002// 3006//
f 3006// 3002// 3003//
f 3006// 3003// 3005//
f 3005// 3003// 2995//
f 3005// 2995// 3013//
f 3013// 2995// 2996//
f 3013// 2996// 3012//
f 3012// 2996// 2997//
f 3012// 2997// 3011//
f 3011// 2997// 2998//
f 3011// 2998// 3010//
f 3010// 2998// 2999//
f 3010// 2999// 3009//
f 3009// 2999// 3000//
f 3009// 3000// 3008//
f 3008// 3000// 3001//
f 3008// 3001// 3007//
f 3007// 3001// 2988//
f 3007// 2988// 3020//
f 3020// 2988// 2989//
f 3020// 2989// 3019//
f 3019// 2989// 2990//
f 3019// 2990// 3018//
f 3018// 2990// 2991//
f 3018// 2991// 3017//
f 3017// 2991// 2992//
f 3017// 2992// 3016//
f 3016// 2992// 2993//
f 3016// 2993// 3015//
f 3015// 2993// 2994//
f 3015// 2994// 2986//
f 3023// 3024// 2787//
f 2787// 3024// 2788//
f 3024// 3025// 2788//
f 2788// 3025// 2789//
f 3025// 3026// 2789//
f 2789// 3026// 2756//
f 3026// 3027// 2756//
f 2756// 3027// 2754//
f 3027// 3028// 2754//
f 2754// 3028// 2762//
f 3028// 3029// 2762//
f 2762// 3029// 2760//
f 3029// 3030// 2760//
f 2760// 3030// 2761//
f 3030// 3031// 2761//
f 2761// 3031// 2763//
f 3031// 3032// 2763//
f 2763// 3032// 2764//
f 3032// 3033// 2764//
f 2764// 3033// 2785//
f 3033// 3034// 2785//
f 2785// 3034// 2786//
f 3034// 3023// 2786//
f 2786// 3023// 2787//
f 3025// 3024// 3023//
f 3023// 3034// 3025//
f 3025// 3034// 3033//
f 3025// 3033// 3026//
f 3028// 3027// 3029//
f 3029// 3027// 3026//
f 3029// 3026// 3030//
f 3030// 3026// 3033//
f 3030// 3033// 3031//
f 3031// 3033// 3032//
f 3035// 3036// 2784//
f 2784// 3036// 2765//
f 3036// 3037// 2765//
f 2765// 3037// 2766//
f 3037// 3038// 2766//
f 2766// 3038// 2780//
f 3039// 2782// 2781//
f 3039// 2781// 3040//
f 3040// 2781// 2779//
f 3040// 2779// 3041//
f 3041// 2779// 2778//
f 3041// 2778// 3042//
f 3042// 2778// 2777//
f 3042// 2777// 3043//
f 3043// 2777// 2773//
f 3043// 2773// 3044//
f 3044// 2773// 2771//
f 3044// 2771// 3045//
f 3045// 2771// 2770//
f 3045// 2770// 3046//
f 3046// 2770// 2780//
f 3046// 2780// 3038//
f 3035// 2784// 2769//
f 3035// 2769// 3047//
f 3047// 2769// 2768//
f 3047// 2768// 3048//
f 3048// 2768// 2767//
f 3048// 2767// 3049//
f 3049// 2767// 2759//
f 3049// 2759// 3050//
f 3050// 2759// 2758//
f 3050// 2758// 3051//
f 3051// 2758// 2783//
f 3051// 2783// 3052//
f 3052// 2783// 2782//
f 3052// 2782// 3039//
f 3041// 3042// 3053//
f 3053// 3042// 3043//
f 3053// 3043// 3054//
f 3054// 3043// 3044//
f 3054// 3044// 3055//
f 3055// 3044// 3045//
f 3055// 3045// 3056//
f 3056// 3045// 3046//
f 3056// 3046// 3057//
f 3057// 3046// 3038//
f 3057// 3038// 3058//
f 3058// 3038// 3037//
f 3058// 3037// 3059//
f 3059// 3037// 3036//
f 3059// 3036// 3060//
f 3060// 3036// 3035//
f 3060// 3035// 3061//
f 3061// 3035// 3047//
f 3061// 3047// 3062//
f 3062// 3047// 3048//
f 3062// 3048// 3063//
f 3063// 3048// 3049//
f 3063// 3049// 3064//
f 3064// 3049// 3050//
f 3064// 3050// 3065//
f 3065// 3050// 3051//
f 3065// 3051// 3066//
f 3066// 3051// 3052//
f 3066// 3052// 3067//
f 3067// 3052// 3039//
f 3067// 3039// 3068//
f 3068// 3039// 3040//
f 3068// 3040// 3069//
f 3069// 3040// 3041//
f 3069// 3041// 3053//
f 3057// 3058// 3070//
f 3070// 3058// 3071//
f 3057// 3070// 3072//
f 3057// 3072// 3056//
f 3056// 3072// 3073//
f 3056// 3073// 3055//
f 3055// 3073// 3074//
f 3055// 3074// 3054//
f 3054// 3074// 3075//
f 3054// 3075// 3053//
f 3053// 3075// 3076//
f 3053// 3076// 3069//
f 3069// 3076// 3077//
f 3069// 3077// 3068//
f 3068// 3077// 3078//
f 3068// 3078// 3067//
f 3067// 3078// 3079//
f 3067// 3079// 3066//
f 3066// 3079// 3080//
f 3066// 3080// 3065//
f 3065// 3080// 3081//
f 3065// 3081// 3064//
f 3064// 3081// 3082//
f 3064// 3082// 3063//
f 3063// 3082// 3083//
f 3063// 3083// 3062//
f 3062// 3083// 3084//
f 3062// 3084// 3061//
f 3061// 3084// 3085//
f 3061// 3085// 3060//
f 3059// 3060// 3086//
f 3086// 3060// 3085//
f 3058// 3059// 3071//
f 3071// 3059// 3086//
usemtl 2
f 3071// 3086// 3070//
f 3070// 3086// 3085//
f 3070// 3085// 3084//
f 3078// 3077// 3070//
f 3070// 3077// 3076//
f 3070// 3076// 3072//
f 3084// 3083// 3070//
f 3070// 3083// 3082//
f 3070// 3082// 3081//
f 3081// 3080// 3070//
f 3070// 3080// 3079//
f 3070// 3079// 3078//
f 3075// 3074// 3076//
f 3076// 3074// 3073//
f 3076// 3073// 3072//
usemtl 3
f 3087// 3088// 2776//
f 2776// 3088// 2774//
f 3088// 3089// 2774//
f 2774// 3089// 2792//
f 3089// 3090// 2792//
f 2792// 3090// 2790//
f 3090// 3091// 2790//
f 2790// 3091// 2791//
f 3091// 3092// 2791//
f 2791// 3092// 2793//
f 3092// 3093// 2793//
f 2793// 3093// 2757//
f 3093// 3094// 2757//
f 2757// 3094// 2772//
f 3094// 3087// 2772//
f 2772// 3087// 2776//
f 3095// 3091// 3096//
f 3096// 3091// 3090//
f 3097// 3094// 3095//
f 3095// 3094// 3093//
f 3095// 3093// 3091//
f 3091// 3093// 3092//
f 3097// 3098// 3094//
f 3094// 3098// 3099//
f 3094// 3099// 3087//
f 3087// 3099// 3100//
f 3087// 3100// 3101//
f 3101// 3102// 3087//
f 3087// 3102// 3096//
f 3087// 3096// 3088//
f 3088// 3096// 3090//
f 3088// 3090// 3089//
f 3095// 3096// 3103//
f 3103// 3096// 3104//
f 3097// 3095// 3105//
f 3105// 3095// 3103//
f 3097// 3105// 3106//
f 3097// 3106// 3098//
f 3098// 3106// 3107//
f 3098// 3107// 3099//
f 3100// 3099// 3108//
f 3108// 3099// 3107//
f 3100// 3108// 3109//
f 3100// 3109// 3101//
f 3101// 3109// 3110//
f 3101// 3110// 3102//
f 3096// 3102// 3104//
f 3104// 3102// 3110//
usemtl 2
f 3103// 3104// 3105//
f 3105// 3104// 3110//
f 3105// 3110// 3106//
f 3106// 3110// 3109//
f 3106// 3109// 3107//
f 3107// 3109// 3108//
f 3111// 3112// 3113//
f 3114// 3115// 3116//
f 3117// 3118// 3119//
f 3119// 3118// 3120//
f 3119// 3120// 3121//
f 3111// 3113// 3122//
f 3122// 3113// 3114//
f 3122// 3114// 3123//
f 3123// 3114// 3124//
f 3123// 3124// 3125//
f 3112// 3126// 3113//
f 3113// 3126// 3127//
f 3113// 3127// 3128//
f 3129// 3130// 3113//
f 3113// 3130// 3131//
f 3132// 3133// 3134//
f 3134// 3133// 3135//
f 3131// 3136// 3113//
f 3113// 3136// 3135//
f 3113// 3135// 3137//
f 3137// 3135// 3133//
f 3138// 3139// 3140//
f 3140// 3139// 3141//
f 3128// 3142// 3113//
f 3113// 3142// 3143//
f 3113// 3143// 3129//
f 3121// 3144// 3119//
f 3119// 3144// 3145//
f 3119// 3145// 3146//
f 3146// 3145// 3147//
f 3146// 3147// 3148//
f 3149// 3150// 3124//
f 3147// 3151// 3148//
f 3148// 3151// 3152//
f 3148// 3152// 3140//
f 3140// 3152// 3153//
f 3140// 3153// 3138//
f 3150// 3154// 3124//
f 3124// 3154// 3155//
f 3124// 3155// 3125//
f 3115// 3156// 3116//
f 3116// 3156// 3157//
f 3116// 3157// 3158//
f 3157// 3159// 3158//
f 3158// 3159// 3160//
f 3158// 3160// 3118//
f 3141// 3149// 3140//
f 3140// 3149// 3124//
f 3140// 3124// 3161//
f 3161// 3124// 3162//
f 3161// 3162// 3117//
f 3117// 3162// 3163//
f 3117// 3163// 3118//
f 3118// 3163// 3164//
f 3118// 3164// 3158//
f 3165// 3166// 3124//
f 3114// 3116// 3124//
f 3124// 3116// 3167//
f 3124// 3167// 3165//
f 3168// 3169// 3170//
f 3171// 3172// 3173//
f 3173// 3172// 3174//
f 3175// 3176// 3174//
f 3174// 3176// 3177//
f 3174// 3177// 3173//
f 3170// 3178// 3168//
f 3168// 3178// 3179//
f 3168// 3179// 3180//
f 3181// 3182// 3183//
f 3183// 3182// 3184//
f 3185// 3186// 3187//
f 3187// 3186// 3166//
f 3187// 3166// 3183//
f 3184// 3188// 3183//
f 3183// 3188// 3189//
f 3183// 3189// 3190//
f 3181// 3183// 3191//
f 3191// 3183// 3166//
f 3191// 3166// 3177//
f 3177// 3166// 3165//
f 3177// 3165// 3173//
f 3190// 3192// 3183//
f 3183// 3192// 3193//
f 3183// 3193// 3168//
f 3168// 3193// 3194//
f 3168// 3194// 3169//
f 3116// 3195// 3176//
f 3196// 3197// 3175//
f 3175// 3197// 3198//
f 3175// 3198// 3176//
f 3176// 3198// 3199//
f 3176// 3199// 3116//
f 3116// 3199// 3200//
f 3116// 3200// 3167//
f 3201// 3202// 3203//
f 3203// 3202// 3204//
f 3203// 3204// 3116//
f 3116// 3204// 3168//
f 3116// 3168// 3195//
f 3195// 3168// 3180//
f 3185// 3203// 3186//
f 3186// 3203// 3116//
f 3186// 3116// 3205//
f 3205// 3116// 3158//
f 3206// 3207// 3208//
f 3206// 3208// 3209//
f 3209// 3208// 3210//
f 3209// 3210// 3211//
f 3211// 3210// 3212//
f 3211// 3212// 3213//
f 3213// 3212// 3214//
f 3213// 3214// 3215//
f 3215// 3214// 3216//
f 3215// 3216// 3217//
f 3217// 3216// 3218//
f 3217// 3218// 3219//
f 3219// 3218// 3220//
f 3219// 3220// 3221//
f 3222// 3223// 3220//
f 3220// 3223// 3221//
f 3223// 3222// 3224//
f 3223// 3224// 3225//
f 3225// 3224// 3226//
f 3225// 3226// 3227//
f 3227// 3226// 3228//
f 3227// 3228// 3229//
f 3229// 3228// 3230//
f 3229// 3230// 3231//
f 3231// 3230// 3232//
f 3231// 3232// 3233//
f 3233// 3232// 3234//
f 3233// 3234// 3235//
f 3236// 3237// 3234//
f 3234// 3237// 3235//
f 3237// 3236// 3238//
f 3237// 3238// 3239//
f 3239// 3238// 3240//
f 3239// 3240// 3241//
f 3241// 3240// 3242//
f 3241// 3242// 3243//
f 3243// 3242// 3244//
f 3243// 3244// 3245//
f 3245// 3244// 3246//
f 3245// 3246// 3247//
f 3247// 3246// 3248//
f 3247// 3248// 3249//
f 3250// 3251// 3248//
f 3248// 3251// 3249//
f 3251// 3250// 3252//
f 3252// 3250// 3253//
f 3252// 3253// 3254//
f 3254// 3253// 3255//
f 3254// 3255// 3256//
f 3256// 3255// 3257//
f 3256// 3257// 3258//
f 3258// 3257// 3259//
f 3258// 3259// 3260//
f 3260// 3259// 3261//
f 3260// 3261// 3262//
f 3262// 3261// 3263//
f 3262// 3263// 3264//
f 3264// 3263// 3265//
f 3264// 3265// 3266//
f 3266// 3265// 3267//
f 3266// 3267// 3268//
f 3268// 3267// 3269//
f 3268// 3269// 3270//
f 3270// 3269// 3271//
f 3270// 3271// 3272//
f 3272// 3271// 3273//
f 3272// 3273// 3274//
f 3274// 3273// 3275//
f 3274// 3275// 3276//
f 3276// 3275// 3277//
f 3276// 3277// 3278//
f 3278// 3277// 3279//
f 3280// 3281// 3279//
f 3279// 3281// 3278//
f 3281// 3280// 3282//
f 3281// 3282// 3283//
f 3283// 3282// 3284//
f 3283// 3284// 3285//
f 3285// 3284// 3286//
f 3285// 3286// 3287//
f 3287// 3286// 3288//
f 3287// 3288// 3289//
f 3289// 3288// 3290//
f 3289// 3290// 3291//
f 3291// 3290// 3292//
f 3291// 3292// 3293//
f 3294// 3295// 3292//
f 3292// 3295// 3293//
f 3295// 3294// 3296//
f 3295// 3296// 3297//
f 3297// 3296// 3298//
f 3297// 3298// 3299//
f 3299// 3298// 3300//
f 3299// 3300// 3301//
f 3301// 3300// 3302//
f 3301// 3302// 3303//
f 3303// 3302// 3304//
f 3303// 3304// 3305//
f 3305// 3304// 3306//
f 3305// 3306// 3307//
f 3308// 3309// 3306//
f 3306// 3309// 3307//
f 3309// 3308// 3310//
f 3309// 3310// 3311//
f 3311// 3310// 3312//
f 3311// 3312// 3313//
f 3313// 3312// 3314//
f 3313// 3314// 3315//
f 3315// 3314// 3316//
f 3315// 3316// 3317//
f 3317// 3316// 3318//
f 3317// 3318// 3319//
f 3319// 3318// 3320//
f 3319// 3320// 3321//
f 3321// 3320// 3322//
f 3321// 3322// 3323//
f 3324// 3325// 3322//
f 3322// 3325// 3323//
f 3325// 3324// 3326//
f 3326// 3324// 3327//
f 3326// 3327// 3328//
f 3328// 3327// 3329//
f 3328// 3329// 3330//
f 3330// 3329// 3331//
f 3330// 3331// 3332//
f 3332// 3331// 3333//
f 3332// 3333// 3334//
f 3334// 3333// 3335//
f 3334// 3335// 3336//
f 3336// 3335// 3337//
f 3336// 3337// 3338//
f 3338// 3337// 3339//
f 3340// 3341// 3339//
f 3339// 3341// 3338//
f 3340// 3342// 3341//
f 3341// 3342// 3343//
f 3344// 3345// 3342//
f 3342// 3345// 3343//
f 3345// 3344// 3346//
f 3345// 3346// 3347//
f 3347// 3346// 3348//
f 3347// 3348// 3349//
f 3349// 3348// 3350//
f 3349// 3350// 3351//
f 3351// 3350// 3352//
f 3351// 3352// 3353//
f 3353// 3352// 3354//
f 3353// 3354// 3355//
f 3355// 3354// 3356//
f 3355// 3356// 3357//
f 3358// 3359// 3356//
f 3356// 3359// 3357//
f 3359// 3358// 3360//
f 3359// 3360// 3361//
f 3361// 3360// 3362//
f 3361// 3362// 3363//
f 3363// 3362// 3364//
f 3363// 3364// 3365//
f 3365// 3364// 3366//
f 3365// 3366// 3367//
f 3367// 3366// 3368//
f 3367// 3368// 3369//
f 3369// 3368// 3370//
f 3369// 3370// 3371//
f 3372// 3373// 3370//
f 3370// 3373// 3371//
f 3205// 3373// 3186//
f 3186// 3373// 3372//
f 3186// 3372// 3166//
f 3163// 3162// 3374//
f 3164// 3163// 3375//
f 3375// 3163// 3374//
f 3375// 3374// 3376//
f 3376// 3374// 3377//
f 3376// 3377// 3378//
f 3378// 3377// 3379//
f 3378// 3379// 3380//
f 3380// 3379// 3381//
f 3380// 3381// 3382//
f 3382// 3381// 3383//
f 3382// 3383// 3384//
f 3384// 3383// 3385//
f 3384// 3385// 3386//
f 3386// 3385// 3387//
f 3207// 3206// 3387//
f 3387// 3206// 3386//
f 3330// 3332// 3266//
f 3378// 3262// 3376//
f 3376// 3262// 3264//
f 3211// 3213// 3260//
f 3378// 3380// 3262//
f 3262// 3380// 3382//
f 3262// 3382// 3260//
f 3260// 3382// 3384//
f 3260// 3384// 3386//
f 3158// 3164// 3264//
f 3264// 3164// 3375//
f 3264// 3375// 3376//
f 3266// 3332// 3264//
f 3264// 3332// 3334//
f 3264// 3334// 3336//
f 3323// 3325// 3268//
f 3268// 3325// 3326//
f 3268// 3326// 3266//
f 3266// 3326// 3328//
f 3266// 3328// 3330//
f 3315// 3270// 3313//
f 3313// 3270// 3311//
f 3251// 3252// 3221//
f 3252// 3254// 3221//
f 3221// 3254// 3256//
f 3221// 3256// 3219//
f 3219// 3256// 3258//
f 3219// 3258// 3217//
f 3217// 3258// 3260//
f 3217// 3260// 3215//
f 3215// 3260// 3213//
f 3386// 3206// 3260//
f 3260// 3206// 3209//
f 3260// 3209// 3211//
f 3338// 3341// 3359//
f 3341// 3343// 3359//
f 3359// 3343// 3345//
f 3359// 3345// 3357//
f 3315// 3317// 3270//
f 3270// 3317// 3319//
f 3270// 3319// 3268//
f 3268// 3319// 3321//
f 3268// 3321// 3323//
f 3311// 3270// 3309//
f 3309// 3270// 3272//
f 3309// 3272// 3274//
f 3336// 3338// 3264//
f 3264// 3338// 3359//
f 3264// 3359// 3158//
f 3158// 3359// 3205//
f 3285// 3287// 3293//
f 3293// 3287// 3289//
f 3293// 3289// 3291//
f 3293// 3295// 3307//
f 3369// 3371// 3359//
f 3359// 3371// 3373//
f 3359// 3373// 3205//
f 3274// 3276// 3309//
f 3309// 3276// 3278//
f 3309// 3278// 3307//
f 3307// 3278// 3281//
f 3307// 3281// 3293//
f 3293// 3281// 3283//
f 3293// 3283// 3285//
f 3345// 3347// 3357//
f 3357// 3347// 3349//
f 3357// 3349// 3355//
f 3355// 3349// 3351//
f 3355// 3351// 3353//
f 3301// 3295// 3299//
f 3299// 3295// 3297//
f 3301// 3303// 3295//
f 3295// 3303// 3305//
f 3295// 3305// 3307//
f 3235// 3237// 3249//
f 3249// 3237// 3239//
f 3249// 3239// 3241//
f 3361// 3363// 3365//
f 3251// 3221// 3249//
f 3249// 3221// 3223//
f 3249// 3223// 3235//
f 3235// 3223// 3225//
f 3235// 3225// 3227//
f 3241// 3243// 3249//
f 3249// 3243// 3245//
f 3249// 3245// 3247//
f 3361// 3365// 3359//
f 3359// 3365// 3367//
f 3359// 3367// 3369//
f 3229// 3231// 3227//
f 3227// 3231// 3233//
f 3227// 3233// 3235//
f 3381// 3379// 3263//
f 3316// 3314// 3271//
f 3333// 3267// 3335//
f 3335// 3267// 3265//
f 3335// 3265// 3337//
f 3280// 3279// 3292//
f 3277// 3275// 3308//
f 3308// 3275// 3273//
f 3308// 3273// 3310//
f 3310// 3273// 3271//
f 3310// 3271// 3312//
f 3312// 3271// 3314//
f 3333// 3331// 3267//
f 3267// 3331// 3329//
f 3267// 3329// 3269//
f 3269// 3329// 3327//
f 3269// 3327// 3324//
f 3324// 3322// 3269//
f 3269// 3322// 3320//
f 3269// 3320// 3271//
f 3271// 3320// 3318//
f 3271// 3318// 3316//
f 3337// 3265// 3339//
f 3339// 3265// 3358//
f 3339// 3358// 3340//
f 3263// 3379// 3265//
f 3265// 3379// 3377//
f 3265// 3377// 3374//
f 3207// 3387// 3261//
f 3261// 3387// 3385//
f 3261// 3385// 3263//
f 3263// 3385// 3383//
f 3263// 3383// 3381//
f 3259// 3218// 3216//
f 3259// 3216// 3261//
f 3261// 3216// 3214//
f 3261// 3214// 3212//
f 3218// 3259// 3220//
f 3220// 3259// 3257//
f 3220// 3257// 3255//
f 3277// 3308// 3279//
f 3279// 3308// 3294//
f 3279// 3294// 3292//
f 3166// 3358// 3124//
f 3124// 3358// 3265//
f 3124// 3265// 3162//
f 3162// 3265// 3374//
f 3212// 3210// 3261//
f 3261// 3210// 3208//
f 3261// 3208// 3207//
f 3348// 3346// 3356//
f 3356// 3346// 3344//
f 3356// 3344// 3358//
f 3358// 3344// 3342//
f 3358// 3342// 3340//
f 3308// 3306// 3294//
f 3294// 3306// 3304//
f 3294// 3304// 3302//
f 3302// 3300// 3294//
f 3294// 3300// 3298//
f 3294// 3298// 3296//
f 3354// 3352// 3356//
f 3356// 3352// 3350//
f 3356// 3350// 3348//
f 3166// 3372// 3358//
f 3358// 3372// 3370//
f 3358// 3370// 3368//
f 3255// 3253// 3220//
f 3220// 3253// 3250//
f 3220// 3250// 3222//
f 3222// 3250// 3248//
f 3286// 3292// 3288//
f 3288// 3292// 3290//
f 3286// 3284// 3292//
f 3292// 3284// 3282//
f 3292// 3282// 3280//
f 3362// 3360// 3364//
f 3364// 3360// 3358//
f 3364// 3358// 3366//
f 3366// 3358// 3368//
f 3244// 3236// 3246//
f 3246// 3236// 3248//
f 3248// 3236// 3222//
f 3222// 3236// 3234//
f 3222// 3234// 3224//
f 3230// 3228// 3226//
f 3244// 3242// 3236//
f 3236// 3242// 3240//
f 3236// 3240// 3238//
f 3224// 3234// 3226//
f 3226// 3234// 3232//
f 3226// 3232// 3230//
usemtl 3
f 3388// 3389// 3146//
f 3146// 3389// 3119//
f 3389// 3390// 3119//
f 3119// 3390// 3117//
f 3390// 3391// 3117//
f 3117// 3391// 3161//
f 3391// 3392// 3161//
f 3161// 3392// 3140//
f 3392// 3393// 3140//
f 3140// 3393// 3148//
f 3393// 3388// 3148//
f 3148// 3388// 3146//
f 3392// 3391// 3393//
f 3393// 3391// 3390//
f 3393// 3390// 3388//
f 3388// 3390// 3389//
f 3394// 3395// 3114//
f 3114// 3395// 3115//
f 3115// 3395// 3396//
f 3397// 3160// 3159//
f 3397// 3159// 3398//
f 3398// 3159// 3157//
f 3398// 3157// 3396//
f 3396// 3157// 3156//
f 3396// 3156// 3115//
f 3399// 3152// 3151//
f 3399// 3151// 3400//
f 3400// 3151// 3147//
f 3400// 3147// 3401//
f 3401// 3147// 3145//
f 3401// 3145// 3402//
f 3402// 3145// 3144//
f 3402// 3144// 3403//
f 3403// 3144// 3121//
f 3403// 3121// 3404//
f 3404// 3121// 3120//
f 3404// 3120// 3405//
f 3405// 3120// 3397//
f 3397// 3120// 3118//
f 3397// 3118// 3160//
f 3406// 3154// 3150//
f 3406// 3150// 3407//
f 3407// 3150// 3149//
f 3407// 3149// 3408//
f 3408// 3149// 3141//
f 3408// 3141// 3409//
f 3409// 3141// 3139//
f 3409// 3139// 3410//
f 3410// 3139// 3138//
f 3410// 3138// 3411//
f 3411// 3138// 3153//
f 3411// 3153// 3412//
f 3412// 3153// 3152//
f 3412// 3152// 3399//
f 3413// 3125// 3155//
f 3413// 3155// 3414//
f 3414// 3155// 3154//
f 3414// 3154// 3406//
f 3413// 3415// 3125//
f 3125// 3415// 3123//
f 3416// 3111// 3122//
f 3416// 3122// 3417//
f 3417// 3122// 3123//
f 3417// 3123// 3415//
f 3418// 3129// 3143//
f 3418// 3143// 3419//
f 3419// 3143// 3142//
f 3419// 3142// 3420//
f 3420// 3142// 3128//
f 3420// 3128// 3421//
f 3421// 3128// 3127//
f 3421// 3127// 3422//
f 3422// 3127// 3126//
f 3422// 3126// 3423//
f 3423// 3126// 3112//
f 3423// 3112// 3424//
f 3424// 3112// 3111//
f 3424// 3111// 3416//
f 3425// 3133// 3132//
f 3425// 3132// 3426//
f 3426// 3132// 3134//
f 3426// 3134// 3427//
f 3427// 3134// 3135//
f 3427// 3135// 3428//
f 3428// 3135// 3136//
f 3428// 3136// 3429//
f 3429// 3136// 3131//
f 3429// 3131// 3430//
f 3430// 3131// 3130//
f 3430// 3130// 3431//
f 3431// 3130// 3129//
f 3431// 3129// 3418//
f 3394// 3114// 3113//
f 3394// 3113// 3432//
f 3432// 3113// 3137//
f 3432// 3137// 3433//
f 3433// 3137// 3133//
f 3433// 3133// 3425//
f 3426// 3397// 3425//
f 3425// 3397// 3398//
f 3425// 3398// 3433//
f 3433// 3398// 3396//
f 3433// 3396// 3432//
f 3432// 3396// 3395//
f 3432// 3395// 3394//
f 3415// 3413// 3417//
f 3417// 3413// 3414//
f 3417// 3414// 3416//
f 3416// 3414// 3406//
f 3416// 3406// 3424//
f 3424// 3406// 3407//
f 3424// 3407// 3423//
f 3423// 3407// 3408//
f 3423// 3408// 3422//
f 3422// 3408// 3409//
f 3422// 3409// 3421//
f 3421// 3409// 3410//
f 3421// 3410// 3420//
f 3420// 3410// 3411//
f 3420// 3411// 3419//
f 3419// 3411// 3412//
f 3419// 3412// 3418//
f 3418// 3412// 3399//
f 3418// 3399// 3431//
f 3431// 3399// 3400//
f 3431// 3400// 3430//
f 3430// 3400// 3401//
f 3430// 3401// 3429//
f 3429// 3401// 3402//
f 3429// 3402// 3428//
f 3428// 3402// 3403//
f 3428// 3403// 3427//
f 3427// 3403// 3404//
f 3427// 3404// 3426//
f 3426// 3404// 3405//
f 3426// 3405// 3397//
f 3434// 3435// 3198//
f 3198// 3435// 3199//
f 3435// 3436// 3199//
f 3199// 3436// 3200//
f 3436// 3437// 3200//
f 3200// 3437// 3167//
f 3437// 3438// 3167//
f 3167// 3438// 3165//
f 3438// 3439// 3165//
f 3165// 3439// 3173//
f 3439// 3440// 3173//
f 3173// 3440// 3171//
f 3440// 3441// 3171//
f 3171// 3441// 3172//
f 3441// 3442// 3172//
f 3172// 3442// 3174//
f 3442// 3443// 3174//
f 3174// 3443// 3175//
f 3443// 3444// 3175//
f 3175// 3444// 3196//
f 3444// 3445// 3196//
f 3196// 3445// 3197//
f 3445// 3434// 3197//
f 3197// 3434// 3198//
f 3436// 3435// 3434//
f 3434// 3445// 3436//
f 3436// 3445// 3444//
f 3436// 3444// 3437//
f 3439// 3438// 3440//
f 3440// 3438// 3437//
f 3440// 3437// 3441//
f 3441// 3437// 3444//
f 3441// 3444// 3442//
f 3442// 3444// 3443//
f 3446// 3447// 3195//
f 3195// 3447// 3176//
f 3447// 3448// 3176//
f 3176// 3448// 3177//
f 3448// 3449// 3177//
f 3177// 3449// 3191//
f 3450// 3193// 3192//
f 3450// 3192// 3451//
f 3451// 3192// 3190//
f 3451// 3190// 3452//
f 3452// 3190// 3189//
f 3452// 3189// 3453//
f 3453// 3189// 3188//
f 3453// 3188// 3454//
f 3454// 3188// 3184//
f 3454// 3184// 3455//
f 3455// 3184// 3182//
f 3455// 3182// 3456//
f 3456// 3182// 3181//
f 3456// 3181// 3457//
f 3457// 3181// 3191//
f 3457// 3191// 3449//
f 3446// 3195// 3180//
f 3446// 3180// 3458//
f 3458// 3180// 3179//
f 3458// 3179// 3459//
f 3459// 3179// 3178//
f 3459// 3178// 3460//
f 3460// 3178// 3170//
f 3460// 3170// 3461//
f 3461// 3170// 3169//
f 3461// 3169// 3462//
f 3462// 3169// 3194//
f 3462// 3194// 3463//
f 3463// 3194// 3193//
f 3463// 3193// 3450//
f 3452// 3453// 3464//
f 3464// 3453// 3454//
f 3464// 3454// 3465//
f 3465// 3454// 3455//
f 3465// 3455// 3466//
f 3466// 3455// 3456//
f 3466// 3456// 3467//
f 3467// 3456// 3457//
f 3467// 3457// 3468//
f 3468// 3457// 3449//
f 3468// 3449// 3469//
f 3469// 3449// 3448//
f 3469// 3448// 3470//
f 3470// 3448// 3447//
f 3470// 3447// 3471//
f 3471// 3447// 3446//
f 3471// 3446// 3472//
f 3472// 3446// 3458//
f 3472// 3458// 3473//
f 3473// 3458// 3459//
f 3473// 3459// 3474//
f 3474// 3459// 3460//
f 3474// 3460// 3475//
f 3475// 3460// 3461//
f 3475// 3461// 3476//
f 3476// 3461// 3462//
f 3476// 3462// 3477//
f 3477// 3462// 3463//
f 3477// 3463// 3478//
f 3478// 3463// 3450//
f 3478// 3450// 3479//
f 3479// 3450// 3451//
f 3479// 3451// 3480//
f 3480// 3451// 3452//
f 3480// 3452// 3464//
f 3468// 3469// 3481//
f 3481// 3469// 3482//
f 3468// 3481// 3483//
f 3468// 3483// 3467//
f 3467// 3483// 3484//
f 3467// 3484// 3466//
f 3466// 3484// 3485//
f 3466// 3485// 3465//
f 3465// 3485// 3486//
f 3465// 3486// 3464//
f 3464// 3486// 3487//
f 3464// 3487// 3480//
f 3480// 3487// 3488//
f 3480// 3488// 3479//
f 3479// 3488// 3489//
f 3479// 3489// 3478//
f 3478// 3489// 3490//
f 3478// 3490// 3477//
f 3477// 3490// 3491//
f 3477// 3491// 3476//
f 3476// 3491// 3492//
f 3476// 3492// 3475//
f 3475// 3492// 3493//
f 3475// 3493// 3474//
f 3474// 3493// 3494//
f 3474// 3494// 3473//
f 3473// 3494// 3495//
f 3473// 3495// 3472//
f 3472// 3495// 3496//
f 3472// 3496// 3471//
f 3470// 3471// 3497//
f 3497// 3471// 3496//
f 3469// 3470// 3482//
f 3482// 3470// 3497//
usemtl 2
f 3482// 3497// 3481//
f 3481// 3497// 3496//
f 3481// 3496// 3495//
f 3489// 3488// 3481//
f 3481// 3488// 3487//
f 3481// 3487// 3483//
f 3495// 3494// 3481//
f 3481// 3494// 3493//
f 3481// 3493// 3492//
f 3492// 3491// 3481//
f 3481// 3491// 3490//
f 3481// 3490// 3489//
f 3486// 3485// 3487//
f 3487// 3485// 3484//
f 3487// 3484// 3483//
usemtl 3
f 3498// 3499// 3187//
f 3187// 3499// 3185//
f 3499// 3500// 3185//
f 3185// 3500// 3203//
f 3500// 3501// 3203//
f 3203// 3501// 3201//
f 3501// 3502// 3201//
f 3201// 3502// 3202//
f 3502// 3503// 3202//
f 3202// 3503// 3204//
f 3503// 3504// 3204//
f 3204// 3504// 3168//
f 3504// 3505// 3168//
f 3168// 3505// 3183//
f 3505// 3498// 3183//
f 3183// 3498// 3187//
f 3506// 3502// 3507//
f 3507// 3502// 3501//
f 3508// 3505// 3506//
f 3506// 3505// 3504//
f 3506// 3504// 3502//
f 3502// 3504// 3503//
f 3508// 3509// 3505//
f 3505// 3509// 3510//
f 3505// 3510// 3498//
f 3498// 3510// 3511//
f 3498// 3511// 3512//
f 3512// 3513// 3498//
f 3498// 3513// 3507//
f 3498// 3507// 3499//
f 3499// 3507// 3501//
f 3499// 3501// 3500//
f 3506// 3507// 3514//
f 3514// 3507// 3515//
f 3508// 3506// 3516//
f 3516// 3506// 3514//
f 3508// 3516// 3517//
f 3508// 3517// 3509//
f 3509// 3517// 3518//
f 3509// 3518// 3510//
f 3511// 3510// 3519//
f 3519// 3510// 3518//
f 3511// 3519// 3520//
f 3511// 3520// 3512//
f 3512// 3520// 3521//
f 3512// 3521// 3513//
f 3507// 3513// 3515//
f 3515// 3513// 3521//
usemtl 2
f 3514// 3515// 3516//
f 3516// 3515// 3521//
f 3516// 3521// 3517//
f 3517// 3521// 3520//
f 3517// 3520// 3518//
f 3518// 3520// 3519//
f 3522// 3523// 3524//
f 3525// 3526// 3527//
f 3528// 3529// 3530//
f 3530// 3529// 3531//
f 3530// 3531// 3532//
f 3522// 3524// 3533//
f 3533// 3524// 3525//
f 3533// 3525// 3534//
f 3534// 3525// 3535//
f 3534// 3535// 3536//
f 3523// 3537// 3524//
f 3524// 3537// 3538//
f 3524// 3538// 3539//
f 3540// 3541// 3524//
f 3524// 3541// 3542//
f 3543// 3544// 3545//
f 3545// 3544// 3546//
f 3542// 3547// 3524//
f 3524// 3547// 3546//
f 3524// 3546// 3548//
f 3548// 3546// 3544//
f 3549// 3550// 3551//
f 3551// 3550// 3552//
f 3539// 3553// 3524//
f 3524// 3553// 3554//
f 3524// 3554// 3540//
f 3532// 3555// 3530//
f 3530// 3555// 3556//
f 3530// 3556// 3557//
f 3557// 3556// 3558//
f 3557// 3558// 3559//
f 3560// 3561// 3535//
f 3558// 3562// 3559//
f 3559// 3562// 3563//
f 3559// 3563// 3551//
f 3551// 3563// 3564//
f 3551// 3564// 3549//
f 3561// 3565// 3535//
f 3535// 3565// 3566//
f 3535// 3566// 3536//
f 3526// 3567// 3527//
f 3527// 3567// 3568//
f 3527// 3568// 3569//
f 3568// 3570// 3569//
f 3569// 3570// 3571//
f 3569// 3571// 3529//
f 3552// 3560// 3551//
f 3551// 3560// 3535//
f 3551// 3535// 3572//
f 3572// 3535// 3573//
f 3572// 3573// 3528//
f 3528// 3573// 3574//
f 3528// 3574// 3529//
f 3529// 3574// 3575//
f 3529// 3575// 3569//
f 3576// 3577// 3535//
f 3525// 3527// 3535//
f 3535// 3527// 3578//
f 3535// 3578// 3576//
f 3579// 3580// 3581//
f 3582// 3583// 3584//
f 3584// 3583// 3585//
f 3586// 3587// 3585//
f 3585// 3587// 3588//
f 3585// 3588// 3584//
f 3581// 3589// 3579//
f 3579// 3589// 3590//
f 3579// 3590// 3591//
f 3592// 3593// 3594//
f 3594// 3593// 3595//
f 3596// 3597// 3598//
f 3598// 3597// 3577//
f 3598// 3577// 3594//
f 3595// 3599// 3594//
f 3594// 3599// 3600//
f 3594// 3600// 3601//
f 3592// 3594// 3602//
f 3602// 3594// 3577//
f 3602// 3577// 3588//
f 3588// 3577// 3576//
f 3588// 3576// 3584//
f 3601// 3603// 3594//
f 3594// 3603// 3604//
f 3594// 3604// 3579//
f 3579// 3604// 3605//
f 3579// 3605// 3580//
f 3527// 3606// 3587//
f 3607// 3608// 3586//
f 3586// 3608// 3609//
f 3586// 3609// 3587//
f 3587// 3609// 3610//
f 3587// 3610// 3527//
f 3527// 3610// 3611//
f 3527// 3611// 3578//
f 3612// 3613// 3614//
f 3614// 3613// 3615//
f 3614// 3615// 3527//
f 3527// 3615// 3579//
f 3527// 3579// 3606//
f 3606// 3579// 3591//
f 3596// 3614// 3597//
f 3597// 3614// 3527//
f 3597// 3527// 3616//
f 3616// 3527// 3569//
f 3617// 3618// 3619//
f 3617// 3619// 3620//
f 3620// 3619// 3621//
f 3620// 3621// 3622//
f 3622// 3621// 3623//
f 3622// 3623// 3624//
f 3624// 3623// 3625//
f 3624// 3625// 3626//
f 3626// 3625// 3627//
f 3626// 3627// 3628//
f 3628// 3627// 3629//
f 3628// 3629// 3630//
f 3630// 3629// 3631//
f 3630// 3631// 3632//
f 3633// 3634// 3631//
f 3631// 3634// 3632//
f 3634// 3633// 3635//
f 3634// 3635// 3636//
f 3636// 3635// 3637//
f 3636// 3637// 3638//
f 3638// 3637// 3639//
f 3638// 3639// 3640//
f 3640// 3639// 3641//
f 3640// 3641// 3642//
f 3642// 3641// 3643//
f 3642// 3643// 3644//
f 3644// 3643// 3645//
f 3644// 3645// 3646//
f 3647// 3648// 3645//
f 3645// 3648// 3646//
f 3648// 3647// 3649//
f 3648// 3649// 3650//
f 3650// 3649// 3651//
f 3650// 3651// 3652//
f 3652// 3651// 3653//
f 3652// 3653// 3654//
f 3654// 3653// 3655//
f 3654// 3655// 3656//
f 3656// 3655// 3657//
f 3656// 3657// 3658//
f 3658// 3657// 3659//
f 3658// 3659// 3660//
f 3661// 3662// 3659//
f 3659// 3662// 3660//
f 3662// 3661// 3663//
f 3663// 3661// 3664//
f 3663// 3664// 3665//
f 3665// 3664// 3666//
f 3665// 3666// 3667//
f 3667// 3666// 3668//
f 3667// 3668// 3669//
f 3669// 3668// 3670//
f 3669// 3670// 3671//
f 3671// 3670// 3672//
f 3671// 3672// 3673//
f 3673// 3672// 3674//
f 3673// 3674// 3675//
f 3675// 3674// 3676//
f 3675// 3676// 3677//
f 3677// 3676// 3678//
f 3677// 3678// 3679//
f 3679// 3678// 3680//
f 3679// 3680// 3681//
f 3681// 3680// 3682//
f 3681// 3682// 3683//
f 3683// 3682// 3684//
f 3683// 3684// 3685//
f 3685// 3684// 3686//
f 3685// 3686// 3687//
f 3687// 3686// 3688//
f 3687// 3688// 3689//
f 3689// 3688// 3690//
f 3691// 3692// 3690//
f 3690// 3692// 3689//
f 3692// 3691// 3693//
f 3692// 3693// 3694//
f 3694// 3693// 3695//
f 3694// 3695// 3696//
f 3696// 3695// 3697//
f 3696// 3697// 3698//
f 3698// 3697// 3699//
f 3698// 3699// 3700//
f 3700// 3699// 3701//
f 3700// 3701// 3702//
f 3702// 3701// 3703//
f 3702// 3703// 3704//
f 3705// 3706// 3703//
f 3703// 3706// 3704//
f 3706// 3705// 3707//
f 3706// 3707// 3708//
f 3708// 3707// 3709//
f 3708// 3709// 3710//
f 3710// 3709// 3711//
f 3710// 3711// 3712//
f 3712// 3711// 3713//
f 3712// 3713// 3714//
f 3714// 3713// 3715//
f 3714// 3715// 3716//
f 3716// 3715// 3717//
f 3716// 3717// 3718//
f 3719// 3720// 3717//
f 3717// 3720// 3718//
f 3720// 3719// 3721//
f 3720// 3721// 3722//
f 3722// 3721// 3723//
f 3722// 3723// 3724//
f 3724// 3723// 3725//
f 3724// 3725// 3726//
f 3726// 3725// 3727//
f 3726// 3727// 3728//
f 3728// 3727// 3729//
f 3728// 3729// 3730//
f 3730// 3729// 3731//
f 3730// 3731// 3732//
f 3732// 3731// 3733//
f 3732// 3733// 3734//
f 3735// 3736// 3733//
f 3733// 3736// 3734//
f 3736// 3735// 3737//
f 3737// 3735// 3738//
f 3737// 3738// 3739//
f 3739// 3738// 3740//
f 3739// 3740// 3741//
f 3741// 3740// 3742//
f 3741// 3742// 3743//
f 3743// 3742// 3744//
f 3743// 3744// 3745//
f 3745// 3744// 3746//
f 3745// 3746// 3747//
f 3747// 3746// 3748//
f 3747// 3748// 3749//
f 3749// 3748// 3750//
f 3751// 3752// 3750//
f 3750// 3752// 3749//
f 3751// 3753// 3752//
f 3752// 3753// 3754//
f 3755// 3756// 3753//
f 3753// 3756// 3754//
f 3756// 3755// 3757//
f 3756// 3757// 3758//
f 3758// 3757// 3759//
f 3758// 3759// 3760//
f 3760// 3759// 3761//
f 3760// 3761// 3762//
f 3762// 3761// 3763//
f 3762// 3763// 3764//
f 3764// 3763// 3765//
f 3764// 3765// 3766//
f 3766// 3765// 3767//
f 3766// 3767// 3768//
f 3769// 3770// 3767//
f 3767// 3770// 3768//
f 3770// 3769// 3771//
f 3770// 3771// 3772//
f 3772// 3771// 3773//
f 3772// 3773// 3774//
f 3774// 3773// 3775//
f 3774// 3775// 3776//
f 3776// 3775// 3777//
f 3776// 3777// 3778//
f 3778// 3777// 3779//
f 3778// 3779// 3780//
f 3780// 3779// 3781//
f 3780// 3781// 3782//
f 3783// 3784// 3781//
f 3781// 3784// 3782//
f 3616// 3784// 3597//
f 3597// 3784// 3783//
f 3597// 3783// 3577//
f 3574// 3573// 3785//
f 3575// 3574// 3786//
f 3786// 3574// 3785//
f 3786// 3785// 3787//
f 3787// 3785// 3788//
f 3787// 3788// 3789//
f 3789// 3788// 3790//
f 3789// 3790// 3791//
f 3791// 3790// 3792//
f 3791// 3792// 3793//
f 3793// 3792// 3794//
f 3793// 3794// 3795//
f 3795// 3794// 3796//
f 3795// 3796// 3797//
f 3797// 3796// 3798//
f 3618// 3617// 3798//
f 3798// 3617// 3797//
f 3741// 3743// 3677//
f 3789// 3673// 3787//
f 3787// 3673// 3675//
f 3569// 3575// 3675//
f 3675// 3575// 3786//
f 3675// 3786// 3787//
f 3677// 3743// 3675//
f 3675// 3743// 3745//
f 3675// 3745// 3747//
f 3734// 3736// 3679//
f 3679// 3736// 3737//
f 3679// 3737// 3677//
f 3677// 3737// 3739//
f 3677// 3739// 3741//
f 3726// 3681// 3724//
f 3724// 3681// 3722//
f 3669// 3630// 3667//
f 3667// 3630// 3632//
f 3667// 3632// 3665//
f 3665// 3632// 3663//
f 3624// 3626// 3669//
f 3669// 3626// 3628//
f 3669// 3628// 3630//
f 3789// 3791// 3673//
f 3673// 3791// 3793//
f 3673// 3793// 3671//
f 3671// 3793// 3795//
f 3671// 3795// 3797//
f 3726// 3728// 3681//
f 3681// 3728// 3730//
f 3681// 3730// 3679//
f 3679// 3730// 3732//
f 3679// 3732// 3734//
f 3722// 3681// 3720//
f 3720// 3681// 3683//
f 3720// 3683// 3685//
f 3646// 3648// 3660//
f 3797// 3617// 3671//
f 3671// 3617// 3620//
f 3671// 3620// 3669//
f 3669// 3620// 3622//
f 3669// 3622// 3624//
f 3747// 3749// 3675//
f 3675// 3749// 3770//
f 3675// 3770// 3569//
f 3569// 3770// 3616//
f 3749// 3752// 3770//
f 3770// 3752// 3754//
f 3770// 3754// 3768//
f 3768// 3754// 3756//
f 3768// 3756// 3766//
f 3696// 3698// 3704//
f 3704// 3698// 3700//
f 3704// 3700// 3702//
f 3704// 3706// 3718//
f 3644// 3646// 3634//
f 3634// 3646// 3660//
f 3634// 3660// 3632//
f 3632// 3660// 3662//
f 3632// 3662// 3663//
f 3780// 3782// 3770//
f 3770// 3782// 3784//
f 3770// 3784// 3616//
f 3685// 3687// 3720//
f 3720// 3687// 3689//
f 3720// 3689// 3718//
f 3718// 3689// 3692//
f 3718// 3692// 3704//
f 3704// 3692// 3694//
f 3704// 3694// 3696//
f 3636// 3638// 3640//
f 3654// 3648// 3652//
f 3652// 3648// 3650//
f 3654// 3656// 3648//
f 3648// 3656// 3658//
f 3648// 3658// 3660//
f 3712// 3706// 3710//
f 3710// 3706// 3708//
f 3712// 3714// 3706//
f 3706// 3714// 3716//
f 3706// 3716// 3718//
f 3636// 3640// 3634//
f 3634// 3640// 3642//
f 3634// 3642// 3644//
f 3770// 3772// 3780//
f 3780// 3772// 3774//
f 3780// 3774// 3778//
f 3778// 3774// 3776//
f 3756// 3758// 3766//
f 3766// 3758// 3760//
f 3766// 3760// 3764//
f 3764// 3760// 3762//
f 3792// 3790// 3674//
f 3666// 3664// 3631//
f 3672// 3627// 3625//
f 3627// 3672// 3629//
f 3629// 3672// 3670//
f 3629// 3670// 3631//
f 3631// 3670// 3668//
f 3631// 3668// 3666//
f 3727// 3725// 3682//
f 3674// 3790// 3676//
f 3676// 3790// 3788//
f 3676// 3788// 3785//
f 3625// 3623// 3672//
f 3672// 3623// 3621//
f 3672// 3621// 3619//
f 3664// 3661// 3631//
f 3631// 3661// 3647//
f 3631// 3647// 3645//
f 3691// 3690// 3703//
f 3688// 3686// 3719//
f 3719// 3686// 3684//
f 3719// 3684// 3721//
f 3721// 3684// 3682//
f 3721// 3682// 3723//
f 3723// 3682// 3725//
f 3744// 3742// 3678//
f 3678// 3742// 3740//
f 3678// 3740// 3680//
f 3680// 3740// 3738//
f 3680// 3738// 3735//
f 3735// 3733// 3680//
f 3680// 3733// 3731//
f 3680// 3731// 3682//
f 3682// 3731// 3729//
f 3682// 3729// 3727//
f 3744// 3678// 3746//
f 3746// 3678// 3676//
f 3746// 3676// 3748//
f 3672// 3796// 3674//
f 3674// 3796// 3794//
f 3674// 3794// 3792//
f 3748// 3676// 3750//
f 3750// 3676// 3769//
f 3750// 3769// 3751//
f 3619// 3618// 3672//
f 3672// 3618// 3798//
f 3672// 3798// 3796//
f 3688// 3719// 3690//
f 3690// 3719// 3705//
f 3690// 3705// 3703//
f 3751// 3769// 3753//
f 3753// 3769// 3767//
f 3753// 3767// 3755//
f 3661// 3659// 3647//
f 3647// 3659// 3657//
f 3647// 3657// 3655//
f 3655// 3653// 3647//
f 3647// 3653// 3651//
f 3647// 3651// 3649//
f 3785// 3573// 3676//
f 3676// 3573// 3535//
f 3676// 3535// 3769//
f 3769// 3535// 3577//
f 3769// 3577// 3783//
f 3643// 3641// 3639//
f 3639// 3637// 3643//
f 3643// 3637// 3635//
f 3643// 3635// 3645//
f 3645// 3635// 3633//
f 3645// 3633// 3631//
f 3719// 3717// 3705//
f 3705// 3717// 3715//
f 3705// 3715// 3713//
f 3713// 3711// 3705//
f 3705// 3711// 3709//
f 3705// 3709// 3707//
f 3697// 3703// 3699//
f 3699// 3703// 3701//
f 3697// 3695// 3703//
f 3703// 3695// 3693//
f 3703// 3693// 3691//
f 3755// 3767// 3757//
f 3757// 3767// 3765//
f 3757// 3765// 3759//
f 3759// 3765// 3763//
f 3759// 3763// 3761//
f 3775// 3773// 3777//
f 3777// 3773// 3779//
f 3783// 3781// 3769//
f 3769// 3781// 3779//
f 3769// 3779// 3771//
f 3771// 3779// 3773//
usemtl 3
f 3799// 3800// 3557//
f 3557// 3800// 3530//
f 3800// 3801// 3530//
f 3530// 3801// 3528//
f 3801// 3802// 3528//
f 3528// 3802// 3572//
f 3802// 3803// 3572//
f 3572// 3803// 3551//
f 3803// 3804// 3551//
f 3551// 3804// 3559//
f 3804// 3799// 3559//
f 3559// 3799// 3557//
f 3803// 3802// 3804//
f 3804// 3802// 3801//
f 3804// 3801// 3799//
f 3799// 3801// 3800//
f 3805// 3806// 3525//
f 3525// 3806// 3526//
f 3526// 3806// 3807//
f 3808// 3571// 3570//
f 3808// 3570// 3809//
f 3809// 3570// 3568//
f 3809// 3568// 3807//
f 3807// 3568// 3567//
f 3807// 3567// 3526//
f 3810// 3563// 3562//
f 3810// 3562// 3811//
f 3811// 3562// 3558//
f 3811// 3558// 3812//
f 3812// 3558// 3556//
f 3812// 3556// 3813//
f 3813// 3556// 3555//
f 3813// 3555// 3814//
f 3814// 3555// 3532//
f 3814// 3532// 3815//
f 3815// 3532// 3531//
f 3815// 3531// 3816//
f 3816// 3531// 3808//
f 3808// 3531// 3529//
f 3808// 3529// 3571//
f 3817// 3565// 3561//
f 3817// 3561// 3818//
f 3818// 3561// 3560//
f 3818// 3560// 3819//
f 3819// 3560// 3552//
f 3819// 3552// 3820//
f 3820// 3552// 3550//
f 3820// 3550// 3821//
f 3821// 3550// 3549//
f 3821// 3549// 3822//
f 3822// 3549// 3564//
f 3822// 3564// 3823//
f 3823// 3564// 3563//
f 3823// 3563// 3810//
f 3824// 3536// 3566//
f 3824// 3566// 3825//
f 3825// 3566// 3565//
f 3825// 3565// 3817//
f 3824// 3826// 3536//
f 3536// 3826// 3534//
f 3827// 3522// 3533//
f 3827// 3533// 3828//
f 3828// 3533// 3534//
f 3828// 3534// 3826//
f 3829// 3540// 3554//
f 3829// 3554// 3830//
f 3830// 3554// 3553//
f 3830// 3553// 3831//
f 3831// 3553// 3539//
f 3831// 3539// 3832//
f 3832// 3539// 3538//
f 3832// 3538// 3833//
f 3833// 3538// 3537//
f 3833// 3537// 3834//
f 3834// 3537// 3523//
f 3834// 3523// 3835//
f 3835// 3523// 3522//
f 3835// 3522// 3827//
f 3836// 3544// 3543//
f 3836// 3543// 3837//
f 3837// 3543// 3545//
f 3837// 3545// 3838//
f 3838// 3545// 3546//
f 3838// 3546// 3839//
f 3839// 3546// 3547//
f 3839// 3547// 3840//
f 3840// 3547// 3542//
f 3840// 3542// 3841//
f 3841// 3542// 3541//
f 3841// 3541// 3842//
f 3842// 3541// 3540//
f 3842// 3540// 3829//
f 3805// 3525// 3524//
f 3805// 3524// 3843//
f 3843// 3524// 3548//
f 3843// 3548// 3844//
f 3844// 3548// 3544//
f 3844// 3544// 3836//
f 3837// 3808// 3836//
f 3836// 3808// 3809//
f 3836// 3809// 3844//
f 3844// 3809// 3807//
f 3844// 3807// 3843//
f 3843// 3807// 3806//
f 3843// 3806// 3805//
f 3826// 3824// 3828//
f 3828// 3824// 3825//
f 3828// 3825// 3827//
f 3827// 3825// 3817//
f 3827// 3817// 3835//
f 3835// 3817// 3818//
f 3835// 3818// 3834//
f 3834// 3818// 3819//
f 3834// 3819// 3833//
f 3833// 3819// 3820//
f 3833// 3820// 3832//
f 3832// 3820// 3821//
f 3832// 3821// 3831//
f 3831// 3821// 3822//
f 3831// 3822// 3830//
f 3830// 3822// 3823//
f 3830// 3823// 3829//
f 3829// 3823// 3810//
f 3829// 3810// 3842//
f 3842// 3810// 3811//
f 3842// 3811// 3841//
f 3841// 3811// 3812//
f 3841// 3812// 3840//
f 3840// 3812// 3813//
f 3840// 3813// 3839//
f 3839// 3813// 3814//
f 3839// 3814// 3838//
f 3838// 3814// 3815//
f 3838// 3815// 3837//
f 3837// 3815// 3816//
f 3837// 3816// 3808//
f 3845// 3846// 3609//
f 3609// 3846// 3610//
f 3846// 3847// 3610//
f 3610// 3847// 3611//
f 3847// 3848// 3611//
f 3611// 3848// 3578//
f 3848// 3849// 3578//
f 3578// 3849// 3576//
f 3849// 3850// 3576//
f 3576// 3850// 3584//
f 3850// 3851// 3584//
f 3584// 3851// 3582//
f 3851// 3852// 3582//
f 3582// 3852// 3583//
f 3852// 3853// 3583//
f 3583// 3853// 3585//
f 3853// 3854// 3585//
f 3585// 3854// 3586//
f 3854// 3855// 3586//
f 3586// 3855// 3607//
f 3855// 3856// 3607//
f 3607// 3856// 3608//
f 3856// 3845// 3608//
f 3608// 3845// 3609//
f 3847// 3846// 3845//
f 3845// 3856// 3847//
f 3847// 3856// 3855//
f 3847// 3855// 3848//
f 3850// 3849// 3851//
f 3851// 3849// 3848//
f 3851// 3848// 3852//
f 3852// 3848// 3855//
f 3852// 3855// 3853//
f 3853// 3855// 3854//
f 3857// 3858// 3606//
f 3606// 3858// 3587//
f 3858// 3859// 3587//
f 3587// 3859// 3588//
f 3859// 3860// 3588//
f 3588// 3860// 3602//
f 3861// 3604// 3603//
f 3861// 3603// 3862//
f 3862// 3603// 3601//
f 3862// 3601// 3863//
f 3863// 3601// 3600//
f 3863// 3600// 3864//
f 3864// 3600// 3599//
f 3864// 3599// 3865//
f 3865// 3599// 3595//
f 3865// 3595// 3866//
f 3866// 3595// 3593//
f 3866// 3593// 3867//
f 3867// 3593// 3592//
f 3867// 3592// 3868//
f 3868// 3592// 3602//
f 3868// 3602// 3860//
f 3857// 3606// 3591//
f 3857// 3591// 3869//
f 3869// 3591// 3590//
f 3869// 3590// 3870//
f 3870// 3590// 3589//
f 3870// 3589// 3871//
f 3871// 3589// 3581//
f 3871// 3581// 3872//
f 3872// 3581// 3580//
f 3872// 3580// 3873//
f 3873// 3580// 3605//
f 3873// 3605// 3874//
f 3874// 3605// 3604//
f 3874// 3604// 3861//
f 3863// 3864// 3875//
f 3875// 3864// 3865//
f 3875// 3865// 3876//
f 3876// 3865// 3866//
f 3876// 3866// 3877//
f 3877// 3866// 3867//
f 3877// 3867// 3878//
f 3878// 3867// 3868//
f 3878// 3868// 3879//
f 3879// 3868// 3860//
f 3879// 3860// 3880//
f 3880// 3860// 3859//
f 3880// 3859// 3881//
f 3881// 3859// 3858//
f 3881// 3858// 3882//
f 3882// 3858// 3857//
f 3882// 3857// 3883//
f 3883// 3857// 3869//
f 3883// 3869// 3884//
f 3884// 3869// 3870//
f 3884// 3870// 3885//
f 3885// 3870// 3871//
f 3885// 3871// 3886//
f 3886// 3871// 3872//
f 3886// 3872// 3887//
f 3887// 3872// 3873//
f 3887// 3873// 3888//
f 3888// 3873// 3874//
f 3888// 3874// 3889//
f 3889// 3874// 3861//
f 3889// 3861// 3890//
f 3890// 3861// 3862//
f 3890// 3862// 3891//
f 3891// 3862// 3863//
f 3891// 3863// 3875//
f 3879// 3880// 3892//
f 3892// 3880// 3893//
f 3879// 3892// 3894//
f 3879// 3894// 3878//
f 3878// 3894// 3895//
f 3878// 3895// 3877//
f 3877// 3895// 3896//
f 3877// 3896// 3876//
f 3876// 3896// 3897//
f 3876// 3897// 3875//
f 3875// 3897// 3898//
f 3875// 3898// 3891//
f 3891// 3898// 3899//
f 3891// 3899// 3890//
f 3890// 3899// 3900//
f 3890// 3900// 3889//
f 3889// 3900// 3901//
f 3889// 3901// 3888//
f 3888// 3901// 3902//
f 3888// 3902// 3887//
f 3887// 3902// 3903//
f 3887// 3903// 3886//
f 3886// 3903// 3904//
f 3886// 3904// 3885//
f 3885// 3904// 3905//
f 3885// 3905// 3884//
f 3884// 3905// 3906//
f 3884// 3906// 3883//
f 3883// 3906// 3907//
f 3883// 3907// 3882//
f 3881// 3882// 3908//
f 3908// 3882// 3907//
f 3880// 3881// 3893//
f 3893// 3881// 3908//
usemtl 2
f 3893// 3908// 3892//
f 3892// 3908// 3907//
f 3892// 3907// 3906//
f 3900// 3899// 3892//
f 3892// 3899// 3898//
f 3892// 3898// 3894//
f 3906// 3905// 3892//
f 3892// 3905// 3904//
f 3892// 3904// 3903//
f 3903// 3902// 3892//
f 3892// 3902// 3901//
f 3892// 3901// 3900//
f 3897// 3896// 3898//
f 3898// 3896// 3895//
f 3898// 3895// 3894//
usemtl 3
f 3909// 3910// 3598//
f 3598// 3910// 3596//
f 3910// 3911// 3596//
f 3596// 3911// 3614//
f 3911// 3912// 3614//
f 3614// 3912// 3612//
f 3912// 3913// 3612//
f 3612// 3913// 3613//
f 3913// 3914// 3613//
f 3613// 3914// 3615//
f 3914// 3915// 3615//
f 3615// 3915// 3579//
f 3915// 3916// 3579//
f 3579// 3916// 3594//
f 3916// 3909// 3594//
f 3594// 3909// 3598//
f 3917// 3913// 3918//
f 3918// 3913// 3912//
f 3919// 3916// 3917//
f 3917// 3916// 3915//
f 3917// 3915// 3913//
f 3913// 3915// 3914//
f 3919// 3920// 3916//
f 3916// 3920// 3921//
f 3916// 3921// 3909//
f 3909// 3921// 3922//
f 3909// 3922// 3923//
f 3923// 3924// 3909//
f 3909// 3924// 3918//
f 3909// 3918// 3910//
f 3910// 3918// 3912//
f 3910// 3912// 3911//
f 3917// 3918// 3925//
f 3925// 3918// 3926//
f 3919// 3917// 3927//
f 3927// 3917// 3925//
f 3919// 3927// 3928//
f 3919// 3928// 3920//
f 3920// 3928// 3929//
f 3920// 3929// 3921//
f 3922// 3921// 3930//
f 3930// 3921// 3929//
f 3922// 3930// 3931//
f 3922// 3931// 3923//
f 3923// 3931// 3932//
f 3923// 3932// 3924//
f 3918// 3924// 3926//
f 3926// 3924// 3932//
usemtl 2
f 3925// 3926// 3927//
f 3927// 3926// 3932//
f 3927// 3932// 3928//
f 3928// 3932// 3931//
f 3928// 3931// 3929//
f 3929// 3931// 3930//
f 3933// 3934// 3935//
f 3936// 3937// 3938//
f 3939// 3940// 3941//
f 3941// 3940// 3942//
f 3941// 3942// 3943//
f 3933// 3935// 3944//
f 3944// 3935// 3936//
f 3944// 3936// 3945//
f 3945// 3936// 3946//
f 3945// 3946// 3947//
f 3934// 3948// 3935//
f 3935// 3948// 3949//
f 3935// 3949// 3950//
f 3951// 3952// 3935//
f 3935// 3952// 3953//
f 3954// 3955// 3956//
f 3956// 3955// 3957//
f 3953// 3958// 3935//
f 3935// 3958// 3957//
f 3935// 3957// 3959//
f 3959// 3957// 3955//
f 3960// 3961// 3962//
f 3962// 3961// 3963//
f 3950// 3964// 3935//
f 3935// 3964// 3965//
f 3935// 3965// 3951//
f 3943// 3966// 3941//
f 3941// 3966// 3967//
f 3941// 3967// 3968//
f 3968// 3967// 3969//
f 3968// 3969// 3970//
f 3971// 3972// 3946//
f 3969// 3973// 3970//
f 3970// 3973// 3974//
f 3970// 3974// 3962//
f 3962// 3974// 3975//
f 3962// 3975// 3960//
f 3972// 3976// 3946//
f 3946// 3976// 3977//
f 3946// 3977// 3947//
f 3937// 3978// 3938//
f 3938// 3978// 3979//
f 3938// 3979// 3980//
f 3979// 3981// 3980//
f 3980// 3981// 3982//
f 3980// 3982// 3940//
f 3963// 3971// 3962//
f 3962// 3971// 3946//
f 3962// 3946// 3983//
f 3983// 3946// 3984//
f 3983// 3984// 3939//
f 3939// 3984// 3985//
f 3939// 3985// 3940//
f 3940// 3985// 3986//
f 3940// 3986// 3980//
f 3987// 3988// 3946//
f 3936// 3938// 3946//
f 3946// 3938// 3989//
f 3946// 3989// 3987//
f 3990// 3991// 3992//
f 3993// 3994// 3995//
f 3995// 3994// 3996//
f 3997// 3998// 3996//
f 3996// 3998// 3999//
f 3996// 3999// 3995//
f 3992// 4000// 3990//
f 3990// 4000// 4001//
f 3990// 4001// 4002//
f 4003// 4004// 4005//
f 4005// 4004// 4006//
f 4007// 4008// 4009//
f 4009// 4008// 3988//
f 4009// 3988// 4005//
f 4006// 4010// 4005//
f 4005// 4010// 4011//
f 4005// 4011// 4012//
f 4003// 4005// 4013//
f 4013// 4005// 3988//
f 4013// 3988// 3999//
f 3999// 3988// 3987//
f 3999// 3987// 3995//
f 4012// 4014// 4005//
f 4005// 4014// 4015//
f 4005// 4015// 3990//
f 3990// 4015// 4016//
f 3990// 4016// 3991//
f 3938// 4017// 3998//
f 4018// 4019// 3997//
f 3997// 4019// 4020//
f 3997// 4020// 3998//
f 3998// 4020// 4021//
f 3998// 4021// 3938//
f 3938// 4021// 4022//
f 3938// 4022// 3989//
f 4023// 4024// 4025//
f 4025// 4024// 4026//
f 4025// 4026// 3938//
f 3938// 4026// 3990//
f 3938// 3990// 4017//
f 4017// 3990// 4002//
f 4007// 4025// 4008//
f 4008// 4025// 3938//
f 4008// 3938// 4027//
f 4027// 3938// 3980//
f 4028// 4029// 4030//
f 4028// 4030// 4031//
f 4031// 4030// 4032//
f 4031// 4032// 4033//
f 4033// 4032// 4034//
f 4033// 4034// 4035//
f 4035// 4034// 4036//
f 4035// 4036// 4037//
f 4037// 4036// 4038//
f 4037// 4038// 4039//
f 4039// 4038// 4040//
f 4039// 4040// 4041//
f 4041// 4040// 4042//
f 4041// 4042// 4043//
f 4044// 4045// 4042//
f 4042// 4045// 4043//
f 4045// 4044// 4046//
f 4045// 4046// 4047//
f 4047// 4046// 4048//
f 4047// 4048// 4049//
f 4049// 4048// 4050//
f 4049// 4050// 4051//
f 4051// 4050// 4052//
f 4051// 4052// 4053//
f 4053// 4052// 4054//
f 4053// 4054// 4055//
f 4055// 4054// 4056//
f 4055// 4056// 4057//
f 4058// 4059// 4056//
f 4056// 4059// 4057//
f 4059// 4058// 4060//
f 4059// 4060// 4061//
f 4061// 4060// 4062//
f 4061// 4062// 4063//
f 4063// 4062// 4064//
f 4063// 4064// 4065//
f 4065// 4064// 4066//
f 4065// 4066// 4067//
f 4067// 4066// 4068//
f 4067// 4068// 4069//
f 4069// 4068// 4070//
f 4069// 4070// 4071//
f 4072// 4073// 4070//
f 4070// 4073// 4071//
f 4073// 4072// 4074//
f 4074// 4072// 4075//
f 4074// 4075// 4076//
f 4076// 4075// 4077//
f 4076// 4077// 4078//
f 4078// 4077// 4079//
f 4078// 4079// 4080//
f 4080// 4079// 4081//
f 4080// 4081// 4082//
f 4082// 4081// 4083//
f 4082// 4083// 4084//
f 4084// 4083// 4085//
f 4084// 4085// 4086//
f 4086// 4085// 4087//
f 4086// 4087// 4088//
f 4088// 4087// 4089//
f 4088// 4089// 4090//
f 4090// 4089// 4091//
f 4090// 4091// 4092//
f 4092// 4091// 4093//
f 4092// 4093// 4094//
f 4094// 4093// 4095//
f 4094// 4095// 4096//
f 4096// 4095// 4097//
f 4096// 4097// 4098//
f 4098// 4097// 4099//
f 4098// 4099// 4100//
f 4100// 4099// 4101//
f 4102// 4103// 4101//
f 4101// 4103// 4100//
f 4103// 4102// 4104//
f 4103// 4104// 4105//
f 4105// 4104// 4106//
f 4105// 4106// 4107//
f 4107// 4106// 4108//
f 4107// 4108// 4109//
f 4109// 4108// 4110//
f 4109// 4110// 4111//
f 4111// 4110// 4112//
f 4111// 4112// 4113//
f 4113// 4112// 4114//
f 4113// 4114// 4115//
f 4116// 4117// 4114//
f 4114// 4117// 4115//
f 4117// 4116// 4118//
f 4117// 4118// 4119//
f 4119// 4118// 4120//
f 4119// 4120// 4121//
f 4121// 4120// 4122//
f 4121// 4122// 4123//
f 4123// 4122// 4124//
f 4123// 4124// 4125//
f 4125// 4124// 4126//
f 4125// 4126// 4127//
f 4127// 4126// 4128//
f 4127// 4128// 4129//
f 4130// 4131// 4128//
f 4128// 4131// 4129//
f 4131// 4130// 4132//
f 4131// 4132// 4133//
f 4133// 4132// 4134//
f 4133// 4134// 4135//
f 4135// 4134// 4136//
f 4135// 4136// 4137//
f 4137// 4136// 4138//
f 4137// 4138// 4139//
f 4139// 4138// 4140//
f 4139// 4140// 4141//
f 4141// 4140// 4142//
f 4141// 4142// 4143//
f 4143// 4142// 4144//
f 4143// 4144// 4145//
f 4146// 4147// 4144//
f 4144// 4147// 4145//
f 4147// 4146// 4148//
f 4148// 4146// 4149//
f 4148// 4149// 4150//
f 4150// 4149// 4151//
f 4150// 4151// 4152//
f 4152// 4151// 4153//
f 4152// 4153// 4154//
f 4154// 4153// 4155//
f 4154// 4155// 4156//
f 4156// 4155// 4157//
f 4156// 4157// 4158//
f 4158// 4157// 4159//
f 4158// 4159// 4160//
f 4160// 4159// 4161//
f 4162// 4163// 4161//
f 4161// 4163// 4160//
f 4162// 4164// 4163//
f 4163// 4164// 4165//
f 4166// 4167// 4164//
f 4164// 4167// 4165//
f 4167// 4166// 4168//
f 4167// 4168// 4169//
f 4169// 4168// 4170//
f 4169// 4170// 4171//
f 4171// 4170// 4172//
f 4171// 4172// 4173//
f 4173// 4172// 4174//
f 4173// 4174// 4175//
f 4175// 4174// 4176//
f 4175// 4176// 4177//
f 4177// 4176// 4178//
f 4177// 4178// 4179//
f 4180// 4181// 4178//
f 4178// 4181// 4179//
f 4181// 4180// 4182//
f 4181// 4182// 4183//
f 4183// 4182// 4184//
f 4183// 4184// 4185//
f 4185// 4184// 4186//
f 4185// 4186// 4187//
f 4187// 4186// 4188//
f 4187// 4188// 4189//
f 4189// 4188// 4190//
f 4189// 4190// 4191//
f 4191// 4190// 4192//
f 4191// 4192// 4193//
f 4194// 4195// 4192//
f 4192// 4195// 4193//
f 4027// 4195// 4008//
f 4008// 4195// 4194//
f 4008// 4194// 3988//
f 3985// 3984// 4196//
f 3986// 3985// 4197//
f 4197// 3985// 4196//
f 4197// 4196// 4198//
f 4198// 4196// 4199//
f 4198// 4199// 4200//
f 4200// 4199// 4201//
f 4200// 4201// 4202//
f 4202// 4201// 4203//
f 4202// 4203// 4204//
f 4204// 4203// 4205//
f 4204// 4205// 4206//
f 4206// 4205// 4207//
f 4206// 4207// 4208//
f 4208// 4207// 4209//
f 4029// 4028// 4209//
f 4209// 4028// 4208//
f 4152// 4154// 4088//
f 4200// 4084// 4198//
f 4198// 4084// 4086//
f 3980// 3986// 4086//
f 4086// 3986// 4197//
f 4086// 4197// 4198//
f 4088// 4154// 4086//
f 4086// 4154// 4156//
f 4086// 4156// 4158//
f 4145// 4147// 4090//
f 4090// 4147// 4148//
f 4090// 4148// 4088//
f 4088// 4148// 4150//
f 4088// 4150// 4152//
f 4137// 4092// 4135//
f 4135// 4092// 4133//
f 4080// 4041// 4078//
f 4078// 4041// 4043//
f 4078// 4043// 4076//
f 4076// 4043// 4074//
f 4035// 4037// 4080//
f 4080// 4037// 4039//
f 4080// 4039// 4041//
f 4200// 4202// 4084//
f 4084// 4202// 4204//
f 4084// 4204// 4082//
f 4082// 4204// 4206//
f 4082// 4206// 4208//
f 4137// 4139// 4092//
f 4092// 4139// 4141//
f 4092// 4141// 4090//
f 4090// 4141// 4143//
f 4090// 4143// 4145//
f 4133// 4092// 4131//
f 4131// 4092// 4094//
f 4131// 4094// 4096//
f 4057// 4059// 4071//
f 4208// 4028// 4082//
f 4082// 4028// 4031//
f 4082// 4031// 4080//
f 4080// 4031// 4033//
f 4080// 4033// 4035//
f 4158// 4160// 4086//
f 4086// 4160// 4181//
f 4086// 4181// 3980//
f 3980// 4181// 4027//
f 4160// 4163// 4181//
f 4181// 4163// 4165//
f 4181// 4165// 4179//
f 4179// 4165// 4167//
f 4179// 4167// 4177//
f 4107// 4109// 4115//
f 4115// 4109// 4111//
f 4115// 4111// 4113//
f 4115// 4117// 4129//
f 4055// 4057// 4045//
f 4045// 4057// 4071//
f 4045// 4071// 4043//
f 4043// 4071// 4073//
f 4043// 4073// 4074//
f 4191// 4193// 4181//
f 4181// 4193// 4195//
f 4181// 4195// 4027//
f 4096// 4098// 4131//
f 4131// 4098// 4100//
f 4131// 4100// 4129//
f 4129// 4100// 4103//
f 4129// 4103// 4115//
f 4115// 4103// 4105//
f 4115// 4105// 4107//
f 4047// 4049// 4051//
f 4065// 4059// 4063//
f 4063// 4059// 4061//
f 4065// 4067// 4059//
f 4059// 4067// 4069//
f 4059// 4069// 4071//
f 4123// 4117// 4121//
f 4121// 4117// 4119//
f 4123// 4125// 4117//
f 4117// 4125// 4127//
f 4117// 4127// 4129//
f 4047// 4051// 4045//
f 4045// 4051// 4053//
f 4045// 4053// 4055//
f 4181// 4183// 4191//
f 4191// 4183// 4185//
f 4191// 4185// 4189//
f 4189// 4185// 4187//
f 4167// 4169// 4177//
f 4177// 4169// 4171//
f 4177// 4171// 4175//
f 4175// 4171// 4173//
f 4203// 4201// 4085//
f 4077// 4075// 4042//
f 4083// 4038// 4036//
f 4038// 4083// 4040//
f 4040// 4083// 4081//
f 4040// 4081// 4042//
f 4042// 4081// 4079//
f 4042// 4079// 4077//
f 4138// 4136// 4093//
f 4085// 4201// 4087//
f 4087// 4201// 4199//
f 4087// 4199// 4196//
f 4036// 4034// 4083//
f 4083// 4034// 4032//
f 4083// 4032// 4030//
f 4075// 4072// 4042//
f 4042// 4072// 4058//
f 4042// 4058// 4056//
f 4102// 4101// 4114//
f 4099// 4097// 4130//
f 4130// 4097// 4095//
f 4130// 4095// 4132//
f 4132// 4095// 4093//
f 4132// 4093// 4134//
f 4134// 4093// 4136//
f 4155// 4153// 4089//
f 4089// 4153// 4151//
f 4089// 4151// 4091//
f 4091// 4151// 4149//
f 4091// 4149// 4146//
f 4146// 4144// 4091//
f 4091// 4144// 4142//
f 4091// 4142// 4093//
f 4093// 4142// 4140//
f 4093// 4140// 4138//
f 4155// 4089// 4157//
f 4157// 4089// 4087//
f 4157// 4087// 4159//
f 4083// 4207// 4085//
f 4085// 4207// 4205//
f 4085// 4205// 4203//
f 4159// 4087// 4161//
f 4161// 4087// 4180//
f 4161// 4180// 4162//
f 4030// 4029// 4083//
f 4083// 4029// 4209//
f 4083// 4209// 4207//
f 4099// 4130// 4101//
f 4101// 4130// 4116//
f 4101// 4116// 4114//
f 4162// 4180// 4164//
f 4164// 4180// 4178//
f 4164// 4178// 4166//
f 4072// 4070// 4058//
f 4058// 4070// 4068//
f 4058// 4068// 4066//
f 4066// 4064// 4058//
f 4058// 4064// 4062//
f 4058// 4062// 4060//
f 4196// 3984// 4087//
f 4087// 3984// 3946//
f 4087// 3946// 4180//
f 4180// 3946// 3988//
f 4180// 3988// 4194//
f 4054// 4052// 4050//
f 4050// 4048// 4054//
f 4054// 4048// 4046//
f 4054// 4046// 4056//
f 4056// 4046// 4044//
f 4056// 4044// 4042//
f 4130// 4128// 4116//
f 4116// 4128// 4126//
f 4116// 4126// 4124//
f 4124// 4122// 4116//
f 4116// 4122// 4120//
f 4116// 4120// 4118//
f 4108// 4114// 4110//
f 4110// 4114// 4112//
f 4108// 4106// 4114//
f 4114// 4106// 4104//
f 4114// 4104// 4102//
f 4166// 4178// 4168//
f 4168// 4178// 4176//
f 4168// 4176// 4170//
f 4170// 4176// 4174//
f 4170// 4174// 4172//
f 4186// 4184// 4188//
f 4188// 4184// 4190//
f 4194// 4192// 4180//
f 4180// 4192// 4190//
f 4180// 4190// 4182//
f 4182// 4190// 4184//
usemtl 3
f 4210// 4211// 3968//
f 3968// 4211// 3941//
f 4211// 4212// 3941//
f 3941// 4212// 3939//
f 4212// 4213// 3939//
f 3939// 4213// 3983//
f 4213// 4214// 3983//
f 3983// 4214// 3962//
f 4214// 4215// 3962//
f 3962// 4215// 3970//
f 4215// 4210// 3970//
f 3970// 4210// 3968//
f 4214// 4213// 4215//
f 4215// 4213// 4212//
f 4215// 4212// 4210//
f 4210// 4212// 4211//
f 4216// 4217// 3936//
f 3936// 4217// 3937//
f 3937// 4217// 4218//
f 4219// 3982// 3981//
f 4219// 3981// 4220//
f 4220// 3981// 3979//
f 4220// 3979// 4218//
f 4218// 3979// 3978//
f 4218// 3978// 3937//
f 4221// 3974// 3973//
f 4221// 3973// 4222//
f 4222// 3973// 3969//
f 4222// 3969// 4223//
f 4223// 3969// 3967//
f 4223// 3967// 4224//
f 4224// 3967// 3966//
f 4224// 3966// 4225//
f 4225// 3966// 3943//
f 4225// 3943// 4226//
f 4226// 3943// 3942//
f 4226// 3942// 4227//
f 4227// 3942// 4219//
f 4219// 3942// 3940//
f 4219// 3940// 3982//
f 4228// 3976// 3972//
f 4228// 3972// 4229//
f 4229// 3972// 3971//
f 4229// 3971// 4230//
f 4230// 3971// 3963//
f 4230// 3963// 4231//
f 4231// 3963// 3961//
f 4231// 3961// 4232//
f 4232// 3961// 3960//
f 4232// 3960// 4233//
f 4233// 3960// 3975//
f 4233// 3975// 4234//
f 4234// 3975// 3974//
f 4234// 3974// 4221//
f 4235// 3947// 3977//
f 4235// 3977// 4236//
f 4236// 3977// 3976//
f 4236// 3976// 4228//
f 4235// 4237// 3947//
f 3947// 4237// 3945//
f 4238// 3933// 3944//
f 4238// 3944// 4239//
f 4239// 3944// 3945//
f 4239// 3945// 4237//
f 4240// 3951// 3965//
f 4240// 3965// 4241//
f 4241// 3965// 3964//
f 4241// 3964// 4242//
f 4242// 3964// 3950//
f 4242// 3950// 4243//
f 4243// 3950// 3949//
f 4243// 3949// 4244//
f 4244// 3949// 3948//
f 4244// 3948// 4245//
f 4245// 3948// 3934//
f 4245// 3934// 4246//
f 4246// 3934// 3933//
f 4246// 3933// 4238//
f 4247// 3955// 3954//
f 4247// 3954// 4248//
f 4248// 3954// 3956//
f 4248// 3956// 4249//
f 4249// 3956// 3957//
f 4249// 3957// 4250//
f 4250// 3957// 3958//
f 4250// 3958// 4251//
f 4251// 3958// 3953//
f 4251// 3953// 4252//
f 4252// 3953// 3952//
f 4252// 3952// 4253//
f 4253// 3952// 3951//
f 4253// 3951// 4240//
f 4216// 3936// 3935//
f 4216// 3935// 4254//
f 4254// 3935// 3959//
f 4254// 3959// 4255//
f 4255// 3959// 3955//
f 4255// 3955// 4247//
f 4248// 4219// 4247//
f 4247// 4219// 4220//
f 4247// 4220// 4255//
f 4255// 4220// 4218//
f 4255// 4218// 4254//
f 4254// 4218// 4217//
f 4254// 4217// 4216//
f 4237// 4235// 4239//
f 4239// 4235// 4236//
f 4239// 4236// 4238//
f 4238// 4236// 4228//
f 4238// 4228// 4246//
f 4246// 4228// 4229//
f 4246// 4229// 4245//
f 4245// 4229// 4230//
f 4245// 4230// 4244//
f 4244// 4230// 4231//
f 4244// 4231// 4243//
f 4243// 4231// 4232//
f 4243// 4232// 4242//
f 4242// 4232// 4233//
f 4242// 4233// 4241//
f 4241// 4233// 4234//
f 4241// 4234// 4240//
f 4240// 4234// 4221//
f 4240// 4221// 4253//
f 4253// 4221// 4222//
f 4253// 4222// 4252//
f 4252// 4222// 4223//
f 4252// 4223// 4251//
f 4251// 4223// 4224//
f 4251// 4224// 4250//
f 4250// 4224// 4225//
f 4250// 4225// 4249//
f 4249// 4225// 4226//
f 4249// 4226// 4248//
f 4248// 4226// 4227//
f 4248// 4227// 4219//
f 4256// 4257// 4020//
f 4020// 4257// 4021//
f 4257// 4258// 4021//
f 4021// 4258// 4022//
f 4258// 4259// 4022//
f 4022// 4259// 3989//
f 4259// 4260// 3989//
f 3989// 4260// 3987//
f 4260// 4261// 3987//
f 3987// 4261// 3995//
f 4261// 4262// 3995//
f 3995// 4262// 3993//
f 4262// 4263// 3993//
f 3993// 4263// 3994//
f 4263// 4264// 3994//
f 3994// 4264// 3996//
f 4264// 4265// 3996//
f 3996// 4265// 3997//
f 4265// 4266// 3997//
f 3997// 4266// 4018//
f 4266// 4267// 4018//
f 4018// 4267// 4019//
f 4267// 4256// 4019//
f 4019// 4256// 4020//
f 4258// 4257// 4256//
f 4256// 4267// 4258//
f 4258// 4267// 4266//
f 4258// 4266// 4259//
f 4261// 4260// 4262//
f 4262// 4260// 4259//
f 4262// 4259// 4263//
f 4263// 4259// 4266//
f 4263// 4266// 4264//
f 4264// 4266// 4265//
f 4268// 4269// 4017//
f 4017// 4269// 3998//
f 4269// 4270// 3998//
f 3998// 4270// 3999//
f 4270// 4271// 3999//
f 3999// 4271// 4013//
f 4272// 4015// 4014//
f 4272// 4014// 4273//
f 4273// 4014// 4012//
f 4273// 4012// 4274//
f 4274// 4012// 4011//
f 4274// 4011// 4275//
f 4275// 4011// 4010//
f 4275// 4010// 4276//
f 4276// 4010// 4006//
f 4276// 4006// 4277//
f 4277// 4006// 4004//
f 4277// 4004// 4278//
f 4278// 4004// 4003//
f 4278// 4003// 4279//
f 4279// 4003// 4013//
f 4279// 4013// 4271//
f 4268// 4017// 4002//
f 4268// 4002// 4280//
f 4280// 4002// 4001//
f 4280// 4001// 4281//
f 4281// 4001// 4000//
f 4281// 4000// 4282//
f 4282// 4000// 3992//
f 4282// 3992// 4283//
f 4283// 3992// 3991//
f 4283// 3991// 4284//
f 4284// 3991// 4016//
f 4284// 4016// 4285//
f 4285// 4016// 4015//
f 4285// 4015// 4272//
f 4274// 4275// 4286//
f 4286// 4275// 4276//
f 4286// 4276// 4287//
f 4287// 4276// 4277//
f 4287// 4277// 4288//
f 4288// 4277// 4278//
f 4288// 4278// 4289//
f 4289// 4278// 4279//
f 4289// 4279// 4290//
f 4290// 4279// 4271//
f 4290// 4271// 4291//
f 4291// 4271// 4270//
f 4291// 4270// 4292//
f 4292// 4270// 4269//
f 4292// 4269// 4293//
f 4293// 4269// 4268//
f 4293// 4268// 4294//
f 4294// 4268// 4280//
f 4294// 4280// 4295//
f 4295// 4280// 4281//
f 4295// 4281// 4296//
f 4296// 4281// 4282//
f 4296// 4282// 4297//
f 4297// 4282// 4283//
f 4297// 4283// 4298//
f 4298// 4283// 4284//
f 4298// 4284// 4299//
f 4299// 4284// 4285//
f 4299// 4285// 4300//
f 4300// 4285// 4272//
f 4300// 4272// 4301//
f 4301// 4272// 4273//
f 4301// 4273// 4302//
f 4302// 4273// 4274//
f 4302// 4274// 4286//
f 4290// 4291// 4303//
f 4303// 4291// 4304//
f 4290// 4303// 4305//
f 4290// 4305// 4289//
f 4289// 4305// 4306//
f 4289// 4306// 4288//
f 4288// 4306// 4307//
f 4288// 4307// 4287//
f 4287// 4307// 4308//
f 4287// 4308// 4286//
f 4286// 4308// 4309//
f 4286// 4309// 4302//
f 4302// 4309// 4310//
f 4302// 4310// 4301//
f 4301// 4310// 4311//
f 4301// 4311// 4300//
f 4300// 4311// 4312//
f 4300// 4312// 4299//
f 4299// 4312// 4313//
f 4299// 4313// 4298//
f 4298// 4313// 4314//
f 4298// 4314// 4297//
f 4297// 4314// 4315//
f 4297// 4315// 4296//
f 4296// 4315// 4316//
f 4296// 4316// 4295//
f 4295// 4316// 4317//
f 4295// 4317// 4294//
f 4294// 4317// 4318//
f 4294// 4318// 4293//
f 4292// 4293// 4319//
f 4319// 4293// 4318//
f 4291// 4292// 4304//
f 4304// 4292// 4319//
usemtl 2
f 4304// 4319// 4303//
f 4303// 4319// 4318//
f 4303// 4318// 4317//
f 4311// 4310// 4303//
f 4303// 4310// 4309//
f 4303// 4309// 4305//
f 4317// 4316// 4303//
f 4303// 4316// 4315//
f 4303// 4315// 4314//
f 4314// 4313// 4303//
f 4303// 4313// 4312//
f 4303// 4312// 4311//
f 4308// 4307// 4309//
f 4309// 4307// 4306//
f 4309// 4306// 4305//
usemtl 3
f 4320// 4321// 4009//
f 4009// 4321// 4007//
f 4321// 4322// 4007//
f 4007// 4322// 4025//
f 4322// 4323// 4025//
f 4025// 4323// 4023//
f 4323// 4324// 4023//
f 4023// 4324// 4024//
f 4324// 4325// 4024//
f 4024// 4325// 4026//
f 4325// 4326// 4026//
f 4026// 4326// 3990//
f 4326// 4327// 3990//
f 3990// 4327// 4005//
f 4327// 4320// 4005//
f 4005// 4320// 4009//
f 4328// 4324// 4329//
f 4329// 4324// 4323//
f 4330// 4327// 4328//
f 4328// 4327// 4326//
f 4328// 4326// 4324//
f 4324// 4326// 4325//
f 4330// 4331// 4327//
f 4327// 4331// 4332//
f 4327// 4332// 4320//
f 4320// 4332// 4333//
f 4320// 4333// 4334//
f 4334// 4335// 4320//
f 4320// 4335// 4329//
f 4320// 4329// 4321//
f 4321// 4329// 4323//
f 4321// 4323// 4322//
f 4328// 4329// 4336//
f 4336// 4329// 4337//
f 4330// 4328// 4338//
f 4338// 4328// 4336//
f 4330// 4338// 4339//
f 4330// 4339// 4331//
f 4331// 4339// 4340//
f 4331// 4340// 4332//
f 4333// 4332// 4341//
f 4341// 4332// 4340//
f 4333// 4341// 4342//
f 4333// 4342// 4334//
f 4334// 4342// 4343//
f 4334// 4343// 4335//
f 4329// 4335// 4337//
f 4337// 4335// 4343//
usemtl 2
f 4336// 4337// 4338//
f 4338// 4337// 4343//
f 4338// 4343// 4339//
f 4339// 4343// 4342//
f 4339// 4342// 4340//
f 4340// 4342// 4341//
f 4344// 4345// 4346//
f 4347// 4348// 4349//
f 4350// 4351// 4352//
f 4352// 4351// 4353//
f 4352// 4353// 4354//
f 4344// 4346// 4355//
f 4355// 4346// 4347//
f 4355// 4347// 4356//
f 4356// 4347// 4357//
f 4356// 4357// 4358//
f 4345// 4359// 4346//
f 4346// 4359// 4360//
f 4346// 4360// 4361//
f 4362// 4363// 4346//
f 4346// 4363// 4364//
f 4365// 4366// 4367//
f 4367// 4366// 4368//
f 4364// 4369// 4346//
f 4346// 4369// 4368//
f 4346// 4368// 4370//
f 4370// 4368// 4366//
f 4371// 4372// 4373//
f 4373// 4372// 4374//
f 4361// 4375// 4346//
f 4346// 4375// 4376//
f 4346// 4376// 4362//
f 4354// 4377// 4352//
f 4352// 4377// 4378//
f 4352// 4378// 4379//
f 4379// 4378// 4380//
f 4379// 4380// 4381//
f 4382// 4383// 4357//
f 4380// 4384// 4381//
f 4381// 4384// 4385//
f 4381// 4385// 4373//
f 4373// 4385// 4386//
f 4373// 4386// 4371//
f 4383// 4387// 4357//
f 4357// 4387// 4388//
f 4357// 4388// 4358//
f 4348// 4389// 4349//
f 4349// 4389// 4390//
f 4349// 4390// 4391//
f 4390// 4392// 4391//
f 4391// 4392// 4393//
f 4391// 4393// 4351//
f 4374// 4382// 4373//
f 4373// 4382// 4357//
f 4373// 4357// 4394//
f 4394// 4357// 4395//
f 4394// 4395// 4350//
f 4350// 4395// 4396//
f 4350// 4396// 4351//
f 4351// 4396// 4397//
f 4351// 4397// 4391//
f 4398// 4399// 4357//
f 4347// 4349// 4357//
f 4357// 4349// 4400//
f 4357// 4400// 4398//
f 4401// 4402// 4403//
f 4404// 4405// 4406//
f 4406// 4405// 4407//
f 4408// 4409// 4407//
f 4407// 4409// 4410//
f 4407// 4410// 4406//
f 4403// 4411// 4401//
f 4401// 4411// 4412//
f 4401// 4412// 4413//
f 4414// 4415// 4416//
f 4416// 4415// 4417//
f 4418// 4419// 4420//
f 4420// 4419// 4399//
f 4420// 4399// 4416//
f 4417// 4421// 4416//
f 4416// 4421// 4422//
f 4416// 4422// 4423//
f 4414// 4416// 4424//
f 4424// 4416// 4399//
f 4424// 4399// 4410//
f 4410// 4399// 4398//
f 4410// 4398// 4406//
f 4423// 4425// 4416//
f 4416// 4425// 4426//
f 4416// 4426// 4401//
f 4401// 4426// 4427//
f 4401// 4427// 4402//
f 4349// 4428// 4409//
f 4429// 4430// 4408//
f 4408// 4430// 4431//
f 4408// 4431// 4409//
f 4409// 4431// 4432//
f 4409// 4432// 4349//
f 4349// 4432// 4433//
f 4349// 4433// 4400//
f 4434// 4435// 4436//
f 4436// 4435// 4437//
f 4436// 4437// 4349//
f 4349// 4437// 4401//
f 4349// 4401// 4428//
f 4428// 4401// 4413//
f 4418// 4436// 4419//
f 4419// 4436// 4349//
f 4419// 4349// 4438//
f 4438// 4349// 4391//
f 4439// 4440// 4441//
f 4439// 4441// 4442//
f 4442// 4441// 4443//
f 4442// 4443// 4444//
f 4444// 4443// 4445//
f 4444// 4445// 4446//
f 4446// 4445// 4447//
f 4446// 4447// 4448//
f 4448// 4447// 4449//
f 4448// 4449// 4450//
f 4450// 4449// 4451//
f 4450// 4451// 4452//
f 4452// 4451// 4453//
f 4452// 4453// 4454//
f 4455// 4456// 4453//
f 4453// 4456// 4454//
f 4456// 4455// 4457//
f 4456// 4457// 4458//
f 4458// 4457// 4459//
f 4458// 4459// 4460//
f 4460// 4459// 4461//
f 4460// 4461// 4462//
f 4462// 4461// 4463//
f 4462// 4463// 4464//
f 4464// 4463// 4465//
f 4464// 4465// 4466//
f 4466// 4465// 4467//
f 4466// 4467// 4468//
f 4469// 4470// 4467//
f 4467// 4470// 4468//
f 4470// 4469// 4471//
f 4470// 4471// 4472//
f 4472// 4471// 4473//
f 4472// 4473// 4474//
f 4474// 4473// 4475//
f 4474// 4475// 4476//
f 4476// 4475// 4477//
f 4476// 4477// 4478//
f 4478// 4477// 4479//
f 4478// 4479// 4480//
f 4480// 4479// 4481//
f 4480// 4481// 4482//
f 4483// 4484// 4481//
f 4481// 4484// 4482//
f 4484// 4483// 4485//
f 4485// 4483// 4486//
f 4485// 4486// 4487//
f 4487// 4486// 4488//
f 4487// 4488// 4489//
f 4489// 4488// 4490//
f 4489// 4490// 4491//
f 4491// 4490// 4492//
f 4491// 4492// 4493//
f 4493// 4492// 4494//
f 4493// 4494// 4495//
f 4495// 4494// 4496//
f 4495// 4496// 4497//
f 4497// 4496// 4498//
f 4497// 4498// 4499//
f 4499// 4498// 4500//
f 4499// 4500// 4501//
f 4501// 4500// 4502//
f 4501// 4502// 4503//
f 4503// 4502// 4504//
f 4503// 4504// 4505//
f 4505// 4504// 4506//
f 4505// 4506// 4507//
f 4507// 4506// 4508//
f 4507// 4508// 4509//
f 4509// 4508// 4510//
f 4509// 4510// 4511//
f 4511// 4510// 4512//
f 4513// 4514// 4512//
f 4512// 4514// 4511//
f 4514// 4513// 4515//
f 4514// 4515// 4516//
f 4516// 4515// 4517//
f 4516// 4517// 4518//
f 4518// 4517// 4519//
f 4518// 4519// 4520//
f 4520// 4519// 4521//
f 4520// 4521// 4522//
f 4522// 4521// 4523//
f 4522// 4523// 4524//
f 4524// 4523// 4525//
f 4524// 4525// 4526//
f 4527// 4528// 4525//
f 4525// 4528// 4526//
f 4528// 4527// 4529//
f 4528// 4529// 4530//
f 4530// 4529// 4531//
f 4530// 4531// 4532//
f 4532// 4531// 4533//
f 4532// 4533// 4534//
f 4534// 4533// 4535//
f 4534// 4535// 4536//
f 4536// 4535// 4537//
f 4536// 4537// 4538//
f 4538// 4537// 4539//
f 4538// 4539// 4540//
f 4541// 4542// 4539//
f 4539// 4542// 4540//
f 4542// 4541// 4543//
f 4542// 4543// 4544//
f 4544// 4543// 4545//
f 4544// 4545// 4546//
f 4546// 4545// 4547//
f 4546// 4547// 4548//
f 4548// 4547// 4549//
f 4548// 4549// 4550//
f 4550// 4549// 4551//
f 4550// 4551// 4552//
f 4552// 4551// 4553//
f 4552// 4553// 4554//
f 4554// 4553// 4555//
f 4554// 4555// 4556//
f 4557// 4558// 4555//
f 4555// 4558// 4556//
f 4558// 4557// 4559//
f 4559// 4557// 4560//
f 4559// 4560// 4561//
f 4561// 4560// 4562//
f 4561// 4562// 4563//
f 4563// 4562// 4564//
f 4563// 4564// 4565//
f 4565// 4564// 4566//
f 4565// 4566// 4567//
f 4567// 4566// 4568//
f 4567// 4568// 4569//
f 4569// 4568// 4570//
f 4569// 4570// 4571//
f 4571// 4570// 4572//
f 4573// 4574// 4572//
f 4572// 4574// 4571//
f 4573// 4575// 4574//
f 4574// 4575// 4576//
f 4577// 4578// 4575//
f 4575// 4578// 4576//
f 4578// 4577// 4579//
f 4578// 4579// 4580//
f 4580// 4579// 4581//
f 4580// 4581// 4582//
f 4582// 4581// 4583//
f 4582// 4583// 4584//
f 4584// 4583// 4585//
f 4584// 4585// 4586//
f 4586// 4585// 4587//
f 4586// 4587// 4588//
f 4588// 4587// 4589//
f 4588// 4589// 4590//
f 4591// 4592// 4589//
f 4589// 4592// 4590//
f 4592// 4591// 4593//
f 4592// 4593// 4594//
f 4594// 4593// 4595//
f 4594// 4595// 4596//
f 4596// 4595// 4597//
f 4596// 4597// 4598//
f 4598// 4597// 4599//
f 4598// 4599// 4600//
f 4600// 4599// 4601//
f 4600// 4601// 4602//
f 4602// 4601// 4603//
f 4602// 4603// 4604//
f 4605// 4606// 4603//
f 4603// 4606// 4604//
f 4438// 4606// 4419//
f 4419// 4606// 4605//
f 4419// 4605// 4399//
f 4396// 4395// 4607//
f 4397// 4396// 4608//
f 4608// 4396// 4607//
f 4608// 4607// 4609//
f 4609// 4607// 4610//
f 4609// 4610// 4611//
f 4611// 4610// 4612//
f 4611// 4612// 4613//
f 4613// 4612// 4614//
f 4613// 4614// 4615//
f 4615// 4614// 4616//
f 4615// 4616// 4617//
f 4617// 4616// 4618//
f 4617// 4618// 4619//
f 4619// 4618// 4620//
f 4440// 4439// 4620//
f 4620// 4439// 4619//
f 4611// 4495// 4609//
f 4609// 4495// 4497//
f 4563// 4565// 4499//
f 4391// 4397// 4497//
f 4497// 4397// 4608//
f 4497// 4608// 4609//
f 4491// 4452// 4489//
f 4489// 4452// 4454//
f 4489// 4454// 4487//
f 4487// 4454// 4485//
f 4446// 4448// 4491//
f 4491// 4448// 4450//
f 4491// 4450// 4452//
f 4611// 4613// 4495//
f 4495// 4613// 4615//
f 4495// 4615// 4493//
f 4493// 4615// 4617//
f 4493// 4617// 4619//
f 4499// 4565// 4497//
f 4497// 4565// 4567//
f 4497// 4567// 4569//
f 4468// 4470// 4482//
f 4619// 4439// 4493//
f 4493// 4439// 4442//
f 4493// 4442// 4491//
f 4491// 4442// 4444//
f 4491// 4444// 4446//
f 4556// 4558// 4501//
f 4501// 4558// 4559//
f 4501// 4559// 4499//
f 4499// 4559// 4561//
f 4499// 4561// 4563//
f 4503// 4544// 4546//
f 4503// 4546// 4501//
f 4501// 4546// 4548//
f 4501// 4548// 4550//
f 4569// 4571// 4497//
f 4497// 4571// 4592//
f 4497// 4592// 4391//
f 4391// 4592// 4438//
f 4550// 4552// 4501//
f 4501// 4552// 4554//
f 4501// 4554// 4556//
f 4544// 4503// 4542//
f 4542// 4503// 4505//
f 4542// 4505// 4507//
f 4466// 4468// 4456//
f 4456// 4468// 4482//
f 4456// 4482// 4454//
f 4454// 4482// 4484//
f 4454// 4484// 4485//
f 4602// 4604// 4592//
f 4592// 4604// 4606//
f 4592// 4606// 4438//
f 4571// 4574// 4592//
f 4592// 4574// 4576//
f 4592// 4576// 4590//
f 4590// 4576// 4578//
f 4590// 4578// 4588//
f 4458// 4460// 4462//
f 4476// 4470// 4474//
f 4474// 4470// 4472//
f 4476// 4478// 4470//
f 4470// 4478// 4480//
f 4470// 4480// 4482//
f 4458// 4462// 4456//
f 4456// 4462// 4464//
f 4456// 4464// 4466//
f 4516// 4518// 4526//
f 4538// 4540// 4528//
f 4528// 4540// 4542//
f 4528// 4542// 4526//
f 4592// 4594// 4602//
f 4602// 4594// 4596//
f 4602// 4596// 4600//
f 4600// 4596// 4598//
f 4507// 4509// 4542//
f 4542// 4509// 4511//
f 4542// 4511// 4526//
f 4526// 4511// 4514//
f 4526// 4514// 4516//
f 4578// 4580// 4588//
f 4588// 4580// 4582//
f 4588// 4582// 4586//
f 4586// 4582// 4584//
f 4518// 4520// 4526//
f 4526// 4520// 4522//
f 4526// 4522// 4524//
f 4528// 4530// 4532//
f 4532// 4534// 4528//
f 4528// 4534// 4536//
f 4528// 4536// 4538//
f 4614// 4612// 4496//
f 4488// 4486// 4453//
f 4494// 4449// 4447//
f 4449// 4494// 4451//
f 4451// 4494// 4492//
f 4451// 4492// 4453//
f 4453// 4492// 4490//
f 4453// 4490// 4488//
f 4566// 4500// 4568//
f 4568// 4500// 4498//
f 4568// 4498// 4570//
f 4496// 4612// 4498//
f 4498// 4612// 4610//
f 4498// 4610// 4607//
f 4494// 4618// 4496//
f 4496// 4618// 4616//
f 4496// 4616// 4614//
f 4447// 4445// 4494//
f 4494// 4445// 4443//
f 4494// 4443// 4441//
f 4486// 4483// 4453//
f 4453// 4483// 4469//
f 4453// 4469// 4467//
f 4566// 4564// 4500//
f 4500// 4564// 4562//
f 4500// 4562// 4502//
f 4562// 4560// 4502//
f 4502// 4560// 4557//
f 4502// 4557// 4555//
f 4441// 4440// 4494//
f 4494// 4440// 4620//
f 4494// 4620// 4618//
f 4555// 4553// 4502//
f 4502// 4553// 4551//
f 4502// 4551// 4549//
f 4510// 4508// 4541//
f 4541// 4508// 4506//
f 4541// 4506// 4543//
f 4543// 4506// 4504//
f 4543// 4504// 4545//
f 4545// 4504// 4502//
f 4545// 4502// 4547//
f 4547// 4502// 4549//
f 4570// 4498// 4572//
f 4572// 4498// 4591//
f 4572// 4591// 4573//
f 4483// 4481// 4469//
f 4469// 4481// 4479//
f 4469// 4479// 4477//
f 4477// 4475// 4469//
f 4469// 4475// 4473//
f 4469// 4473// 4471//
f 4539// 4513// 4541//
f 4541// 4513// 4512//
f 4541// 4512// 4510//
f 4573// 4591// 4575//
f 4575// 4591// 4589//
f 4575// 4589// 4577//
f 4607// 4395// 4498//
f 4498// 4395// 4357//
f 4498// 4357// 4591//
f 4591// 4357// 4399//
f 4591// 4399// 4605//
f 4465// 4463// 4461//
f 4461// 4459// 4465//
f 4465// 4459// 4457//
f 4465// 4457// 4467//
f 4467// 4457// 4455//
f 4467// 4455// 4453//
f 4535// 4527// 4537//
f 4537// 4527// 4539//
f 4539// 4527// 4513//
f 4513// 4527// 4525//
f 4513// 4525// 4515//
f 4535// 4533// 4527//
f 4527// 4533// 4531//
f 4527// 4531// 4529//
f 4525// 4523// 4521//
f 4521// 4519// 4525//
f 4525// 4519// 4517//
f 4525// 4517// 4515//
f 4597// 4595// 4599//
f 4599// 4595// 4601//
f 4605// 4603// 4591//
f 4591// 4603// 4601//
f 4591// 4601// 4593//
f 4593// 4601// 4595//
f 4577// 4589// 4579//
f 4579// 4589// 4587//
f 4579// 4587// 4581//
f 4581// 4587// 4585//
f 4581// 4585// 4583//
usemtl 3
f 4621// 4622// 4379//
f 4379// 4622// 4352//
f 4622// 4623// 4352//
f 4352// 4623// 4350//
f 4623// 4624// 4350//
f 4350// 4624// 4394//
f 4624// 4625// 4394//
f 4394// 4625// 4373//
f 4625// 4626// 4373//
f 4373// 4626// 4381//
f 4626// 4621// 4381//
f 4381// 4621// 4379//
f 4625// 4624// 4626//
f 4626// 4624// 4623//
f 4626// 4623// 4621//
f 4621// 4623// 4622//
f 4627// 4628// 4347//
f 4347// 4628// 4348//
f 4348// 4628// 4629//
f 4630// 4393// 4392//
f 4630// 4392// 4631//
f 4631// 4392// 4390//
f 4631// 4390// 4629//
f 4629// 4390// 4389//
f 4629// 4389// 4348//
f 4632// 4385// 4384//
f 4632// 4384// 4633//
f 4633// 4384// 4380//
f 4633// 4380// 4634//
f 4634// 4380// 4378//
f 4634// 4378// 4635//
f 4635// 4378// 4377//
f 4635// 4377// 4636//
f 4636// 4377// 4354//
f 4636// 4354// 4637//
f 4637// 4354// 4353//
f 4637// 4353// 4638//
f 4638// 4353// 4630//
f 4630// 4353// 4351//
f 4630// 4351// 4393//
f 4639// 4387// 4383//
f 4639// 4383// 4640//
f 4640// 4383// 4382//
f 4640// 4382// 4641//
f 4641// 4382// 4374//
f 4641// 4374// 4642//
f 4642// 4374// 4372//
f 4642// 4372// 4643//
f 4643// 4372// 4371//
f 4643// 4371// 4644//
f 4644// 4371// 4386//
f 4644// 4386// 4645//
f 4645// 4386// 4385//
f 4645// 4385// 4632//
f 4646// 4358// 4388//
f 4646// 4388// 4647//
f 4647// 4388// 4387//
f 4647// 4387// 4639//
f 4646// 4648// 4358//
f 4358// 4648// 4356//
f 4649// 4344// 4355//
f 4649// 4355// 4650//
f 4650// 4355// 4356//
f 4650// 4356// 4648//
f 4651// 4362// 4376//
f 4651// 4376// 4652//
f 4652// 4376// 4375//
f 4652// 4375// 4653//
f 4653// 4375// 4361//
f 4653// 4361// 4654//
f 4654// 4361// 4360//
f 4654// 4360// 4655//
f 4655// 4360// 4359//
f 4655// 4359// 4656//
f 4656// 4359// 4345//
f 4656// 4345// 4657//
f 4657// 4345// 4344//
f 4657// 4344// 4649//
f 4658// 4366// 4365//
f 4658// 4365// 4659//
f 4659// 4365// 4367//
f 4659// 4367// 4660//
f 4660// 4367// 4368//
f 4660// 4368// 4661//
f 4661// 4368// 4369//
f 4661// 4369// 4662//
f 4662// 4369// 4364//
f 4662// 4364// 4663//
f 4663// 4364// 4363//
f 4663// 4363// 4664//
f 4664// 4363// 4362//
f 4664// 4362// 4651//
f 4627// 4347// 4346//
f 4627// 4346// 4665//
f 4665// 4346// 4370//
f 4665// 4370// 4666//
f 4666// 4370// 4366//
f 4666// 4366// 4658//
f 4659// 4630// 4658//
f 4658// 4630// 4631//
f 4658// 4631// 4666//
f 4666// 4631// 4629//
f 4666// 4629// 4665//
f 4665// 4629// 4628//
f 4665// 4628// 4627//
f 4648// 4646// 4650//
f 4650// 4646// 4647//
f 4650// 4647// 4649//
f 4649// 4647// 4639//
f 4649// 4639// 4657//
f 4657// 4639// 4640//
f 4657// 4640// 4656//
f 4656// 4640// 4641//
f 4656// 4641// 4655//
f 4655// 4641// 4642//
f 4655// 4642// 4654//
f 4654// 4642// 4643//
f 4654// 4643// 4653//
f 4653// 4643// 4644//
f 4653// 4644// 4652//
f 4652// 4644// 4645//
f 4652// 4645// 4651//
f 4651// 4645// 4632//
f 4651// 4632// 4664//
f 4664// 4632// 4633//
f 4664// 4633// 4663//
f 4663// 4633// 4634//
f 4663// 4634// 4662//
f 4662// 4634// 4635//
f 4662// 4635// 4661//
f 4661// 4635// 4636//
f 4661// 4636// 4660//
f 4660// 4636// 4637//
f 4660// 4637// 4659//
f 4659// 4637// 4638//
f 4659// 4638// 4630//
f 4667// 4668// 4431//
f 4431// 4668// 4432//
f 4668// 4669// 4432//
f 4432// 4669// 4433//
f 4669// 4670// 4433//
f 4433// 4670// 4400//
f 4670// 4671// 4400//
f 4400// 4671// 4398//
f 4671// 4672// 4398//
f 4398// 4672// 4406//
f 4672// 4673// 4406//
f 4406// 4673// 4404//
f 4673// 4674// 4404//
f 4404// 4674// 4405//
f 4674// 4675// 4405//
f 4405// 4675// 4407//
f 4675// 4676// 4407//
f 4407// 4676// 4408//
f 4676// 4677// 4408//
f 4408// 4677// 4429//
f 4677// 4678// 4429//
f 4429// 4678// 4430//
f 4678// 4667// 4430//
f 4430// 4667// 4431//
f 4669// 4668// 4667//
f 4667// 4678// 4669//
f 4669// 4678// 4677//
f 4669// 4677// 4670//
f 4672// 4671// 4673//
f 4673// 4671// 4670//
f 4673// 4670// 4674//
f 4674// 4670// 4677//
f 4674// 4677// 4675//
f 4675// 4677// 4676//
f 4679// 4680// 4428//
f 4428// 4680// 4409//
f 4680// 4681// 4409//
f 4409// 4681// 4410//
f 4681// 4682// 4410//
f 4410// 4682// 4424//
f 4683// 4426// 4425//
f 4683// 4425// 4684//
f 4684// 4425// 4423//
f 4684// 4423// 4685//
f 4685// 4423// 4422//
f 4685// 4422// 4686//
f 4686// 4422// 4421//
f 4686// 4421// 4687//
f 4687// 4421// 4417//
f 4687// 4417// 4688//
f 4688// 4417// 4415//
f 4688// 4415// 4689//
f 4689// 4415// 4414//
f 4689// 4414// 4690//
f 4690// 4414// 4424//
f 4690// 4424// 4682//
f 4679// 4428// 4413//
f 4679// 4413// 4691//
f 4691// 4413// 4412//
f 4691// 4412// 4692//
f 4692// 4412// 4411//
f 4692// 4411// 4693//
f 4693// 4411// 4403//
f 4693// 4403// 4694//
f 4694// 4403// 4402//
f 4694// 4402// 4695//
f 4695// 4402// 4427//
f 4695// 4427// 4696//
f 4696// 4427// 4426//
f 4696// 4426// 4683//
f 4685// 4686// 4697//
f 4697// 4686// 4687//
f 4697// 4687// 4698//
f 4698// 4687// 4688//
f 4698// 4688// 4699//
f 4699// 4688// 4689//
f 4699// 4689// 4700//
f 4700// 4689// 4690//
f 4700// 4690// 4701//
f 4701// 4690// 4682//
f 4701// 4682// 4702//
f 4702// 4682// 4681//
f 4702// 4681// 4703//
f 4703// 4681// 4680//
f 4703// 4680// 4704//
f 4704// 4680// 4679//
f 4704// 4679// 4705//
f 4705// 4679// 4691//
f 4705// 4691// 4706//
f 4706// 4691// 4692//
f 4706// 4692// 4707//
f 4707// 4692// 4693//
f 4707// 4693// 4708//
f 4708// 4693// 4694//
f 4708// 4694// 4709//
f 4709// 4694// 4695//
f 4709// 4695// 4710//
f 4710// 4695// 4696//
f 4710// 4696// 4711//
f 4711// 4696// 4683//
f 4711// 4683// 4712//
f 4712// 4683// 4684//
f 4712// 4684// 4713//
f 4713// 4684// 4685//
f 4713// 4685// 4697//
f 4701// 4702// 4714//
f 4714// 4702// 4715//
f 4701// 4714// 4716//
f 4701// 4716// 4700//
f 4700// 4716// 4717//
f 4700// 4717// 4699//
f 4699// 4717// 4718//
f 4699// 4718// 4698//
f 4698// 4718// 4719//
f 4698// 4719// 4697//
f 4697// 4719// 4720//
f 4697// 4720// 4713//
f 4713// 4720// 4721//
f 4713// 4721// 4712//
f 4712// 4721// 4722//
f 4712// 4722// 4711//
f 4711// 4722// 4723//
f 4711// 4723// 4710//
f 4710// 4723// 4724//
f 4710// 4724// 4709//
f 4709// 4724// 4725//
f 4709// 4725// 4708//
f 4708// 4725// 4726//
f 4708// 4726// 4707//
f 4707// 4726// 4727//
f 4707// 4727// 4706//
f 4706// 4727// 4728//
f 4706// 4728// 4705//
f 4705// 4728// 4729//
f 4705// 4729// 4704//
f 4703// 4704// 4730//
f 4730// 4704// 4729//
f 4702// 4703// 4715//
f 4715// 4703// 4730//
usemtl 2
f 4715// 4730// 4714//
f 4714// 4730// 4729//
f 4714// 4729// 4728//
f 4722// 4721// 4714//
f 4714// 4721// 4720//
f 4714// 4720// 4716//
f 4728// 4727// 4714//
f 4714// 4727// 4726//
f 4714// 4726// 4725//
f 4725// 4724// 4714//
f 4714// 4724// 4723//
f 4714// 4723// 4722//
f 4719// 4718// 4720//
f 4720// 4718// 4717//
f 4720// 4717// 4716//
usemtl 3
f 4731// 4732// 4420//
f 4420// 4732// 4418//
f 4732// 4733// 4418//
f 4418// 4733// 4436//
f 4733// 4734// 4436//
f 4436// 4734// 4434//
f 4734// 4735// 4434//
f 4434// 4735// 4435//
f 4735// 4736// 4435//
f 4435// 4736// 4437//
f 4736// 4737// 4437//
f 4437// 4737// 4401//
f 4737// 4738// 4401//
f 4401// 4738// 4416//
f 4738// 4731// 4416//
f 4416// 4731// 4420//
f 4739// 4735// 4740//
f 4740// 4735// 4734//
f 4741// 4738// 4739//
f 4739// 4738// 4737//
f 4739// 4737// 4735//
f 4735// 4737// 4736//
f 4741// 4742// 4738//
f 4738// 4742// 4743//
f 4738// 4743// 4731//
f 4731// 4743// 4744//
f 4731// 4744// 4745//
f 4745// 4746// 4731//
f 4731// 4746// 4740//
f 4731// 4740// 4732//
f 4732// 4740// 4734//
f 4732// 4734// 4733//
f 4739// 4740// 4747//
f 4747// 4740// 4748//
f 4741// 4739// 4749//
f 4749// 4739// 4747//
f 4741// 4749// 4750//
f 4741// 4750// 4742//
f 4742// 4750// 4751//
f 4742// 4751// 4743//
f 4744// 4743// 4752//
f 4752// 4743// 4751//
f 4744// 4752// 4753//
f 4744// 4753// 4745//
f 4745// 4753// 4754//
f 4745// 4754// 4746//
f 4740// 4746// 4748//
f 4748// 4746// 4754//
usemtl 2
f 4747// 4748// 4749//
f 4749// 4748// 4754//
f 4749// 4754// 4750//
f 4750// 4754// 4753//
f 4750// 4753// 4751//
f 4751// 4753// 4752//
f 4755// 4756// 4757//
f 4758// 4759// 4760//
f 4761// 4762// 4763//
f 4763// 4762// 4764//
f 4763// 4764// 4765//
f 4755// 4757// 4766//
f 4766// 4757// 4758//
f 4766// 4758// 4767//
f 4767// 4758// 4768//
f 4767// 4768// 4769//
f 4756// 4770// 4757//
f 4757// 4770// 4771//
f 4757// 4771// 4772//
f 4773// 4774// 4757//
f 4757// 4774// 4775//
f 4776// 4777// 4778//
f 4778// 4777// 4779//
f 4775// 4780// 4757//
f 4757// 4780// 4779//
f 4757// 4779// 4781//
f 4781// 4779// 4777//
f 4782// 4783// 4784//
f 4784// 4783// 4785//
f 4772// 4786// 4757//
f 4757// 4786// 4787//
f 4757// 4787// 4773//
f 4765// 4788// 4763//
f 4763// 4788// 4789//
f 4763// 4789// 4790//
f 4790// 4789// 4791//
f 4790// 4791// 4792//
f 4793// 4794// 4768//
f 4791// 4795// 4792//
f 4792// 4795// 4796//
f 4792// 4796// 4784//
f 4784// 4796// 4797//
f 4784// 4797// 4782//
f 4794// 4798// 4768//
f 4768// 4798// 4799//
f 4768// 4799// 4769//
f 4759// 4800// 4760//
f 4760// 4800// 4801//
f 4760// 4801// 4802//
f 4801// 4803// 4802//
f 4802// 4803// 4804//
f 4802// 4804// 4762//
f 4785// 4793// 4784//
f 4784// 4793// 4768//
f 4784// 4768// 4805//
f 4805// 4768// 4806//
f 4805// 4806// 4761//
f 4761// 4806// 4807//
f 4761// 4807// 4762//
f 4762// 4807// 4808//
f 4762// 4808// 4802//
f 4809// 4810// 4768//
f 4758// 4760// 4768//
f 4768// 4760// 4811//
f 4768// 4811// 4809//
f 4812// 4813// 4814//
f 4815// 4816// 4817//
f 4817// 4816// 4818//
f 4819// 4820// 4818//
f 4818// 4820// 4821//
f 4818// 4821// 4817//
f 4814// 4822// 4812//
f 4812// 4822// 4823//
f 4812// 4823// 4824//
f 4825// 4826// 4827//
f 4827// 4826// 4828//
f 4829// 4830// 4831//
f 4831// 4830// 4810//
f 4831// 4810// 4827//
f 4828// 4832// 4827//
f 4827// 4832// 4833//
f 4827// 4833// 4834//
f 4825// 4827// 4835//
f 4835// 4827// 4810//
f 4835// 4810// 4821//
f 4821// 4810// 4809//
f 4821// 4809// 4817//
f 4834// 4836// 4827//
f 4827// 4836// 4837//
f 4827// 4837// 4812//
f 4812// 4837// 4838//
f 4812// 4838// 4813//
f 4760// 4839// 4820//
f 4840// 4841// 4819//
f 4819// 4841// 4842//
f 4819// 4842// 4820//
f 4820// 4842// 4843//
f 4820// 4843// 4760//
f 4760// 4843// 4844//
f 4760// 4844// 4811//
f 4845// 4846// 4847//
f 4847// 4846// 4848//
f 4847// 4848// 4760//
f 4760// 4848// 4812//
f 4760// 4812// 4839//
f 4839// 4812// 4824//
f 4829// 4847// 4830//
f 4830// 4847// 4760//
f 4830// 4760// 4849//
f 4849// 4760// 4802//
f 4850// 4851// 4852//
f 4850// 4852// 4853//
f 4853// 4852// 4854//
f 4853// 4854// 4855//
f 4855// 4854// 4856//
f 4855// 4856// 4857//
f 4857// 4856// 4858//
f 4857// 4858// 4859//
f 4859// 4858// 4860//
f 4859// 4860// 4861//
f 4861// 4860// 4862//
f 4861// 4862// 4863//
f 4863// 4862// 4864//
f 4863// 4864// 4865//
f 4866// 4867// 4864//
f 4864// 4867// 4865//
f 4867// 4866// 4868//
f 4867// 4868// 4869//
f 4869// 4868// 4870//
f 4869// 4870// 4871//
f 4871// 4870// 4872//
f 4871// 4872// 4873//
f 4873// 4872// 4874//
f 4873// 4874// 4875//
f 4875// 4874// 4876//
f 4875// 4876// 4877//
f 4877// 4876// 4878//
f 4877// 4878// 4879//
f 4880// 4881// 4878//
f 4878// 4881// 4879//
f 4881// 4880// 4882//
f 4881// 4882// 4883//
f 4883// 4882// 4884//
f 4883// 4884// 4885//
f 4885// 4884// 4886//
f 4885// 4886// 4887//
f 4887// 4886// 4888//
f 4887// 4888// 4889//
f 4889// 4888// 4890//
f 4889// 4890// 4891//
f 4891// 4890// 4892//
f 4891// 4892// 4893//
f 4894// 4895// 4892//
f 4892// 4895// 4893//
f 4895// 4894// 4896//
f 4896// 4894// 4897//
f 4896// 4897// 4898//
f 4898// 4897// 4899//
f 4898// 4899// 4900//
f 4900// 4899// 4901//
f 4900// 4901// 4902//
f 4902// 4901// 4903//
f 4902// 4903// 4904//
f 4904// 4903// 4905//
f 4904// 4905// 4906//
f 4906// 4905// 4907//
f 4906// 4907// 4908//
f 4908// 4907// 4909//
f 4908// 4909// 4910//
f 4910// 4909// 4911//
f 4910// 4911// 4912//
f 4912// 4911// 4913//
f 4912// 4913// 4914//
f 4914// 4913// 4915//
f 4914// 4915// 4916//
f 4916// 4915// 4917//
f 4916// 4917// 4918//
f 4918// 4917// 4919//
f 4918// 4919// 4920//
f 4920// 4919// 4921//
f 4920// 4921// 4922//
f 4922// 4921// 4923//
f 4924// 4925// 4923//
f 4923// 4925// 4922//
f 4925// 4924// 4926//
f 4925// 4926// 4927//
f 4927// 4926// 4928//
f 4927// 4928// 4929//
f 4929// 4928// 4930//
f 4929// 4930// 4931//
f 4931// 4930// 4932//
f 4931// 4932// 4933//
f 4933// 4932// 4934//
f 4933// 4934// 4935//
f 4935// 4934// 4936//
f 4935// 4936// 4937//
f 4938// 4939// 4936//
f 4936// 4939// 4937//
f 4939// 4938// 4940//
f 4939// 4940// 4941//
f 4941// 4940// 4942//
f 4941// 4942// 4943//
f 4943// 4942// 4944//
f 4943// 4944// 4945//
f 4945// 4944// 4946//
f 4945// 4946// 4947//
f 4947// 4946// 4948//
f 4947// 4948// 4949//
f 4949// 4948// 4950//
f 4949// 4950// 4951//
f 4952// 4953// 4950//
f 4950// 4953// 4951//
f 4953// 4952// 4954//
f 4953// 4954// 4955//
f 4955// 4954// 4956//
f 4955// 4956// 4957//
f 4957// 4956// 4958//
f 4957// 4958// 4959//
f 4959// 4958// 4960//
f 4959// 4960// 4961//
f 4961// 4960// 4962//
f 4961// 4962// 4963//
f 4963// 4962// 4964//
f 4963// 4964// 4965//
f 4965// 4964// 4966//
f 4965// 4966// 4967//
f 4968// 4969// 4966//
f 4966// 4969// 4967//
f 4969// 4968// 4970//
f 4970// 4968// 4971//
f 4970// 4971// 4972//
f 4972// 4971// 4973//
f 4972// 4973// 4974//
f 4974// 4973// 4975//
f 4974// 4975// 4976//
f 4976// 4975// 4977//
f 4976// 4977// 4978//
f 4978// 4977// 4979//
f 4978// 4979// 4980//
f 4980// 4979// 4981//
f 4980// 4981// 4982//
f 4982// 4981// 4983//
f 4984// 4985// 4983//
f 4983// 4985// 4982//
f 4984// 4986// 4985//
f 4985// 4986// 4987//
f 4988// 4989// 4986//
f 4986// 4989// 4987//
f 4989// 4988// 4990//
f 4989// 4990// 4991//
f 4991// 4990// 4992//
f 4991// 4992// 4993//
f 4993// 4992// 4994//
f 4993// 4994// 4995//
f 4995// 4994// 4996//
f 4995// 4996// 4997//
f 4997// 4996// 4998//
f 4997// 4998// 4999//
f 4999// 4998// 5000//
f 4999// 5000// 5001//
f 5002// 5003// 5000//
f 5000// 5003// 5001//
f 5003// 5002// 5004//
f 5003// 5004// 5005//
f 5005// 5004// 5006//
f 5005// 5006// 5007//
f 5007// 5006// 5008//
f 5007// 5008// 5009//
f 5009// 5008// 5010//
f 5009// 5010// 5011//
f 5011// 5010// 5012//
f 5011// 5012// 5013//
f 5013// 5012// 5014//
f 5013// 5014// 5015//
f 5016// 5017// 5014//
f 5014// 5017// 5015//
f 4849// 5017// 4830//
f 4830// 5017// 5016//
f 4830// 5016// 4810//
f 4807// 4806// 5018//
f 4808// 4807// 5019//
f 5019// 4807// 5018//
f 5019// 5018// 5020//
f 5020// 5018// 5021//
f 5020// 5021// 5022//
f 5022// 5021// 5023//
f 5022// 5023// 5024//
f 5024// 5023// 5025//
f 5024// 5025// 5026//
f 5026// 5025// 5027//
f 5026// 5027// 5028//
f 5028// 5027// 5029//
f 5028// 5029// 5030//
f 5030// 5029// 5031//
f 4851// 4850// 5031//
f 5031// 4850// 5030//
f 4855// 4857// 4904//
f 5022// 5024// 4906//
f 4906// 5024// 5026//
f 4906// 5026// 4904//
f 4904// 5026// 5028//
f 4904// 5028// 5030//
f 5030// 4850// 4904//
f 4904// 4850// 4853//
f 4904// 4853// 4855//
f 5022// 4906// 5020//
f 5020// 4906// 4908//
f 5020// 4908// 5019//
f 4895// 4896// 4865//
f 4978// 4908// 4976//
f 4976// 4908// 4910//
f 4976// 4910// 4974//
f 4896// 4898// 4865//
f 4865// 4898// 4900//
f 4865// 4900// 4863//
f 4863// 4900// 4902//
f 4863// 4902// 4861//
f 4861// 4902// 4904//
f 4861// 4904// 4859//
f 4859// 4904// 4857//
f 5017// 4849// 5003//
f 5003// 4849// 4802//
f 5003// 4802// 4908//
f 4908// 4802// 4808//
f 4908// 4808// 5019//
f 4967// 4969// 4912//
f 4912// 4969// 4970//
f 4912// 4970// 4910//
f 4910// 4970// 4972//
f 4910// 4972// 4974//
f 4914// 4955// 4957//
f 4914// 4957// 4912//
f 4912// 4957// 4959//
f 4912// 4959// 4961//
f 4891// 4893// 4881//
f 4985// 5003// 4982//
f 4982// 5003// 4908//
f 4982// 4908// 4980//
f 4980// 4908// 4978//
f 4985// 4987// 5003//
f 5003// 4987// 4989//
f 5003// 4989// 5001//
f 5001// 4989// 4999//
f 4961// 4963// 4912//
f 4912// 4963// 4965//
f 4912// 4965// 4967//
f 4955// 4914// 4953//
f 4953// 4914// 4916//
f 4953// 4916// 4918//
f 4881// 4893// 4879//
f 5011// 5013// 5003//
f 5003// 5013// 5015//
f 5003// 5015// 5017//
f 4991// 4993// 4995//
f 4881// 4883// 4885//
f 4991// 4995// 4989//
f 4989// 4995// 4997//
f 4989// 4997// 4999//
f 4927// 4929// 4937//
f 4949// 4951// 4939//
f 4939// 4951// 4953//
f 4939// 4953// 4937//
f 4895// 4865// 4893//
f 4893// 4865// 4867//
f 4893// 4867// 4879//
f 4879// 4867// 4869//
f 4879// 4869// 4871//
f 4885// 4887// 4881//
f 4881// 4887// 4889//
f 4881// 4889// 4891//
f 5011// 5003// 5009//
f 5009// 5003// 5005//
f 5009// 5005// 5007//
f 4918// 4920// 4953//
f 4953// 4920// 4922//
f 4953// 4922// 4937//
f 4937// 4922// 4925//
f 4937// 4925// 4927//
f 4873// 4875// 4871//
f 4871// 4875// 4877//
f 4871// 4877// 4879//
f 4929// 4931// 4937//
f 4937// 4931// 4933//
f 4937// 4933// 4935//
f 4939// 4941// 4943//
f 4943// 4945// 4939//
f 4939// 4945// 4947//
f 4939// 4947// 4949//
f 4858// 4856// 4905//
f 4975// 4973// 4911//
f 5021// 4909// 5023//
f 5023// 4909// 4907//
f 5023// 4907// 5025//
f 4851// 5031// 4905//
f 4905// 5031// 5029//
f 4905// 5029// 4907//
f 4907// 5029// 5027//
f 4907// 5027// 5025//
f 4856// 4854// 4905//
f 4905// 4854// 4852//
f 4905// 4852// 4851//
f 4911// 4973// 4913//
f 4973// 4971// 4913//
f 4913// 4971// 4968//
f 4913// 4968// 4966//
f 4909// 4979// 4911//
f 4911// 4979// 4977//
f 4911// 4977// 4975//
f 4858// 4905// 4860//
f 4860// 4905// 4903//
f 4860// 4903// 4862//
f 4862// 4903// 4864//
f 4864// 4903// 4901//
f 4864// 4901// 4899//
f 4966// 4964// 4913//
f 4913// 4964// 4962//
f 4913// 4962// 4960//
f 4921// 4919// 4952//
f 4952// 4919// 4917//
f 4952// 4917// 4954//
f 4954// 4917// 4915//
f 4954// 4915// 4956//
f 4956// 4915// 4913//
f 4956// 4913// 4958//
f 4958// 4913// 4960//
f 4986// 4984// 5002//
f 5002// 4984// 4983//
f 5002// 4983// 4909//
f 4909// 4983// 4981//
f 4909// 4981// 4979//
f 5021// 5018// 4909//
f 4909// 5018// 4806//
f 4909// 4806// 4768//
f 4899// 4897// 4864//
f 4864// 4897// 4894//
f 4864// 4894// 4866//
f 4866// 4894// 4892//
f 4950// 4924// 4952//
f 4952// 4924// 4923//
f 4952// 4923// 4921//
f 4888// 4880// 4890//
f 4890// 4880// 4892//
f 4892// 4880// 4866//
f 4866// 4880// 4878//
f 4866// 4878// 4868//
f 4874// 4872// 4870//
f 4946// 4938// 4948//
f 4948// 4938// 4950//
f 4950// 4938// 4924//
f 4924// 4938// 4936//
f 4924// 4936// 4926//
f 4986// 5002// 4988//
f 4988// 5002// 5000//
f 4988// 5000// 4998//
f 4768// 4810// 4909//
f 4909// 4810// 5016//
f 4909// 5016// 5002//
f 5002// 5016// 5014//
f 5002// 5014// 5012//
f 4888// 4886// 4880//
f 4880// 4886// 4884//
f 4880// 4884// 4882//
f 4946// 4944// 4938//
f 4938// 4944// 4942//
f 4938// 4942// 4940//
f 4936// 4934// 4932//
f 4992// 4990// 4994//
f 4994// 4990// 4988//
f 4994// 4988// 4996//
f 4996// 4988// 4998//
f 5012// 5010// 5002//
f 5002// 5010// 5008//
f 5002// 5008// 5004//
f 5004// 5008// 5006//
f 4868// 4878// 4870//
f 4870// 4878// 4876//
f 4870// 4876// 4874//
f 4932// 4930// 4936//
f 4936// 4930// 4928//
f 4936// 4928// 4926//
usemtl 3
f 5032// 5033// 4790//
f 4790// 5033// 4763//
f 5033// 5034// 4763//
f 4763// 5034// 4761//
f 5034// 5035// 4761//
f 4761// 5035// 4805//
f 5035// 5036// 4805//
f 4805// 5036// 4784//
f 5036// 5037// 4784//
f 4784// 5037// 4792//
f 5037// 5032// 4792//
f 4792// 5032// 4790//
f 5036// 5035// 5037//
f 5037// 5035// 5034//
f 5037// 5034// 5032//
f 5032// 5034// 5033//
f 5038// 5039// 4758//
f 4758// 5039// 4759//
f 4759// 5039// 5040//
f 5041// 4804// 4803//
f 5041// 4803// 5042//
f 5042// 4803// 4801//
f 5042// 4801// 5040//
f 5040// 4801// 4800//
f 5040// 4800// 4759//
f 5043// 4796// 4795//
f 5043// 4795// 5044//
f 5044// 4795// 4791//
f 5044// 4791// 5045//
f 5045// 4791// 4789//
f 5045// 4789// 5046//
f 5046// 4789// 4788//
f 5046// 4788// 5047//
f 5047// 4788// 4765//
f 5047// 4765// 5048//
f 5048// 4765// 4764//
f 5048// 4764// 5049//
f 5049// 4764// 5041//
f 5041// 4764// 4762//
f 5041// 4762// 4804//
f 5050// 4798// 4794//
f 5050// 4794// 5051//
f 5051// 4794// 4793//
f 5051// 4793// 5052//
f 5052// 4793// 4785//
f 5052// 4785// 5053//
f 5053// 4785// 4783//
f 5053// 4783// 5054//
f 5054// 4783// 4782//
f 5054// 4782// 5055//
f 5055// 4782// 4797//
f 5055// 4797// 5056//
f 5056// 4797// 4796//
f 5056// 4796// 5043//
f 5057// 4769// 4799//
f 5057// 4799// 5058//
f 5058// 4799// 4798//
f 5058// 4798// 5050//
f 5057// 5059// 4769//
f 4769// 5059// 4767//
f 5060// 4755// 4766//
f 5060// 4766// 5061//
f 5061// 4766// 4767//
f 5061// 4767// 5059//
f 5062// 4773// 4787//
f 5062// 4787// 5063//
f 5063// 4787// 4786//
f 5063// 4786// 5064//
f 5064// 4786// 4772//
f 5064// 4772// 5065//
f 5065// 4772// 4771//
f 5065// 4771// 5066//
f 5066// 4771// 4770//
f 5066// 4770// 5067//
f 5067// 4770// 4756//
f 5067// 4756// 5068//
f 5068// 4756// 4755//
f 5068// 4755// 5060//
f 5069// 4777// 4776//
f 5069// 4776// 5070//
f 5070// 4776// 4778//
f 5070// 4778// 5071//
f 5071// 4778// 4779//
f 5071// 4779// 5072//
f 5072// 4779// 4780//
f 5072// 4780// 5073//
f 5073// 4780// 4775//
f 5073// 4775// 5074//
f 5074// 4775// 4774//
f 5074// 4774// 5075//
f 5075// 4774// 4773//
f 5075// 4773// 5062//
f 5038// 4758// 4757//
f 5038// 4757// 5076//
f 5076// 4757// 4781//
f 5076// 4781// 5077//
f 5077// 4781// 4777//
f 5077// 4777// 5069//
f 5070// 5041// 5069//
f 5069// 5041// 5042//
f 5069// 5042// 5077//
f 5077// 5042// 5040//
f 5077// 5040// 5076//
f 5076// 5040// 5039//
f 5076// 5039// 5038//
f 5059// 5057// 5061//
f 5061// 5057// 5058//
f 5061// 5058// 5060//
f 5060// 5058// 5050//
f 5060// 5050// 5068//
f 5068// 5050// 5051//
f 5068// 5051// 5067//
f 5067// 5051// 5052//
f 5067// 5052// 5066//
f 5066// 5052// 5053//
f 5066// 5053// 5065//
f 5065// 5053// 5054//
f 5065// 5054// 5064//
f 5064// 5054// 5055//
f 5064// 5055// 5063//
f 5063// 5055// 5056//
f 5063// 5056// 5062//
f 5062// 5056// 5043//
f 5062// 5043// 5075//
f 5075// 5043// 5044//
f 5075// 5044// 5074//
f 5074// 5044// 5045//
f 5074// 5045// 5073//
f 5073// 5045// 5046//
f 5073// 5046// 5072//
f 5072// 5046// 5047//
f 5072// 5047// 5071//
f 5071// 5047// 5048//
f 5071// 5048// 5070//
f 5070// 5048// 5049//
f 5070// 5049// 5041//
f 5078// 5079// 4842//
f 4842// 5079// 4843//
f 5079// 5080// 4843//
f 4843// 5080// 4844//
f 5080// 5081// 4844//
f 4844// 5081// 4811//
f 5081// 5082// 4811//
f 4811// 5082// 4809//
f 5082// 5083// 4809//
f 4809// 5083// 4817//
f 5083// 5084// 4817//
f 4817// 5084// 4815//
f 5084// 5085// 4815//
f 4815// 5085// 4816//
f 5085// 5086// 4816//
f 4816// 5086// 4818//
f 5086// 5087// 4818//
f 4818// 5087// 4819//
f 5087// 5088// 4819//
f 4819// 5088// 4840//
f 5088// 5089// 4840//
f 4840// 5089// 4841//
f 5089// 5078// 4841//
f 4841// 5078// 4842//
f 5080// 5079// 5078//
f 5078// 5089// 5080//
f 5080// 5089// 5088//
f 5080// 5088// 5081//
f 5083// 5082// 5084//
f 5084// 5082// 5081//
f 5084// 5081// 5085//
f 5085// 5081// 5088//
f 5085// 5088// 5086//
f 5086// 5088// 5087//
f 5090// 5091// 4839//
f 4839// 5091// 4820//
f 5091// 5092// 4820//
f 4820// 5092// 4821//
f 5092// 5093// 4821//
f 4821// 5093// 4835//
f 5094// 4837// 4836//
f 5094// 4836// 5095//
f 5095// 4836// 4834//
f 5095// 4834// 5096//
f 5096// 4834// 4833//
f 5096// 4833// 5097//
f 5097// 4833// 4832//
f 5097// 4832// 5098//
f 5098// 4832// 4828//
f 5098// 4828// 5099//
f 5099// 4828// 4826//
f 5099// 4826// 5100//
f 5100// 4826// 4825//
f 5100// 4825// 5101//
f 5101// 4825// 4835//
f 5101// 4835// 5093//
f 5090// 4839// 4824//
f 5090// 4824// 5102//
f 5102// 4824// 4823//
f 5102// 4823// 5103//
f 5103// 4823// 4822//
f 5103// 4822// 5104//
f 5104// 4822// 4814//
f 5104// 4814// 5105//
f 5105// 4814// 4813//
f 5105// 4813// 5106//
f 5106// 4813// 4838//
f 5106// 4838// 5107//
f 5107// 4838// 4837//
f 5107// 4837// 5094//
f 5096// 5097// 5108//
f 5108// 5097// 5098//
f 5108// 5098// 5109//
f 5109// 5098// 5099//
f 5109// 5099// 5110//
f 5110// 5099// 5100//
f 5110// 5100// 5111//
f 5111// 5100// 5101//
f 5111// 5101// 5112//
f 5112// 5101// 5093//
f 5112// 5093// 5113//
f 5113// 5093// 5092//
f 5113// 5092// 5114//
f 5114// 5092// 5091//
f 5114// 5091// 5115//
f 5115// 5091// 5090//
f 5115// 5090// 5116//
f 5116// 5090// 5102//
f 5116// 5102// 5117//
f 5117// 5102// 5103//
f 5117// 5103// 5118//
f 5118// 5103// 5104//
f 5118// 5104// 5119//
f 5119// 5104// 5105//
f 5119// 5105// 5120//
f 5120// 5105// 5106//
f 5120// 5106// 5121//
f 5121// 5106// 5107//
f 5121// 5107// 5122//
f 5122// 5107// 5094//
f 5122// 5094// 5123//
f 5123// 5094// 5095//
f 5123// 5095// 5124//
f 5124// 5095// 5096//
f 5124// 5096// 5108//
f 5112// 5113// 5125//
f 5125// 5113// 5126//
f 5112// 5125// 5127//
f 5112// 5127// 5111//
f 5111// 5127// 5128//
f 5111// 5128// 5110//
f 5110// 5128// 5129//
f 5110// 5129// 5109//
f 5109// 5129// 5130//
f 5109// 5130// 5108//
f 5108// 5130// 5131//
f 5108// 5131// 5124//
f 5124// 5131// 5132//
f 5124// 5132// 5123//
f 5123// 5132// 5133//
f 5123// 5133// 5122//
f 5122// 5133// 5134//
f 5122// 5134// 5121//
f 5121// 5134// 5135//
f 5121// 5135// 5120//
f 5120// 5135// 5136//
f 5120// 5136// 5119//
f 5119// 5136// 5137//
f 5119// 5137// 5118//
f 5118// 5137// 5138//
f 5118// 5138// 5117//
f 5117// 5138// 5139//
f 5117// 5139// 5116//
f 5116// 5139// 5140//
f 5116// 5140// 5115//
f 5114// 5115// 5141//
f 5141// 5115// 5140//
f 5113// 5114// 5126//
f 5126// 5114// 5141//
usemtl 2
f 5126// 5141// 5125//
f 5125// 5141// 5140//
f 5125// 5140// 5139//
f 5133// 5132// 5125//
f 5125// 5132// 5131//
f 5125// 5131// 5127//
f 5139// 5138// 5125//
f 5125// 5138// 5137//
f 5125// 5137// 5136//
f 5136// 5135// 5125//
f 5125// 5135// 5134//
f 5125// 5134// 5133//
f 5130// 5129// 5131//
f 5131// 5129// 5128//
f 5131// 5128// 5127//
usemtl 3
f 5142// 5143// 4831//
f 4831// 5143// 4829//
f 5143// 5144// 4829//
f 4829// 5144// 4847//
f 5144// 5145// 4847//
f 4847// 5145// 4845//
f 5145// 5146// 4845//
f 4845// 5146// 4846//
f 5146// 5147// 4846//
f 4846// 5147// 4848//
f 5147// 5148// 4848//
f 4848// 5148// 4812//
f 5148// 5149// 4812//
f 4812// 5149// 4827//
f 5149// 5142// 4827//
f 4827// 5142// 4831//
f 5150// 5146// 5151//
f 5151// 5146// 5145//
f 5152// 5149// 5150//
f 5150// 5149// 5148//
f 5150// 5148// 5146//
f 5146// 5148// 5147//
f 5152// 5153// 5149//
f 5149// 5153// 5154//
f 5149// 5154// 5142//
f 5142// 5154// 5155//
f 5142// 5155// 5156//
f 5156// 5157// 5142//
f 5142// 5157// 5151//
f 5142// 5151// 5143//
f 5143// 5151// 5145//
f 5143// 5145// 5144//
f 5150// 5151// 5158//
f 5158// 5151// 5159//
f 5152// 5150// 5160//
f 5160// 5150// 5158//
f 5152// 5160// 5161//
f 5152// 5161// 5153//
f 5153// 5161// 5162//
f 5153// 5162// 5154//
f 5155// 5154// 5163//
f 5163// 5154// 5162//
f 5155// 5163// 5164//
f 5155// 5164// 5156//
f 5156// 5164// 5165//
f 5156// 5165// 5157//
f 5151// 5157// 5159//
f 5159// 5157// 5165//
usemtl 2
f 5158// 5159// 5160//
f 5160// 5159// 5165//
f 5160// 5165// 5161//
f 5161// 5165// 5164//
f 5161// 5164// 5162//
f 5162// 5164// 5163//
f 5166// 5167// 5168//
f 5169// 5170// 5171//
f 5172// 5173// 5174//
f 5174// 5173// 5175//
f 5174// 5175// 5176//
f 5166// 5168// 5177//
f 5177// 5168// 5169//
f 5177// 5169// 5178//
f 5178// 5169// 5179//
f 5178// 5179// 5180//
f 5167// 5181// 5168//
f 5168// 5181// 5182//
f 5168// 5182// 5183//
f 5184// 5185// 5168//
f 5168// 5185// 5186//
f 5187// 5188// 5189//
f 5189// 5188// 5190//
f 5186// 5191// 5168//
f 5168// 5191// 5190//
f 5168// 5190// 5192//
f 5192// 5190// 5188//
f 5193// 5194// 5195//
f 5195// 5194// 5196//
f 5183// 5197// 5168//
f 5168// 5197// 5198//
f 5168// 5198// 5184//
f 5176// 5199// 5174//
f 5174// 5199// 5200//
f 5174// 5200// 5201//
f 5201// 5200// 5202//
f 5201// 5202// 5203//
f 5204// 5205// 5179//
f 5202// 5206// 5203//
f 5203// 5206// 5207//
f 5203// 5207// 5195//
f 5195// 5207// 5208//
f 5195// 5208// 5193//
f 5205// 5209// 5179//
f 5179// 5209// 5210//
f 5179// 5210// 5180//
f 5170// 5211// 5171//
f 5171// 5211// 5212//
f 5171// 5212// 5213//
f 5212// 5214// 5213//
f 5213// 5214// 5215//
f 5213// 5215// 5173//
f 5196// 5204// 5195//
f 5195// 5204// 5179//
f 5195// 5179// 5216//
f 5216// 5179// 5217//
f 5216// 5217// 5172//
f 5172// 5217// 5218//
f 5172// 5218// 5173//
f 5173// 5218// 5219//
f 5173// 5219// 5213//
f 5220// 5221// 5179//
f 5169// 5171// 5179//
f 5179// 5171// 5222//
f 5179// 5222// 5220//
f 5223// 5224// 5225//
f 5226// 5227// 5228//
f 5228// 5227// 5229//
f 5230// 5231// 5229//
f 5229// 5231// 5232//
f 5229// 5232// 5228//
f 5225// 5233// 5223//
f 5223// 5233// 5234//
f 5223// 5234// 5235//
f 5236// 5237// 5238//
f 5238// 5237// 5239//
f 5240// 5241// 5242//
f 5242// 5241// 5221//
f 5242// 5221// 5238//
f 5239// 5243// 5238//
f 5238// 5243// 5244//
f 5238// 5244// 5245//
f 5236// 5238// 5246//
f 5246// 5238// 5221//
f 5246// 5221// 5232//
f 5232// 5221// 5220//
f 5232// 5220// 5228//
f 5245// 5247// 5238//
f 5238// 5247// 5248//
f 5238// 5248// 5223//
f 5223// 5248// 5249//
f 5223// 5249// 5224//
f 5171// 5250// 5231//
f 5251// 5252// 5230//
f 5230// 5252// 5253//
f 5230// 5253// 5231//
f 5231// 5253// 5254//
f 5231// 5254// 5171//
f 5171// 5254// 5255//
f 5171// 5255// 5222//
f 5256// 5257// 5258//
f 5258// 5257// 5259//
f 5258// 5259// 5171//
f 5171// 5259// 5223//
f 5171// 5223// 5250//
f 5250// 5223// 5235//
f 5240// 5258// 5241//
f 5241// 5258// 5171//
f 5241// 5171// 5260//
f 5260// 5171// 5213//
f 5261// 5262// 5263//
f 5261// 5263// 5264//
f 5264// 5263// 5265//
f 5264// 5265// 5266//
f 5266// 5265// 5267//
f 5266// 5267// 5268//
f 5268// 5267// 5269//
f 5268// 5269// 5270//
f 5270// 5269// 5271//
f 5270// 5271// 5272//
f 5272// 5271// 5273//
f 5272// 5273// 5274//
f 5274// 5273// 5275//
f 5274// 5275// 5276//
f 5277// 5278// 5275//
f 5275// 5278// 5276//
f 5278// 5277// 5279//
f 5278// 5279// 5280//
f 5280// 5279// 5281//
f 5280// 5281// 5282//
f 5282// 5281// 5283//
f 5282// 5283// 5284//
f 5284// 5283// 5285//
f 5284// 5285// 5286//
f 5286// 5285// 5287//
f 5286// 5287// 5288//
f 5288// 5287// 5289//
f 5288// 5289// 5290//
f 5291// 5292// 5289//
f 5289// 5292// 5290//
f 5292// 5291// 5293//
f 5292// 5293// 5294//
f 5294// 5293// 5295//
f 5294// 5295// 5296//
f 5296// 5295// 5297//
f 5296// 5297// 5298//
f 5298// 5297// 5299//
f 5298// 5299// 5300//
f 5300// 5299// 5301//
f 5300// 5301// 5302//
f 5302// 5301// 5303//
f 5302// 5303// 5304//
f 5305// 5306// 5303//
f 5303// 5306// 5304//
f 5306// 5305// 5307//
f 5307// 5305// 5308//
f 5307// 5308// 5309//
f 5309// 5308// 5310//
f 5309// 5310// 5311//
f 5311// 5310// 5312//
f 5311// 5312// 5313//
f 5313// 5312// 5314//
f 5313// 5314// 5315//
f 5315// 5314// 5316//
f 5315// 5316// 5317//
f 5317// 5316// 5318//
f 5317// 5318// 5319//
f 5319// 5318// 5320//
f 5319// 5320// 5321//
f 5321// 5320// 5322//
f 5321// 5322// 5323//
f 5323// 5322// 5324//
f 5323// 5324// 5325//
f 5325// 5324// 5326//
f 5325// 5326// 5327//
f 5327// 5326// 5328//
f 5327// 5328// 5329//
f 5329// 5328// 5330//
f 5329// 5330// 5331//
f 5331// 5330// 5332//
f 5331// 5332// 5333//
f 5333// 5332// 5334//
f 5335// 5336// 5334//
f 5334// 5336// 5333//
f 5336// 5335// 5337//
f 5336// 5337// 5338//
f 5338// 5337// 5339//
f 5338// 5339// 5340//
f 5340// 5339// 5341//
f 5340// 5341// 5342//
f 5342// 5341// 5343//
f 5342// 5343// 5344//
f 5344// 5343// 5345//
f 5344// 5345// 5346//
f 5346// 5345// 5347//
f 5346// 5347// 5348//
f 5349// 5350// 5347//
f 5347// 5350// 5348//
f 5350// 5349// 5351//
f 5350// 5351// 5352//
f 5352// 5351// 5353//
f 5352// 5353// 5354//
f 5354// 5353// 5355//
f 5354// 5355// 5356//
f 5356// 5355// 5357//
f 5356// 5357// 5358//
f 5358// 5357// 5359//
f 5358// 5359// 5360//
f 5360// 5359// 5361//
f 5360// 5361// 5362//
f 5363// 5364// 5361//
f 5361// 5364// 5362//
f 5364// 5363// 5365//
f 5364// 5365// 5366//
f 5366// 5365// 5367//
f 5366// 5367// 5368//
f 5368// 5367// 5369//
f 5368// 5369// 5370//
f 5370// 5369// 5371//
f 5370// 5371// 5372//
f 5372// 5371// 5373//
f 5372// 5373// 5374//
f 5374// 5373// 5375//
f 5374// 5375// 5376//
f 5376// 5375// 5377//
f 5376// 5377// 5378//
f 5379// 5380// 5377//
f 5377// 5380// 5378//
f 5380// 5379// 5381//
f 5381// 5379// 5382//
f 5381// 5382// 5383//
f 5383// 5382// 5384//
f 5383// 5384// 5385//
f 5385// 5384// 5386//
f 5385// 5386// 5387//
f 5387// 5386// 5388//
f 5387// 5388// 5389//
f 5389// 5388// 5390//
f 5389// 5390// 5391//
f 5391// 5390// 5392//
f 5391// 5392// 5393//
f 5393// 5392// 5394//
f 5395// 5396// 5394//
f 5394// 5396// 5393//
f 5395// 5397// 5396//
f 5396// 5397// 5398//
f 5399// 5400// 5397//
f 5397// 5400// 5398//
f 5400// 5399// 5401//
f 5400// 5401// 5402//
f 5402// 5401// 5403//
f 5402// 5403// 5404//
f 5404// 5403// 5405//
f 5404// 5405// 5406//
f 5406// 5405// 5407//
f 5406// 5407// 5408//
f 5408// 5407// 5409//
f 5408// 5409// 5410//
f 5410// 5409// 5411//
f 5410// 5411// 5412//
f 5413// 5414// 5411//
f 5411// 5414// 5412//
f 5414// 5413// 5415//
f 5414// 5415// 5416//
f 5416// 5415// 5417//
f 5416// 5417// 5418//
f 5418// 5417// 5419//
f 5418// 5419// 5420//
f 5420// 5419// 5421//
f 5420// 5421// 5422//
f 5422// 5421// 5423//
f 5422// 5423// 5424//
f 5424// 5423// 5425//
f 5424// 5425// 5426//
f 5427// 5428// 5425//
f 5425// 5428// 5426//
f 5260// 5428// 5241//
f 5241// 5428// 5427//
f 5241// 5427// 5221//
f 5218// 5217// 5429//
f 5219// 5218// 5430//
f 5430// 5218// 5429//
f 5430// 5429// 5431//
f 5431// 5429// 5432//
f 5431// 5432// 5433//
f 5433// 5432// 5434//
f 5433// 5434// 5435//
f 5435// 5434// 5436//
f 5435// 5436// 5437//
f 5437// 5436// 5438//
f 5437// 5438// 5439//
f 5439// 5438// 5440//
f 5439// 5440// 5441//
f 5441// 5440// 5442//
f 5262// 5261// 5442//
f 5442// 5261// 5441//
f 5266// 5268// 5315//
f 5433// 5435// 5317//
f 5317// 5435// 5437//
f 5317// 5437// 5315//
f 5315// 5437// 5439//
f 5315// 5439// 5441//
f 5441// 5261// 5315//
f 5315// 5261// 5264//
f 5315// 5264// 5266//
f 5433// 5317// 5431//
f 5431// 5317// 5319//
f 5431// 5319// 5430//
f 5306// 5307// 5276//
f 5389// 5319// 5387//
f 5387// 5319// 5321//
f 5387// 5321// 5385//
f 5307// 5309// 5276//
f 5276// 5309// 5311//
f 5276// 5311// 5274//
f 5274// 5311// 5313//
f 5274// 5313// 5272//
f 5272// 5313// 5315//
f 5272// 5315// 5270//
f 5270// 5315// 5268//
f 5428// 5260// 5414//
f 5414// 5260// 5213//
f 5414// 5213// 5319//
f 5319// 5213// 5219//
f 5319// 5219// 5430//
f 5378// 5380// 5323//
f 5323// 5380// 5381//
f 5323// 5381// 5321//
f 5321// 5381// 5383//
f 5321// 5383// 5385//
f 5325// 5366// 5368//
f 5325// 5368// 5323//
f 5323// 5368// 5370//
f 5323// 5370// 5372//
f 5302// 5304// 5292//
f 5396// 5414// 5393//
f 5393// 5414// 5319//
f 5393// 5319// 5391//
f 5391// 5319// 5389//
f 5396// 5398// 5414//
f 5414// 5398// 5400//
f 5414// 5400// 5412//
f 5412// 5400// 5410//
f 5372// 5374// 5323//
f 5323// 5374// 5376//
f 5323// 5376// 5378//
f 5366// 5325// 5364//
f 5364// 5325// 5327//
f 5364// 5327// 5329//
f 5292// 5304// 5290//
f 5422// 5424// 5414//
f 5414// 5424// 5426//
f 5414// 5426// 5428//
f 5402// 5404// 5406//
f 5292// 5294// 5296//
f 5402// 5406// 5400//
f 5400// 5406// 5408//
f 5400// 5408// 5410//
f 5338// 5340// 5348//
f 5360// 5362// 5350//
f 5350// 5362// 5364//
f 5350// 5364// 5348//
f 5306// 5276// 5304//
f 5304// 5276// 5278//
f 5304// 5278// 5290//
f 5290// 5278// 5280//
f 5290// 5280// 5282//
f 5296// 5298// 5292//
f 5292// 5298// 5300//
f 5292// 5300// 5302//
f 5422// 5414// 5420//
f 5420// 5414// 5416//
f 5420// 5416// 5418//
f 5329// 5331// 5364//
f 5364// 5331// 5333//
f 5364// 5333// 5348//
f 5348// 5333// 5336//
f 5348// 5336// 5338//
f 5284// 5286// 5282//
f 5282// 5286// 5288//
f 5282// 5288// 5290//
f 5340// 5342// 5348//
f 5348// 5342// 5344//
f 5348// 5344// 5346//
f 5350// 5352// 5354//
f 5354// 5356// 5350//
f 5350// 5356// 5358//
f 5350// 5358// 5360//
f 5269// 5267// 5316//
f 5386// 5384// 5322//
f 5432// 5320// 5434//
f 5434// 5320// 5318//
f 5434// 5318// 5436//
f 5262// 5442// 5316//
f 5316// 5442// 5440//
f 5316// 5440// 5318//
f 5318// 5440// 5438//
f 5318// 5438// 5436//
f 5267// 5265// 5316//
f 5316// 5265// 5263//
f 5316// 5263// 5262//
f 5322// 5384// 5324//
f 5384// 5382// 5324//
f 5324// 5382// 5379//
f 5324// 5379// 5377//
f 5320// 5390// 5322//
f 5322// 5390// 5388//
f 5322// 5388// 5386//
f 5269// 5316// 5271//
f 5271// 5316// 5314//
f 5271// 5314// 5273//
f 5273// 5314// 5275//
f 5275// 5314// 5312//
f 5275// 5312// 5310//
f 5377// 5375// 5324//
f 5324// 5375// 5373//
f 5324// 5373// 5371//
f 5332// 5330// 5363//
f 5363// 5330// 5328//
f 5363// 5328// 5365//
f 5365// 5328// 5326//
f 5365// 5326// 5367//
f 5367// 5326// 5324//
f 5367// 5324// 5369//
f 5369// 5324// 5371//
f 5397// 5395// 5413//
f 5413// 5395// 5394//
f 5413// 5394// 5320//
f 5320// 5394// 5392//
f 5320// 5392// 5390//
f 5432// 5429// 5320//
f 5320// 5429// 5217//
f 5320// 5217// 5179//
f 5310// 5308// 5275//
f 5275// 5308// 5305//
f 5275// 5305// 5277//
f 5277// 5305// 5303//
f 5361// 5335// 5363//
f 5363// 5335// 5334//
f 5363// 5334// 5332//
f 5299// 5291// 5301//
f 5301// 5291// 5303//
f 5303// 5291// 5277//
f 5277// 5291// 5289//
f 5277// 5289// 5279//
f 5285// 5283// 5281//
f 5357// 5349// 5359//
f 5359// 5349// 5361//
f 5361// 5349// 5335//
f 5335// 5349// 5347//
f 5335// 5347// 5337//
f 5397// 5413// 5399//
f 5399// 5413// 5411//
f 5399// 5411// 5409//
f 5179// 5221// 5320//
f 5320// 5221// 5427//
f 5320// 5427// 5413//
f 5413// 5427// 5425//
f 5413// 5425// 5423//
f 5299// 5297// 5291//
f 5291// 5297// 5295//
f 5291// 5295// 5293//
f 5357// 5355// 5349//
f 5349// 5355// 5353//
f 5349// 5353// 5351//
f 5347// 5345// 5343//
f 5403// 5401// 5405//
f 5405// 5401// 5399//
f 5405// 5399// 5407//
f 5407// 5399// 5409//
f 5423// 5421// 5413//
f 5413// 5421// 5419//
f 5413// 5419// 5415//
f 5415// 5419// 5417//
f 5279// 5289// 5281//
f 5281// 5289// 5287//
f 5281// 5287// 5285//
f 5343// 5341// 5347//
f 5347// 5341// 5339//
f 5347// 5339// 5337//
usemtl 3
f 5443// 5444// 5201//
f 5201// 5444// 5174//
f 5444// 5445// 5174//
f 5174// 5445// 5172//
f 5445// 5446// 5172//
f 5172// 5446// 5216//
f 5446// 5447// 5216//
f 5216// 5447// 5195//
f 5447// 5448// 5195//
f 5195// 5448// 5203//
f 5448// 5443// 5203//
f 5203// 5443// 5201//
f 5447// 5446// 5448//
f 5448// 5446// 5445//
f 5448// 5445// 5443//
f 5443// 5445// 5444//
f 5449// 5450// 5169//
f 5169// 5450// 5170//
f 5170// 5450// 5451//
f 5452// 5215// 5214//
f 5452// 5214// 5453//
f 5453// 5214// 5212//
f 5453// 5212// 5451//
f 5451// 5212// 5211//
f 5451// 5211// 5170//
f 5454// 5207// 5206//
f 5454// 5206// 5455//
f 5455// 5206// 5202//
f 5455// 5202// 5456//
f 5456// 5202// 5200//
f 5456// 5200// 5457//
f 5457// 5200// 5199//
f 5457// 5199// 5458//
f 5458// 5199// 5176//
f 5458// 5176// 5459//
f 5459// 5176// 5175//
f 5459// 5175// 5460//
f 5460// 5175// 5452//
f 5452// 5175// 5173//
f 5452// 5173// 5215//
f 5461// 5209// 5205//
f 5461// 5205// 5462//
f 5462// 5205// 5204//
f 5462// 5204// 5463//
f 5463// 5204// 5196//
f 5463// 5196// 5464//
f 5464// 5196// 5194//
f 5464// 5194// 5465//
f 5465// 5194// 5193//
f 5465// 5193// 5466//
f 5466// 5193// 5208//
f 5466// 5208// 5467//
f 5467// 5208// 5207//
f 5467// 5207// 5454//
f 5468// 5180// 5210//
f 5468// 5210// 5469//
f 5469// 5210// 5209//
f 5469// 5209// 5461//
f 5468// 5470// 5180//
f 5180// 5470// 5178//
f 5471// 5166// 5177//
f 5471// 5177// 5472//
f 5472// 5177// 5178//
f 5472// 5178// 5470//
f 5473// 5184// 5198//
f 5473// 5198// 5474//
f 5474// 5198// 5197//
f 5474// 5197// 5475//
f 5475// 5197// 5183//
f 5475// 5183// 5476//
f 5476// 5183// 5182//
f 5476// 5182// 5477//
f 5477// 5182// 5181//
f 5477// 5181// 5478//
f 5478// 5181// 5167//
f 5478// 5167// 5479//
f 5479// 5167// 5166//
f 5479// 5166// 5471//
f 5480// 5188// 5187//
f 5480// 5187// 5481//
f 5481// 5187// 5189//
f 5481// 5189// 5482//
f 5482// 5189// 5190//
f 5482// 5190// 5483//
f 5483// 5190// 5191//
f 5483// 5191// 5484//
f 5484// 5191// 5186//
f 5484// 5186// 5485//
f 5485// 5186// 5185//
f 5485// 5185// 5486//
f 5486// 5185// 5184//
f 5486// 5184// 5473//
f 5449// 5169// 5168//
f 5449// 5168// 5487//
f 5487// 5168// 5192//
f 5487// 5192// 5488//
f 5488// 5192// 5188//
f 5488// 5188// 5480//
f 5481// 5452// 5480//
f 5480// 5452// 5453//
f 5480// 5453// 5488//
f 5488// 5453// 5451//
f 5488// 5451// 5487//
f 5487// 5451// 5450//
f 5487// 5450// 5449//
f 5470// 5468// 5472//
f 5472// 5468// 5469//
f 5472// 5469// 5471//
f 5471// 5469// 5461//
f 5471// 5461// 5479//
f 5479// 5461// 5462//
f 5479// 5462// 5478//
f 5478// 5462// 5463//
f 5478// 5463// 5477//
f 5477// 5463// 5464//
f 5477// 5464// 5476//
f 5476// 5464// 5465//
f 5476// 5465// 5475//
f 5475// 5465// 5466//
f 5475// 5466// 5474//
f 5474// 5466// 5467//
f 5474// 5467// 5473//
f 5473// 5467// 5454//
f 5473// 5454// 5486//
f 5486// 5454// 5455//
f 5486// 5455// 5485//
f 5485// 5455// 5456//
f 5485// 5456// 5484//
f 5484// 5456// 5457//
f 5484// 5457// 5483//
f 5483// 5457// 5458//
f 5483// 5458// 5482//
f 5482// 5458// 5459//
f 5482// 5459// 5481//
f 5481// 5459// 5460//
f 5481// 5460// 5452//
f 5489// 5490// 5253//
f 5253// 5490// 5254//
f 5490// 5491// 5254//
f 5254// 5491// 5255//
f 5491// 5492// 5255//
f 5255// 5492// 5222//
f 5492// 5493// 5222//
f 5222// 5493// 5220//
f 5493// 5494// 5220//
f 5220// 5494// 5228//
f 5494// 5495// 5228//
f 5228// 5495// 5226//
f 5495// 5496// 5226//
f 5226// 5496// 5227//
f 5496// 5497// 5227//
f 5227// 5497// 5229//
f 5497// 5498// 5229//
f 5229// 5498// 5230//
f 5498// 5499// 5230//
f 5230// 5499// 5251//
f 5499// 5500// 5251//
f 5251// 5500// 5252//
f 5500// 5489// 5252//
f 5252// 5489// 5253//
f 5491// 5490// 5489//
f 5489// 5500// 5491//
f 5491// 5500// 5499//
f 5491// 5499// 5492//
f 5494// 5493// 5495//
f 5495// 5493// 5492//
f 5495// 5492// 5496//
f 5496// 5492// 5499//
f 5496// 5499// 5497//
f 5497// 5499// 5498//
f 5501// 5502// 5250//
f 5250// 5502// 5231//
f 5502// 5503// 5231//
f 5231// 5503// 5232//
f 5503// 5504// 5232//
f 5232// 5504// 5246//
f 5505// 5248// 5247//
f 5505// 5247// 5506//
f 5506// 5247// 5245//
f 5506// 5245// 5507//
f 5507// 5245// 5244//
f 5507// 5244// 5508//
f 5508// 5244// 5243//
f 5508// 5243// 5509//
f 5509// 5243// 5239//
f 5509// 5239// 5510//
f 5510// 5239// 5237//
f 5510// 5237// 5511//
f 5511// 5237// 5236//
f 5511// 5236// 5512//
f 5512// 5236// 5246//
f 5512// 5246// 5504//
f 5501// 5250// 5235//
f 5501// 5235// 5513//
f 5513// 5235// 5234//
f 5513// 5234// 5514//
f 5514// 5234// 5233//
f 5514// 5233// 5515//
f 5515// 5233// 5225//
f 5515// 5225// 5516//
f 5516// 5225// 5224//
f 5516// 5224// 5517//
f 5517// 5224// 5249//
f 5517// 5249// 5518//
f 5518// 5249// 5248//
f 5518// 5248// 5505//
f 5507// 5508// 5519//
f 5519// 5508// 5509//
f 5519// 5509// 5520//
f 5520// 5509// 5510//
f 5520// 5510// 5521//
f 5521// 5510// 5511//
f 5521// 5511// 5522//
f 5522// 5511// 5512//
f 5522// 5512// 5523//
f 5523// 5512// 5504//
f 5523// 5504// 5524//
f 5524// 5504// 5503//
f 5524// 5503// 5525//
f 5525// 5503// 5502//
f 5525// 5502// 5526//
f 5526// 5502// 5501//
f 5526// 5501// 5527//
f 5527// 5501// 5513//
f 5527// 5513// 5528//
f 5528// 5513// 5514//
f 5528// 5514// 5529//
f 5529// 5514// 5515//
f 5529// 5515// 5530//
f 5530// 5515// 5516//
f 5530// 5516// 5531//
f 5531// 5516// 5517//
f 5531// 5517// 5532//
f 5532// 5517// 5518//
f 5532// 5518// 5533//
f 5533// 5518// 5505//
f 5533// 5505// 5534//
f 5534// 5505// 5506//
f 5534// 5506// 5535//
f 5535// 5506// 5507//
f 5535// 5507// 5519//
f 5523// 5524// 5536//
f 5536// 5524// 5537//
f 5523// 5536// 5538//
f 5523// 5538// 5522//
f 5522// 5538// 5539//
f 5522// 5539// 5521//
f 5521// 5539// 5540//
f 5521// 5540// 5520//
f 5520// 5540// 5541//
f 5520// 5541// 5519//
f 5519// 5541// 5542//
f 5519// 5542// 5535//
f 5535// 5542// 5543//
f 5535// 5543// 5534//
f 5534// 5543// 5544//
f 5534// 5544// 5533//
f 5533// 5544// 5545//
f 5533// 5545// 5532//
f 5532// 5545// 5546//
f 5532// 5546// 5531//
f 5531// 5546// 5547//
f 5531// 5547// 5530//
f 5530// 5547// 5548//
f 5530// 5548// 5529//
f 5529// 5548// 5549//
f 5529// 5549// 5528//
f 5528// 5549// 5550//
f 5528// 5550// 5527//
f 5527// 5550// 5551//
f 5527// 5551// 5526//
f 5525// 5526// 5552//
f 5552// 5526// 5551//
f 5524// 5525// 5537//
f 5537// 5525// 5552//
usemtl 2
f 5537// 5552// 5536//
f 5536// 5552// 5551//
f 5536// 5551// 5550//
f 5544// 5543// 5536//
f 5536// 5543// 5542//
f 5536// 5542// 5538//
f 5550// 5549// 5536//
f 5536// 5549// 5548//
f 5536// 5548// 5547//
f 5547// 5546// 5536//
f 5536// 5546// 5545//
f 5536// 5545// 5544//
f 5541// 5540// 5542//
f 5542// 5540// 5539//
f 5542// 5539// 5538//
usemtl 3
f 5553// 5554// 5242//
f 5242// 5554// 5240//
f 5554// 5555// 5240//
f 5240// 5555// 5258//
f 5555// 5556// 5258//
f 5258// 5556// 5256//
f 5556// 5557// 5256//
f 5256// 5557// 5257//
f 5557// 5558// 5257//
f 5257// 5558// 5259//
f 5558// 5559// 5259//
f 5259// 5559// 5223//
f 5559// 5560// 5223//
f 5223// 5560// 5238//
f 5560// 5553// 5238//
f 5238// 5553// 5242//
f 5561// 5557// 5562//
f 5562// 5557// 5556//
f 5563// 5560// 5561//
f 5561// 5560// 5559//
f 5561// 5559// 5557//
f 5557// 5559// 5558//
f 5563// 5564// 5560//
f 5560// 5564// 5565//
f 5560// 5565// 5553//
f 5553// 5565// 5566//
f 5553// 5566// 5567//
f 5567// 5568// 5553//
f 5553// 5568// 5562//
f 5553// 5562// 5554//
f 5554// 5562// 5556//
f 5554// 5556// 5555//
f 5561// 5562// 5569//
f 5569// 5562// 5570//
f 5563// 5561// 5571//
f 5571// 5561// 5569//
f 5563// 5571// 5572//
f 5563// 5572// 5564//
f 5564// 5572// 5573//
f 5564// 5573// 5565//
f 5566// 5565// 5574//
f 5574// 5565// 5573//
f 5566// 5574// 5575//
f 5566// 5575// 5567//
f 5567// 5575// 5576//
f 5567// 5576// 5568//
f 5562// 5568// 5570//
f 5570// 5568// 5576//
usemtl 2
f 5569// 5570// 5571//
f 5571// 5570// 5576//
f 5571// 5576// 5572//
f 5572// 5576// 5575//
f 5572// 5575// 5573//
f 5573// 5575// 5574//
f 5577// 5578// 5579//
f 5580// 5581// 5582//
f 5583// 5584// 5585//
f 5585// 5584// 5586//
f 5585// 5586// 5587//
f 5577// 5579// 5588//
f 5588// 5579// 5580//
f 5588// 5580// 5589//
f 5589// 5580// 5590//
f 5589// 5590// 5591//
f 5578// 5592// 5579//
f 5579// 5592// 5593//
f 5579// 5593// 5594//
f 5595// 5596// 5579//
f 5579// 5596// 5597//
f 5598// 5599// 5600//
f 5600// 5599// 5601//
f 5597// 5602// 5579//
f 5579// 5602// 5601//
f 5579// 5601// 5603//
f 5603// 5601// 5599//
f 5604// 5605// 5606//
f 5606// 5605// 5607//
f 5594// 5608// 5579//
f 5579// 5608// 5609//
f 5579// 5609// 5595//
f 5587// 5610// 5585//
f 5585// 5610// 5611//
f 5585// 5611// 5612//
f 5612// 5611// 5613//
f 5612// 5613// 5614//
f 5615// 5616// 5590//
f 5613// 5617// 5614//
f 5614// 5617// 5618//
f 5614// 5618// 5606//
f 5606// 5618// 5619//
f 5606// 5619// 5604//
f 5616// 5620// 5590//
f 5590// 5620// 5621//
f 5590// 5621// 5591//
f 5581// 5622// 5582//
f 5582// 5622// 5623//
f 5582// 5623// 5624//
f 5623// 5625// 5624//
f 5624// 5625// 5626//
f 5624// 5626// 5584//
f 5607// 5615// 5606//
f 5606// 5615// 5590//
f 5606// 5590// 5627//
f 5627// 5590// 5628//
f 5627// 5628// 5583//
f 5583// 5628// 5629//
f 5583// 5629// 5584//
f 5584// 5629// 5630//
f 5584// 5630// 5624//
f 5631// 5632// 5590//
f 5580// 5582// 5590//
f 5590// 5582// 5633//
f 5590// 5633// 5631//
f 5634// 5635// 5636//
f 5637// 5638// 5639//
f 5639// 5638// 5640//
f 5641// 5642// 5640//
f 5640// 5642// 5643//
f 5640// 5643// 5639//
f 5636// 5644// 5634//
f 5634// 5644// 5645//
f 5634// 5645// 5646//
f 5647// 5648// 5649//
f 5649// 5648// 5650//
f 5651// 5652// 5653//
f 5653// 5652// 5632//
f 5653// 5632// 5649//
f 5650// 5654// 5649//
f 5649// 5654// 5655//
f 5649// 5655// 5656//
f 5647// 5649// 5657//
f 5657// 5649// 5632//
f 5657// 5632// 5643//
f 5643// 5632// 5631//
f 5643// 5631// 5639//
f 5656// 5658// 5649//
f 5649// 5658// 5659//
f 5649// 5659// 5634//
f 5634// 5659// 5660//
f 5634// 5660// 5635//
f 5582// 5661// 5642//
f 5662// 5663// 5641//
f 5641// 5663// 5664//
f 5641// 5664// 5642//
f 5642// 5664// 5665//
f 5642// 5665// 5582//
f 5582// 5665// 5666//
f 5582// 5666// 5633//
f 5667// 5668// 5669//
f 5669// 5668// 5670//
f 5669// 5670// 5582//
f 5582// 5670// 5634//
f 5582// 5634// 5661//
f 5661// 5634// 5646//
f 5651// 5669// 5652//
f 5652// 5669// 5582//
f 5652// 5582// 5671//
f 5671// 5582// 5624//
f 5672// 5673// 5674//
f 5672// 5674// 5675//
f 5675// 5674// 5676//
f 5675// 5676// 5677//
f 5677// 5676// 5678//
f 5677// 5678// 5679//
f 5679// 5678// 5680//
f 5679// 5680// 5681//
f 5681// 5680// 5682//
f 5681// 5682// 5683//
f 5683// 5682// 5684//
f 5683// 5684// 5685//
f 5685// 5684// 5686//
f 5685// 5686// 5687//
f 5688// 5689// 5686//
f 5686// 5689// 5687//
f 5689// 5688// 5690//
f 5689// 5690// 5691//
f 5691// 5690// 5692//
f 5691// 5692// 5693//
f 5693// 5692// 5694//
f 5693// 5694// 5695//
f 5695// 5694// 5696//
f 5695// 5696// 5697//
f 5697// 5696// 5698//
f 5697// 5698// 5699//
f 5699// 5698// 5700//
f 5699// 5700// 5701//
f 5702// 5703// 5700//
f 5700// 5703// 5701//
f 5703// 5702// 5704//
f 5703// 5704// 5705//
f 5705// 5704// 5706//
f 5705// 5706// 5707//
f 5707// 5706// 5708//
f 5707// 5708// 5709//
f 5709// 5708// 5710//
f 5709// 5710// 5711//
f 5711// 5710// 5712//
f 5711// 5712// 5713//
f 5713// 5712// 5714//
f 5713// 5714// 5715//
f 5716// 5717// 5714//
f 5714// 5717// 5715//
f 5717// 5716// 5718//
f 5718// 5716// 5719//
f 5718// 5719// 5720//
f 5720// 5719// 5721//
f 5720// 5721// 5722//
f 5722// 5721// 5723//
f 5722// 5723// 5724//
f 5724// 5723// 5725//
f 5724// 5725// 5726//
f 5726// 5725// 5727//
f 5726// 5727// 5728//
f 5728// 5727// 5729//
f 5728// 5729// 5730//
f 5730// 5729// 5731//
f 5730// 5731// 5732//
f 5732// 5731// 5733//
f 5732// 5733// 5734//
f 5734// 5733// 5735//
f 5734// 5735// 5736//
f 5736// 5735// 5737//
f 5736// 5737// 5738//
f 5738// 5737// 5739//
f 5738// 5739// 5740//
f 5740// 5739// 5741//
f 5740// 5741// 5742//
f 5742// 5741// 5743//
f 5742// 5743// 5744//
f 5744// 5743// 5745//
f 5746// 5747// 5745//
f 5745// 5747// 5744//
f 5747// 5746// 5748//
f 5747// 5748// 5749//
f 5749// 5748// 5750//
f 5749// 5750// 5751//
f 5751// 5750// 5752//
f 5751// 5752// 5753//
f 5753// 5752// 5754//
f 5753// 5754// 5755//
f 5755// 5754// 5756//
f 5755// 5756// 5757//
f 5757// 5756// 5758//
f 5757// 5758// 5759//
f 5760// 5761// 5758//
f 5758// 5761// 5759//
f 5761// 5760// 5762//
f 5761// 5762// 5763//
f 5763// 5762// 5764//
f 5763// 5764// 5765//
f 5765// 5764// 5766//
f 5765// 5766// 5767//
f 5767// 5766// 5768//
f 5767// 5768// 5769//
f 5769// 5768// 5770//
f 5769// 5770// 5771//
f 5771// 5770// 5772//
f 5771// 5772// 5773//
f 5774// 5775// 5772//
f 5772// 5775// 5773//
f 5775// 5774// 5776//
f 5775// 5776// 5777//
f 5777// 5776// 5778//
f 5777// 5778// 5779//
f 5779// 5778// 5780//
f 5779// 5780// 5781//
f 5781// 5780// 5782//
f 5781// 5782// 5783//
f 5783// 5782// 5784//
f 5783// 5784// 5785//
f 5785// 5784// 5786//
f 5785// 5786// 5787//
f 5787// 5786// 5788//
f 5787// 5788// 5789//
f 5790// 5791// 5788//
f 5788// 5791// 5789//
f 5791// 5790// 5792//
f 5792// 5790// 5793//
f 5792// 5793// 5794//
f 5794// 5793// 5795//
f 5794// 5795// 5796//
f 5796// 5795// 5797//
f 5796// 5797// 5798//
f 5798// 5797// 5799//
f 5798// 5799// 5800//
f 5800// 5799// 5801//
f 5800// 5801// 5802//
f 5802// 5801// 5803//
f 5802// 5803// 5804//
f 5804// 5803// 5805//
f 5806// 5807// 5805//
f 5805// 5807// 5804//
f 5806// 5808// 5807//
f 5807// 5808// 5809//
f 5810// 5811// 5808//
f 5808// 5811// 5809//
f 5811// 5810// 5812//
f 5811// 5812// 5813//
f 5813// 5812// 5814//
f 5813// 5814// 5815//
f 5815// 5814// 5816//
f 5815// 5816// 5817//
f 5817// 5816// 5818//
f 5817// 5818// 5819//
f 5819// 5818// 5820//
f 5819// 5820// 5821//
f 5821// 5820// 5822//
f 5821// 5822// 5823//
f 5824// 5825// 5822//
f 5822// 5825// 5823//
f 5825// 5824// 5826//
f 5825// 5826// 5827//
f 5827// 5826// 5828//
f 5827// 5828// 5829//
f 5829// 5828// 5830//
f 5829// 5830// 5831//
f 5831// 5830// 5832//
f 5831// 5832// 5833//
f 5833// 5832// 5834//
f 5833// 5834// 5835//
f 5835// 5834// 5836//
f 5835// 5836// 5837//
f 5838// 5839// 5836//
f 5836// 5839// 5837//
f 5671// 5839// 5652//
f 5652// 5839// 5838//
f 5652// 5838// 5632//
f 5629// 5628// 5840//
f 5630// 5629// 5841//
f 5841// 5629// 5840//
f 5841// 5840// 5842//
f 5842// 5840// 5843//
f 5842// 5843// 5844//
f 5844// 5843// 5845//
f 5844// 5845// 5846//
f 5846// 5845// 5847//
f 5846// 5847// 5848//
f 5848// 5847// 5849//
f 5848// 5849// 5850//
f 5850// 5849// 5851//
f 5850// 5851// 5852//
f 5852// 5851// 5853//
f 5673// 5672// 5853//
f 5853// 5672// 5852//
f 5677// 5679// 5726//
f 5844// 5846// 5728//
f 5728// 5846// 5848//
f 5728// 5848// 5726//
f 5726// 5848// 5850//
f 5726// 5850// 5852//
f 5852// 5672// 5726//
f 5726// 5672// 5675//
f 5726// 5675// 5677//
f 5844// 5728// 5842//
f 5842// 5728// 5730//
f 5842// 5730// 5841//
f 5717// 5718// 5687//
f 5800// 5730// 5798//
f 5798// 5730// 5732//
f 5798// 5732// 5796//
f 5718// 5720// 5687//
f 5687// 5720// 5722//
f 5687// 5722// 5685//
f 5685// 5722// 5724//
f 5685// 5724// 5683//
f 5683// 5724// 5726//
f 5683// 5726// 5681//
f 5681// 5726// 5679//
f 5839// 5671// 5825//
f 5825// 5671// 5624//
f 5825// 5624// 5730//
f 5730// 5624// 5630//
f 5730// 5630// 5841//
f 5789// 5791// 5734//
f 5734// 5791// 5792//
f 5734// 5792// 5732//
f 5732// 5792// 5794//
f 5732// 5794// 5796//
f 5736// 5777// 5779//
f 5736// 5779// 5734//
f 5734// 5779// 5781//
f 5734// 5781// 5783//
f 5713// 5715// 5703//
f 5807// 5825// 5804//
f 5804// 5825// 5730//
f 5804// 5730// 5802//
f 5802// 5730// 5800//
f 5807// 5809// 5825//
f 5825// 5809// 5811//
f 5825// 5811// 5823//
f 5823// 5811// 5821//
f 5783// 5785// 5734//
f 5734// 5785// 5787//
f 5734// 5787// 5789//
f 5777// 5736// 5775//
f 5775// 5736// 5738//
f 5775// 5738// 5740//
f 5703// 5715// 5701//
f 5833// 5835// 5825//
f 5825// 5835// 5837//
f 5825// 5837// 5839//
f 5813// 5815// 5817//
f 5703// 5705// 5707//
f 5813// 5817// 5811//
f 5811// 5817// 5819//
f 5811// 5819// 5821//
f 5749// 5751// 5759//
f 5771// 5773// 5761//
f 5761// 5773// 5775//
f 5761// 5775// 5759//
f 5717// 5687// 5715//
f 5715// 5687// 5689//
f 5715// 5689// 5701//
f 5701// 5689// 5691//
f 5701// 5691// 5693//
f 5707// 5709// 5703//
f 5703// 5709// 5711//
f 5703// 5711// 5713//
f 5833// 5825// 5831//
f 5831// 5825// 5827//
f 5831// 5827// 5829//
f 5740// 5742// 5775//
f 5775// 5742// 5744//
f 5775// 5744// 5759//
f 5759// 5744// 5747//
f 5759// 5747// 5749//
f 5695// 5697// 5693//
f 5693// 5697// 5699//
f 5693// 5699// 5701//
f 5751// 5753// 5759//
f 5759// 5753// 5755//
f 5759// 5755// 5757//
f 5761// 5763// 5765//
f 5765// 5767// 5761//
f 5761// 5767// 5769//
f 5761// 5769// 5771//
f 5680// 5678// 5727//
f 5797// 5795// 5733//
f 5843// 5731// 5845//
f 5845// 5731// 5729//
f 5845// 5729// 5847//
f 5673// 5853// 5727//
f 5727// 5853// 5851//
f 5727// 5851// 5729//
f 5729// 5851// 5849//
f 5729// 5849// 5847//
f 5678// 5676// 5727//
f 5727// 5676// 5674//
f 5727// 5674// 5673//
f 5733// 5795// 5735//
f 5795// 5793// 5735//
f 5735// 5793// 5790//
f 5735// 5790// 5788//
f 5731// 5801// 5733//
f 5733// 5801// 5799//
f 5733// 5799// 5797//
f 5680// 5727// 5682//
f 5682// 5727// 5725//
f 5682// 5725// 5684//
f 5684// 5725// 5686//
f 5686// 5725// 5723//
f 5686// 5723// 5721//
f 5788// 5786// 5735//
f 5735// 5786// 5784//
f 5735// 5784// 5782//
f 5743// 5741// 5774//
f 5774// 5741// 5739//
f 5774// 5739// 5776//
f 5776// 5739// 5737//
f 5776// 5737// 5778//
f 5778// 5737// 5735//
f 5778// 5735// 5780//
f 5780// 5735// 5782//
f 5808// 5806// 5824//
f 5824// 5806// 5805//
f 5824// 5805// 5731//
f 5731// 5805// 5803//
f 5731// 5803// 5801//
f 5843// 5840// 5731//
f 5731// 5840// 5628//
f 5731// 5628// 5590//
f 5721// 5719// 5686//
f 5686// 5719// 5716//
f 5686// 5716// 5688//
f 5688// 5716// 5714//
f 5772// 5746// 5774//
f 5774// 5746// 5745//
f 5774// 5745// 5743//
f 5710// 5702// 5712//
f 5712// 5702// 5714//
f 5714// 5702// 5688//
f 5688// 5702// 5700//
f 5688// 5700// 5690//
f 5696// 5694// 5692//
f 5768// 5760// 5770//
f 5770// 5760// 5772//
f 5772// 5760// 5746//
f 5746// 5760// 5758//
f 5746// 5758// 5748//
f 5808// 5824// 5810//
f 5810// 5824// 5822//
f 5810// 5822// 5820//
f 5590// 5632// 5731//
f 5731// 5632// 5838//
f 5731// 5838// 5824//
f 5824// 5838// 5836//
f 5824// 5836// 5834//
f 5710// 5708// 5702//
f 5702// 5708// 5706//
f 5702// 5706// 5704//
f 5768// 5766// 5760//
f 5760// 5766// 5764//
f 5760// 5764// 5762//
f 5758// 5756// 5754//
f 5814// 5812// 5816//
f 5816// 5812// 5810//
f 5816// 5810// 5818//
f 5818// 5810// 5820//
f 5834// 5832// 5824//
f 5824// 5832// 5830//
f 5824// 5830// 5826//
f 5826// 5830// 5828//
f 5690// 5700// 5692//
f 5692// 5700// 5698//
f 5692// 5698// 5696//
f 5754// 5752// 5758//
f 5758// 5752// 5750//
f 5758// 5750// 5748//
usemtl 3
f 5854// 5855// 5612//
f 5612// 5855// 5585//
f 5855// 5856// 5585//
f 5585// 5856// 5583//
f 5856// 5857// 5583//
f 5583// 5857// 5627//
f 5857// 5858// 5627//
f 5627// 5858// 5606//
f 5858// 5859// 5606//
f 5606// 5859// 5614//
f 5859// 5854// 5614//
f 5614// 5854// 5612//
f 5858// 5857// 5859//
f 5859// 5857// 5856//
f 5859// 5856// 5854//
f 5854// 5856// 5855//
f 5860// 5861// 5580//
f 5580// 5861// 5581//
f 5581// 5861// 5862//
f 5863// 5626// 5625//
f 5863// 5625// 5864//
f 5864// 5625// 5623//
f 5864// 5623// 5862//
f 5862// 5623// 5622//
f 5862// 5622// 5581//
f 5865// 5618// 5617//
f 5865// 5617// 5866//
f 5866// 5617// 5613//
f 5866// 5613// 5867//
f 5867// 5613// 5611//
f 5867// 5611// 5868//
f 5868// 5611// 5610//
f 5868// 5610// 5869//
f 5869// 5610// 5587//
f 5869// 5587// 5870//
f 5870// 5587// 5586//
f 5870// 5586// 5871//
f 5871// 5586// 5863//
f 5863// 5586// 5584//
f 5863// 5584// 5626//
f 5872// 5620// 5616//
f 5872// 5616// 5873//
f 5873// 5616// 5615//
f 5873// 5615// 5874//
f 5874// 5615// 5607//
f 5874// 5607// 5875//
f 5875// 5607// 5605//
f 5875// 5605// 5876//
f 5876// 5605// 5604//
f 5876// 5604// 5877//
f 5877// 5604// 5619//
f 5877// 5619// 5878//
f 5878// 5619// 5618//
f 5878// 5618// 5865//
f 5879// 5591// 5621//
f 5879// 5621// 5880//
f 5880// 5621// 5620//
f 5880// 5620// 5872//
f 5879// 5881// 5591//
f 5591// 5881// 5589//
f 5882// 5577// 5588//
f 5882// 5588// 5883//
f 5883// 5588// 5589//
f 5883// 5589// 5881//
f 5884// 5595// 5609//
f 5884// 5609// 5885//
f 5885// 5609// 5608//
f 5885// 5608// 5886//
f 5886// 5608// 5594//
f 5886// 5594// 5887//
f 5887// 5594// 5593//
f 5887// 5593// 5888//
f 5888// 5593// 5592//
f 5888// 5592// 5889//
f 5889// 5592// 5578//
f 5889// 5578// 5890//
f 5890// 5578// 5577//
f 5890// 5577// 5882//
f 5891// 5599// 5598//
f 5891// 5598// 5892//
f 5892// 5598// 5600//
f 5892// 5600// 5893//
f 5893// 5600// 5601//
f 5893// 5601// 5894//
f 5894// 5601// 5602//
f 5894// 5602// 5895//
f 5895// 5602// 5597//
f 5895// 5597// 5896//
f 5896// 5597// 5596//
f 5896// 5596// 5897//
f 5897// 5596// 5595//
f 5897// 5595// 5884//
f 5860// 5580// 5579//
f 5860// 5579// 5898//
f 5898// 5579// 5603//
f 5898// 5603// 5899//
f 5899// 5603// 5599//
f 5899// 5599// 5891//
f 5892// 5863// 5891//
f 5891// 5863// 5864//
f 5891// 5864// 5899//
f 5899// 5864// 5862//
f 5899// 5862// 5898//
f 5898// 5862// 5861//
f 5898// 5861// 5860//
f 5881// 5879// 5883//
f 5883// 5879// 5880//
f 5883// 5880// 5882//
f 5882// 5880// 5872//
f 5882// 5872// 5890//
f 5890// 5872// 5873//
f 5890// 5873// 5889//
f 5889// 5873// 5874//
f 5889// 5874// 5888//
f 5888// 5874// 5875//
f 5888// 5875// 5887//
f 5887// 5875// 5876//
f 5887// 5876// 5886//
f 5886// 5876// 5877//
f 5886// 5877// 5885//
f 5885// 5877// 5878//
f 5885// 5878// 5884//
f 5884// 5878// 5865//
f 5884// 5865// 5897//
f 5897// 5865// 5866//
f 5897// 5866// 5896//
f 5896// 5866// 5867//
f 5896// 5867// 5895//
f 5895// 5867// 5868//
f 5895// 5868// 5894//
f 5894// 5868// 5869//
f 5894// 5869// 5893//
f 5893// 5869// 5870//
f 5893// 5870// 5892//
f 5892// 5870// 5871//
f 5892// 5871// 5863//
f 5900// 5901// 5664//
f 5664// 5901// 5665//
f 5901// 5902// 5665//
f 5665// 5902// 5666//
f 5902// 5903// 5666//
f 5666// 5903// 5633//
f 5903// 5904// 5633//
f 5633// 5904// 5631//
f 5904// 5905// 5631//
f 5631// 5905// 5639//
f 5905// 5906// 5639//
f 5639// 5906// 5637//
f 5906// 5907// 5637//
f 5637// 5907// 5638//
f 5907// 5908// 5638//
f 5638// 5908// 5640//
f 5908// 5909// 5640//
f 5640// 5909// 5641//
f 5909// 5910// 5641//
f 5641// 5910// 5662//
f 5910// 5911// 5662//
f 5662// 5911// 5663//
f 5911// 5900// 5663//
f 5663// 5900// 5664//
f 5902// 5901// 5900//
f 5900// 5911// 5902//
f 5902// 5911// 5910//
f 5902// 5910// 5903//
f 5905// 5904// 5906//
f 5906// 5904// 5903//
f 5906// 5903// 5907//
f 5907// 5903// 5910//
f 5907// 5910// 5908//
f 5908// 5910// 5909//
f 5912// 5913// 5661//
f 5661// 5913// 5642//
f 5913// 5914// 5642//
f 5642// 5914// 5643//
f 5914// 5915// 5643//
f 5643// 5915// 5657//
f 5916// 5659// 5658//
f 5916// 5658// 5917//
f 5917// 5658// 5656//
f 5917// 5656// 5918//
f 5918// 5656// 5655//
f 5918// 5655// 5919//
f 5919// 5655// 5654//
f 5919// 5654// 5920//
f 5920// 5654// 5650//
f 5920// 5650// 5921//
f 5921// 5650// 5648//
f 5921// 5648// 5922//
f 5922// 5648// 5647//
f 5922// 5647// 5923//
f 5923// 5647// 5657//
f 5923// 5657// 5915//
f 5912// 5661// 5646//
f 5912// 5646// 5924//
f 5924// 5646// 5645//
f 5924// 5645// 5925//
f 5925// 5645// 5644//
f 5925// 5644// 5926//
f 5926// 5644// 5636//
f 5926// 5636// 5927//
f 5927// 5636// 5635//
f 5927// 5635// 5928//
f 5928// 5635// 5660//
f 5928// 5660// 5929//
f 5929// 5660// 5659//
f 5929// 5659// 5916//
f 5918// 5919// 5930//
f 5930// 5919// 5920//
f 5930// 5920// 5931//
f 5931// 5920// 5921//
f 5931// 5921// 5932//
f 5932// 5921// 5922//
f 5932// 5922// 5933//
f 5933// 5922// 5923//
f 5933// 5923// 5934//
f 5934// 5923// 5915//
f 5934// 5915// 5935//
f 5935// 5915// 5914//
f 5935// 5914// 5936//
f 5936// 5914// 5913//
f 5936// 5913// 5937//
f 5937// 5913// 5912//
f 5937// 5912// 5938//
f 5938// 5912// 5924//
f 5938// 5924// 5939//
f 5939// 5924// 5925//
f 5939// 5925// 5940//
f 5940// 5925// 5926//
f 5940// 5926// 5941//
f 5941// 5926// 5927//
f 5941// 5927// 5942//
f 5942// 5927// 5928//
f 5942// 5928// 5943//
f 5943// 5928// 5929//
f 5943// 5929// 5944//
f 5944// 5929// 5916//
f 5944// 5916// 5945//
f 5945// 5916// 5917//
f 5945// 5917// 5946//
f 5946// 5917// 5918//
f 5946// 5918// 5930//
f 5934// 5935// 5947//
f 5947// 5935// 5948//
f 5934// 5947// 5949//
f 5934// 5949// 5933//
f 5933// 5949// 5950//
f 5933// 5950// 5932//
f 5932// 5950// 5951//
f 5932// 5951// 5931//
f 5931// 5951// 5952//
f 5931// 5952// 5930//
f 5930// 5952// 5953//
f 5930// 5953// 5946//
f 5946// 5953// 5954//
f 5946// 5954// 5945//
f 5945// 5954// 5955//
f 5945// 5955// 5944//
f 5944// 5955// 5956//
f 5944// 5956// 5943//
f 5943// 5956// 5957//
f 5943// 5957// 5942//
f 5942// 5957// 5958//
f 5942// 5958// 5941//
f 5941// 5958// 5959//
f 5941// 5959// 5940//
f 5940// 5959// 5960//
f 5940// 5960// 5939//
f 5939// 5960// 5961//
f 5939// 5961// 5938//
f 5938// 5961// 5962//
f 5938// 5962// 5937//
f 5936// 5937// 5963//
f 5963// 5937// 5962//
f 5935// 5936// 5948//
f 5948// 5936// 5963//
usemtl 2
f 5948// 5963// 5947//
f 5947// 5963// 5962//
f 5947// 5962// 5961//
f 5955// 5954// 5947//
f 5947// 5954// 5953//
f 5947// 5953// 5949//
f 5961// 5960// 5947//
f 5947// 5960// 5959//
f 5947// 5959// 5958//
f 5958// 5957// 5947//
f 5947// 5957// 5956//
f 5947// 5956// 5955//
f 5952// 5951// 5953//
f 5953// 5951// 5950//
f 5953// 5950// 5949//
usemtl 3
f 5964// 5965// 5653//
f 5653// 5965// 5651//
f 5965// 5966// 5651//
f 5651// 5966// 5669//
f 5966// 5967// 5669//
f 5669// 5967// 5667//
f 5967// 5968// 5667//
f 5667// 5968// 5668//
f 5968// 5969// 5668//
f 5668// 5969// 5670//
f 5969// 5970// 5670//
f 5670// 5970// 5634//
f 5970// 5971// 5634//
f 5634// 5971// 5649//
f 5971// 5964// 5649//
f 5649// 5964// 5653//
f 5972// 5968// 5973//
f 5973// 5968// 5967//
f 5974// 5971// 5972//
f 5972// 5971// 5970//
f 5972// 5970// 5968//
f 5968// 5970// 5969//
f 5974// 5975// 5971//
f 5971// 5975// 5976//
f 5971// 5976// 5964//
f 5964// 5976// 5977//
f 5964// 5977// 5978//
f 5978// 5979// 5964//
f 5964// 5979// 5973//
f 5964// 5973// 5965//
f 5965// 5973// 5967//
f 5965// 5967// 5966//
f 5972// 5973// 5980//
f 5980// 5973// 5981//
f 5974// 5972// 5982//
f 5982// 5972// 5980//
f 5974// 5982// 5983//
f 5974// 5983// 5975//
f 5975// 5983// 5984//
f 5975// 5984// 5976//
f 5977// 5976// 5985//
f 5985// 5976// 5984//
f 5977// 5985// 5986//
f 5977// 5986// 5978//
f 5978// 5986// 5987//
f 5978// 5987// 5979//
f 5973// 5979// 5981//
f 5981// 5979// 5987//
usemtl 2
f 5980// 5981// 5982//
f 5982// 5981// 5987//
f 5982// 5987// 5983//
f 5983// 5987// 5986//
f 5983// 5986// 5984//
f 5984// 5986// 5985//
f 5988// 5989// 5990//
f 5991// 5992// 5993//
f 5994// 5995// 5996//
f 5996// 5995// 5997//
f 5996// 5997// 5998//
f 5988// 5990// 5999//
f 5999// 5990// 5991//
f 5999// 5991// 6000//
f 6000// 5991// 6001//
f 6000// 6001// 6002//
f 5989// 6003// 5990//
f 5990// 6003// 6004//
f 5990// 6004// 6005//
f 6006// 6007// 5990//
f 5990// 6007// 6008//
f 6009// 6010// 6011//
f 6011// 6010// 6012//
f 6008// 6013// 5990//
f 5990// 6013// 6012//
f 5990// 6012// 6014//
f 6014// 6012// 6010//
f 6015// 6016// 6017//
f 6017// 6016// 6018//
f 6005// 6019// 5990//
f 5990// 6019// 6020//
f 5990// 6020// 6006//
f 5998// 6021// 5996//
f 5996// 6021// 6022//
f 5996// 6022// 6023//
f 6023// 6022// 6024//
f 6023// 6024// 6025//
f 6026// 6027// 6001//
f 6024// 6028// 6025//
f 6025// 6028// 6029//
f 6025// 6029// 6017//
f 6017// 6029// 6030//
f 6017// 6030// 6015//
f 6027// 6031// 6001//
f 6001// 6031// 6032//
f 6001// 6032// 6002//
f 5992// 6033// 5993//
f 5993// 6033// 6034//
f 5993// 6034// 6035//
f 6034// 6036// 6035//
f 6035// 6036// 6037//
f 6035// 6037// 5995//
f 6018// 6026// 6017//
f 6017// 6026// 6001//
f 6017// 6001// 6038//
f 6038// 6001// 6039//
f 6038// 6039// 5994//
f 5994// 6039// 6040//
f 5994// 6040// 5995//
f 5995// 6040// 6041//
f 5995// 6041// 6035//
f 6042// 6043// 6001//
f 5991// 5993// 6001//
f 6001// 5993// 6044//
f 6001// 6044// 6042//
f 6045// 6046// 6047//
f 6048// 6049// 6050//
f 6050// 6049// 6051//
f 6052// 6053// 6051//
f 6051// 6053// 6054//
f 6051// 6054// 6050//
f 6047// 6055// 6045//
f 6045// 6055// 6056//
f 6045// 6056// 6057//
f 6058// 6059// 6060//
f 6060// 6059// 6043//
f 6060// 6043// 6061//
f 6062// 6063// 6061//
f 6061// 6063// 6064//
f 6062// 6061// 6065//
f 6065// 6061// 6043//
f 6065// 6043// 6054//
f 6054// 6043// 6042//
f 6054// 6042// 6050//
f 6064// 6066// 6061//
f 6061// 6066// 6067//
f 6061// 6067// 6068//
f 6068// 6069// 6061//
f 6061// 6069// 6070//
f 6061// 6070// 6045//
f 6045// 6070// 6071//
f 6045// 6071// 6046//
f 5993// 6072// 6053//
f 6073// 6074// 6052//
f 6052// 6074// 6075//
f 6052// 6075// 6053//
f 6053// 6075// 6076//
f 6053// 6076// 5993//
f 5993// 6076// 6077//
f 5993// 6077// 6044//
f 6078// 6079// 6080//
f 6080// 6079// 6081//
f 6080// 6081// 5993//
f 5993// 6081// 6045//
f 5993// 6045// 6072//
f 6072// 6045// 6057//
f 6058// 6080// 6059//
f 6059// 6080// 5993//
f 6059// 5993// 6082//
f 6082// 5993// 6035//
f 6083// 6084// 6085//
f 6083// 6085// 6086//
f 6086// 6085// 6087//
f 6086// 6087// 6088//
f 6088// 6087// 6089//
f 6088// 6089// 6090//
f 6090// 6089// 6091//
f 6090// 6091// 6092//
f 6092// 6091// 6093//
f 6092// 6093// 6094//
f 6094// 6093// 6095//
f 6094// 6095// 6096//
f 6096// 6095// 6097//
f 6096// 6097// 6098//
f 6099// 6100// 6097//
f 6097// 6100// 6098//
f 6100// 6099// 6101//
f 6100// 6101// 6102//
f 6102// 6101// 6103//
f 6102// 6103// 6104//
f 6104// 6103// 6105//
f 6104// 6105// 6106//
f 6106// 6105// 6107//
f 6106// 6107// 6108//
f 6108// 6107// 6109//
f 6108// 6109// 6110//
f 6110// 6109// 6111//
f 6110// 6111// 6112//
f 6113// 6114// 6111//
f 6111// 6114// 6112//
f 6114// 6113// 6115//
f 6114// 6115// 6116//
f 6116// 6115// 6117//
f 6116// 6117// 6118//
f 6118// 6117// 6119//
f 6118// 6119// 6120//
f 6120// 6119// 6121//
f 6120// 6121// 6122//
f 6122// 6121// 6123//
f 6122// 6123// 6124//
f 6124// 6123// 6125//
f 6124// 6125// 6126//
f 6127// 6128// 6125//
f 6125// 6128// 6126//
f 6128// 6127// 6129//
f 6129// 6127// 6130//
f 6129// 6130// 6131//
f 6131// 6130// 6132//
f 6131// 6132// 6133//
f 6133// 6132// 6134//
f 6133// 6134// 6135//
f 6135// 6134// 6136//
f 6135// 6136// 6137//
f 6137// 6136// 6138//
f 6137// 6138// 6139//
f 6139// 6138// 6140//
f 6139// 6140// 6141//
f 6141// 6140// 6142//
f 6141// 6142// 6143//
f 6143// 6142// 6144//
f 6143// 6144// 6145//
f 6145// 6144// 6146//
f 6145// 6146// 6147//
f 6147// 6146// 6148//
f 6147// 6148// 6149//
f 6149// 6148// 6150//
f 6149// 6150// 6151//
f 6151// 6150// 6152//
f 6151// 6152// 6153//
f 6153// 6152// 6154//
f 6153// 6154// 6155//
f 6155// 6154// 6156//
f 6157// 6158// 6156//
f 6156// 6158// 6155//
f 6158// 6157// 6159//
f 6158// 6159// 6160//
f 6160// 6159// 6161//
f 6160// 6161// 6162//
f 6162// 6161// 6163//
f 6162// 6163// 6164//
f 6164// 6163// 6165//
f 6164// 6165// 6166//
f 6166// 6165// 6167//
f 6166// 6167// 6168//
f 6168// 6167// 6169//
f 6168// 6169// 6170//
f 6171// 6172// 6169//
f 6169// 6172// 6170//
f 6172// 6171// 6173//
f 6172// 6173// 6174//
f 6174// 6173// 6175//
f 6174// 6175// 6176//
f 6176// 6175// 6177//
f 6176// 6177// 6178//
f 6178// 6177// 6179//
f 6178// 6179// 6180//
f 6180// 6179// 6181//
f 6180// 6181// 6182//
f 6182// 6181// 6183//
f 6182// 6183// 6184//
f 6185// 6186// 6183//
f 6183// 6186// 6184//
f 6186// 6185// 6187//
f 6186// 6187// 6188//
f 6188// 6187// 6189//
f 6188// 6189// 6190//
f 6190// 6189// 6191//
f 6190// 6191// 6192//
f 6192// 6191// 6193//
f 6192// 6193// 6194//
f 6194// 6193// 6195//
f 6194// 6195// 6196//
f 6196// 6195// 6197//
f 6196// 6197// 6198//
f 6198// 6197// 6199//
f 6198// 6199// 6200//
f 6201// 6202// 6199//
f 6199// 6202// 6200//
f 6202// 6201// 6203//
f 6203// 6201// 6204//
f 6203// 6204// 6205//
f 6205// 6204// 6206//
f 6205// 6206// 6207//
f 6207// 6206// 6208//
f 6207// 6208// 6209//
f 6209// 6208// 6210//
f 6209// 6210// 6211//
f 6211// 6210// 6212//
f 6211// 6212// 6213//
f 6213// 6212// 6214//
f 6213// 6214// 6215//
f 6215// 6214// 6216//
f 6217// 6218// 6216//
f 6216// 6218// 6215//
f 6217// 6219// 6218//
f 6218// 6219// 6220//
f 6221// 6222// 6219//
f 6219// 6222// 6220//
f 6222// 6221// 6223//
f 6222// 6223// 6224//
f 6224// 6223// 6225//
f 6224// 6225// 6226//
f 6226// 6225// 6227//
f 6226// 6227// 6228//
f 6228// 6227// 6229//
f 6228// 6229// 6230//
f 6230// 6229// 6231//
f 6230// 6231// 6232//
f 6232// 6231// 6233//
f 6232// 6233// 6234//
f 6235// 6236// 6233//
f 6233// 6236// 6234//
f 6236// 6235// 6237//
f 6236// 6237// 6238//
f 6238// 6237// 6239//
f 6238// 6239// 6240//
f 6240// 6239// 6241//
f 6240// 6241// 6242//
f 6242// 6241// 6243//
f 6242// 6243// 6244//
f 6244// 6243// 6245//
f 6244// 6245// 6246//
f 6246// 6245// 6247//
f 6246// 6247// 6248//
f 6249// 6250// 6247//
f 6247// 6250// 6248//
f 6082// 6250// 6059//
f 6059// 6250// 6249//
f 6059// 6249// 6043//
f 6040// 6039// 6251//
f 6041// 6040// 6252//
f 6252// 6040// 6251//
f 6252// 6251// 6253//
f 6253// 6251// 6254//
f 6253// 6254// 6255//
f 6255// 6254// 6256//
f 6255// 6256// 6257//
f 6257// 6256// 6258//
f 6257// 6258// 6259//
f 6259// 6258// 6260//
f 6259// 6260// 6261//
f 6261// 6260// 6262//
f 6261// 6262// 6263//
f 6263// 6262// 6264//
f 6084// 6083// 6264//
f 6264// 6083// 6263//
f 6196// 6198// 6145//
f 6255// 6139// 6253//
f 6253// 6139// 6141//
f 6205// 6143// 6203//
f 6203// 6143// 6145//
f 6196// 6145// 6194//
f 6147// 6149// 6186//
f 6186// 6149// 6151//
f 6128// 6129// 6098//
f 6035// 6041// 6141//
f 6141// 6041// 6252//
f 6141// 6252// 6253//
f 6205// 6207// 6143//
f 6143// 6207// 6209//
f 6143// 6209// 6141//
f 6141// 6209// 6211//
f 6141// 6211// 6213//
f 6215// 6218// 6236//
f 6198// 6200// 6145//
f 6145// 6200// 6202//
f 6145// 6202// 6203//
f 6186// 6188// 6147//
f 6147// 6188// 6190//
f 6147// 6190// 6145//
f 6145// 6190// 6192//
f 6145// 6192// 6194//
f 6137// 6088// 6090//
f 6129// 6131// 6098//
f 6098// 6131// 6133//
f 6098// 6133// 6096//
f 6096// 6133// 6135//
f 6096// 6135// 6094//
f 6094// 6135// 6137//
f 6094// 6137// 6092//
f 6092// 6137// 6090//
f 6255// 6257// 6139//
f 6139// 6257// 6259//
f 6139// 6259// 6137//
f 6137// 6259// 6261//
f 6137// 6261// 6263//
f 6151// 6153// 6186//
f 6186// 6153// 6155//
f 6186// 6155// 6184//
f 6110// 6112// 6100//
f 6263// 6083// 6137//
f 6137// 6083// 6086//
f 6137// 6086// 6088//
f 6213// 6215// 6141//
f 6141// 6215// 6236//
f 6141// 6236// 6035//
f 6035// 6236// 6082//
f 6218// 6220// 6236//
f 6236// 6220// 6222//
f 6236// 6222// 6234//
f 6234// 6222// 6232//
f 6246// 6248// 6236//
f 6236// 6248// 6250//
f 6236// 6250// 6082//
f 6174// 6176// 6184//
f 6100// 6102// 6104//
f 6160// 6162// 6170//
f 6104// 6106// 6100//
f 6100// 6106// 6108//
f 6100// 6108// 6110//
f 6116// 6126// 6114//
f 6114// 6126// 6128//
f 6114// 6128// 6112//
f 6112// 6128// 6098//
f 6112// 6098// 6100//
f 6222// 6224// 6232//
f 6232// 6224// 6226//
f 6232// 6226// 6230//
f 6230// 6226// 6228//
f 6174// 6184// 6172//
f 6172// 6184// 6155//
f 6172// 6155// 6170//
f 6170// 6155// 6158//
f 6170// 6158// 6160//
f 6178// 6180// 6176//
f 6176// 6180// 6182//
f 6176// 6182// 6184//
f 6116// 6118// 6126//
f 6126// 6118// 6120//
f 6126// 6120// 6124//
f 6124// 6120// 6122//
f 6236// 6238// 6246//
f 6246// 6238// 6240//
f 6246// 6240// 6244//
f 6244// 6240// 6242//
f 6162// 6164// 6170//
f 6170// 6164// 6166//
f 6170// 6166// 6168//
f 6208// 6206// 6144//
f 6258// 6256// 6140//
f 6087// 6085// 6138//
f 6144// 6206// 6146//
f 6146// 6206// 6204//
f 6146// 6204// 6201//
f 6216// 6142// 6235//
f 6140// 6256// 6142//
f 6142// 6256// 6254//
f 6142// 6254// 6251//
f 6156// 6154// 6185//
f 6146// 6195// 6193//
f 6154// 6152// 6185//
f 6185// 6152// 6150//
f 6185// 6150// 6187//
f 6187// 6150// 6148//
f 6187// 6148// 6189//
f 6189// 6148// 6146//
f 6189// 6146// 6191//
f 6191// 6146// 6193//
f 6201// 6199// 6146//
f 6146// 6199// 6197//
f 6146// 6197// 6195//
f 6216// 6214// 6142//
f 6142// 6214// 6212//
f 6142// 6212// 6144//
f 6144// 6212// 6210//
f 6144// 6210// 6208//
f 6138// 6262// 6140//
f 6140// 6262// 6260//
f 6140// 6260// 6258//
f 6136// 6095// 6093//
f 6087// 6138// 6089//
f 6132// 6130// 6097//
f 6097// 6130// 6127//
f 6085// 6084// 6138//
f 6138// 6084// 6264//
f 6138// 6264// 6262//
f 6136// 6093// 6138//
f 6138// 6093// 6091//
f 6138// 6091// 6089//
f 6095// 6136// 6097//
f 6097// 6136// 6134//
f 6097// 6134// 6132//
f 6173// 6171// 6183//
f 6223// 6221// 6233//
f 6233// 6221// 6219//
f 6233// 6219// 6235//
f 6235// 6219// 6217//
f 6235// 6217// 6216//
f 6251// 6039// 6142//
f 6142// 6039// 6001//
f 6142// 6001// 6235//
f 6235// 6001// 6043//
f 6235// 6043// 6249//
f 6127// 6125// 6113//
f 6179// 6177// 6175//
f 6159// 6157// 6169//
f 6169// 6157// 6156//
f 6169// 6156// 6171//
f 6171// 6156// 6185//
f 6171// 6185// 6183//
f 6229// 6227// 6225//
f 6121// 6119// 6123//
f 6123// 6119// 6117//
f 6123// 6117// 6125//
f 6125// 6117// 6115//
f 6125// 6115// 6113//
f 6127// 6113// 6097//
f 6097// 6113// 6111//
f 6097// 6111// 6099//
f 6099// 6111// 6109//
f 6099// 6109// 6107//
f 6173// 6183// 6175//
f 6175// 6183// 6181//
f 6175// 6181// 6179//
f 6169// 6167// 6165//
f 6223// 6233// 6225//
f 6225// 6233// 6231//
f 6225// 6231// 6229//
f 6107// 6105// 6099//
f 6099// 6105// 6103//
f 6099// 6103// 6101//
f 6165// 6163// 6169//
f 6169// 6163// 6161//
f 6169// 6161// 6159//
f 6241// 6239// 6243//
f 6243// 6239// 6245//
f 6249// 6247// 6235//
f 6235// 6247// 6245//
f 6235// 6245// 6237//
f 6237// 6245// 6239//
usemtl 3
f 6265// 6266// 6060//
f 6060// 6266// 6058//
f 6266// 6267// 6058//
f 6058// 6267// 6080//
f 6267// 6268// 6080//
f 6080// 6268// 6078//
f 6268// 6269// 6078//
f 6078// 6269// 6079//
f 6269// 6270// 6079//
f 6079// 6270// 6081//
f 6270// 6271// 6081//
f 6081// 6271// 6045//
f 6271// 6272// 6045//
f 6045// 6272// 6061//
f 6272// 6265// 6061//
f 6061// 6265// 6060//
f 6273// 6269// 6274//
f 6274// 6269// 6268//
f 6275// 6272// 6273//
f 6273// 6272// 6271//
f 6273// 6271// 6269//
f 6269// 6271// 6270//
f 6275// 6276// 6272//
f 6272// 6276// 6277//
f 6272// 6277// 6265//
f 6265// 6277// 6278//
f 6265// 6278// 6279//
f 6279// 6280// 6265//
f 6265// 6280// 6274//
f 6265// 6274// 6266//
f 6266// 6274// 6268//
f 6266// 6268// 6267//
f 6273// 6274// 6281//
f 6281// 6274// 6282//
f 6275// 6273// 6283//
f 6283// 6273// 6281//
f 6275// 6283// 6284//
f 6275// 6284// 6276//
f 6276// 6284// 6285//
f 6276// 6285// 6277//
f 6278// 6277// 6286//
f 6286// 6277// 6285//
f 6278// 6286// 6287//
f 6278// 6287// 6279//
f 6279// 6287// 6288//
f 6279// 6288// 6280//
f 6274// 6280// 6282//
f 6282// 6280// 6288//
f 6289// 6290// 6072//
f 6072// 6290// 6053//
f 6290// 6291// 6053//
f 6053// 6291// 6054//
f 6291// 6292// 6054//
f 6054// 6292// 6065//
f 6293// 6070// 6069//
f 6293// 6069// 6294//
f 6294// 6069// 6068//
f 6294// 6068// 6295//
f 6295// 6068// 6067//
f 6295// 6067// 6296//
f 6296// 6067// 6066//
f 6296// 6066// 6297//
f 6297// 6066// 6064//
f 6297// 6064// 6298//
f 6298// 6064// 6063//
f 6298// 6063// 6299//
f 6299// 6063// 6062//
f 6299// 6062// 6300//
f 6300// 6062// 6065//
f 6300// 6065// 6292//
f 6289// 6072// 6057//
f 6289// 6057// 6301//
f 6301// 6057// 6056//
f 6301// 6056// 6302//
f 6302// 6056// 6055//
f 6302// 6055// 6303//
f 6303// 6055// 6047//
f 6303// 6047// 6304//
f 6304// 6047// 6046//
f 6304// 6046// 6305//
f 6305// 6046// 6071//
f 6305// 6071// 6306//
f 6306// 6071// 6070//
f 6306// 6070// 6293//
f 6295// 6296// 6307//
f 6307// 6296// 6297//
f 6307// 6297// 6308//
f 6308// 6297// 6298//
f 6308// 6298// 6309//
f 6309// 6298// 6299//
f 6309// 6299// 6310//
f 6310// 6299// 6300//
f 6310// 6300// 6311//
f 6311// 6300// 6292//
f 6311// 6292// 6312//
f 6312// 6292// 6291//
f 6312// 6291// 6313//
f 6313// 6291// 6290//
f 6313// 6290// 6314//
f 6314// 6290// 6289//
f 6314// 6289// 6315//
f 6315// 6289// 6301//
f 6315// 6301// 6316//
f 6316// 6301// 6302//
f 6316// 6302// 6317//
f 6317// 6302// 6303//
f 6317// 6303// 6318//
f 6318// 6303// 6304//
f 6318// 6304// 6319//
f 6319// 6304// 6305//
f 6319// 6305// 6320//
f 6320// 6305// 6306//
f 6320// 6306// 6321//
f 6321// 6306// 6293//
f 6321// 6293// 6322//
f 6322// 6293// 6294//
f 6322// 6294// 6323//
f 6323// 6294// 6295//
f 6323// 6295// 6307//
f 6311// 6312// 6324//
f 6324// 6312// 6325//
f 6311// 6324// 6326//
f 6311// 6326// 6310//
f 6310// 6326// 6327//
f 6310// 6327// 6309//
f 6309// 6327// 6328//
f 6309// 6328// 6308//
f 6308// 6328// 6329//
f 6308// 6329// 6307//
f 6307// 6329// 6330//
f 6307// 6330// 6323//
f 6323// 6330// 6331//
f 6323// 6331// 6322//
f 6322// 6331// 6332//
f 6322// 6332// 6321//
f 6321// 6332// 6333//
f 6321// 6333// 6320//
f 6320// 6333// 6334//
f 6320// 6334// 6319//
f 6319// 6334// 6335//
f 6319// 6335// 6318//
f 6318// 6335// 6336//
f 6318// 6336// 6317//
f 6317// 6336// 6337//
f 6317// 6337// 6316//
f 6316// 6337// 6338//
f 6316// 6338// 6315//
f 6315// 6338// 6339//
f 6315// 6339// 6314//
f 6313// 6314// 6340//
f 6340// 6314// 6339//
f 6312// 6313// 6325//
f 6325// 6313// 6340//
f 6341// 6342// 6075//
f 6075// 6342// 6076//
f 6342// 6343// 6076//
f 6076// 6343// 6077//
f 6343// 6344// 6077//
f 6077// 6344// 6044//
f 6344// 6345// 6044//
f 6044// 6345// 6042//
f 6345// 6346// 6042//
f 6042// 6346// 6050//
f 6346// 6347// 6050//
f 6050// 6347// 6048//
f 6347// 6348// 6048//
f 6048// 6348// 6049//
f 6348// 6349// 6049//
f 6049// 6349// 6051//
f 6349// 6350// 6051//
f 6051// 6350// 6052//
f 6350// 6351// 6052//
f 6052// 6351// 6073//
f 6351// 6352// 6073//
f 6073// 6352// 6074//
f 6352// 6341// 6074//
f 6074// 6341// 6075//
f 6343// 6342// 6341//
f 6341// 6352// 6343//
f 6343// 6352// 6351//
f 6343// 6351// 6344//
f 6346// 6345// 6347//
f 6347// 6345// 6344//
f 6347// 6344// 6348//
f 6348// 6344// 6351//
f 6348// 6351// 6349//
f 6349// 6351// 6350//
f 6353// 6354// 5991//
f 5991// 6354// 5992//
f 5992// 6354// 6355//
f 6356// 6037// 6036//
f 6356// 6036// 6357//
f 6357// 6036// 6034//
f 6357// 6034// 6355//
f 6355// 6034// 6033//
f 6355// 6033// 5992//
f 6358// 6029// 6028//
f 6358// 6028// 6359//
f 6359// 6028// 6024//
f 6359// 6024// 6360//
f 6360// 6024// 6022//
f 6360// 6022// 6361//
f 6361// 6022// 6021//
f 6361// 6021// 6362//
f 6362// 6021// 5998//
f 6362// 5998// 6363//
f 6363// 5998// 5997//
f 6363// 5997// 6364//
f 6364// 5997// 6356//
f 6356// 5997// 5995//
f 6356// 5995// 6037//
f 6365// 6031// 6027//
f 6365// 6027// 6366//
f 6366// 6027// 6026//
f 6366// 6026// 6367//
f 6367// 6026// 6018//
f 6367// 6018// 6368//
f 6368// 6018// 6016//
f 6368// 6016// 6369//
f 6369// 6016// 6015//
f 6369// 6015// 6370//
f 6370// 6015// 6030//
f 6370// 6030// 6371//
f 6371// 6030// 6029//
f 6371// 6029// 6358//
f 6372// 6002// 6032//
f 6372// 6032// 6373//
f 6373// 6032// 6031//
f 6373// 6031// 6365//
f 6372// 6374// 6002//
f 6002// 6374// 6000//
f 6375// 5988// 5999//
f 6375// 5999// 6376//
f 6376// 5999// 6000//
f 6376// 6000// 6374//
f 6377// 6006// 6020//
f 6377// 6020// 6378//
f 6378// 6020// 6019//
f 6378// 6019// 6379//
f 6379// 6019// 6005//
f 6379// 6005// 6380//
f 6380// 6005// 6004//
f 6380// 6004// 6381//
f 6381// 6004// 6003//
f 6381// 6003// 6382//
f 6382// 6003// 5989//
f 6382// 5989// 6383//
f 6383// 5989// 5988//
f 6383// 5988// 6375//
f 6384// 6010// 6009//
f 6384// 6009// 6385//
f 6385// 6009// 6011//
f 6385// 6011// 6386//
f 6386// 6011// 6012//
f 6386// 6012// 6387//
f 6387// 6012// 6013//
f 6387// 6013// 6388//
f 6388// 6013// 6008//
f 6388// 6008// 6389//
f 6389// 6008// 6007//
f 6389// 6007// 6390//
f 6390// 6007// 6006//
f 6390// 6006// 6377//
f 6353// 5991// 5990//
f 6353// 5990// 6391//
f 6391// 5990// 6014//
f 6391// 6014// 6392//
f 6392// 6014// 6010//
f 6392// 6010// 6384//
f 6385// 6356// 6384//
f 6384// 6356// 6357//
f 6384// 6357// 6392//
f 6392// 6357// 6355//
f 6392// 6355// 6391//
f 6391// 6355// 6354//
f 6391// 6354// 6353//
f 6374// 6372// 6376//
f 6376// 6372// 6373//
f 6376// 6373// 6375//
f 6375// 6373// 6365//
f 6375// 6365// 6383//
f 6383// 6365// 6366//
f 6383// 6366// 6382//
f 6382// 6366// 6367//
f 6382// 6367// 6381//
f 6381// 6367// 6368//
f 6381// 6368// 6380//
f 6380// 6368// 6369//
f 6380// 6369// 6379//
f 6379// 6369// 6370//
f 6379// 6370// 6378//
f 6378// 6370// 6371//
f 6378// 6371// 6377//
f 6377// 6371// 6358//
f 6377// 6358// 6390//
f 6390// 6358// 6359//
f 6390// 6359// 6389//
f 6389// 6359// 6360//
f 6389// 6360// 6388//
f 6388// 6360// 6361//
f 6388// 6361// 6387//
f 6387// 6361// 6362//
f 6387// 6362// 6386//
f 6386// 6362// 6363//
f 6386// 6363// 6385//
f 6385// 6363// 6364//
f 6385// 6364// 6356//
f 6393// 6394// 6023//
f 6023// 6394// 5996//
f 6394// 6395// 5996//
f 5996// 6395// 5994//
f 6395// 6396// 5994//
f 5994// 6396// 6038//
f 6396// 6397// 6038//
f 6038// 6397// 6017//
f 6397// 6398// 6017//
f 6017// 6398// 6025//
f 6398// 6393// 6025//
f 6025// 6393// 6023//
f 6397// 6396// 6398//
f 6398// 6396// 6395//
f 6398// 6395// 6393//
f 6393// 6395// 6394//
usemtl 2
f 6281// 6282// 6283//
f 6283// 6282// 6288//
f 6283// 6288// 6284//
f 6284// 6288// 6287//
f 6284// 6287// 6285//
f 6285// 6287// 6286//
f 6325// 6340// 6324//
f 6324// 6340// 6339//
f 6324// 6339// 6338//
f 6332// 6331// 6324//
f 6324// 6331// 6330//
f 6324// 6330// 6326//
f 6338// 6337// 6324//
f 6324// 6337// 6336//
f 6324// 6336// 6335//
f 6335// 6334// 6324//
f 6324// 6334// 6333//
f 6324// 6333// 6332//
f 6329// 6328// 6330//
f 6330// 6328// 6327//
f 6330// 6327// 6326//
f 6399// 6400// 6401//
f 6402// 6403// 6404//
f 6405// 6406// 6407//
f 6407// 6406// 6408//
f 6407// 6408// 6409//
f 6399// 6401// 6410//
f 6410// 6401// 6402//
f 6410// 6402// 6411//
f 6411// 6402// 6412//
f 6411// 6412// 6413//
f 6400// 6414// 6401//
f 6401// 6414// 6415//
f 6401// 6415// 6416//
f 6417// 6418// 6401//
f 6401// 6418// 6419//
f 6420// 6421// 6422//
f 6422// 6421// 6423//
f 6419// 6424// 6401//
f 6401// 6424// 6423//
f 6401// 6423// 6425//
f 6425// 6423// 6421//
f 6426// 6427// 6428//
f 6428// 6427// 6429//
f 6416// 6430// 6401//
f 6401// 6430// 6431//
f 6401// 6431// 6417//
f 6409// 6432// 6407//
f 6407// 6432// 6433//
f 6407// 6433// 6434//
f 6434// 6433// 6435//
f 6434// 6435// 6436//
f 6437// 6438// 6412//
f 6435// 6439// 6436//
f 6436// 6439// 6440//
f 6436// 6440// 6428//
f 6428// 6440// 6441//
f 6428// 6441// 6426//
f 6438// 6442// 6412//
f 6412// 6442// 6443//
f 6412// 6443// 6413//
f 6403// 6444// 6404//
f 6404// 6444// 6445//
f 6404// 6445// 6446//
f 6445// 6447// 6446//
f 6446// 6447// 6448//
f 6446// 6448// 6406//
f 6429// 6437// 6428//
f 6428// 6437// 6412//
f 6428// 6412// 6449//
f 6449// 6412// 6450//
f 6449// 6450// 6405//
f 6405// 6450// 6451//
f 6405// 6451// 6406//
f 6406// 6451// 6452//
f 6406// 6452// 6446//
f 6453// 6454// 6412//
f 6402// 6404// 6412//
f 6412// 6404// 6455//
f 6412// 6455// 6453//
f 6456// 6457// 6458//
f 6459// 6460// 6461//
f 6461// 6460// 6462//
f 6463// 6464// 6462//
f 6462// 6464// 6465//
f 6462// 6465// 6461//
f 6458// 6466// 6456//
f 6456// 6466// 6467//
f 6456// 6467// 6468//
f 6469// 6470// 6471//
f 6471// 6470// 6472//
f 6473// 6474// 6475//
f 6475// 6474// 6454//
f 6475// 6454// 6471//
f 6472// 6476// 6471//
f 6471// 6476// 6477//
f 6471// 6477// 6478//
f 6469// 6471// 6479//
f 6479// 6471// 6454//
f 6479// 6454// 6465//
f 6465// 6454// 6453//
f 6465// 6453// 6461//
f 6478// 6480// 6471//
f 6471// 6480// 6481//
f 6471// 6481// 6456//
f 6456// 6481// 6482//
f 6456// 6482// 6457//
f 6404// 6483// 6464//
f 6484// 6485// 6463//
f 6463// 6485// 6486//
f 6463// 6486// 6464//
f 6464// 6486// 6487//
f 6464// 6487// 6404//
f 6404// 6487// 6488//
f 6404// 6488// 6455//
f 6489// 6490// 6491//
f 6491// 6490// 6492//
f 6491// 6492// 6404//
f 6404// 6492// 6456//
f 6404// 6456// 6483//
f 6483// 6456// 6468//
f 6473// 6491// 6474//
f 6474// 6491// 6404//
f 6474// 6404// 6493//
f 6493// 6404// 6446//
f 6494// 6495// 6496//
f 6494// 6496// 6497//
f 6497// 6496// 6498//
f 6497// 6498// 6499//
f 6499// 6498// 6500//
f 6499// 6500// 6501//
f 6501// 6500// 6502//
f 6501// 6502// 6503//
f 6503// 6502// 6504//
f 6503// 6504// 6505//
f 6505// 6504// 6506//
f 6505// 6506// 6507//
f 6507// 6506// 6508//
f 6507// 6508// 6509//
f 6510// 6511// 6508//
f 6508// 6511// 6509//
f 6511// 6510// 6512//
f 6511// 6512// 6513//
f 6513// 6512// 6514//
f 6513// 6514// 6515//
f 6515// 6514// 6516//
f 6515// 6516// 6517//
f 6517// 6516// 6518//
f 6517// 6518// 6519//
f 6519// 6518// 6520//
f 6519// 6520// 6521//
f 6521// 6520// 6522//
f 6521// 6522// 6523//
f 6524// 6525// 6522//
f 6522// 6525// 6523//
f 6525// 6524// 6526//
f 6525// 6526// 6527//
f 6527// 6526// 6528//
f 6527// 6528// 6529//
f 6529// 6528// 6530//
f 6529// 6530// 6531//
f 6531// 6530// 6532//
f 6531// 6532// 6533//
f 6533// 6532// 6534//
f 6533// 6534// 6535//
f 6535// 6534// 6536//
f 6535// 6536// 6537//
f 6538// 6539// 6536//
f 6536// 6539// 6537//
f 6539// 6538// 6540//
f 6540// 6538// 6541//
f 6540// 6541// 6542//
f 6542// 6541// 6543//
f 6542// 6543// 6544//
f 6544// 6543// 6545//
f 6544// 6545// 6546//
f 6546// 6545// 6547//
f 6546// 6547// 6548//
f 6548// 6547// 6549//
f 6548// 6549// 6550//
f 6550// 6549// 6551//
f 6550// 6551// 6552//
f 6552// 6551// 6553//
f 6552// 6553// 6554//
f 6554// 6553// 6555//
f 6554// 6555// 6556//
f 6556// 6555// 6557//
f 6556// 6557// 6558//
f 6558// 6557// 6559//
f 6558// 6559// 6560//
f 6560// 6559// 6561//
f 6560// 6561// 6562//
f 6562// 6561// 6563//
f 6562// 6563// 6564//
f 6564// 6563// 6565//
f 6564// 6565// 6566//
f 6566// 6565// 6567//
f 6568// 6569// 6567//
f 6567// 6569// 6566//
f 6569// 6568// 6570//
f 6569// 6570// 6571//
f 6571// 6570// 6572//
f 6571// 6572// 6573//
f 6573// 6572// 6574//
f 6573// 6574// 6575//
f 6575// 6574// 6576//
f 6575// 6576// 6577//
f 6577// 6576// 6578//
f 6577// 6578// 6579//
f 6579// 6578// 6580//
f 6579// 6580// 6581//
f 6582// 6583// 6580//
f 6580// 6583// 6581//
f 6583// 6582// 6584//
f 6583// 6584// 6585//
f 6585// 6584// 6586//
f 6585// 6586// 6587//
f 6587// 6586// 6588//
f 6587// 6588// 6589//
f 6589// 6588// 6590//
f 6589// 6590// 6591//
f 6591// 6590// 6592//
f 6591// 6592// 6593//
f 6593// 6592// 6594//
f 6593// 6594// 6595//
f 6596// 6597// 6594//
f 6594// 6597// 6595//
f 6597// 6596// 6598//
f 6597// 6598// 6599//
f 6599// 6598// 6600//
f 6599// 6600// 6601//
f 6601// 6600// 6602//
f 6601// 6602// 6603//
f 6603// 6602// 6604//
f 6603// 6604// 6605//
f 6605// 6604// 6606//
f 6605// 6606// 6607//
f 6607// 6606// 6608//
f 6607// 6608// 6609//
f 6609// 6608// 6610//
f 6609// 6610// 6611//
f 6612// 6613// 6610//
f 6610// 6613// 6611//
f 6613// 6612// 6614//
f 6614// 6612// 6615//
f 6614// 6615// 6616//
f 6616// 6615// 6617//
f 6616// 6617// 6618//
f 6618// 6617// 6619//
f 6618// 6619// 6620//
f 6620// 6619// 6621//
f 6620// 6621// 6622//
f 6622// 6621// 6623//
f 6622// 6623// 6624//
f 6624// 6623// 6625//
f 6624// 6625// 6626//
f 6626// 6625// 6627//
f 6628// 6629// 6627//
f 6627// 6629// 6626//
f 6628// 6630// 6629//
f 6629// 6630// 6631//
f 6632// 6633// 6630//
f 6630// 6633// 6631//
f 6633// 6632// 6634//
f 6633// 6634// 6635//
f 6635// 6634// 6636//
f 6635// 6636// 6637//
f 6637// 6636// 6638//
f 6637// 6638// 6639//
f 6639// 6638// 6640//
f 6639// 6640// 6641//
f 6641// 6640// 6642//
f 6641// 6642// 6643//
f 6643// 6642// 6644//
f 6643// 6644// 6645//
f 6646// 6647// 6644//
f 6644// 6647// 6645//
f 6647// 6646// 6648//
f 6647// 6648// 6649//
f 6649// 6648// 6650//
f 6649// 6650// 6651//
f 6651// 6650// 6652//
f 6651// 6652// 6653//
f 6653// 6652// 6654//
f 6653// 6654// 6655//
f 6655// 6654// 6656//
f 6655// 6656// 6657//
f 6657// 6656// 6658//
f 6657// 6658// 6659//
f 6660// 6661// 6658//
f 6658// 6661// 6659//
f 6493// 6661// 6474//
f 6474// 6661// 6660//
f 6474// 6660// 6454//
f 6451// 6450// 6662//
f 6452// 6451// 6663//
f 6663// 6451// 6662//
f 6663// 6662// 6664//
f 6664// 6662// 6665//
f 6664// 6665// 6666//
f 6666// 6665// 6667//
f 6666// 6667// 6668//
f 6668// 6667// 6669//
f 6668// 6669// 6670//
f 6670// 6669// 6671//
f 6670// 6671// 6672//
f 6672// 6671// 6673//
f 6672// 6673// 6674//
f 6674// 6673// 6675//
f 6495// 6494// 6675//
f 6675// 6494// 6674//
f 6499// 6501// 6548//
f 6666// 6668// 6550//
f 6550// 6668// 6670//
f 6550// 6670// 6548//
f 6548// 6670// 6672//
f 6548// 6672// 6674//
f 6674// 6494// 6548//
f 6548// 6494// 6497//
f 6548// 6497// 6499//
f 6666// 6550// 6664//
f 6664// 6550// 6552//
f 6664// 6552// 6663//
f 6539// 6540// 6509//
f 6622// 6552// 6620//
f 6620// 6552// 6554//
f 6620// 6554// 6618//
f 6540// 6542// 6509//
f 6509// 6542// 6544//
f 6509// 6544// 6507//
f 6507// 6544// 6546//
f 6507// 6546// 6505//
f 6505// 6546// 6548//
f 6505// 6548// 6503//
f 6503// 6548// 6501//
f 6661// 6493// 6647//
f 6647// 6493// 6446//
f 6647// 6446// 6552//
f 6552// 6446// 6452//
f 6552// 6452// 6663//
f 6611// 6613// 6556//
f 6556// 6613// 6614//
f 6556// 6614// 6554//
f 6554// 6614// 6616//
f 6554// 6616// 6618//
f 6558// 6599// 6601//
f 6558// 6601// 6556//
f 6556// 6601// 6603//
f 6556// 6603// 6605//
f 6535// 6537// 6525//
f 6629// 6647// 6626//
f 6626// 6647// 6552//
f 6626// 6552// 6624//
f 6624// 6552// 6622//
f 6629// 6631// 6647//
f 6647// 6631// 6633//
f 6647// 6633// 6645//
f 6645// 6633// 6643//
f 6605// 6607// 6556//
f 6556// 6607// 6609//
f 6556// 6609// 6611//
f 6599// 6558// 6597//
f 6597// 6558// 6560//
f 6597// 6560// 6562//
f 6525// 6537// 6523//
f 6655// 6657// 6647//
f 6647// 6657// 6659//
f 6647// 6659// 6661//
f 6635// 6637// 6639//
f 6525// 6527// 6529//
f 6635// 6639// 6633//
f 6633// 6639// 6641//
f 6633// 6641// 6643//
f 6571// 6573// 6581//
f 6593// 6595// 6583//
f 6583// 6595// 6597//
f 6583// 6597// 6581//
f 6539// 6509// 6537//
f 6537// 6509// 6511//
f 6537// 6511// 6523//
f 6523// 6511// 6513//
f 6523// 6513// 6515//
f 6529// 6531// 6525//
f 6525// 6531// 6533//
f 6525// 6533// 6535//
f 6655// 6647// 6653//
f 6653// 6647// 6649//
f 6653// 6649// 6651//
f 6562// 6564// 6597//
f 6597// 6564// 6566//
f 6597// 6566// 6581//
f 6581// 6566// 6569//
f 6581// 6569// 6571//
f 6517// 6519// 6515//
f 6515// 6519// 6521//
f 6515// 6521// 6523//
f 6573// 6575// 6581//
f 6581// 6575// 6577//
f 6581// 6577// 6579//
f 6583// 6585// 6587//
f 6587// 6589// 6583//
f 6583// 6589// 6591//
f 6583// 6591// 6593//
f 6502// 6500// 6549//
f 6619// 6617// 6555//
f 6665// 6553// 6667//
f 6667// 6553// 6551//
f 6667// 6551// 6669//
f 6495// 6675// 6549//
f 6549// 6675// 6673//
f 6549// 6673// 6551//
f 6551// 6673// 6671//
f 6551// 6671// 6669//
f 6500// 6498// 6549//
f 6549// 6498// 6496//
f 6549// 6496// 6495//
f 6555// 6617// 6557//
f 6617// 6615// 6557//
f 6557// 6615// 6612//
f 6557// 6612// 6610//
f 6553// 6623// 6555//
f 6555// 6623// 6621//
f 6555// 6621// 6619//
f 6502// 6549// 6504//
f 6504// 6549// 6547//
f 6504// 6547// 6506//
f 6506// 6547// 6508//
f 6508// 6547// 6545//
f 6508// 6545// 6543//
f 6610// 6608// 6557//
f 6557// 6608// 6606//
f 6557// 6606// 6604//
f 6565// 6563// 6596//
f 6596// 6563// 6561//
f 6596// 6561// 6598//
f 6598// 6561// 6559//
f 6598// 6559// 6600//
f 6600// 6559// 6557//
f 6600// 6557// 6602//
f 6602// 6557// 6604//
f 6630// 6628// 6646//
f 6646// 6628// 6627//
f 6646// 6627// 6553//
f 6553// 6627// 6625//
f 6553// 6625// 6623//
f 6665// 6662// 6553//
f 6553// 6662// 6450//
f 6553// 6450// 6412//
f 6543// 6541// 6508//
f 6508// 6541// 6538//
f 6508// 6538// 6510//
f 6510// 6538// 6536//
f 6594// 6568// 6596//
f 6596// 6568// 6567//
f 6596// 6567// 6565//
f 6532// 6524// 6534//
f 6534// 6524// 6536//
f 6536// 6524// 6510//
f 6510// 6524// 6522//
f 6510// 6522// 6512//
f 6518// 6516// 6514//
f 6590// 6582// 6592//
f 6592// 6582// 6594//
f 6594// 6582// 6568//
f 6568// 6582// 6580//
f 6568// 6580// 6570//
f 6630// 6646// 6632//
f 6632// 6646// 6644//
f 6632// 6644// 6642//
f 6412// 6454// 6553//
f 6553// 6454// 6660//
f 6553// 6660// 6646//
f 6646// 6660// 6658//
f 6646// 6658// 6656//
f 6532// 6530// 6524//
f 6524// 6530// 6528//
f 6524// 6528// 6526//
f 6590// 6588// 6582//
f 6582// 6588// 6586//
f 6582// 6586// 6584//
f 6580// 6578// 6576//
f 6636// 6634// 6638//
f 6638// 6634// 6632//
f 6638// 6632// 6640//
f 6640// 6632// 6642//
f 6656// 6654// 6646//
f 6646// 6654// 6652//
f 6646// 6652// 6648//
f 6648// 6652// 6650//
f 6512// 6522// 6514//
f 6514// 6522// 6520//
f 6514// 6520// 6518//
f 6576// 6574// 6580//
f 6580// 6574// 6572//
f 6580// 6572// 6570//
usemtl 3
f 6676// 6677// 6434//
f 6434// 6677// 6407//
f 6677// 6678// 6407//
f 6407// 6678// 6405//
f 6678// 6679// 6405//
f 6405// 6679// 6449//
f 6679// 6680// 6449//
f 6449// 6680// 6428//
f 6680// 6681// 6428//
f 6428// 6681// 6436//
f 6681// 6676// 6436//
f 6436// 6676// 6434//
f 6680// 6679// 6681//
f 6681// 6679// 6678//
f 6681// 6678// 6676//
f 6676// 6678// 6677//
f 6682// 6683// 6402//
f 6402// 6683// 6403//
f 6403// 6683// 6684//
f 6685// 6448// 6447//
f 6685// 6447// 6686//
f 6686// 6447// 6445//
f 6686// 6445// 6684//
f 6684// 6445// 6444//
f 6684// 6444// 6403//
f 6687// 6440// 6439//
f 6687// 6439// 6688//
f 6688// 6439// 6435//
f 6688// 6435// 6689//
f 6689// 6435// 6433//
f 6689// 6433// 6690//
f 6690// 6433// 6432//
f 6690// 6432// 6691//
f 6691// 6432// 6409//
f 6691// 6409// 6692//
f 6692// 6409// 6408//
f 6692// 6408// 6693//
f 6693// 6408// 6685//
f 6685// 6408// 6406//
f 6685// 6406// 6448//
f 6694// 6442// 6438//
f 6694// 6438// 6695//
f 6695// 6438// 6437//
f 6695// 6437// 6696//
f 6696// 6437// 6429//
f 6696// 6429// 6697//
f 6697// 6429// 6427//
f 6697// 6427// 6698//
f 6698// 6427// 6426//
f 6698// 6426// 6699//
f 6699// 6426// 6441//
f 6699// 6441// 6700//
f 6700// 6441// 6440//
f 6700// 6440// 6687//
f 6701// 6413// 6443//
f 6701// 6443// 6702//
f 6702// 6443// 6442//
f 6702// 6442// 6694//
f 6701// 6703// 6413//
f 6413// 6703// 6411//
f 6704// 6399// 6410//
f 6704// 6410// 6705//
f 6705// 6410// 6411//
f 6705// 6411// 6703//
f 6706// 6417// 6431//
f 6706// 6431// 6707//
f 6707// 6431// 6430//
f 6707// 6430// 6708//
f 6708// 6430// 6416//
f 6708// 6416// 6709//
f 6709// 6416// 6415//
f 6709// 6415// 6710//
f 6710// 6415// 6414//
f 6710// 6414// 6711//
f 6711// 6414// 6400//
f 6711// 6400// 6712//
f 6712// 6400// 6399//
f 6712// 6399// 6704//
f 6713// 6421// 6420//
f 6713// 6420// 6714//
f 6714// 6420// 6422//
f 6714// 6422// 6715//
f 6715// 6422// 6423//
f 6715// 6423// 6716//
f 6716// 6423// 6424//
f 6716// 6424// 6717//
f 6717// 6424// 6419//
f 6717// 6419// 6718//
f 6718// 6419// 6418//
f 6718// 6418// 6719//
f 6719// 6418// 6417//
f 6719// 6417// 6706//
f 6682// 6402// 6401//
f 6682// 6401// 6720//
f 6720// 6401// 6425//
f 6720// 6425// 6721//
f 6721// 6425// 6421//
f 6721// 6421// 6713//
f 6714// 6685// 6713//
f 6713// 6685// 6686//
f 6713// 6686// 6721//
f 6721// 6686// 6684//
f 6721// 6684// 6720//
f 6720// 6684// 6683//
f 6720// 6683// 6682//
f 6703// 6701// 6705//
f 6705// 6701// 6702//
f 6705// 6702// 6704//
f 6704// 6702// 6694//
f 6704// 6694// 6712//
f 6712// 6694// 6695//
f 6712// 6695// 6711//
f 6711// 6695// 6696//
f 6711// 6696// 6710//
f 6710// 6696// 6697//
f 6710// 6697// 6709//
f 6709// 6697// 6698//
f 6709// 6698// 6708//
f 6708// 6698// 6699//
f 6708// 6699// 6707//
f 6707// 6699// 6700//
f 6707// 6700// 6706//
f 6706// 6700// 6687//
f 6706// 6687// 6719//
f 6719// 6687// 6688//
f 6719// 6688// 6718//
f 6718// 6688// 6689//
f 6718// 6689// 6717//
f 6717// 6689// 6690//
f 6717// 6690// 6716//
f 6716// 6690// 6691//
f 6716// 6691// 6715//
f 6715// 6691// 6692//
f 6715// 6692// 6714//
f 6714// 6692// 6693//
f 6714// 6693// 6685//
f 6722// 6723// 6486//
f 6486// 6723// 6487//
f 6723// 6724// 6487//
f 6487// 6724// 6488//
f 6724// 6725// 6488//
f 6488// 6725// 6455//
f 6725// 6726// 6455//
f 6455// 6726// 6453//
f 6726// 6727// 6453//
f 6453// 6727// 6461//
f 6727// 6728// 6461//
f 6461// 6728// 6459//
f 6728// 6729// 6459//
f 6459// 6729// 6460//
f 6729// 6730// 6460//
f 6460// 6730// 6462//
f 6730// 6731// 6462//
f 6462// 6731// 6463//
f 6731// 6732// 6463//
f 6463// 6732// 6484//
f 6732// 6733// 6484//
f 6484// 6733// 6485//
f 6733// 6722// 6485//
f 6485// 6722// 6486//
f 6724// 6723// 6722//
f 6722// 6733// 6724//
f 6724// 6733// 6732//
f 6724// 6732// 6725//
f 6727// 6726// 6728//
f 6728// 6726// 6725//
f 6728// 6725// 6729//
f 6729// 6725// 6732//
f 6729// 6732// 6730//
f 6730// 6732// 6731//
f 6734// 6735// 6483//
f 6483// 6735// 6464//
f 6735// 6736// 6464//
f 6464// 6736// 6465//
f 6736// 6737// 6465//
f 6465// 6737// 6479//
f 6738// 6481// 6480//
f 6738// 6480// 6739//
f 6739// 6480// 6478//
f 6739// 6478// 6740//
f 6740// 6478// 6477//
f 6740// 6477// 6741//
f 6741// 6477// 6476//
f 6741// 6476// 6742//
f 6742// 6476// 6472//
f 6742// 6472// 6743//
f 6743// 6472// 6470//
f 6743// 6470// 6744//
f 6744// 6470// 6469//
f 6744// 6469// 6745//
f 6745// 6469// 6479//
f 6745// 6479// 6737//
f 6734// 6483// 6468//
f 6734// 6468// 6746//
f 6746// 6468// 6467//
f 6746// 6467// 6747//
f 6747// 6467// 6466//
f 6747// 6466// 6748//
f 6748// 6466// 6458//
f 6748// 6458// 6749//
f 6749// 6458// 6457//
f 6749// 6457// 6750//
f 6750// 6457// 6482//
f 6750// 6482// 6751//
f 6751// 6482// 6481//
f 6751// 6481// 6738//
f 6740// 6741// 6752//
f 6752// 6741// 6742//
f 6752// 6742// 6753//
f 6753// 6742// 6743//
f 6753// 6743// 6754//
f 6754// 6743// 6744//
f 6754// 6744// 6755//
f 6755// 6744// 6745//
f 6755// 6745// 6756//
f 6756// 6745// 6737//
f 6756// 6737// 6757//
f 6757// 6737// 6736//
f 6757// 6736// 6758//
f 6758// 6736// 6735//
f 6758// 6735// 6759//
f 6759// 6735// 6734//
f 6759// 6734// 6760//
f 6760// 6734// 6746//
f 6760// 6746// 6761//
f 6761// 6746// 6747//
f 6761// 6747// 6762//
f 6762// 6747// 6748//
f 6762// 6748// 6763//
f 6763// 6748// 6749//
f 6763// 6749// 6764//
f 6764// 6749// 6750//
f 6764// 6750// 6765//
f 6765// 6750// 6751//
f 6765// 6751// 6766//
f 6766// 6751// 6738//
f 6766// 6738// 6767//
f 6767// 6738// 6739//
f 6767// 6739// 6768//
f 6768// 6739// 6740//
f 6768// 6740// 6752//
f 6756// 6757// 6769//
f 6769// 6757// 6770//
f 6756// 6769// 6771//
f 6756// 6771// 6755//
f 6755// 6771// 6772//
f 6755// 6772// 6754//
f 6754// 6772// 6773//
f 6754// 6773// 6753//
f 6753// 6773// 6774//
f 6753// 6774// 6752//
f 6752// 6774// 6775//
f 6752// 6775// 6768//
f 6768// 6775// 6776//
f 6768// 6776// 6767//
f 6767// 6776// 6777//
f 6767// 6777// 6766//
f 6766// 6777// 6778//
f 6766// 6778// 6765//
f 6765// 6778// 6779//
f 6765// 6779// 6764//
f 6764// 6779// 6780//
f 6764// 6780// 6763//
f 6763// 6780// 6781//
f 6763// 6781// 6762//
f 6762// 6781// 6782//
f 6762// 6782// 6761//
f 6761// 6782// 6783//
f 6761// 6783// 6760//
f 6760// 6783// 6784//
f 6760// 6784// 6759//
f 6758// 6759// 6785//
f 6785// 6759// 6784//
f 6757// 6758// 6770//
f 6770// 6758// 6785//
usemtl 2
f 6770// 6785// 6769//
f 6769// 6785// 6784//
f 6769// 6784// 6783//
f 6777// 6776// 6769//
f 6769// 6776// 6775//
f 6769// 6775// 6771//
f 6783// 6782// 6769//
f 6769// 6782// 6781//
f 6769// 6781// 6780//
f 6780// 6779// 6769//
f 6769// 6779// 6778//
f 6769// 6778// 6777//
f 6774// 6773// 6775//
f 6775// 6773// 6772//
f 6775// 6772// 6771//
usemtl 3
f 6786// 6787// 6475//
f 6475// 6787// 6473//
f 6787// 6788// 6473//
f 6473// 6788// 6491//
f 6788// 6789// 6491//
f 6491// 6789// 6489//
f 6789// 6790// 6489//
f 6489// 6790// 6490//
f 6790// 6791// 6490//
f 6490// 6791// 6492//
f 6791// 6792// 6492//
f 6492// 6792// 6456//
f 6792// 6793// 6456//
f 6456// 6793// 6471//
f 6793// 6786// 6471//
f 6471// 6786// 6475//
f 6794// 6790// 6795//
f 6795// 6790// 6789//
f 6796// 6793// 6794//
f 6794// 6793// 6792//
f 6794// 6792// 6790//
f 6790// 6792// 6791//
f 6796// 6797// 6793//
f 6793// 6797// 6798//
f 6793// 6798// 6786//
f 6786// 6798// 6799//
f 6786// 6799// 6800//
f 6800// 6801// 6786//
f 6786// 6801// 6795//
f 6786// 6795// 6787//
f 6787// 6795// 6789//
f 6787// 6789// 6788//
f 6794// 6795// 6802//
f 6802// 6795// 6803//
f 6796// 6794// 6804//
f 6804// 6794// 6802//
f 6796// 6804// 6805//
f 6796// 6805// 6797//
f 6797// 6805// 6806//
f 6797// 6806// 6798//
f 6799// 6798// 6807//
f 6807// 6798// 6806//
f 6799// 6807// 6808//
f 6799// 6808// 6800//
f 6800// 6808// 6809//
f 6800// 6809// 6801//
f 6795// 6801// 6803//
f 6803// 6801// 6809//
usemtl 2
f 6802// 6803// 6804//
f 6804// 6803// 6809//
f 6804// 6809// 6805//
f 6805// 6809// 6808//
f 6805// 6808// 6806//
f 6806// 6808// 6807//
f 6810// 6811// 6812//
f 6813// 6814// 6815//
f 6816// 6817// 6818//
f 6818// 6817// 6819//
f 6818// 6819// 6820//
f 6810// 6812// 6821//
f 6821// 6812// 6813//
f 6821// 6813// 6822//
f 6822// 6813// 6823//
f 6822// 6823// 6824//
f 6811// 6825// 6812//
f 6812// 6825// 6826//
f 6812// 6826// 6827//
f 6828// 6829// 6812//
f 6812// 6829// 6830//
f 6831// 6832// 6833//
f 6833// 6832// 6834//
f 6830// 6835// 6812//
f 6812// 6835// 6834//
f 6812// 6834// 6836//
f 6836// 6834// 6832//
f 6837// 6838// 6839//
f 6839// 6838// 6840//
f 6827// 6841// 6812//
f 6812// 6841// 6842//
f 6812// 6842// 6828//
f 6820// 6843// 6818//
f 6818// 6843// 6844//
f 6818// 6844// 6845//
f 6845// 6844// 6846//
f 6845// 6846// 6847//
f 6848// 6849// 6823//
f 6846// 6850// 6847//
f 6847// 6850// 6851//
f 6847// 6851// 6839//
f 6839// 6851// 6852//
f 6839// 6852// 6837//
f 6849// 6853// 6823//
f 6823// 6853// 6854//
f 6823// 6854// 6824//
f 6814// 6855// 6815//
f 6815// 6855// 6856//
f 6815// 6856// 6857//
f 6856// 6858// 6857//
f 6857// 6858// 6859//
f 6857// 6859// 6817//
f 6840// 6848// 6839//
f 6839// 6848// 6823//
f 6839// 6823// 6860//
f 6860// 6823// 6861//
f 6860// 6861// 6816//
f 6816// 6861// 6862//
f 6816// 6862// 6817//
f 6817// 6862// 6863//
f 6817// 6863// 6857//
f 6864// 6865// 6823//
f 6813// 6815// 6823//
f 6823// 6815// 6866//
f 6823// 6866// 6864//
f 6867// 6868// 6869//
f 6870// 6871// 6872//
f 6872// 6871// 6873//
f 6874// 6875// 6873//
f 6873// 6875// 6876//
f 6873// 6876// 6872//
f 6869// 6877// 6867//
f 6867// 6877// 6878//
f 6867// 6878// 6879//
f 6880// 6881// 6882//
f 6882// 6881// 6883//
f 6884// 6885// 6886//
f 6886// 6885// 6865//
f 6886// 6865// 6882//
f 6883// 6887// 6882//
f 6882// 6887// 6888//
f 6882// 6888// 6889//
f 6880// 6882// 6890//
f 6890// 6882// 6865//
f 6890// 6865// 6876//
f 6876// 6865// 6864//
f 6876// 6864// 6872//
f 6889// 6891// 6882//
f 6882// 6891// 6892//
f 6882// 6892// 6867//
f 6867// 6892// 6893//
f 6867// 6893// 6868//
f 6815// 6894// 6875//
f 6895// 6896// 6874//
f 6874// 6896// 6897//
f 6874// 6897// 6875//
f 6875// 6897// 6898//
f 6875// 6898// 6815//
f 6815// 6898// 6899//
f 6815// 6899// 6866//
f 6900// 6901// 6902//
f 6902// 6901// 6903//
f 6902// 6903// 6815//
f 6815// 6903// 6867//
f 6815// 6867// 6894//
f 6894// 6867// 6879//
f 6884// 6902// 6885//
f 6885// 6902// 6815//
f 6885// 6815// 6904//
f 6904// 6815// 6857//
f 6905// 6906// 6907//
f 6905// 6907// 6908//
f 6908// 6907// 6909//
f 6908// 6909// 6910//
f 6910// 6909// 6911//
f 6910// 6911// 6912//
f 6912// 6911// 6913//
f 6912// 6913// 6914//
f 6914// 6913// 6915//
f 6914// 6915// 6916//
f 6916// 6915// 6917//
f 6916// 6917// 6918//
f 6918// 6917// 6919//
f 6918// 6919// 6920//
f 6921// 6922// 6919//
f 6919// 6922// 6920//
f 6922// 6921// 6923//
f 6922// 6923// 6924//
f 6924// 6923// 6925//
f 6924// 6925// 6926//
f 6926// 6925// 6927//
f 6926// 6927// 6928//
f 6928// 6927// 6929//
f 6928// 6929// 6930//
f 6930// 6929// 6931//
f 6930// 6931// 6932//
f 6932// 6931// 6933//
f 6932// 6933// 6934//
f 6935// 6936// 6933//
f 6933// 6936// 6934//
f 6936// 6935// 6937//
f 6936// 6937// 6938//
f 6938// 6937// 6939//
f 6938// 6939// 6940//
f 6940// 6939// 6941//
f 6940// 6941// 6942//
f 6942// 6941// 6943//
f 6942// 6943// 6944//
f 6944// 6943// 6945//
f 6944// 6945// 6946//
f 6946// 6945// 6947//
f 6946// 6947// 6948//
f 6949// 6950// 6947//
f 6947// 6950// 6948//
f 6950// 6949// 6951//
f 6951// 6949// 6952//
f 6951// 6952// 6953//
f 6953// 6952// 6954//
f 6953// 6954// 6955//
f 6955// 6954// 6956//
f 6955// 6956// 6957//
f 6957// 6956// 6958//
f 6957// 6958// 6959//
f 6959// 6958// 6960//
f 6959// 6960// 6961//
f 6961// 6960// 6962//
f 6961// 6962// 6963//
f 6963// 6962// 6964//
f 6963// 6964// 6965//
f 6965// 6964// 6966//
f 6965// 6966// 6967//
f 6967// 6966// 6968//
f 6967// 6968// 6969//
f 6969// 6968// 6970//
f 6969// 6970// 6971//
f 6971// 6970// 6972//
f 6971// 6972// 6973//
f 6973// 6972// 6974//
f 6973// 6974// 6975//
f 6975// 6974// 6976//
f 6975// 6976// 6977//
f 6977// 6976// 6978//
f 6979// 6980// 6978//
f 6978// 6980// 6977//
f 6980// 6979// 6981//
f 6980// 6981// 6982//
f 6982// 6981// 6983//
f 6982// 6983// 6984//
f 6984// 6983// 6985//
f 6984// 6985// 6986//
f 6986// 6985// 6987//
f 6986// 6987// 6988//
f 6988// 6987// 6989//
f 6988// 6989// 6990//
f 6990// 6989// 6991//
f 6990// 6991// 6992//
f 6993// 6994// 6991//
f 6991// 6994// 6992//
f 6994// 6993// 6995//
f 6994// 6995// 6996//
f 6996// 6995// 6997//
f 6996// 6997// 6998//
f 6998// 6997// 6999//
f 6998// 6999// 7000//
f 7000// 6999// 7001//
f 7000// 7001// 7002//
f 7002// 7001// 7003//
f 7002// 7003// 7004//
f 7004// 7003// 7005//
f 7004// 7005// 7006//
f 7007// 7008// 7005//
f 7005// 7008// 7006//
f 7008// 7007// 7009//
f 7008// 7009// 7010//
f 7010// 7009// 7011//
f 7010// 7011// 7012//
f 7012// 7011// 7013//
f 7012// 7013// 7014//
f 7014// 7013// 7015//
f 7014// 7015// 7016//
f 7016// 7015// 7017//
f 7016// 7017// 7018//
f 7018// 7017// 7019//
f 7018// 7019// 7020//
f 7020// 7019// 7021//
f 7020// 7021// 7022//
f 7023// 7024// 7021//
f 7021// 7024// 7022//
f 7024// 7023// 7025//
f 7025// 7023// 7026//
f 7025// 7026// 7027//
f 7027// 7026// 7028//
f 7027// 7028// 7029//
f 7029// 7028// 7030//
f 7029// 7030// 7031//
f 7031// 7030// 7032//
f 7031// 7032// 7033//
f 7033// 7032// 7034//
f 7033// 7034// 7035//
f 7035// 7034// 7036//
f 7035// 7036// 7037//
f 7037// 7036// 7038//
f 7039// 7040// 7038//
f 7038// 7040// 7037//
f 7039// 7041// 7040//
f 7040// 7041// 7042//
f 7043// 7044// 7041//
f 7041// 7044// 7042//
f 7044// 7043// 7045//
f 7044// 7045// 7046//
f 7046// 7045// 7047//
f 7046// 7047// 7048//
f 7048// 7047// 7049//
f 7048// 7049// 7050//
f 7050// 7049// 7051//
f 7050// 7051// 7052//
f 7052// 7051// 7053//
f 7052// 7053// 7054//
f 7054// 7053// 7055//
f 7054// 7055// 7056//
f 7057// 7058// 7055//
f 7055// 7058// 7056//
f 7058// 7057// 7059//
f 7058// 7059// 7060//
f 7060// 7059// 7061//
f 7060// 7061// 7062//
f 7062// 7061// 7063//
f 7062// 7063// 7064//
f 7064// 7063// 7065//
f 7064// 7065// 7066//
f 7066// 7065// 7067//
f 7066// 7067// 7068//
f 7068// 7067// 7069//
f 7068// 7069// 7070//
f 7071// 7072// 7069//
f 7069// 7072// 7070//
f 6904// 7072// 6885//
f 6885// 7072// 7071//
f 6885// 7071// 6865//
f 6862// 6861// 7073//
f 6863// 6862// 7074//
f 7074// 6862// 7073//
f 7074// 7073// 7075//
f 7075// 7073// 7076//
f 7075// 7076// 7077//
f 7077// 7076// 7078//
f 7077// 7078// 7079//
f 7079// 7078// 7080//
f 7079// 7080// 7081//
f 7081// 7080// 7082//
f 7081// 7082// 7083//
f 7083// 7082// 7084//
f 7083// 7084// 7085//
f 7085// 7084// 7086//
f 6906// 6905// 7086//
f 7086// 6905// 7085//
f 6910// 6912// 6959//
f 7077// 7079// 6961//
f 6961// 7079// 7081//
f 6961// 7081// 6959//
f 6959// 7081// 7083//
f 6959// 7083// 7085//
f 7085// 6905// 6959//
f 6959// 6905// 6908//
f 6959// 6908// 6910//
f 7077// 6961// 7075//
f 7075// 6961// 6963//
f 7075// 6963// 7074//
f 6950// 6951// 6920//
f 7033// 6963// 7031//
f 7031// 6963// 6965//
f 7031// 6965// 7029//
f 6951// 6953// 6920//
f 6920// 6953// 6955//
f 6920// 6955// 6918//
f 6918// 6955// 6957//
f 6918// 6957// 6916//
f 6916// 6957// 6959//
f 6916// 6959// 6914//
f 6914// 6959// 6912//
f 7072// 6904// 7058//
f 7058// 6904// 6857//
f 7058// 6857// 6963//
f 6963// 6857// 6863//
f 6963// 6863// 7074//
f 7022// 7024// 6967//
f 6967// 7024// 7025//
f 6967// 7025// 6965//
f 6965// 7025// 7027//
f 6965// 7027// 7029//
f 6969// 7010// 7012//
f 6969// 7012// 6967//
f 6967// 7012// 7014//
f 6967// 7014// 7016//
f 6946// 6948// 6936//
f 7040// 7058// 7037//
f 7037// 7058// 6963//
f 7037// 6963// 7035//
f 7035// 6963// 7033//
f 7040// 7042// 7058//
f 7058// 7042// 7044//
f 7058// 7044// 7056//
f 7056// 7044// 7054//
f 7016// 7018// 6967//
f 6967// 7018// 7020//
f 6967// 7020// 7022//
f 7010// 6969// 7008//
f 7008// 6969// 6971//
f 7008// 6971// 6973//
f 6936// 6948// 6934//
f 7066// 7068// 7058//
f 7058// 7068// 7070//
f 7058// 7070// 7072//
f 7046// 7048// 7050//
f 6936// 6938// 6940//
f 7046// 7050// 7044//
f 7044// 7050// 7052//
f 7044// 7052// 7054//
f 6982// 6984// 6992//
f 7004// 7006// 6994//
f 6994// 7006// 7008//
f 6994// 7008// 6992//
f 6950// 6920// 6948//
f 6948// 6920// 6922//
f 6948// 6922// 6934//
f 6934// 6922// 6924//
f 6934// 6924// 6926//
f 6940// 6942// 6936//
f 6936// 6942// 6944//
f 6936// 6944// 6946//
f 7066// 7058// 7064//
f 7064// 7058// 7060//
f 7064// 7060// 7062//
f 6973// 6975// 7008//
f 7008// 6975// 6977//
f 7008// 6977// 6992//
f 6992// 6977// 6980//
f 6992// 6980// 6982//
f 6928// 6930// 6926//
f 6926// 6930// 6932//
f 6926// 6932// 6934//
f 6984// 6986// 6992//
f 6992// 6986// 6988//
f 6992// 6988// 6990//
f 6994// 6996// 6998//
f 6998// 7000// 6994//
f 6994// 7000// 7002//
f 6994// 7002// 7004//
f 6913// 6911// 6960//
f 7030// 7028// 6966//
f 7076// 6964// 7078//
f 7078// 6964// 6962//
f 7078// 6962// 7080//
f 6906// 7086// 6960//
f 6960// 7086// 7084//
f 6960// 7084// 6962//
f 6962// 7084// 7082//
f 6962// 7082// 7080//
f 6911// 6909// 6960//
f 6960// 6909// 6907//
f 6960// 6907// 6906//
f 6966// 7028// 6968//
f 7028// 7026// 6968//
f 6968// 7026// 7023//
f 6968// 7023// 7021//
f 6964// 7034// 6966//
f 6966// 7034// 7032//
f 6966// 7032// 7030//
f 6913// 6960// 6915//
f 6915// 6960// 6958//
f 6915// 6958// 6917//
f 6917// 6958// 6919//
f 6919// 6958// 6956//
f 6919// 6956// 6954//
f 7021// 7019// 6968//
f 6968// 7019// 7017//
f 6968// 7017// 7015//
f 6976// 6974// 7007//
f 7007// 6974// 6972//
f 7007// 6972// 7009//
f 7009// 6972// 6970//
f 7009// 6970// 7011//
f 7011// 6970// 6968//
f 7011// 6968// 7013//
f 7013// 6968// 7015//
f 7041// 7039// 7057//
f 7057// 7039// 7038//
f 7057// 7038// 6964//
f 6964// 7038// 7036//
f 6964// 7036// 7034//
f 7076// 7073// 6964//
f 6964// 7073// 6861//
f 6964// 6861// 6823//
f 6954// 6952// 6919//
f 6919// 6952// 6949//
f 6919// 6949// 6921//
f 6921// 6949// 6947//
f 7005// 6979// 7007//
f 7007// 6979// 6978//
f 7007// 6978// 6976//
f 6943// 6935// 6945//
f 6945// 6935// 6947//
f 6947// 6935// 6921//
f 6921// 6935// 6933//
f 6921// 6933// 6923//
f 6929// 6927// 6925//
f 7001// 6993// 7003//
f 7003// 6993// 7005//
f 7005// 6993// 6979//
f 6979// 6993// 6991//
f 6979// 6991// 6981//
f 7041// 7057// 7043//
f 7043// 7057// 7055//
f 7043// 7055// 7053//
f 6823// 6865// 6964//
f 6964// 6865// 7071//
f 6964// 7071// 7057//
f 7057// 7071// 7069//
f 7057// 7069// 7067//
f 6943// 6941// 6935//
f 6935// 6941// 6939//
f 6935// 6939// 6937//
f 7001// 6999// 6993//
f 6993// 6999// 6997//
f 6993// 6997// 6995//
f 6991// 6989// 6987//
f 7047// 7045// 7049//
f 7049// 7045// 7043//
f 7049// 7043// 7051//
f 7051// 7043// 7053//
f 7067// 7065// 7057//
f 7057// 7065// 7063//
f 7057// 7063// 7059//
f 7059// 7063// 7061//
f 6923// 6933// 6925//
f 6925// 6933// 6931//
f 6925// 6931// 6929//
f 6987// 6985// 6991//
f 6991// 6985// 6983//
f 6991// 6983// 6981//
usemtl 3
f 7087// 7088// 6845//
f 6845// 7088// 6818//
f 7088// 7089// 6818//
f 6818// 7089// 6816//
f 7089// 7090// 6816//
f 6816// 7090// 6860//
f 7090// 7091// 6860//
f 6860// 7091// 6839//
f 7091// 7092// 6839//
f 6839// 7092// 6847//
f 7092// 7087// 6847//
f 6847// 7087// 6845//
f 7091// 7090// 7092//
f 7092// 7090// 7089//
f 7092// 7089// 7087//
f 7087// 7089// 7088//
f 7093// 7094// 6813//
f 6813// 7094// 6814//
f 6814// 7094// 7095//
f 7096// 6859// 6858//
f 7096// 6858// 7097//
f 7097// 6858// 6856//
f 7097// 6856// 7095//
f 7095// 6856// 6855//
f 7095// 6855// 6814//
f 7098// 6851// 6850//
f 7098// 6850// 7099//
f 7099// 6850// 6846//
f 7099// 6846// 7100//
f 7100// 6846// 6844//
f 7100// 6844// 7101//
f 7101// 6844// 6843//
f 7101// 6843// 7102//
f 7102// 6843// 6820//
f 7102// 6820// 7103//
f 7103// 6820// 6819//
f 7103// 6819// 7104//
f 7104// 6819// 7096//
f 7096// 6819// 6817//
f 7096// 6817// 6859//
f 7105// 6853// 6849//
f 7105// 6849// 7106//
f 7106// 6849// 6848//
f 7106// 6848// 7107//
f 7107// 6848// 6840//
f 7107// 6840// 7108//
f 7108// 6840// 6838//
f 7108// 6838// 7109//
f 7109// 6838// 6837//
f 7109// 6837// 7110//
f 7110// 6837// 6852//
f 7110// 6852// 7111//
f 7111// 6852// 6851//
f 7111// 6851// 7098//
f 7112// 6824// 6854//
f 7112// 6854// 7113//
f 7113// 6854// 6853//
f 7113// 6853// 7105//
f 7112// 7114// 6824//
f 6824// 7114// 6822//
f 7115// 6810// 6821//
f 7115// 6821// 7116//
f 7116// 6821// 6822//
f 7116// 6822// 7114//
f 7117// 6828// 6842//
f 7117// 6842// 7118//
f 7118// 6842// 6841//
f 7118// 6841// 7119//
f 7119// 6841// 6827//
f 7119// 6827// 7120//
f 7120// 6827// 6826//
f 7120// 6826// 7121//
f 7121// 6826// 6825//
f 7121// 6825// 7122//
f 7122// 6825// 6811//
f 7122// 6811// 7123//
f 7123// 6811// 6810//
f 7123// 6810// 7115//
f 7124// 6832// 6831//
f 7124// 6831// 7125//
f 7125// 6831// 6833//
f 7125// 6833// 7126//
f 7126// 6833// 6834//
f 7126// 6834// 7127//
f 7127// 6834// 6835//
f 7127// 6835// 7128//
f 7128// 6835// 6830//
f 7128// 6830// 7129//
f 7129// 6830// 6829//
f 7129// 6829// 7130//
f 7130// 6829// 6828//
f 7130// 6828// 7117//
f 7093// 6813// 6812//
f 7093// 6812// 7131//
f 7131// 6812// 6836//
f 7131// 6836// 7132//
f 7132// 6836// 6832//
f 7132// 6832// 7124//
f 7125// 7096// 7124//
f 7124// 7096// 7097//
f 7124// 7097// 7132//
f 7132// 7097// 7095//
f 7132// 7095// 7131//
f 7131// 7095// 7094//
f 7131// 7094// 7093//
f 7114// 7112// 7116//
f 7116// 7112// 7113//
f 7116// 7113// 7115//
f 7115// 7113// 7105//
f 7115// 7105// 7123//
f 7123// 7105// 7106//
f 7123// 7106// 7122//
f 7122// 7106// 7107//
f 7122// 7107// 7121//
f 7121// 7107// 7108//
f 7121// 7108// 7120//
f 7120// 7108// 7109//
f 7120// 7109// 7119//
f 7119// 7109// 7110//
f 7119// 7110// 7118//
f 7118// 7110// 7111//
f 7118// 7111// 7117//
f 7117// 7111// 7098//
f 7117// 7098// 7130//
f 7130// 7098// 7099//
f 7130// 7099// 7129//
f 7129// 7099// 7100//
f 7129// 7100// 7128//
f 7128// 7100// 7101//
f 7128// 7101// 7127//
f 7127// 7101// 7102//
f 7127// 7102// 7126//
f 7126// 7102// 7103//
f 7126// 7103// 7125//
f 7125// 7103// 7104//
f 7125// 7104// 7096//
f 7133// 7134// 6897//
f 6897// 7134// 6898//
f 7134// 7135// 6898//
f 6898// 7135// 6899//
f 7135// 7136// 6899//
f 6899// 7136// 6866//
f 7136// 7137// 6866//
f 6866// 7137// 6864//
f 7137// 7138// 6864//
f 6864// 7138// 6872//
f 7138// 7139// 6872//
f 6872// 7139// 6870//
f 7139// 7140// 6870//
f 6870// 7140// 6871//
f 7140// 7141// 6871//
f 6871// 7141// 6873//
f 7141// 7142// 6873//
f 6873// 7142// 6874//
f 7142// 7143// 6874//
f 6874// 7143// 6895//
f 7143// 7144// 6895//
f 6895// 7144// 6896//
f 7144// 7133// 6896//
f 6896// 7133// 6897//
f 7135// 7134// 7133//
f 7133// 7144// 7135//
f 7135// 7144// 7143//
f 7135// 7143// 7136//
f 7138// 7137// 7139//
f 7139// 7137// 7136//
f 7139// 7136// 7140//
f 7140// 7136// 7143//
f 7140// 7143// 7141//
f 7141// 7143// 7142//
f 7145// 7146// 6894//
f 6894// 7146// 6875//
f 7146// 7147// 6875//
f 6875// 7147// 6876//
f 7147// 7148// 6876//
f 6876// 7148// 6890//
f 7149// 6892// 6891//
f 7149// 6891// 7150//
f 7150// 6891// 6889//
f 7150// 6889// 7151//
f 7151// 6889// 6888//
f 7151// 6888// 7152//
f 7152// 6888// 6887//
f 7152// 6887// 7153//
f 7153// 6887// 6883//
f 7153// 6883// 7154//
f 7154// 6883// 6881//
f 7154// 6881// 7155//
f 7155// 6881// 6880//
f 7155// 6880// 7156//
f 7156// 6880// 6890//
f 7156// 6890// 7148//
f 7145// 6894// 6879//
f 7145// 6879// 7157//
f 7157// 6879// 6878//
f 7157// 6878// 7158//
f 7158// 6878// 6877//
f 7158// 6877// 7159//
f 7159// 6877// 6869//
f 7159// 6869// 7160//
f 7160// 6869// 6868//
f 7160// 6868// 7161//
f 7161// 6868// 6893//
f 7161// 6893// 7162//
f 7162// 6893// 6892//
f 7162// 6892// 7149//
f 7151// 7152// 7163//
f 7163// 7152// 7153//
f 7163// 7153// 7164//
f 7164// 7153// 7154//
f 7164// 7154// 7165//
f 7165// 7154// 7155//
f 7165// 7155// 7166//
f 7166// 7155// 7156//
f 7166// 7156// 7167//
f 7167// 7156// 7148//
f 7167// 7148// 7168//
f 7168// 7148// 7147//
f 7168// 7147// 7169//
f 7169// 7147// 7146//
f 7169// 7146// 7170//
f 7170// 7146// 7145//
f 7170// 7145// 7171//
f 7171// 7145// 7157//
f 7171// 7157// 7172//
f 7172// 7157// 7158//
f 7172// 7158// 7173//
f 7173// 7158// 7159//
f 7173// 7159// 7174//
f 7174// 7159// 7160//
f 7174// 7160// 7175//
f 7175// 7160// 7161//
f 7175// 7161// 7176//
f 7176// 7161// 7162//
f 7176// 7162// 7177//
f 7177// 7162// 7149//
f 7177// 7149// 7178//
f 7178// 7149// 7150//
f 7178// 7150// 7179//
f 7179// 7150// 7151//
f 7179// 7151// 7163//
f 7167// 7168// 7180//
f 7180// 7168// 7181//
f 7167// 7180// 7182//
f 7167// 7182// 7166//
f 7166// 7182// 7183//
f 7166// 7183// 7165//
f 7165// 7183// 7184//
f 7165// 7184// 7164//
f 7164// 7184// 7185//
f 7164// 7185// 7163//
f 7163// 7185// 7186//
f 7163// 7186// 7179//
f 7179// 7186// 7187//
f 7179// 7187// 7178//
f 7178// 7187// 7188//
f 7178// 7188// 7177//
f 7177// 7188// 7189//
f 7177// 7189// 7176//
f 7176// 7189// 7190//
f 7176// 7190// 7175//
f 7175// 7190// 7191//
f 7175// 7191// 7174//
f 7174// 7191// 7192//
f 7174// 7192// 7173//
f 7173// 7192// 7193//
f 7173// 7193// 7172//
f 7172// 7193// 7194//
f 7172// 7194// 7171//
f 7171// 7194// 7195//
f 7171// 7195// 7170//
f 7169// 7170// 7196//
f 7196// 7170// 7195//
f 7168// 7169// 7181//
f 7181// 7169// 7196//
usemtl 2
f 7181// 7196// 7180//
f 7180// 7196// 7195//
f 7180// 7195// 7194//
f 7188// 7187// 7180//
f 7180// 7187// 7186//
f 7180// 7186// 7182//
f 7194// 7193// 7180//
f 7180// 7193// 7192//
f 7180// 7192// 7191//
f 7191// 7190// 7180//
f 7180// 7190// 7189//
f 7180// 7189// 7188//
f 7185// 7184// 7186//
f 7186// 7184// 7183//
f 7186// 7183// 7182//
usemtl 3
f 7197// 7198// 6886//
f 6886// 7198// 6884//
f 7198// 7199// 6884//
f 6884// 7199// 6902//
f 7199// 7200// 6902//
f 6902// 7200// 6900//
f 7200// 7201// 6900//
f 6900// 7201// 6901//
f 7201// 7202// 6901//
f 6901// 7202// 6903//
f 7202// 7203// 6903//
f 6903// 7203// 6867//
f 7203// 7204// 6867//
f 6867// 7204// 6882//
f 7204// 7197// 6882//
f 6882// 7197// 6886//
f 7205// 7201// 7206//
f 7206// 7201// 7200//
f 7207// 7204// 7205//
f 7205// 7204// 7203//
f 7205// 7203// 7201//
f 7201// 7203// 7202//
f 7207// 7208// 7204//
f 7204// 7208// 7209//
f 7204// 7209// 7197//
f 7197// 7209// 7210//
f 7197// 7210// 7211//
f 7211// 7212// 7197//
f 7197// 7212// 7206//
f 7197// 7206// 7198//
f 7198// 7206// 7200//
f 7198// 7200// 7199//
f 7205// 7206// 7213//
f 7213// 7206// 7214//
f 7207// 7205// 7215//
f 7215// 7205// 7213//
f 7207// 7215// 7216//
f 7207// 7216// 7208//
f 7208// 7216// 7217//
f 7208// 7217// 7209//
f 7210// 7209// 7218//
f 7218// 7209// 7217//
f 7210// 7218// 7219//
f 7210// 7219// 7211//
f 7211// 7219// 7220//
f 7211// 7220// 7212//
f 7206// 7212// 7214//
f 7214// 7212// 7220//
usemtl 2
f 7213// 7214// 7215//
f 7215// 7214// 7220//
f 7215// 7220// 7216//
f 7216// 7220// 7219//
f 7216// 7219// 7217//
f 7217// 7219// 7218//
f 7221// 7222// 7223//
f 7224// 7225// 7226//
f 7227// 7228// 7229//
f 7229// 7228// 7230//
f 7229// 7230// 7231//
f 7221// 7223// 7232//
f 7232// 7223// 7224//
f 7232// 7224// 7233//
f 7233// 7224// 7234//
f 7233// 7234// 7235//
f 7222// 7236// 7223//
f 7223// 7236// 7237//
f 7223// 7237// 7238//
f 7239// 7240// 7223//
f 7223// 7240// 7241//
f 7242// 7243// 7244//
f 7244// 7243// 7245//
f 7241// 7246// 7223//
f 7223// 7246// 7245//
f 7223// 7245// 7247//
f 7247// 7245// 7243//
f 7248// 7249// 7250//
f 7250// 7249// 7251//
f 7238// 7252// 7223//
f 7223// 7252// 7253//
f 7223// 7253// 7239//
f 7231// 7254// 7229//
f 7229// 7254// 7255//
f 7229// 7255// 7256//
f 7256// 7255// 7257//
f 7256// 7257// 7258//
f 7259// 7260// 7234//
f 7257// 7261// 7258//
f 7258// 7261// 7262//
f 7258// 7262// 7250//
f 7250// 7262// 7263//
f 7250// 7263// 7248//
f 7260// 7264// 7234//
f 7234// 7264// 7265//
f 7234// 7265// 7235//
f 7225// 7266// 7226//
f 7226// 7266// 7267//
f 7226// 7267// 7268//
f 7267// 7269// 7268//
f 7268// 7269// 7270//
f 7268// 7270// 7228//
f 7251// 7259// 7250//
f 7250// 7259// 7234//
f 7250// 7234// 7271//
f 7271// 7234// 7272//
f 7271// 7272// 7227//
f 7227// 7272// 7273//
f 7227// 7273// 7228//
f 7228// 7273// 7274//
f 7228// 7274// 7268//
f 7275// 7276// 7234//
f 7224// 7226// 7234//
f 7234// 7226// 7277//
f 7234// 7277// 7275//
f 7278// 7279// 7280//
f 7281// 7282// 7283//
f 7283// 7282// 7284//
f 7285// 7286// 7284//
f 7284// 7286// 7287//
f 7284// 7287// 7283//
f 7280// 7288// 7278//
f 7278// 7288// 7289//
f 7278// 7289// 7290//
f 7291// 7292// 7293//
f 7293// 7292// 7294//
f 7295// 7296// 7297//
f 7297// 7296// 7276//
f 7297// 7276// 7293//
f 7294// 7298// 7293//
f 7293// 7298// 7299//
f 7293// 7299// 7300//
f 7291// 7293// 7301//
f 7301// 7293// 7276//
f 7301// 7276// 7287//
f 7287// 7276// 7275//
f 7287// 7275// 7283//
f 7300// 7302// 7293//
f 7293// 7302// 7303//
f 7293// 7303// 7278//
f 7278// 7303// 7304//
f 7278// 7304// 7279//
f 7226// 7305// 7286//
f 7306// 7307// 7285//
f 7285// 7307// 7308//
f 7285// 7308// 7286//
f 7286// 7308// 7309//
f 7286// 7309// 7226//
f 7226// 7309// 7310//
f 7226// 7310// 7277//
f 7311// 7312// 7313//
f 7313// 7312// 7314//
f 7313// 7314// 7226//
f 7226// 7314// 7278//
f 7226// 7278// 7305//
f 7305// 7278// 7290//
f 7295// 7313// 7296//
f 7296// 7313// 7226//
f 7296// 7226// 7315//
f 7315// 7226// 7268//
f 7316// 7317// 7318//
f 7316// 7318// 7319//
f 7319// 7318// 7320//
f 7319// 7320// 7321//
f 7321// 7320// 7322//
f 7321// 7322// 7323//
f 7323// 7322// 7324//
f 7323// 7324// 7325//
f 7325// 7324// 7326//
f 7325// 7326// 7327//
f 7327// 7326// 7328//
f 7327// 7328// 7329//
f 7329// 7328// 7330//
f 7329// 7330// 7331//
f 7332// 7333// 7330//
f 7330// 7333// 7331//
f 7333// 7332// 7334//
f 7333// 7334// 7335//
f 7335// 7334// 7336//
f 7335// 7336// 7337//
f 7337// 7336// 7338//
f 7337// 7338// 7339//
f 7339// 7338// 7340//
f 7339// 7340// 7341//
f 7341// 7340// 7342//
f 7341// 7342// 7343//
f 7343// 7342// 7344//
f 7343// 7344// 7345//
f 7346// 7347// 7344//
f 7344// 7347// 7345//
f 7347// 7346// 7348//
f 7347// 7348// 7349//
f 7349// 7348// 7350//
f 7349// 7350// 7351//
f 7351// 7350// 7352//
f 7351// 7352// 7353//
f 7353// 7352// 7354//
f 7353// 7354// 7355//
f 7355// 7354// 7356//
f 7355// 7356// 7357//
f 7357// 7356// 7358//
f 7357// 7358// 7359//
f 7360// 7361// 7358//
f 7358// 7361// 7359//
f 7361// 7360// 7362//
f 7362// 7360// 7363//
f 7362// 7363// 7364//
f 7364// 7363// 7365//
f 7364// 7365// 7366//
f 7366// 7365// 7367//
f 7366// 7367// 7368//
f 7368// 7367// 7369//
f 7368// 7369// 7370//
f 7370// 7369// 7371//
f 7370// 7371// 7372//
f 7372// 7371// 7373//
f 7372// 7373// 7374//
f 7374// 7373// 7375//
f 7374// 7375// 7376//
f 7376// 7375// 7377//
f 7376// 7377// 7378//
f 7378// 7377// 7379//
f 7378// 7379// 7380//
f 7380// 7379// 7381//
f 7380// 7381// 7382//
f 7382// 7381// 7383//
f 7382// 7383// 7384//
f 7384// 7383// 7385//
f 7384// 7385// 7386//
f 7386// 7385// 7387//
f 7386// 7387// 7388//
f 7388// 7387// 7389//
f 7390// 7391// 7389//
f 7389// 7391// 7388//
f 7391// 7390// 7392//
f 7391// 7392// 7393//
f 7393// 7392// 7394//
f 7393// 7394// 7395//
f 7395// 7394// 7396//
f 7395// 7396// 7397//
f 7397// 7396// 7398//
f 7397// 7398// 7399//
f 7399// 7398// 7400//
f 7399// 7400// 7401//
f 7401// 7400// 7402//
f 7401// 7402// 7403//
f 7404// 7405// 7402//
f 7402// 7405// 7403//
f 7405// 7404// 7406//
f 7405// 7406// 7407//
f 7407// 7406// 7408//
f 7407// 7408// 7409//
f 7409// 7408// 7410//
f 7409// 7410// 7411//
f 7411// 7410// 7412//
f 7411// 7412// 7413//
f 7413// 7412// 7414//
f 7413// 7414// 7415//
f 7415// 7414// 7416//
f 7415// 7416// 7417//
f 7418// 7419// 7416//
f 7416// 7419// 7417//
f 7419// 7418// 7420//
f 7419// 7420// 7421//
f 7421// 7420// 7422//
f 7421// 7422// 7423//
f 7423// 7422// 7424//
f 7423// 7424// 7425//
f 7425// 7424// 7426//
f 7425// 7426// 7427//
f 7427// 7426// 7428//
f 7427// 7428// 7429//
f 7429// 7428// 7430//
f 7429// 7430// 7431//
f 7431// 7430// 7432//
f 7431// 7432// 7433//
f 7434// 7435// 7432//
f 7432// 7435// 7433//
f 7435// 7434// 7436//
f 7436// 7434// 7437//
f 7436// 7437// 7438//
f 7438// 7437// 7439//
f 7438// 7439// 7440//
f 7440// 7439// 7441//
f 7440// 7441// 7442//
f 7442// 7441// 7443//
f 7442// 7443// 7444//
f 7444// 7443// 7445//
f 7444// 7445// 7446//
f 7446// 7445// 7447//
f 7446// 7447// 7448//
f 7448// 7447// 7449//
f 7450// 7451// 7449//
f 7449// 7451// 7448//
f 7450// 7452// 7451//
f 7451// 7452// 7453//
f 7454// 7455// 7452//
f 7452// 7455// 7453//
f 7455// 7454// 7456//
f 7455// 7456// 7457//
f 7457// 7456// 7458//
f 7457// 7458// 7459//
f 7459// 7458// 7460//
f 7459// 7460// 7461//
f 7461// 7460// 7462//
f 7461// 7462// 7463//
f 7463// 7462// 7464//
f 7463// 7464// 7465//
f 7465// 7464// 7466//
f 7465// 7466// 7467//
f 7468// 7469// 7466//
f 7466// 7469// 7467//
f 7469// 7468// 7470//
f 7469// 7470// 7471//
f 7471// 7470// 7472//
f 7471// 7472// 7473//
f 7473// 7472// 7474//
f 7473// 7474// 7475//
f 7475// 7474// 7476//
f 7475// 7476// 7477//
f 7477// 7476// 7478//
f 7477// 7478// 7479//
f 7479// 7478// 7480//
f 7479// 7480// 7481//
f 7482// 7483// 7480//
f 7480// 7483// 7481//
f 7315// 7483// 7296//
f 7296// 7483// 7482//
f 7296// 7482// 7276//
f 7273// 7272// 7484//
f 7274// 7273// 7485//
f 7485// 7273// 7484//
f 7485// 7484// 7486//
f 7486// 7484// 7487//
f 7486// 7487// 7488//
f 7488// 7487// 7489//
f 7488// 7489// 7490//
f 7490// 7489// 7491//
f 7490// 7491// 7492//
f 7492// 7491// 7493//
f 7492// 7493// 7494//
f 7494// 7493// 7495//
f 7494// 7495// 7496//
f 7496// 7495// 7497//
f 7317// 7316// 7497//
f 7497// 7316// 7496//
f 7321// 7323// 7370//
f 7370// 7494// 7496//
f 7268// 7274// 7374//
f 7494// 7370// 7492//
f 7492// 7370// 7372//
f 7492// 7372// 7490//
f 7496// 7316// 7370//
f 7370// 7316// 7319//
f 7370// 7319// 7321//
f 7274// 7485// 7374//
f 7374// 7485// 7486//
f 7374// 7486// 7372//
f 7372// 7486// 7488//
f 7372// 7488// 7490//
f 7361// 7362// 7331//
f 7362// 7364// 7331//
f 7331// 7364// 7366//
f 7331// 7366// 7329//
f 7329// 7366// 7368//
f 7329// 7368// 7327//
f 7327// 7368// 7370//
f 7327// 7370// 7325//
f 7325// 7370// 7323//
f 7444// 7374// 7442//
f 7442// 7374// 7376//
f 7442// 7376// 7440//
f 7378// 7436// 7376//
f 7376// 7436// 7438//
f 7376// 7438// 7440//
f 7378// 7423// 7425//
f 7423// 7378// 7421//
f 7421// 7378// 7380//
f 7421// 7380// 7419//
f 7419// 7380// 7382//
f 7419// 7382// 7384//
f 7357// 7359// 7347//
f 7477// 7479// 7469//
f 7479// 7481// 7469//
f 7469// 7481// 7483//
f 7469// 7483// 7374//
f 7374// 7483// 7315//
f 7374// 7315// 7268//
f 7451// 7469// 7448//
f 7448// 7469// 7374//
f 7448// 7374// 7446//
f 7446// 7374// 7444//
f 7431// 7433// 7378//
f 7378// 7433// 7435//
f 7378// 7435// 7436//
f 7425// 7427// 7378//
f 7378// 7427// 7429//
f 7378// 7429// 7431//
f 7347// 7359// 7345//
f 7451// 7453// 7469//
f 7469// 7453// 7455//
f 7469// 7455// 7467//
f 7467// 7455// 7465//
f 7384// 7386// 7419//
f 7419// 7386// 7388//
f 7419// 7388// 7417//
f 7417// 7388// 7405//
f 7347// 7349// 7351//
f 7477// 7469// 7475//
f 7475// 7469// 7471//
f 7475// 7471// 7473//
f 7393// 7395// 7403//
f 7361// 7331// 7359//
f 7359// 7331// 7333//
f 7359// 7333// 7345//
f 7345// 7333// 7335//
f 7345// 7335// 7337//
f 7351// 7353// 7347//
f 7347// 7353// 7355//
f 7347// 7355// 7357//
f 7457// 7459// 7461//
f 7405// 7388// 7403//
f 7403// 7388// 7391//
f 7403// 7391// 7393//
f 7411// 7405// 7409//
f 7409// 7405// 7407//
f 7411// 7413// 7405//
f 7405// 7413// 7415//
f 7405// 7415// 7417//
f 7339// 7341// 7337//
f 7337// 7341// 7343//
f 7337// 7343// 7345//
f 7457// 7461// 7455//
f 7455// 7461// 7463//
f 7455// 7463// 7465//
f 7395// 7397// 7403//
f 7403// 7397// 7399//
f 7403// 7399// 7401//
f 7317// 7497// 7371//
f 7371// 7497// 7495//
f 7371// 7495// 7373//
f 7373// 7495// 7493//
f 7493// 7491// 7373//
f 7373// 7491// 7489//
f 7373// 7489// 7375//
f 7375// 7489// 7487//
f 7375// 7487// 7484//
f 7322// 7320// 7371//
f 7371// 7320// 7318//
f 7371// 7318// 7317//
f 7369// 7367// 7330//
f 7330// 7367// 7365//
f 7389// 7387// 7418//
f 7379// 7437// 7434//
f 7330// 7328// 7369//
f 7369// 7328// 7326//
f 7369// 7326// 7371//
f 7371// 7326// 7324//
f 7371// 7324// 7322//
f 7379// 7422// 7381//
f 7381// 7422// 7420//
f 7381// 7420// 7383//
f 7383// 7420// 7418//
f 7383// 7418// 7385//
f 7385// 7418// 7387//
f 7437// 7379// 7439//
f 7439// 7379// 7377//
f 7439// 7377// 7441//
f 7434// 7432// 7379//
f 7379// 7432// 7430//
f 7379// 7430// 7428//
f 7375// 7445// 7377//
f 7377// 7445// 7443//
f 7377// 7443// 7441//
f 7392// 7390// 7402//
f 7428// 7426// 7379//
f 7379// 7426// 7424//
f 7379// 7424// 7422//
f 7452// 7450// 7468//
f 7468// 7450// 7449//
f 7468// 7449// 7375//
f 7375// 7449// 7447//
f 7375// 7447// 7445//
f 7276// 7468// 7234//
f 7234// 7468// 7375//
f 7234// 7375// 7272//
f 7272// 7375// 7484//
f 7365// 7363// 7330//
f 7330// 7363// 7360//
f 7330// 7360// 7332//
f 7332// 7360// 7358//
f 7402// 7390// 7404//
f 7276// 7482// 7468//
f 7468// 7482// 7480//
f 7468// 7480// 7478//
f 7354// 7346// 7356//
f 7356// 7346// 7358//
f 7358// 7346// 7332//
f 7332// 7346// 7344//
f 7332// 7344// 7334//
f 7340// 7338// 7336//
f 7389// 7418// 7390//
f 7390// 7418// 7416//
f 7390// 7416// 7404//
f 7404// 7416// 7414//
f 7404// 7414// 7412//
f 7412// 7410// 7404//
f 7404// 7410// 7408//
f 7404// 7408// 7406//
f 7402// 7400// 7398//
f 7452// 7468// 7454//
f 7454// 7468// 7466//
f 7454// 7466// 7464//
f 7478// 7476// 7468//
f 7468// 7476// 7474//
f 7468// 7474// 7470//
f 7470// 7474// 7472//
f 7354// 7352// 7346//
f 7346// 7352// 7350//
f 7346// 7350// 7348//
f 7398// 7396// 7402//
f 7402// 7396// 7394//
f 7402// 7394// 7392//
f 7458// 7456// 7460//
f 7460// 7456// 7454//
f 7460// 7454// 7462//
f 7462// 7454// 7464//
f 7334// 7344// 7336//
f 7336// 7344// 7342//
f 7336// 7342// 7340//
usemtl 3
f 7498// 7499// 7256//
f 7256// 7499// 7229//
f 7499// 7500// 7229//
f 7229// 7500// 7227//
f 7500// 7501// 7227//
f 7227// 7501// 7271//
f 7501// 7502// 7271//
f 7271// 7502// 7250//
f 7502// 7503// 7250//
f 7250// 7503// 7258//
f 7503// 7498// 7258//
f 7258// 7498// 7256//
f 7502// 7501// 7503//
f 7503// 7501// 7500//
f 7503// 7500// 7498//
f 7498// 7500// 7499//
f 7504// 7505// 7224//
f 7224// 7505// 7225//
f 7225// 7505// 7506//
f 7507// 7270// 7269//
f 7507// 7269// 7508//
f 7508// 7269// 7267//
f 7508// 7267// 7506//
f 7506// 7267// 7266//
f 7506// 7266// 7225//
f 7509// 7262// 7261//
f 7509// 7261// 7510//
f 7510// 7261// 7257//
f 7510// 7257// 7511//
f 7511// 7257// 7255//
f 7511// 7255// 7512//
f 7512// 7255// 7254//
f 7512// 7254// 7513//
f 7513// 7254// 7231//
f 7513// 7231// 7514//
f 7514// 7231// 7230//
f 7514// 7230// 7515//
f 7515// 7230// 7507//
f 7507// 7230// 7228//
f 7507// 7228// 7270//
f 7516// 7264// 7260//
f 7516// 7260// 7517//
f 7517// 7260// 7259//
f 7517// 7259// 7518//
f 7518// 7259// 7251//
f 7518// 7251// 7519//
f 7519// 7251// 7249//
f 7519// 7249// 7520//
f 7520// 7249// 7248//
f 7520// 7248// 7521//
f 7521// 7248// 7263//
f 7521// 7263// 7522//
f 7522// 7263// 7262//
f 7522// 7262// 7509//
f 7523// 7235// 7265//
f 7523// 7265// 7524//
f 7524// 7265// 7264//
f 7524// 7264// 7516//
f 7523// 7525// 7235//
f 7235// 7525// 7233//
f 7526// 7221// 7232//
f 7526// 7232// 7527//
f 7527// 7232// 7233//
f 7527// 7233// 7525//
f 7528// 7239// 7253//
f 7528// 7253// 7529//
f 7529// 7253// 7252//
f 7529// 7252// 7530//
f 7530// 7252// 7238//
f 7530// 7238// 7531//
f 7531// 7238// 7237//
f 7531// 7237// 7532//
f 7532// 7237// 7236//
f 7532// 7236// 7533//
f 7533// 7236// 7222//
f 7533// 7222// 7534//
f 7534// 7222// 7221//
f 7534// 7221// 7526//
f 7535// 7243// 7242//
f 7535// 7242// 7536//
f 7536// 7242// 7244//
f 7536// 7244// 7537//
f 7537// 7244// 7245//
f 7537// 7245// 7538//
f 7538// 7245// 7246//
f 7538// 7246// 7539//
f 7539// 7246// 7241//
f 7539// 7241// 7540//
f 7540// 7241// 7240//
f 7540// 7240// 7541//
f 7541// 7240// 7239//
f 7541// 7239// 7528//
f 7504// 7224// 7223//
f 7504// 7223// 7542//
f 7542// 7223// 7247//
f 7542// 7247// 7543//
f 7543// 7247// 7243//
f 7543// 7243// 7535//
f 7536// 7507// 7535//
f 7535// 7507// 7508//
f 7535// 7508// 7543//
f 7543// 7508// 7506//
f 7543// 7506// 7542//
f 7542// 7506// 7505//
f 7542// 7505// 7504//
f 7525// 7523// 7527//
f 7527// 7523// 7524//
f 7527// 7524// 7526//
f 7526// 7524// 7516//
f 7526// 7516// 7534//
f 7534// 7516// 7517//
f 7534// 7517// 7533//
f 7533// 7517// 7518//
f 7533// 7518// 7532//
f 7532// 7518// 7519//
f 7532// 7519// 7531//
f 7531// 7519// 7520//
f 7531// 7520// 7530//
f 7530// 7520// 7521//
f 7530// 7521// 7529//
f 7529// 7521// 7522//
f 7529// 7522// 7528//
f 7528// 7522// 7509//
f 7528// 7509// 7541//
f 7541// 7509// 7510//
f 7541// 7510// 7540//
f 7540// 7510// 7511//
f 7540// 7511// 7539//
f 7539// 7511// 7512//
f 7539// 7512// 7538//
f 7538// 7512// 7513//
f 7538// 7513// 7537//
f 7537// 7513// 7514//
f 7537// 7514// 7536//
f 7536// 7514// 7515//
f 7536// 7515// 7507//
f 7544// 7545// 7308//
f 7308// 7545// 7309//
f 7545// 7546// 7309//
f 7309// 7546// 7310//
f 7546// 7547// 7310//
f 7310// 7547// 7277//
f 7547// 7548// 7277//
f 7277// 7548// 7275//
f 7548// 7549// 7275//
f 7275// 7549// 7283//
f 7549// 7550// 7283//
f 7283// 7550// 7281//
f 7550// 7551// 7281//
f 7281// 7551// 7282//
f 7551// 7552// 7282//
f 7282// 7552// 7284//
f 7552// 7553// 7284//
f 7284// 7553// 7285//
f 7553// 7554// 7285//
f 7285// 7554// 7306//
f 7554// 7555// 7306//
f 7306// 7555// 7307//
f 7555// 7544// 7307//
f 7307// 7544// 7308//
f 7546// 7545// 7544//
f 7544// 7555// 7546//
f 7546// 7555// 7554//
f 7546// 7554// 7547//
f 7549// 7548// 7550//
f 7550// 7548// 7547//
f 7550// 7547// 7551//
f 7551// 7547// 7554//
f 7551// 7554// 7552//
f 7552// 7554// 7553//
f 7556// 7557// 7305//
f 7305// 7557// 7286//
f 7557// 7558// 7286//
f 7286// 7558// 7287//
f 7558// 7559// 7287//
f 7287// 7559// 7301//
f 7560// 7303// 7302//
f 7560// 7302// 7561//
f 7561// 7302// 7300//
f 7561// 7300// 7562//
f 7562// 7300// 7299//
f 7562// 7299// 7563//
f 7563// 7299// 7298//
f 7563// 7298// 7564//
f 7564// 7298// 7294//
f 7564// 7294// 7565//
f 7565// 7294// 7292//
f 7565// 7292// 7566//
f 7566// 7292// 7291//
f 7566// 7291// 7567//
f 7567// 7291// 7301//
f 7567// 7301// 7559//
f 7556// 7305// 7290//
f 7556// 7290// 7568//
f 7568// 7290// 7289//
f 7568// 7289// 7569//
f 7569// 7289// 7288//
f 7569// 7288// 7570//
f 7570// 7288// 7280//
f 7570// 7280// 7571//
f 7571// 7280// 7279//
f 7571// 7279// 7572//
f 7572// 7279// 7304//
f 7572// 7304// 7573//
f 7573// 7304// 7303//
f 7573// 7303// 7560//
f 7562// 7563// 7574//
f 7574// 7563// 7564//
f 7574// 7564// 7575//
f 7575// 7564// 7565//
f 7575// 7565// 7576//
f 7576// 7565// 7566//
f 7576// 7566// 7577//
f 7577// 7566// 7567//
f 7577// 7567// 7578//
f 7578// 7567// 7559//
f 7578// 7559// 7579//
f 7579// 7559// 7558//
f 7579// 7558// 7580//
f 7580// 7558// 7557//
f 7580// 7557// 7581//
f 7581// 7557// 7556//
f 7581// 7556// 7582//
f 7582// 7556// 7568//
f 7582// 7568// 7583//
f 7583// 7568// 7569//
f 7583// 7569// 7584//
f 7584// 7569// 7570//
f 7584// 7570// 7585//
f 7585// 7570// 7571//
f 7585// 7571// 7586//
f 7586// 7571// 7572//
f 7586// 7572// 7587//
f 7587// 7572// 7573//
f 7587// 7573// 7588//
f 7588// 7573// 7560//
f 7588// 7560// 7589//
f 7589// 7560// 7561//
f 7589// 7561// 7590//
f 7590// 7561// 7562//
f 7590// 7562// 7574//
f 7578// 7579// 7591//
f 7591// 7579// 7592//
f 7578// 7591// 7593//
f 7578// 7593// 7577//
f 7577// 7593// 7594//
f 7577// 7594// 7576//
f 7576// 7594// 7595//
f 7576// 7595// 7575//
f 7575// 7595// 7596//
f 7575// 7596// 7574//
f 7574// 7596// 7597//
f 7574// 7597// 7590//
f 7590// 7597// 7598//
f 7590// 7598// 7589//
f 7589// 7598// 7599//
f 7589// 7599// 7588//
f 7588// 7599// 7600//
f 7588// 7600// 7587//
f 7587// 7600// 7601//
f 7587// 7601// 7586//
f 7586// 7601// 7602//
f 7586// 7602// 7585//
f 7585// 7602// 7603//
f 7585// 7603// 7584//
f 7584// 7603// 7604//
f 7584// 7604// 7583//
f 7583// 7604// 7605//
f 7583// 7605// 7582//
f 7582// 7605// 7606//
f 7582// 7606// 7581//
f 7580// 7581// 7607//
f 7607// 7581// 7606//
f 7579// 7580// 7592//
f 7592// 7580// 7607//
usemtl 2
f 7592// 7607// 7591//
f 7591// 7607// 7606//
f 7591// 7606// 7605//
f 7599// 7598// 7591//
f 7591// 7598// 7597//
f 7591// 7597// 7593//
f 7605// 7604// 7591//
f 7591// 7604// 7603//
f 7591// 7603// 7602//
f 7602// 7601// 7591//
f 7591// 7601// 7600//
f 7591// 7600// 7599//
f 7596// 7595// 7597//
f 7597// 7595// 7594//
f 7597// 7594// 7593//
usemtl 3
f 7608// 7609// 7297//
f 7297// 7609// 7295//
f 7609// 7610// 7295//
f 7295// 7610// 7313//
f 7610// 7611// 7313//
f 7313// 7611// 7311//
f 7611// 7612// 7311//
f 7311// 7612// 7312//
f 7612// 7613// 7312//
f 7312// 7613// 7314//
f 7613// 7614// 7314//
f 7314// 7614// 7278//
f 7614// 7615// 7278//
f 7278// 7615// 7293//
f 7615// 7608// 7293//
f 7293// 7608// 7297//
f 7616// 7612// 7617//
f 7617// 7612// 7611//
f 7618// 7615// 7616//
f 7616// 7615// 7614//
f 7616// 7614// 7612//
f 7612// 7614// 7613//
f 7618// 7619// 7615//
f 7615// 7619// 7620//
f 7615// 7620// 7608//
f 7608// 7620// 7621//
f 7608// 7621// 7622//
f 7622// 7623// 7608//
f 7608// 7623// 7617//
f 7608// 7617// 7609//
f 7609// 7617// 7611//
f 7609// 7611// 7610//
f 7616// 7617// 7624//
f 7624// 7617// 7625//
f 7618// 7616// 7626//
f 7626// 7616// 7624//
f 7618// 7626// 7627//
f 7618// 7627// 7619//
f 7619// 7627// 7628//
f 7619// 7628// 7620//
f 7621// 7620// 7629//
f 7629// 7620// 7628//
f 7621// 7629// 7630//
f 7621// 7630// 7622//
f 7622// 7630// 7631//
f 7622// 7631// 7623//
f 7617// 7623// 7625//
f 7625// 7623// 7631//
usemtl 2
f 7624// 7625// 7626//
f 7626// 7625// 7631//
f 7626// 7631// 7627//
f 7627// 7631// 7630//
f 7627// 7630// 7628//
f 7628// 7630// 7629//
f 7632// 7633// 7634//
f 7635// 7636// 7637//
f 7638// 7639// 7640//
f 7640// 7639// 7641//
f 7640// 7641// 7642//
f 7632// 7634// 7643//
f 7643// 7634// 7635//
f 7643// 7635// 7644//
f 7644// 7635// 7645//
f 7644// 7645// 7646//
f 7633// 7647// 7634//
f 7634// 7647// 7648//
f 7634// 7648// 7649//
f 7650// 7651// 7634//
f 7634// 7651// 7652//
f 7653// 7654// 7655//
f 7655// 7654// 7656//
f 7652// 7657// 7634//
f 7634// 7657// 7656//
f 7634// 7656// 7658//
f 7658// 7656// 7654//
f 7659// 7660// 7661//
f 7661// 7660// 7662//
f 7649// 7663// 7634//
f 7634// 7663// 7664//
f 7634// 7664// 7650//
f 7642// 7665// 7640//
f 7640// 7665// 7666//
f 7640// 7666// 7667//
f 7667// 7666// 7668//
f 7667// 7668// 7669//
f 7670// 7671// 7645//
f 7668// 7672// 7669//
f 7669// 7672// 7673//
f 7669// 7673// 7661//
f 7661// 7673// 7674//
f 7661// 7674// 7659//
f 7671// 7675// 7645//
f 7645// 7675// 7676//
f 7645// 7676// 7646//
f 7636// 7677// 7637//
f 7637// 7677// 7678//
f 7637// 7678// 7679//
f 7678// 7680// 7679//
f 7679// 7680// 7681//
f 7679// 7681// 7639//
f 7662// 7670// 7661//
f 7661// 7670// 7645//
f 7661// 7645// 7682//
f 7682// 7645// 7683//
f 7682// 7683// 7638//
f 7638// 7683// 7684//
f 7638// 7684// 7639//
f 7639// 7684// 7685//
f 7639// 7685// 7679//
f 7686// 7687// 7645//
f 7635// 7637// 7645//
f 7645// 7637// 7688//
f 7645// 7688// 7686//
f 7689// 7690// 7691//
f 7692// 7693// 7694//
f 7694// 7693// 7695//
f 7696// 7697// 7695//
f 7695// 7697// 7698//
f 7695// 7698// 7694//
f 7691// 7699// 7689//
f 7689// 7699// 7700//
f 7689// 7700// 7701//
f 7702// 7703// 7704//
f 7704// 7703// 7705//
f 7706// 7707// 7708//
f 7708// 7707// 7687//
f 7708// 7687// 7704//
f 7705// 7709// 7704//
f 7704// 7709// 7710//
f 7704// 7710// 7711//
f 7702// 7704// 7712//
f 7712// 7704// 7687//
f 7712// 7687// 7698//
f 7698// 7687// 7686//
f 7698// 7686// 7694//
f 7711// 7713// 7704//
f 7704// 7713// 7714//
f 7704// 7714// 7689//
f 7689// 7714// 7715//
f 7689// 7715// 7690//
f 7637// 7716// 7697//
f 7717// 7718// 7696//
f 7696// 7718// 7719//
f 7696// 7719// 7697//
f 7697// 7719// 7720//
f 7697// 7720// 7637//
f 7637// 7720// 7721//
f 7637// 7721// 7688//
f 7722// 7723// 7724//
f 7724// 7723// 7725//
f 7724// 7725// 7637//
f 7637// 7725// 7689//
f 7637// 7689// 7716//
f 7716// 7689// 7701//
f 7706// 7724// 7707//
f 7707// 7724// 7637//
f 7707// 7637// 7726//
f 7726// 7637// 7679//
f 7727// 7728// 7729//
f 7727// 7729// 7730//
f 7730// 7729// 7731//
f 7730// 7731// 7732//
f 7732// 7731// 7733//
f 7732// 7733// 7734//
f 7734// 7733// 7735//
f 7734// 7735// 7736//
f 7736// 7735// 7737//
f 7736// 7737// 7738//
f 7738// 7737// 7739//
f 7738// 7739// 7740//
f 7740// 7739// 7741//
f 7740// 7741// 7742//
f 7743// 7744// 7741//
f 7741// 7744// 7742//
f 7744// 7743// 7745//
f 7744// 7745// 7746//
f 7746// 7745// 7747//
f 7746// 7747// 7748//
f 7748// 7747// 7749//
f 7748// 7749// 7750//
f 7750// 7749// 7751//
f 7750// 7751// 7752//
f 7752// 7751// 7753//
f 7752// 7753// 7754//
f 7754// 7753// 7755//
f 7754// 7755// 7756//
f 7757// 7758// 7755//
f 7755// 7758// 7756//
f 7758// 7757// 7759//
f 7758// 7759// 7760//
f 7760// 7759// 7761//
f 7760// 7761// 7762//
f 7762// 7761// 7763//
f 7762// 7763// 7764//
f 7764// 7763// 7765//
f 7764// 7765// 7766//
f 7766// 7765// 7767//
f 7766// 7767// 7768//
f 7768// 7767// 7769//
f 7768// 7769// 7770//
f 7771// 7772// 7769//
f 7769// 7772// 7770//
f 7772// 7771// 7773//
f 7773// 7771// 7774//
f 7773// 7774// 7775//
f 7775// 7774// 7776//
f 7775// 7776// 7777//
f 7777// 7776// 7778//
f 7777// 7778// 7779//
f 7779// 7778// 7780//
f 7779// 7780// 7781//
f 7781// 7780// 7782//
f 7781// 7782// 7783//
f 7783// 7782// 7784//
f 7783// 7784// 7785//
f 7785// 7784// 7786//
f 7785// 7786// 7787//
f 7787// 7786// 7788//
f 7787// 7788// 7789//
f 7789// 7788// 7790//
f 7789// 7790// 7791//
f 7791// 7790// 7792//
f 7791// 7792// 7793//
f 7793// 7792// 7794//
f 7793// 7794// 7795//
f 7795// 7794// 7796//
f 7795// 7796// 7797//
f 7797// 7796// 7798//
f 7797// 7798// 7799//
f 7799// 7798// 7800//
f 7801// 7802// 7800//
f 7800// 7802// 7799//
f 7802// 7801// 7803//
f 7802// 7803// 7804//
f 7804// 7803// 7805//
f 7804// 7805// 7806//
f 7806// 7805// 7807//
f 7806// 7807// 7808//
f 7808// 7807// 7809//
f 7808// 7809// 7810//
f 7810// 7809// 7811//
f 7810// 7811// 7812//
f 7812// 7811// 7813//
f 7812// 7813// 7814//
f 7815// 7816// 7813//
f 7813// 7816// 7814//
f 7816// 7815// 7817//
f 7816// 7817// 7818//
f 7818// 7817// 7819//
f 7818// 7819// 7820//
f 7820// 7819// 7821//
f 7820// 7821// 7822//
f 7822// 7821// 7823//
f 7822// 7823// 7824//
f 7824// 7823// 7825//
f 7824// 7825// 7826//
f 7826// 7825// 7827//
f 7826// 7827// 7828//
f 7829// 7830// 7827//
f 7827// 7830// 7828//
f 7830// 7829// 7831//
f 7830// 7831// 7832//
f 7832// 7831// 7833//
f 7832// 7833// 7834//
f 7834// 7833// 7835//
f 7834// 7835// 7836//
f 7836// 7835// 7837//
f 7836// 7837// 7838//
f 7838// 7837// 7839//
f 7838// 7839// 7840//
f 7840// 7839// 7841//
f 7840// 7841// 7842//
f 7842// 7841// 7843//
f 7842// 7843// 7844//
f 7845// 7846// 7843//
f 7843// 7846// 7844//
f 7846// 7845// 7847//
f 7847// 7845// 7848//
f 7847// 7848// 7849//
f 7849// 7848// 7850//
f 7849// 7850// 7851//
f 7851// 7850// 7852//
f 7851// 7852// 7853//
f 7853// 7852// 7854//
f 7853// 7854// 7855//
f 7855// 7854// 7856//
f 7855// 7856// 7857//
f 7857// 7856// 7858//
f 7857// 7858// 7859//
f 7859// 7858// 7860//
f 7861// 7862// 7860//
f 7860// 7862// 7859//
f 7861// 7863// 7862//
f 7862// 7863// 7864//
f 7865// 7866// 7863//
f 7863// 7866// 7864//
f 7866// 7865// 7867//
f 7866// 7867// 7868//
f 7868// 7867// 7869//
f 7868// 7869// 7870//
f 7870// 7869// 7871//
f 7870// 7871// 7872//
f 7872// 7871// 7873//
f 7872// 7873// 7874//
f 7874// 7873// 7875//
f 7874// 7875// 7876//
f 7876// 7875// 7877//
f 7876// 7877// 7878//
f 7879// 7880// 7877//
f 7877// 7880// 7878//
f 7880// 7879// 7881//
f 7880// 7881// 7882//
f 7882// 7881// 7883//
f 7882// 7883// 7884//
f 7884// 7883// 7885//
f 7884// 7885// 7886//
f 7886// 7885// 7887//
f 7886// 7887// 7888//
f 7888// 7887// 7889//
f 7888// 7889// 7890//
f 7890// 7889// 7891//
f 7890// 7891// 7892//
f 7893// 7894// 7891//
f 7891// 7894// 7892//
f 7726// 7894// 7707//
f 7707// 7894// 7893//
f 7707// 7893// 7687//
f 7684// 7683// 7895//
f 7685// 7684// 7896//
f 7896// 7684// 7895//
f 7896// 7895// 7897//
f 7897// 7895// 7898//
f 7897// 7898// 7899//
f 7899// 7898// 7900//
f 7899// 7900// 7901//
f 7901// 7900// 7902//
f 7901// 7902// 7903//
f 7903// 7902// 7904//
f 7903// 7904// 7905//
f 7905// 7904// 7906//
f 7905// 7906// 7907//
f 7907// 7906// 7908//
f 7728// 7727// 7908//
f 7908// 7727// 7907//
f 7851// 7853// 7787//
f 7772// 7773// 7742//
f 7770// 7772// 7758//
f 7789// 7834// 7836//
f 7834// 7789// 7832//
f 7832// 7789// 7791//
f 7832// 7791// 7830//
f 7830// 7791// 7793//
f 7830// 7793// 7795//
f 7787// 7853// 7785//
f 7785// 7853// 7855//
f 7785// 7855// 7857//
f 7836// 7838// 7789//
f 7789// 7838// 7840//
f 7789// 7840// 7842//
f 7828// 7830// 7816//
f 7816// 7830// 7814//
f 7781// 7738// 7779//
f 7779// 7738// 7740//
f 7779// 7740// 7777//
f 7777// 7740// 7742//
f 7777// 7742// 7775//
f 7775// 7742// 7773//
f 7732// 7734// 7781//
f 7781// 7734// 7736//
f 7781// 7736// 7738//
f 7899// 7783// 7897//
f 7897// 7783// 7785//
f 7897// 7785// 7896//
f 7896// 7785// 7685//
f 7789// 7847// 7787//
f 7787// 7847// 7849//
f 7787// 7849// 7851//
f 7795// 7797// 7830//
f 7830// 7797// 7799//
f 7830// 7799// 7814//
f 7814// 7799// 7802//
f 7758// 7772// 7756//
f 7756// 7772// 7742//
f 7756// 7742// 7744//
f 7899// 7901// 7783//
f 7783// 7901// 7903//
f 7783// 7903// 7781//
f 7781// 7903// 7905//
f 7781// 7905// 7907//
f 7842// 7844// 7789//
f 7789// 7844// 7846//
f 7789// 7846// 7847//
f 7806// 7808// 7810//
f 7748// 7750// 7752//
f 7907// 7727// 7781//
f 7781// 7727// 7730//
f 7781// 7730// 7732//
f 7802// 7804// 7814//
f 7814// 7804// 7806//
f 7814// 7806// 7812//
f 7812// 7806// 7810//
f 7744// 7746// 7756//
f 7756// 7746// 7748//
f 7756// 7748// 7754//
f 7754// 7748// 7752//
f 7857// 7859// 7785//
f 7785// 7859// 7880//
f 7785// 7880// 7894//
f 7822// 7816// 7820//
f 7820// 7816// 7818//
f 7822// 7824// 7816//
f 7816// 7824// 7826//
f 7816// 7826// 7828//
f 7764// 7758// 7762//
f 7762// 7758// 7760//
f 7764// 7766// 7758//
f 7758// 7766// 7768//
f 7758// 7768// 7770//
f 7894// 7726// 7785//
f 7785// 7726// 7679//
f 7785// 7679// 7685//
f 7859// 7862// 7880//
f 7880// 7862// 7864//
f 7880// 7864// 7878//
f 7878// 7864// 7866//
f 7878// 7866// 7868//
f 7888// 7890// 7880//
f 7880// 7890// 7892//
f 7880// 7892// 7894//
f 7882// 7884// 7880//
f 7880// 7884// 7886//
f 7880// 7886// 7888//
f 7868// 7870// 7872//
f 7872// 7874// 7868//
f 7868// 7874// 7876//
f 7868// 7876// 7878//
f 7902// 7900// 7784//
f 7800// 7798// 7829//
f 7776// 7774// 7741//
f 7741// 7774// 7771//
f 7782// 7737// 7735//
f 7790// 7833// 7792//
f 7792// 7833// 7831//
f 7792// 7831// 7794//
f 7794// 7831// 7829//
f 7794// 7829// 7796//
f 7796// 7829// 7798//
f 7854// 7788// 7856//
f 7856// 7788// 7786//
f 7735// 7733// 7782//
f 7782// 7733// 7731//
f 7782// 7731// 7729//
f 7737// 7782// 7739//
f 7739// 7782// 7780//
f 7739// 7780// 7741//
f 7741// 7780// 7778//
f 7741// 7778// 7776//
f 7839// 7837// 7790//
f 7790// 7837// 7835//
f 7790// 7835// 7833//
f 7854// 7852// 7788//
f 7788// 7852// 7850//
f 7788// 7850// 7790//
f 7790// 7850// 7848//
f 7790// 7848// 7845//
f 7784// 7900// 7786//
f 7786// 7900// 7898//
f 7786// 7898// 7895//
f 7771// 7757// 7741//
f 7741// 7757// 7755//
f 7741// 7755// 7743//
f 7743// 7755// 7745//
f 7829// 7815// 7800//
f 7800// 7815// 7813//
f 7800// 7813// 7801//
f 7801// 7813// 7803//
f 7845// 7843// 7790//
f 7790// 7843// 7841//
f 7790// 7841// 7839//
f 7782// 7906// 7784//
f 7784// 7906// 7904//
f 7784// 7904// 7902//
f 7729// 7728// 7782//
f 7782// 7728// 7908//
f 7782// 7908// 7906//
f 7771// 7769// 7757//
f 7757// 7769// 7767//
f 7757// 7767// 7765//
f 7765// 7763// 7757//
f 7757// 7763// 7761//
f 7757// 7761// 7759//
f 7751// 7749// 7747//
f 7829// 7827// 7815//
f 7815// 7827// 7825//
f 7815// 7825// 7823//
f 7823// 7821// 7815//
f 7815// 7821// 7819//
f 7815// 7819// 7817//
f 7809// 7807// 7805//
f 7867// 7865// 7877//
f 7877// 7865// 7863//
f 7877// 7863// 7879//
f 7863// 7861// 7879//
f 7879// 7861// 7860//
f 7879// 7860// 7786//
f 7786// 7860// 7858//
f 7786// 7858// 7856//
f 7895// 7683// 7786//
f 7786// 7683// 7645//
f 7786// 7645// 7879//
f 7879// 7645// 7687//
f 7879// 7687// 7893//
f 7745// 7755// 7747//
f 7747// 7755// 7753//
f 7747// 7753// 7751//
f 7803// 7813// 7805//
f 7805// 7813// 7811//
f 7805// 7811// 7809//
f 7875// 7873// 7871//
f 7875// 7871// 7877//
f 7877// 7871// 7869//
f 7877// 7869// 7867//
f 7893// 7891// 7879//
f 7879// 7891// 7889//
f 7879// 7889// 7887//
f 7887// 7885// 7879//
f 7879// 7885// 7883//
f 7879// 7883// 7881//
usemtl 3
f 7909// 7910// 7667//
f 7667// 7910// 7640//
f 7910// 7911// 7640//
f 7640// 7911// 7638//
f 7911// 7912// 7638//
f 7638// 7912// 7682//
f 7912// 7913// 7682//
f 7682// 7913// 7661//
f 7913// 7914// 7661//
f 7661// 7914// 7669//
f 7914// 7909// 7669//
f 7669// 7909// 7667//
f 7913// 7912// 7914//
f 7914// 7912// 7911//
f 7914// 7911// 7909//
f 7909// 7911// 7910//
f 7915// 7916// 7635//
f 7635// 7916// 7636//
f 7636// 7916// 7917//
f 7918// 7681// 7680//
f 7918// 7680// 7919//
f 7919// 7680// 7678//
f 7919// 7678// 7917//
f 7917// 7678// 7677//
f 7917// 7677// 7636//
f 7920// 7673// 7672//
f 7920// 7672// 7921//
f 7921// 7672// 7668//
f 7921// 7668// 7922//
f 7922// 7668// 7666//
f 7922// 7666// 7923//
f 7923// 7666// 7665//
f 7923// 7665// 7924//
f 7924// 7665// 7642//
f 7924// 7642// 7925//
f 7925// 7642// 7641//
f 7925// 7641// 7926//
f 7926// 7641// 7918//
f 7918// 7641// 7639//
f 7918// 7639// 7681//
f 7927// 7675// 7671//
f 7927// 7671// 7928//
f 7928// 7671// 7670//
f 7928// 7670// 7929//
f 7929// 7670// 7662//
f 7929// 7662// 7930//
f 7930// 7662// 7660//
f 7930// 7660// 7931//
f 7931// 7660// 7659//
f 7931// 7659// 7932//
f 7932// 7659// 7674//
f 7932// 7674// 7933//
f 7933// 7674// 7673//
f 7933// 7673// 7920//
f 7934// 7646// 7676//
f 7934// 7676// 7935//
f 7935// 7676// 7675//
f 7935// 7675// 7927//
f 7934// 7936// 7646//
f 7646// 7936// 7644//
f 7937// 7632// 7643//
f 7937// 7643// 7938//
f 7938// 7643// 7644//
f 7938// 7644// 7936//
f 7939// 7650// 7664//
f 7939// 7664// 7940//
f 7940// 7664// 7663//
f 7940// 7663// 7941//
f 7941// 7663// 7649//
f 7941// 7649// 7942//
f 7942// 7649// 7648//
f 7942// 7648// 7943//
f 7943// 7648// 7647//
f 7943// 7647// 7944//
f 7944// 7647// 7633//
f 7944// 7633// 7945//
f 7945// 7633// 7632//
f 7945// 7632// 7937//
f 7946// 7654// 7653//
f 7946// 7653// 7947//
f 7947// 7653// 7655//
f 7947// 7655// 7948//
f 7948// 7655// 7656//
f 7948// 7656// 7949//
f 7949// 7656// 7657//
f 7949// 7657// 7950//
f 7950// 7657// 7652//
f 7950// 7652// 7951//
f 7951// 7652// 7651//
f 7951// 7651// 7952//
f 7952// 7651// 7650//
f 7952// 7650// 7939//
f 7915// 7635// 7634//
f 7915// 7634// 7953//
f 7953// 7634// 7658//
f 7953// 7658// 7954//
f 7954// 7658// 7654//
f 7954// 7654// 7946//
f 7947// 7918// 7946//
f 7946// 7918// 7919//
f 7946// 7919// 7954//
f 7954// 7919// 7917//
f 7954// 7917// 7953//
f 7953// 7917// 7916//
f 7953// 7916// 7915//
f 7936// 7934// 7938//
f 7938// 7934// 7935//
f 7938// 7935// 7937//
f 7937// 7935// 7927//
f 7937// 7927// 7945//
f 7945// 7927// 7928//
f 7945// 7928// 7944//
f 7944// 7928// 7929//
f 7944// 7929// 7943//
f 7943// 7929// 7930//
f 7943// 7930// 7942//
f 7942// 7930// 7931//
f 7942// 7931// 7941//
f 7941// 7931// 7932//
f 7941// 7932// 7940//
f 7940// 7932// 7933//
f 7940// 7933// 7939//
f 7939// 7933// 7920//
f 7939// 7920// 7952//
f 7952// 7920// 7921//
f 7952// 7921// 7951//
f 7951// 7921// 7922//
f 7951// 7922// 7950//
f 7950// 7922// 7923//
f 7950// 7923// 7949//
f 7949// 7923// 7924//
f 7949// 7924// 7948//
f 7948// 7924// 7925//
f 7948// 7925// 7947//
f 7947// 7925// 7926//
f 7947// 7926// 7918//
f 7955// 7956// 7719//
f 7719// 7956// 7720//
f 7956// 7957// 7720//
f 7720// 7957// 7721//
f 7957// 7958// 7721//
f 7721// 7958// 7688//
f 7958// 7959// 7688//
f 7688// 7959// 7686//
f 7959// 7960// 7686//
f 7686// 7960// 7694//
f 7960// 7961// 7694//
f 7694// 7961// 7692//
f 7961// 7962// 7692//
f 7692// 7962// 7693//
f 7962// 7963// 7693//
f 7693// 7963// 7695//
f 7963// 7964// 7695//
f 7695// 7964// 7696//
f 7964// 7965// 7696//
f 7696// 7965// 7717//
f 7965// 7966// 7717//
f 7717// 7966// 7718//
f 7966// 7955// 7718//
f 7718// 7955// 7719//
f 7957// 7956// 7955//
f 7955// 7966// 7957//
f 7957// 7966// 7965//
f 7957// 7965// 7958//
f 7960// 7959// 7961//
f 7961// 7959// 7958//
f 7961// 7958// 7962//
f 7962// 7958// 7965//
f 7962// 7965// 7963//
f 7963// 7965// 7964//
f 7967// 7968// 7716//
f 7716// 7968// 7697//
f 7968// 7969// 7697//
f 7697// 7969// 7698//
f 7969// 7970// 7698//
f 7698// 7970// 7712//
f 7971// 7714// 7713//
f 7971// 7713// 7972//
f 7972// 7713// 7711//
f 7972// 7711// 7973//
f 7973// 7711// 7710//
f 7973// 7710// 7974//
f 7974// 7710// 7709//
f 7974// 7709// 7975//
f 7975// 7709// 7705//
f 7975// 7705// 7976//
f 7976// 7705// 7703//
f 7976// 7703// 7977//
f 7977// 7703// 7702//
f 7977// 7702// 7978//
f 7978// 7702// 7712//
f 7978// 7712// 7970//
f 7967// 7716// 7701//
f 7967// 7701// 7979//
f 7979// 7701// 7700//
f 7979// 7700// 7980//
f 7980// 7700// 7699//
f 7980// 7699// 7981//
f 7981// 7699// 7691//
f 7981// 7691// 7982//
f 7982// 7691// 7690//
f 7982// 7690// 7983//
f 7983// 7690// 7715//
f 7983// 7715// 7984//
f 7984// 7715// 7714//
f 7984// 7714// 7971//
f 7973// 7974// 7985//
f 7985// 7974// 7975//
f 7985// 7975// 7986//
f 7986// 7975// 7976//
f 7986// 7976// 7987//
f 7987// 7976// 7977//
f 7987// 7977// 7988//
f 7988// 7977// 7978//
f 7988// 7978// 7989//
f 7989// 7978// 7970//
f 7989// 7970// 7990//
f 7990// 7970// 7969//
f 7990// 7969// 7991//
f 7991// 7969// 7968//
f 7991// 7968// 7992//
f 7992// 7968// 7967//
f 7992// 7967// 7993//
f 7993// 7967// 7979//
f 7993// 7979// 7994//
f 7994// 7979// 7980//
f 7994// 7980// 7995//
f 7995// 7980// 7981//
f 7995// 7981// 7996//
f 7996// 7981// 7982//
f 7996// 7982// 7997//
f 7997// 7982// 7983//
f 7997// 7983// 7998//
f 7998// 7983// 7984//
f 7998// 7984// 7999//
f 7999// 7984// 7971//
f 7999// 7971// 8000//
f 8000// 7971// 7972//
f 8000// 7972// 8001//
f 8001// 7972// 7973//
f 8001// 7973// 7985//
f 7989// 7990// 8002//
f 8002// 7990// 8003//
f 7989// 8002// 8004//
f 7989// 8004// 7988//
f 7988// 8004// 8005//
f 7988// 8005// 7987//
f 7987// 8005// 8006//
f 7987// 8006// 7986//
f 7986// 8006// 8007//
f 7986// 8007// 7985//
f 7985// 8007// 8008//
f 7985// 8008// 8001//
f 8001// 8008// 8009//
f 8001// 8009// 8000//
f 8000// 8009// 8010//
f 8000// 8010// 7999//
f 7999// 8010// 8011//
f 7999// 8011// 7998//
f 7998// 8011// 8012//
f 7998// 8012// 7997//
f 7997// 8012// 8013//
f 7997// 8013// 7996//
f 7996// 8013// 8014//
f 7996// 8014// 7995//
f 7995// 8014// 8015//
f 7995// 8015// 7994//
f 7994// 8015// 8016//
f 7994// 8016// 7993//
f 7993// 8016// 8017//
f 7993// 8017// 7992//
f 7991// 7992// 8018//
f 8018// 7992// 8017//
f 7990// 7991// 8003//
f 8003// 7991// 8018//
usemtl 2
f 8003// 8018// 8002//
f 8002// 8018// 8017//
f 8002// 8017// 8016//
f 8010// 8009// 8002//
f 8002// 8009// 8008//
f 8002// 8008// 8004//
f 8016// 8015// 8002//
f 8002// 8015// 8014//
f 8002// 8014// 8013//
f 8013// 8012// 8002//
f 8002// 8012// 8011//
f 8002// 8011// 8010//
f 8007// 8006// 8008//
f 8008// 8006// 8005//
f 8008// 8005// 8004//
usemtl 3
f 8019// 8020// 7708//
f 7708// 8020// 7706//
f 8020// 8021// 7706//
f 7706// 8021// 7724//
f 8021// 8022// 7724//
f 7724// 8022// 7722//
f 8022// 8023// 7722//
f 7722// 8023// 7723//
f 8023// 8024// 7723//
f 7723// 8024// 7725//
f 8024// 8025// 7725//
f 7725// 8025// 7689//
f 8025// 8026// 7689//
f 7689// 8026// 7704//
f 8026// 8019// 7704//
f 7704// 8019// 7708//
f 8027// 8023// 8028//
f 8028// 8023// 8022//
f 8029// 8026// 8027//
f 8027// 8026// 8025//
f 8027// 8025// 8023//
f 8023// 8025// 8024//
f 8029// 8030// 8026//
f 8026// 8030// 8031//
f 8026// 8031// 8019//
f 8019// 8031// 8032//
f 8019// 8032// 8033//
f 8033// 8034// 8019//
f 8019// 8034// 8028//
f 8019// 8028// 8020//
f 8020// 8028// 8022//
f 8020// 8022// 8021//
f 8027// 8028// 8035//
f 8035// 8028// 8036//
f 8029// 8027// 8037//
f 8037// 8027// 8035//
f 8029// 8037// 8038//
f 8029// 8038// 8030//
f 8030// 8038// 8039//
f 8030// 8039// 8031//
f 8032// 8031// 8040//
f 8040// 8031// 8039//
f 8032// 8040// 8041//
f 8032// 8041// 8033//
f 8033// 8041// 8042//
f 8033// 8042// 8034//
f 8028// 8034// 8036//
f 8036// 8034// 8042//
usemtl 2
f 8035// 8036// 8037//
f 8037// 8036// 8042//
f 8037// 8042// 8038//
f 8038// 8042// 8041//
f 8038// 8041// 8039//
f 8039// 8041// 8040//
f 8043// 8044// 8045//
f 8046// 8047// 8048//
f 8049// 8050// 8051//
f 8051// 8050// 8052//
f 8051// 8052// 8053//
f 8043// 8045// 8054//
f 8054// 8045// 8046//
f 8054// 8046// 8055//
f 8055// 8046// 8056//
f 8055// 8056// 8057//
f 8044// 8058// 8045//
f 8045// 8058// 8059//
f 8045// 8059// 8060//
f 8061// 8062// 8045//
f 8045// 8062// 8063//
f 8064// 8065// 8066//
f 8066// 8065// 8067//
f 8063// 8068// 8045//
f 8045// 8068// 8067//
f 8045// 8067// 8069//
f 8069// 8067// 8065//
f 8070// 8071// 8072//
f 8072// 8071// 8073//
f 8060// 8074// 8045//
f 8045// 8074// 8075//
f 8045// 8075// 8061//
f 8053// 8076// 8051//
f 8051// 8076// 8077//
f 8051// 8077// 8078//
f 8078// 8077// 8079//
f 8078// 8079// 8080//
f 8081// 8082// 8056//
f 8079// 8083// 8080//
f 8080// 8083// 8084//
f 8080// 8084// 8072//
f 8072// 8084// 8085//
f 8072// 8085// 8070//
f 8082// 8086// 8056//
f 8056// 8086// 8087//
f 8056// 8087// 8057//
f 8047// 8088// 8048//
f 8048// 8088// 8089//
f 8048// 8089// 8090//
f 8089// 8091// 8090//
f 8090// 8091// 8092//
f 8090// 8092// 8050//
f 8073// 8081// 8072//
f 8072// 8081// 8056//
f 8072// 8056// 8093//
f 8093// 8056// 8094//
f 8093// 8094// 8049//
f 8049// 8094// 8095//
f 8049// 8095// 8050//
f 8050// 8095// 8096//
f 8050// 8096// 8090//
f 8097// 8098// 8056//
f 8046// 8048// 8056//
f 8056// 8048// 8099//
f 8056// 8099// 8097//
f 8100// 8101// 8102//
f 8103// 8104// 8105//
f 8105// 8104// 8106//
f 8107// 8108// 8106//
f 8106// 8108// 8109//
f 8106// 8109// 8105//
f 8102// 8110// 8100//
f 8100// 8110// 8111//
f 8100// 8111// 8112//
f 8113// 8114// 8115//
f 8115// 8114// 8116//
f 8117// 8118// 8119//
f 8119// 8118// 8098//
f 8119// 8098// 8115//
f 8116// 8120// 8115//
f 8115// 8120// 8121//
f 8115// 8121// 8122//
f 8113// 8115// 8123//
f 8123// 8115// 8098//
f 8123// 8098// 8109//
f 8109// 8098// 8097//
f 8109// 8097// 8105//
f 8122// 8124// 8115//
f 8115// 8124// 8125//
f 8115// 8125// 8100//
f 8100// 8125// 8126//
f 8100// 8126// 8101//
f 8048// 8127// 8108//
f 8128// 8129// 8107//
f 8107// 8129// 8130//
f 8107// 8130// 8108//
f 8108// 8130// 8131//
f 8108// 8131// 8048//
f 8048// 8131// 8132//
f 8048// 8132// 8099//
f 8133// 8134// 8135//
f 8135// 8134// 8136//
f 8135// 8136// 8048//
f 8048// 8136// 8100//
f 8048// 8100// 8127//
f 8127// 8100// 8112//
f 8117// 8135// 8118//
f 8118// 8135// 8048//
f 8118// 8048// 8137//
f 8137// 8048// 8090//
f 8138// 8139// 8140//
f 8138// 8140// 8141//
f 8141// 8140// 8142//
f 8141// 8142// 8143//
f 8143// 8142// 8144//
f 8143// 8144// 8145//
f 8145// 8144// 8146//
f 8145// 8146// 8147//
f 8147// 8146// 8148//
f 8147// 8148// 8149//
f 8149// 8148// 8150//
f 8149// 8150// 8151//
f 8151// 8150// 8152//
f 8151// 8152// 8153//
f 8154// 8155// 8152//
f 8152// 8155// 8153//
f 8155// 8154// 8156//
f 8155// 8156// 8157//
f 8157// 8156// 8158//
f 8157// 8158// 8159//
f 8159// 8158// 8160//
f 8159// 8160// 8161//
f 8161// 8160// 8162//
f 8161// 8162// 8163//
f 8163// 8162// 8164//
f 8163// 8164// 8165//
f 8165// 8164// 8166//
f 8165// 8166// 8167//
f 8168// 8169// 8166//
f 8166// 8169// 8167//
f 8169// 8168// 8170//
f 8169// 8170// 8171//
f 8171// 8170// 8172//
f 8171// 8172// 8173//
f 8173// 8172// 8174//
f 8173// 8174// 8175//
f 8175// 8174// 8176//
f 8175// 8176// 8177//
f 8177// 8176// 8178//
f 8177// 8178// 8179//
f 8179// 8178// 8180//
f 8179// 8180// 8181//
f 8182// 8183// 8180//
f 8180// 8183// 8181//
f 8183// 8182// 8184//
f 8184// 8182// 8185//
f 8184// 8185// 8186//
f 8186// 8185// 8187//
f 8186// 8187// 8188//
f 8188// 8187// 8189//
f 8188// 8189// 8190//
f 8190// 8189// 8191//
f 8190// 8191// 8192//
f 8192// 8191// 8193//
f 8192// 8193// 8194//
f 8194// 8193// 8195//
f 8194// 8195// 8196//
f 8196// 8195// 8197//
f 8196// 8197// 8198//
f 8198// 8197// 8199//
f 8198// 8199// 8200//
f 8200// 8199// 8201//
f 8200// 8201// 8202//
f 8202// 8201// 8203//
f 8202// 8203// 8204//
f 8204// 8203// 8205//
f 8204// 8205// 8206//
f 8206// 8205// 8207//
f 8206// 8207// 8208//
f 8208// 8207// 8209//
f 8208// 8209// 8210//
f 8210// 8209// 8211//
f 8212// 8213// 8211//
f 8211// 8213// 8210//
f 8213// 8212// 8214//
f 8213// 8214// 8215//
f 8215// 8214// 8216//
f 8215// 8216// 8217//
f 8217// 8216// 8218//
f 8217// 8218// 8219//
f 8219// 8218// 8220//
f 8219// 8220// 8221//
f 8221// 8220// 8222//
f 8221// 8222// 8223//
f 8223// 8222// 8224//
f 8223// 8224// 8225//
f 8226// 8227// 8224//
f 8224// 8227// 8225//
f 8227// 8226// 8228//
f 8227// 8228// 8229//
f 8229// 8228// 8230//
f 8229// 8230// 8231//
f 8231// 8230// 8232//
f 8231// 8232// 8233//
f 8233// 8232// 8234//
f 8233// 8234// 8235//
f 8235// 8234// 8236//
f 8235// 8236// 8237//
f 8237// 8236// 8238//
f 8237// 8238// 8239//
f 8240// 8241// 8238//
f 8238// 8241// 8239//
f 8241// 8240// 8242//
f 8241// 8242// 8243//
f 8243// 8242// 8244//
f 8243// 8244// 8245//
f 8245// 8244// 8246//
f 8245// 8246// 8247//
f 8247// 8246// 8248//
f 8247// 8248// 8249//
f 8249// 8248// 8250//
f 8249// 8250// 8251//
f 8251// 8250// 8252//
f 8251// 8252// 8253//
f 8253// 8252// 8254//
f 8253// 8254// 8255//
f 8256// 8257// 8254//
f 8254// 8257// 8255//
f 8257// 8256// 8258//
f 8258// 8256// 8259//
f 8258// 8259// 8260//
f 8260// 8259// 8261//
f 8260// 8261// 8262//
f 8262// 8261// 8263//
f 8262// 8263// 8264//
f 8264// 8263// 8265//
f 8264// 8265// 8266//
f 8266// 8265// 8267//
f 8266// 8267// 8268//
f 8268// 8267// 8269//
f 8268// 8269// 8270//
f 8270// 8269// 8271//
f 8272// 8273// 8271//
f 8271// 8273// 8270//
f 8272// 8274// 8273//
f 8273// 8274// 8275//
f 8276// 8277// 8274//
f 8274// 8277// 8275//
f 8277// 8276// 8278//
f 8277// 8278// 8279//
f 8279// 8278// 8280//
f 8279// 8280// 8281//
f 8281// 8280// 8282//
f 8281// 8282// 8283//
f 8283// 8282// 8284//
f 8283// 8284// 8285//
f 8285// 8284// 8286//
f 8285// 8286// 8287//
f 8287// 8286// 8288//
f 8287// 8288// 8289//
f 8290// 8291// 8288//
f 8288// 8291// 8289//
f 8291// 8290// 8292//
f 8291// 8292// 8293//
f 8293// 8292// 8294//
f 8293// 8294// 8295//
f 8295// 8294// 8296//
f 8295// 8296// 8297//
f 8297// 8296// 8298//
f 8297// 8298// 8299//
f 8299// 8298// 8300//
f 8299// 8300// 8301//
f 8301// 8300// 8302//
f 8301// 8302// 8303//
f 8304// 8305// 8302//
f 8302// 8305// 8303//
f 8137// 8305// 8118//
f 8118// 8305// 8304//
f 8118// 8304// 8098//
f 8095// 8094// 8306//
f 8096// 8095// 8307//
f 8307// 8095// 8306//
f 8307// 8306// 8308//
f 8308// 8306// 8309//
f 8308// 8309// 8310//
f 8310// 8309// 8311//
f 8310// 8311// 8312//
f 8312// 8311// 8313//
f 8312// 8313// 8314//
f 8314// 8313// 8315//
f 8314// 8315// 8316//
f 8316// 8315// 8317//
f 8316// 8317// 8318//
f 8318// 8317// 8319//
f 8139// 8138// 8319//
f 8319// 8138// 8318//
f 8262// 8264// 8198//
f 8183// 8184// 8153//
f 8181// 8183// 8169//
f 8200// 8245// 8247//
f 8245// 8200// 8243//
f 8243// 8200// 8202//
f 8243// 8202// 8241//
f 8241// 8202// 8204//
f 8241// 8204// 8206//
f 8198// 8264// 8196//
f 8196// 8264// 8266//
f 8196// 8266// 8268//
f 8247// 8249// 8200//
f 8200// 8249// 8251//
f 8200// 8251// 8253//
f 8239// 8241// 8227//
f 8227// 8241// 8225//
f 8192// 8149// 8190//
f 8190// 8149// 8151//
f 8190// 8151// 8188//
f 8188// 8151// 8153//
f 8188// 8153// 8186//
f 8186// 8153// 8184//
f 8143// 8145// 8192//
f 8192// 8145// 8147//
f 8192// 8147// 8149//
f 8310// 8194// 8308//
f 8308// 8194// 8196//
f 8308// 8196// 8307//
f 8307// 8196// 8096//
f 8200// 8258// 8198//
f 8198// 8258// 8260//
f 8198// 8260// 8262//
f 8206// 8208// 8241//
f 8241// 8208// 8210//
f 8241// 8210// 8225//
f 8225// 8210// 8213//
f 8169// 8183// 8167//
f 8167// 8183// 8153//
f 8167// 8153// 8155//
f 8310// 8312// 8194//
f 8194// 8312// 8314//
f 8194// 8314// 8192//
f 8192// 8314// 8316//
f 8192// 8316// 8318//
f 8253// 8255// 8200//
f 8200// 8255// 8257//
f 8200// 8257// 8258//
f 8217// 8219// 8221//
f 8159// 8161// 8163//
f 8318// 8138// 8192//
f 8192// 8138// 8141//
f 8192// 8141// 8143//
f 8213// 8215// 8225//
f 8225// 8215// 8217//
f 8225// 8217// 8223//
f 8223// 8217// 8221//
f 8155// 8157// 8167//
f 8167// 8157// 8159//
f 8167// 8159// 8165//
f 8165// 8159// 8163//
f 8268// 8270// 8196//
f 8196// 8270// 8291//
f 8196// 8291// 8305//
f 8233// 8227// 8231//
f 8231// 8227// 8229//
f 8233// 8235// 8227//
f 8227// 8235// 8237//
f 8227// 8237// 8239//
f 8175// 8169// 8173//
f 8173// 8169// 8171//
f 8175// 8177// 8169//
f 8169// 8177// 8179//
f 8169// 8179// 8181//
f 8305// 8137// 8196//
f 8196// 8137// 8090//
f 8196// 8090// 8096//
f 8270// 8273// 8291//
f 8291// 8273// 8275//
f 8291// 8275// 8289//
f 8289// 8275// 8277//
f 8289// 8277// 8279//
f 8299// 8301// 8291//
f 8291// 8301// 8303//
f 8291// 8303// 8305//
f 8293// 8295// 8291//
f 8291// 8295// 8297//
f 8291// 8297// 8299//
f 8279// 8281// 8283//
f 8283// 8285// 8279//
f 8279// 8285// 8287//
f 8279// 8287// 8289//
f 8313// 8311// 8195//
f 8211// 8209// 8240//
f 8187// 8185// 8152//
f 8152// 8185// 8182//
f 8193// 8148// 8146//
f 8201// 8244// 8203//
f 8203// 8244// 8242//
f 8203// 8242// 8205//
f 8205// 8242// 8240//
f 8205// 8240// 8207//
f 8207// 8240// 8209//
f 8265// 8199// 8267//
f 8267// 8199// 8197//
f 8146// 8144// 8193//
f 8193// 8144// 8142//
f 8193// 8142// 8140//
f 8148// 8193// 8150//
f 8150// 8193// 8191//
f 8150// 8191// 8152//
f 8152// 8191// 8189//
f 8152// 8189// 8187//
f 8250// 8248// 8201//
f 8201// 8248// 8246//
f 8201// 8246// 8244//
f 8265// 8263// 8199//
f 8199// 8263// 8261//
f 8199// 8261// 8201//
f 8201// 8261// 8259//
f 8201// 8259// 8256//
f 8195// 8311// 8197//
f 8197// 8311// 8309//
f 8197// 8309// 8306//
f 8182// 8168// 8152//
f 8152// 8168// 8166//
f 8152// 8166// 8154//
f 8154// 8166// 8156//
f 8240// 8226// 8211//
f 8211// 8226// 8224//
f 8211// 8224// 8212//
f 8212// 8224// 8214//
f 8256// 8254// 8201//
f 8201// 8254// 8252//
f 8201// 8252// 8250//
f 8193// 8317// 8195//
f 8195// 8317// 8315//
f 8195// 8315// 8313//
f 8140// 8139// 8193//
f 8193// 8139// 8319//
f 8193// 8319// 8317//
f 8182// 8180// 8168//
f 8168// 8180// 8178//
f 8168// 8178// 8176//
f 8176// 8174// 8168//
f 8168// 8174// 8172//
f 8168// 8172// 8170//
f 8162// 8160// 8158//
f 8240// 8238// 8226//
f 8226// 8238// 8236//
f 8226// 8236// 8234//
f 8234// 8232// 8226//
f 8226// 8232// 8230//
f 8226// 8230// 8228//
f 8220// 8218// 8216//
f 8278// 8276// 8288//
f 8288// 8276// 8274//
f 8288// 8274// 8290//
f 8274// 8272// 8290//
f 8290// 8272// 8271//
f 8290// 8271// 8197//
f 8197// 8271// 8269//
f 8197// 8269// 8267//
f 8306// 8094// 8197//
f 8197// 8094// 8056//
f 8197// 8056// 8290//
f 8290// 8056// 8098//
f 8290// 8098// 8304//
f 8156// 8166// 8158//
f 8158// 8166// 8164//
f 8158// 8164// 8162//
f 8214// 8224// 8216//
f 8216// 8224// 8222//
f 8216// 8222// 8220//
f 8286// 8284// 8282//
f 8286// 8282// 8288//
f 8288// 8282// 8280//
f 8288// 8280// 8278//
f 8304// 8302// 8290//
f 8290// 8302// 8300//
f 8290// 8300// 8298//
f 8298// 8296// 8290//
f 8290// 8296// 8294//
f 8290// 8294// 8292//
usemtl 3
f 8320// 8321// 8078//
f 8078// 8321// 8051//
f 8321// 8322// 8051//
f 8051// 8322// 8049//
f 8322// 8323// 8049//
f 8049// 8323// 8093//
f 8323// 8324// 8093//
f 8093// 8324// 8072//
f 8324// 8325// 8072//
f 8072// 8325// 8080//
f 8325// 8320// 8080//
f 8080// 8320// 8078//
f 8324// 8323// 8325//
f 8325// 8323// 8322//
f 8325// 8322// 8320//
f 8320// 8322// 8321//
f 8326// 8327// 8046//
f 8046// 8327// 8047//
f 8047// 8327// 8328//
f 8329// 8092// 8091//
f 8329// 8091// 8330//
f 8330// 8091// 8089//
f 8330// 8089// 8328//
f 8328// 8089// 8088//
f 8328// 8088// 8047//
f 8331// 8084// 8083//
f 8331// 8083// 8332//
f 8332// 8083// 8079//
f 8332// 8079// 8333//
f 8333// 8079// 8077//
f 8333// 8077// 8334//
f 8334// 8077// 8076//
f 8334// 8076// 8335//
f 8335// 8076// 8053//
f 8335// 8053// 8336//
f 8336// 8053// 8052//
f 8336// 8052// 8337//
f 8337// 8052// 8329//
f 8329// 8052// 8050//
f 8329// 8050// 8092//
f 8338// 8086// 8082//
f 8338// 8082// 8339//
f 8339// 8082// 8081//
f 8339// 8081// 8340//
f 8340// 8081// 8073//
f 8340// 8073// 8341//
f 8341// 8073// 8071//
f 8341// 8071// 8342//
f 8342// 8071// 8070//
f 8342// 8070// 8343//
f 8343// 8070// 8085//
f 8343// 8085// 8344//
f 8344// 8085// 8084//
f 8344// 8084// 8331//
f 8345// 8057// 8087//
f 8345// 8087// 8346//
f 8346// 8087// 8086//
f 8346// 8086// 8338//
f 8345// 8347// 8057//
f 8057// 8347// 8055//
f 8348// 8043// 8054//
f 8348// 8054// 8349//
f 8349// 8054// 8055//
f 8349// 8055// 8347//
f 8350// 8061// 8075//
f 8350// 8075// 8351//
f 8351// 8075// 8074//
f 8351// 8074// 8352//
f 8352// 8074// 8060//
f 8352// 8060// 8353//
f 8353// 8060// 8059//
f 8353// 8059// 8354//
f 8354// 8059// 8058//
f 8354// 8058// 8355//
f 8355// 8058// 8044//
f 8355// 8044// 8356//
f 8356// 8044// 8043//
f 8356// 8043// 8348//
f 8357// 8065// 8064//
f 8357// 8064// 8358//
f 8358// 8064// 8066//
f 8358// 8066// 8359//
f 8359// 8066// 8067//
f 8359// 8067// 8360//
f 8360// 8067// 8068//
f 8360// 8068// 8361//
f 8361// 8068// 8063//
f 8361// 8063// 8362//
f 8362// 8063// 8062//
f 8362// 8062// 8363//
f 8363// 8062// 8061//
f 8363// 8061// 8350//
f 8326// 8046// 8045//
f 8326// 8045// 8364//
f 8364// 8045// 8069//
f 8364// 8069// 8365//
f 8365// 8069// 8065//
f 8365// 8065// 8357//
f 8358// 8329// 8357//
f 8357// 8329// 8330//
f 8357// 8330// 8365//
f 8365// 8330// 8328//
f 8365// 8328// 8364//
f 8364// 8328// 8327//
f 8364// 8327// 8326//
f 8347// 8345// 8349//
f 8349// 8345// 8346//
f 8349// 8346// 8348//
f 8348// 8346// 8338//
f 8348// 8338// 8356//
f 8356// 8338// 8339//
f 8356// 8339// 8355//
f 8355// 8339// 8340//
f 8355// 8340// 8354//
f 8354// 8340// 8341//
f 8354// 8341// 8353//
f 8353// 8341// 8342//
f 8353// 8342// 8352//
f 8352// 8342// 8343//
f 8352// 8343// 8351//
f 8351// 8343// 8344//
f 8351// 8344// 8350//
f 8350// 8344// 8331//
f 8350// 8331// 8363//
f 8363// 8331// 8332//
f 8363// 8332// 8362//
f 8362// 8332// 8333//
f 8362// 8333// 8361//
f 8361// 8333// 8334//
f 8361// 8334// 8360//
f 8360// 8334// 8335//
f 8360// 8335// 8359//
f 8359// 8335// 8336//
f 8359// 8336// 8358//
f 8358// 8336// 8337//
f 8358// 8337// 8329//
f 8366// 8367// 8130//
f 8130// 8367// 8131//
f 8367// 8368// 8131//
f 8131// 8368// 8132//
f 8368// 8369// 8132//
f 8132// 8369// 8099//
f 8369// 8370// 8099//
f 8099// 8370// 8097//
f 8370// 8371// 8097//
f 8097// 8371// 8105//
f 8371// 8372// 8105//
f 8105// 8372// 8103//
f 8372// 8373// 8103//
f 8103// 8373// 8104//
f 8373// 8374// 8104//
f 8104// 8374// 8106//
f 8374// 8375// 8106//
f 8106// 8375// 8107//
f 8375// 8376// 8107//
f 8107// 8376// 8128//
f 8376// 8377// 8128//
f 8128// 8377// 8129//
f 8377// 8366// 8129//
f 8129// 8366// 8130//
f 8368// 8367// 8366//
f 8366// 8377// 8368//
f 8368// 8377// 8376//
f 8368// 8376// 8369//
f 8371// 8370// 8372//
f 8372// 8370// 8369//
f 8372// 8369// 8373//
f 8373// 8369// 8376//
f 8373// 8376// 8374//
f 8374// 8376// 8375//
f 8378// 8379// 8127//
f 8127// 8379// 8108//
f 8379// 8380// 8108//
f 8108// 8380// 8109//
f 8380// 8381// 8109//
f 8109// 8381// 8123//
f 8382// 8125// 8124//
f 8382// 8124// 8383//
f 8383// 8124// 8122//
f 8383// 8122// 8384//
f 8384// 8122// 8121//
f 8384// 8121// 8385//
f 8385// 8121// 8120//
f 8385// 8120// 8386//
f 8386// 8120// 8116//
f 8386// 8116// 8387//
f 8387// 8116// 8114//
f 8387// 8114// 8388//
f 8388// 8114// 8113//
f 8388// 8113// 8389//
f 8389// 8113// 8123//
f 8389// 8123// 8381//
f 8378// 8127// 8112//
f 8378// 8112// 8390//
f 8390// 8112// 8111//
f 8390// 8111// 8391//
f 8391// 8111// 8110//
f 8391// 8110// 8392//
f 8392// 8110// 8102//
f 8392// 8102// 8393//
f 8393// 8102// 8101//
f 8393// 8101// 8394//
f 8394// 8101// 8126//
f 8394// 8126// 8395//
f 8395// 8126// 8125//
f 8395// 8125// 8382//
f 8384// 8385// 8396//
f 8396// 8385// 8386//
f 8396// 8386// 8397//
f 8397// 8386// 8387//
f 8397// 8387// 8398//
f 8398// 8387// 8388//
f 8398// 8388// 8399//
f 8399// 8388// 8389//
f 8399// 8389// 8400//
f 8400// 8389// 8381//
f 8400// 8381// 8401//
f 8401// 8381// 8380//
f 8401// 8380// 8402//
f 8402// 8380// 8379//
f 8402// 8379// 8403//
f 8403// 8379// 8378//
f 8403// 8378// 8404//
f 8404// 8378// 8390//
f 8404// 8390// 8405//
f 8405// 8390// 8391//
f 8405// 8391// 8406//
f 8406// 8391// 8392//
f 8406// 8392// 8407//
f 8407// 8392// 8393//
f 8407// 8393// 8408//
f 8408// 8393// 8394//
f 8408// 8394// 8409//
f 8409// 8394// 8395//
f 8409// 8395// 8410//
f 8410// 8395// 8382//
f 8410// 8382// 8411//
f 8411// 8382// 8383//
f 8411// 8383// 8412//
f 8412// 8383// 8384//
f 8412// 8384// 8396//
f 8400// 8401// 8413//
f 8413// 8401// 8414//
f 8400// 8413// 8415//
f 8400// 8415// 8399//
f 8399// 8415// 8416//
f 8399// 8416// 8398//
f 8398// 8416// 8417//
f 8398// 8417// 8397//
f 8397// 8417// 8418//
f 8397// 8418// 8396//
f 8396// 8418// 8419//
f 8396// 8419// 8412//
f 8412// 8419// 8420//
f 8412// 8420// 8411//
f 8411// 8420// 8421//
f 8411// 8421// 8410//
f 8410// 8421// 8422//
f 8410// 8422// 8409//
f 8409// 8422// 8423//
f 8409// 8423// 8408//
f 8408// 8423// 8424//
f 8408// 8424// 8407//
f 8407// 8424// 8425//
f 8407// 8425// 8406//
f 8406// 8425// 8426//
f 8406// 8426// 8405//
f 8405// 8426// 8427//
f 8405// 8427// 8404//
f 8404// 8427// 8428//
f 8404// 8428// 8403//
f 8402// 8403// 8429//
f 8429// 8403// 8428//
f 8401// 8402// 8414//
f 8414// 8402// 8429//
usemtl 2
f 8414// 8429// 8413//
f 8413// 8429// 8428//
f 8413// 8428// 8427//
f 8421// 8420// 8413//
f 8413// 8420// 8419//
f 8413// 8419// 8415//
f 8427// 8426// 8413//
f 8413// 8426// 8425//
f 8413// 8425// 8424//
f 8424// 8423// 8413//
f 8413// 8423// 8422//
f 8413// 8422// 8421//
f 8418// 8417// 8419//
f 8419// 8417// 8416//
f 8419// 8416// 8415//
usemtl 3
f 8430// 8431// 8119//
f 8119// 8431// 8117//
f 8431// 8432// 8117//
f 8117// 8432// 8135//
f 8432// 8433// 8135//
f 8135// 8433// 8133//
f 8433// 8434// 8133//
f 8133// 8434// 8134//
f 8434// 8435// 8134//
f 8134// 8435// 8136//
f 8435// 8436// 8136//
f 8136// 8436// 8100//
f 8436// 8437// 8100//
f 8100// 8437// 8115//
f 8437// 8430// 8115//
f 8115// 8430// 8119//
f 8438// 8434// 8439//
f 8439// 8434// 8433//
f 8440// 8437// 8438//
f 8438// 8437// 8436//
f 8438// 8436// 8434//
f 8434// 8436// 8435//
f 8440// 8441// 8437//
f 8437// 8441// 8442//
f 8437// 8442// 8430//
f 8430// 8442// 8443//
f 8430// 8443// 8444//
f 8444// 8445// 8430//
f 8430// 8445// 8439//
f 8430// 8439// 8431//
f 8431// 8439// 8433//
f 8431// 8433// 8432//
f 8438// 8439// 8446//
f 8446// 8439// 8447//
f 8440// 8438// 8448//
f 8448// 8438// 8446//
f 8440// 8448// 8449//
f 8440// 8449// 8441//
f 8441// 8449// 8450//
f 8441// 8450// 8442//
f 8443// 8442// 8451//
f 8451// 8442// 8450//
f 8443// 8451// 8452//
f 8443// 8452// 8444//
f 8444// 8452// 8453//
f 8444// 8453// 8445//
f 8439// 8445// 8447//
f 8447// 8445// 8453//
usemtl 2
f 8446// 8447// 8448//
f 8448// 8447// 8453//
f 8448// 8453// 8449//
f 8449// 8453// 8452//
f 8449// 8452// 8450//
f 8450// 8452// 8451//
f 8454// 8455// 8456//
f 8457// 8458// 8459//
f 8460// 8461// 8462//
f 8462// 8461// 8463//
f 8462// 8463// 8464//
f 8454// 8456// 8465//
f 8465// 8456// 8457//
f 8465// 8457// 8466//
f 8466// 8457// 8467//
f 8466// 8467// 8468//
f 8455// 8469// 8456//
f 8456// 8469// 8470//
f 8456// 8470// 8471//
f 8472// 8473// 8456//
f 8456// 8473// 8474//
f 8475// 8476// 8477//
f 8477// 8476// 8478//
f 8474// 8479// 8456//
f 8456// 8479// 8478//
f 8456// 8478// 8480//
f 8480// 8478// 8476//
f 8481// 8482// 8483//
f 8483// 8482// 8484//
f 8471// 8485// 8456//
f 8456// 8485// 8486//
f 8456// 8486// 8472//
f 8464// 8487// 8462//
f 8462// 8487// 8488//
f 8462// 8488// 8489//
f 8489// 8488// 8490//
f 8489// 8490// 8491//
f 8492// 8493// 8467//
f 8490// 8494// 8491//
f 8491// 8494// 8495//
f 8491// 8495// 8483//
f 8483// 8495// 8496//
f 8483// 8496// 8481//
f 8493// 8497// 8467//
f 8467// 8497// 8498//
f 8467// 8498// 8468//
f 8458// 8499// 8459//
f 8459// 8499// 8500//
f 8459// 8500// 8501//
f 8500// 8502// 8501//
f 8501// 8502// 8503//
f 8501// 8503// 8461//
f 8484// 8492// 8483//
f 8483// 8492// 8467//
f 8483// 8467// 8504//
f 8504// 8467// 8505//
f 8504// 8505// 8460//
f 8460// 8505// 8506//
f 8460// 8506// 8461//
f 8461// 8506// 8507//
f 8461// 8507// 8501//
f 8508// 8509// 8467//
f 8457// 8459// 8467//
f 8467// 8459// 8510//
f 8467// 8510// 8508//
f 8511// 8512// 8513//
f 8514// 8515// 8516//
f 8516// 8515// 8517//
f 8518// 8519// 8517//
f 8517// 8519// 8520//
f 8517// 8520// 8516//
f 8513// 8521// 8511//
f 8511// 8521// 8522//
f 8511// 8522// 8523//
f 8524// 8525// 8526//
f 8526// 8525// 8527//
f 8528// 8529// 8530//
f 8530// 8529// 8509//
f 8530// 8509// 8526//
f 8527// 8531// 8526//
f 8526// 8531// 8532//
f 8526// 8532// 8533//
f 8524// 8526// 8534//
f 8534// 8526// 8509//
f 8534// 8509// 8520//
f 8520// 8509// 8508//
f 8520// 8508// 8516//
f 8533// 8535// 8526//
f 8526// 8535// 8536//
f 8526// 8536// 8511//
f 8511// 8536// 8537//
f 8511// 8537// 8512//
f 8459// 8538// 8519//
f 8539// 8540// 8518//
f 8518// 8540// 8541//
f 8518// 8541// 8519//
f 8519// 8541// 8542//
f 8519// 8542// 8459//
f 8459// 8542// 8543//
f 8459// 8543// 8510//
f 8544// 8545// 8546//
f 8546// 8545// 8547//
f 8546// 8547// 8459//
f 8459// 8547// 8511//
f 8459// 8511// 8538//
f 8538// 8511// 8523//
f 8528// 8546// 8529//
f 8529// 8546// 8459//
f 8529// 8459// 8548//
f 8548// 8459// 8501//
f 8549// 8550// 8551//
f 8549// 8551// 8552//
f 8552// 8551// 8553//
f 8552// 8553// 8554//
f 8554// 8553// 8555//
f 8554// 8555// 8556//
f 8556// 8555// 8557//
f 8556// 8557// 8558//
f 8558// 8557// 8559//
f 8558// 8559// 8560//
f 8560// 8559// 8561//
f 8560// 8561// 8562//
f 8562// 8561// 8563//
f 8562// 8563// 8564//
f 8565// 8566// 8563//
f 8563// 8566// 8564//
f 8566// 8565// 8567//
f 8566// 8567// 8568//
f 8568// 8567// 8569//
f 8568// 8569// 8570//
f 8570// 8569// 8571//
f 8570// 8571// 8572//
f 8572// 8571// 8573//
f 8572// 8573// 8574//
f 8574// 8573// 8575//
f 8574// 8575// 8576//
f 8576// 8575// 8577//
f 8576// 8577// 8578//
f 8579// 8580// 8577//
f 8577// 8580// 8578//
f 8580// 8579// 8581//
f 8580// 8581// 8582//
f 8582// 8581// 8583//
f 8582// 8583// 8584//
f 8584// 8583// 8585//
f 8584// 8585// 8586//
f 8586// 8585// 8587//
f 8586// 8587// 8588//
f 8588// 8587// 8589//
f 8588// 8589// 8590//
f 8590// 8589// 8591//
f 8590// 8591// 8592//
f 8593// 8594// 8591//
f 8591// 8594// 8592//
f 8594// 8593// 8595//
f 8595// 8593// 8596//
f 8595// 8596// 8597//
f 8597// 8596// 8598//
f 8597// 8598// 8599//
f 8599// 8598// 8600//
f 8599// 8600// 8601//
f 8601// 8600// 8602//
f 8601// 8602// 8603//
f 8603// 8602// 8604//
f 8603// 8604// 8605//
f 8605// 8604// 8606//
f 8605// 8606// 8607//
f 8607// 8606// 8608//
f 8607// 8608// 8609//
f 8609// 8608// 8610//
f 8609// 8610// 8611//
f 8611// 8610// 8612//
f 8611// 8612// 8613//
f 8613// 8612// 8614//
f 8613// 8614// 8615//
f 8615// 8614// 8616//
f 8615// 8616// 8617//
f 8617// 8616// 8618//
f 8617// 8618// 8619//
f 8619// 8618// 8620//
f 8619// 8620// 8621//
f 8621// 8620// 8622//
f 8623// 8624// 8622//
f 8622// 8624// 8621//
f 8624// 8623// 8625//
f 8624// 8625// 8626//
f 8626// 8625// 8627//
f 8626// 8627// 8628//
f 8628// 8627// 8629//
f 8628// 8629// 8630//
f 8630// 8629// 8631//
f 8630// 8631// 8632//
f 8632// 8631// 8633//
f 8632// 8633// 8634//
f 8634// 8633// 8635//
f 8634// 8635// 8636//
f 8637// 8638// 8635//
f 8635// 8638// 8636//
f 8638// 8637// 8639//
f 8638// 8639// 8640//
f 8640// 8639// 8641//
f 8640// 8641// 8642//
f 8642// 8641// 8643//
f 8642// 8643// 8644//
f 8644// 8643// 8645//
f 8644// 8645// 8646//
f 8646// 8645// 8647//
f 8646// 8647// 8648//
f 8648// 8647// 8649//
f 8648// 8649// 8650//
f 8651// 8652// 8649//
f 8649// 8652// 8650//
f 8652// 8651// 8653//
f 8652// 8653// 8654//
f 8654// 8653// 8655//
f 8654// 8655// 8656//
f 8656// 8655// 8657//
f 8656// 8657// 8658//
f 8658// 8657// 8659//
f 8658// 8659// 8660//
f 8660// 8659// 8661//
f 8660// 8661// 8662//
f 8662// 8661// 8663//
f 8662// 8663// 8664//
f 8664// 8663// 8665//
f 8664// 8665// 8666//
f 8667// 8668// 8665//
f 8665// 8668// 8666//
f 8668// 8667// 8669//
f 8669// 8667// 8670//
f 8669// 8670// 8671//
f 8671// 8670// 8672//
f 8671// 8672// 8673//
f 8673// 8672// 8674//
f 8673// 8674// 8675//
f 8675// 8674// 8676//
f 8675// 8676// 8677//
f 8677// 8676// 8678//
f 8677// 8678// 8679//
f 8679// 8678// 8680//
f 8679// 8680// 8681//
f 8681// 8680// 8682//
f 8683// 8684// 8682//
f 8682// 8684// 8681//
f 8683// 8685// 8684//
f 8684// 8685// 8686//
f 8687// 8688// 8685//
f 8685// 8688// 8686//
f 8688// 8687// 8689//
f 8688// 8689// 8690//
f 8690// 8689// 8691//
f 8690// 8691// 8692//
f 8692// 8691// 8693//
f 8692// 8693// 8694//
f 8694// 8693// 8695//
f 8694// 8695// 8696//
f 8696// 8695// 8697//
f 8696// 8697// 8698//
f 8698// 8697// 8699//
f 8698// 8699// 8700//
f 8701// 8702// 8699//
f 8699// 8702// 8700//
f 8702// 8701// 8703//
f 8702// 8703// 8704//
f 8704// 8703// 8705//
f 8704// 8705// 8706//
f 8706// 8705// 8707//
f 8706// 8707// 8708//
f 8708// 8707// 8709//
f 8708// 8709// 8710//
f 8710// 8709// 8711//
f 8710// 8711// 8712//
f 8712// 8711// 8713//
f 8712// 8713// 8714//
f 8715// 8716// 8713//
f 8713// 8716// 8714//
f 8548// 8716// 8529//
f 8529// 8716// 8715//
f 8529// 8715// 8509//
f 8506// 8505// 8717//
f 8507// 8506// 8718//
f 8718// 8506// 8717//
f 8718// 8717// 8719//
f 8719// 8717// 8720//
f 8719// 8720// 8721//
f 8721// 8720// 8722//
f 8721// 8722// 8723//
f 8723// 8722// 8724//
f 8723// 8724// 8725//
f 8725// 8724// 8726//
f 8725// 8726// 8727//
f 8727// 8726// 8728//
f 8727// 8728// 8729//
f 8729// 8728// 8730//
f 8550// 8549// 8730//
f 8730// 8549// 8729//
f 8673// 8675// 8609//
f 8594// 8595// 8564//
f 8592// 8594// 8580//
f 8611// 8656// 8658//
f 8656// 8611// 8654//
f 8654// 8611// 8613//
f 8654// 8613// 8652//
f 8652// 8613// 8615//
f 8652// 8615// 8617//
f 8609// 8675// 8607//
f 8607// 8675// 8677//
f 8607// 8677// 8679//
f 8658// 8660// 8611//
f 8611// 8660// 8662//
f 8611// 8662// 8664//
f 8650// 8652// 8638//
f 8638// 8652// 8636//
f 8603// 8560// 8601//
f 8601// 8560// 8562//
f 8601// 8562// 8599//
f 8599// 8562// 8564//
f 8599// 8564// 8597//
f 8597// 8564// 8595//
f 8554// 8556// 8603//
f 8603// 8556// 8558//
f 8603// 8558// 8560//
f 8721// 8605// 8719//
f 8719// 8605// 8607//
f 8719// 8607// 8718//
f 8718// 8607// 8507//
f 8611// 8669// 8609//
f 8609// 8669// 8671//
f 8609// 8671// 8673//
f 8617// 8619// 8652//
f 8652// 8619// 8621//
f 8652// 8621// 8636//
f 8636// 8621// 8624//
f 8580// 8594// 8578//
f 8578// 8594// 8564//
f 8578// 8564// 8566//
f 8721// 8723// 8605//
f 8605// 8723// 8725//
f 8605// 8725// 8603//
f 8603// 8725// 8727//
f 8603// 8727// 8729//
f 8664// 8666// 8611//
f 8611// 8666// 8668//
f 8611// 8668// 8669//
f 8628// 8630// 8632//
f 8570// 8572// 8574//
f 8729// 8549// 8603//
f 8603// 8549// 8552//
f 8603// 8552// 8554//
f 8624// 8626// 8636//
f 8636// 8626// 8628//
f 8636// 8628// 8634//
f 8634// 8628// 8632//
f 8566// 8568// 8578//
f 8578// 8568// 8570//
f 8578// 8570// 8576//
f 8576// 8570// 8574//
f 8679// 8681// 8607//
f 8607// 8681// 8702//
f 8607// 8702// 8716//
f 8644// 8638// 8642//
f 8642// 8638// 8640//
f 8644// 8646// 8638//
f 8638// 8646// 8648//
f 8638// 8648// 8650//
f 8586// 8580// 8584//
f 8584// 8580// 8582//
f 8586// 8588// 8580//
f 8580// 8588// 8590//
f 8580// 8590// 8592//
f 8716// 8548// 8607//
f 8607// 8548// 8501//
f 8607// 8501// 8507//
f 8681// 8684// 8702//
f 8702// 8684// 8686//
f 8702// 8686// 8700//
f 8700// 8686// 8688//
f 8700// 8688// 8690//
f 8710// 8712// 8702//
f 8702// 8712// 8714//
f 8702// 8714// 8716//
f 8704// 8706// 8702//
f 8702// 8706// 8708//
f 8702// 8708// 8710//
f 8690// 8692// 8694//
f 8694// 8696// 8690//
f 8690// 8696// 8698//
f 8690// 8698// 8700//
f 8724// 8722// 8606//
f 8622// 8620// 8651//
f 8598// 8596// 8563//
f 8563// 8596// 8593//
f 8604// 8559// 8557//
f 8612// 8655// 8614//
f 8614// 8655// 8653//
f 8614// 8653// 8616//
f 8616// 8653// 8651//
f 8616// 8651// 8618//
f 8618// 8651// 8620//
f 8676// 8610// 8678//
f 8678// 8610// 8608//
f 8557// 8555// 8604//
f 8604// 8555// 8553//
f 8604// 8553// 8551//
f 8559// 8604// 8561//
f 8561// 8604// 8602//
f 8561// 8602// 8563//
f 8563// 8602// 8600//
f 8563// 8600// 8598//
f 8661// 8659// 8612//
f 8612// 8659// 8657//
f 8612// 8657// 8655//
f 8676// 8674// 8610//
f 8610// 8674// 8672//
f 8610// 8672// 8612//
f 8612// 8672// 8670//
f 8612// 8670// 8667//
f 8606// 8722// 8608//
f 8608// 8722// 8720//
f 8608// 8720// 8717//
f 8593// 8579// 8563//
f 8563// 8579// 8577//
f 8563// 8577// 8565//
f 8565// 8577// 8567//
f 8651// 8637// 8622//
f 8622// 8637// 8635//
f 8622// 8635// 8623//
f 8623// 8635// 8625//
f 8667// 8665// 8612//
f 8612// 8665// 8663//
f 8612// 8663// 8661//
f 8604// 8728// 8606//
f 8606// 8728// 8726//
f 8606// 8726// 8724//
f 8551// 8550// 8604//
f 8604// 8550// 8730//
f 8604// 8730// 8728//
f 8593// 8591// 8579//
f 8579// 8591// 8589//
f 8579// 8589// 8587//
f 8587// 8585// 8579//
f 8579// 8585// 8583//
f 8579// 8583// 8581//
f 8573// 8571// 8569//
f 8651// 8649// 8637//
f 8637// 8649// 8647//
f 8637// 8647// 8645//
f 8645// 8643// 8637//
f 8637// 8643// 8641//
f 8637// 8641// 8639//
f 8631// 8629// 8627//
f 8689// 8687// 8699//
f 8699// 8687// 8685//
f 8699// 8685// 8701//
f 8685// 8683// 8701//
f 8701// 8683// 8682//
f 8701// 8682// 8608//
f 8608// 8682// 8680//
f 8608// 8680// 8678//
f 8717// 8505// 8608//
f 8608// 8505// 8467//
f 8608// 8467// 8701//
f 8701// 8467// 8509//
f 8701// 8509// 8715//
f 8567// 8577// 8569//
f 8569// 8577// 8575//
f 8569// 8575// 8573//
f 8625// 8635// 8627//
f 8627// 8635// 8633//
f 8627// 8633// 8631//
f 8697// 8695// 8693//
f 8697// 8693// 8699//
f 8699// 8693// 8691//
f 8699// 8691// 8689//
f 8715// 8713// 8701//
f 8701// 8713// 8711//
f 8701// 8711// 8709//
f 8709// 8707// 8701//
f 8701// 8707// 8705//
f 8701// 8705// 8703//
usemtl 3
f 8731// 8732// 8489//
f 8489// 8732// 8462//
f 8732// 8733// 8462//
f 8462// 8733// 8460//
f 8733// 8734// 8460//
f 8460// 8734// 8504//
f 8734// 8735// 8504//
f 8504// 8735// 8483//
f 8735// 8736// 8483//
f 8483// 8736// 8491//
f 8736// 8731// 8491//
f 8491// 8731// 8489//
f 8735// 8734// 8736//
f 8736// 8734// 8733//
f 8736// 8733// 8731//
f 8731// 8733// 8732//
f 8737// 8738// 8457//
f 8457// 8738// 8458//
f 8458// 8738// 8739//
f 8740// 8503// 8502//
f 8740// 8502// 8741//
f 8741// 8502// 8500//
f 8741// 8500// 8739//
f 8739// 8500// 8499//
f 8739// 8499// 8458//
f 8742// 8495// 8494//
f 8742// 8494// 8743//
f 8743// 8494// 8490//
f 8743// 8490// 8744//
f 8744// 8490// 8488//
f 8744// 8488// 8745//
f 8745// 8488// 8487//
f 8745// 8487// 8746//
f 8746// 8487// 8464//
f 8746// 8464// 8747//
f 8747// 8464// 8463//
f 8747// 8463// 8748//
f 8748// 8463// 8740//
f 8740// 8463// 8461//
f 8740// 8461// 8503//
f 8749// 8497// 8493//
f 8749// 8493// 8750//
f 8750// 8493// 8492//
f 8750// 8492// 8751//
f 8751// 8492// 8484//
f 8751// 8484// 8752//
f 8752// 8484// 8482//
f 8752// 8482// 8753//
f 8753// 8482// 8481//
f 8753// 8481// 8754//
f 8754// 8481// 8496//
f 8754// 8496// 8755//
f 8755// 8496// 8495//
f 8755// 8495// 8742//
f 8756// 8468// 8498//
f 8756// 8498// 8757//
f 8757// 8498// 8497//
f 8757// 8497// 8749//
f 8756// 8758// 8468//
f 8468// 8758// 8466//
f 8759// 8454// 8465//
f 8759// 8465// 8760//
f 8760// 8465// 8466//
f 8760// 8466// 8758//
f 8761// 8472// 8486//
f 8761// 8486// 8762//
f 8762// 8486// 8485//
f 8762// 8485// 8763//
f 8763// 8485// 8471//
f 8763// 8471// 8764//
f 8764// 8471// 8470//
f 8764// 8470// 8765//
f 8765// 8470// 8469//
f 8765// 8469// 8766//
f 8766// 8469// 8455//
f 8766// 8455// 8767//
f 8767// 8455// 8454//
f 8767// 8454// 8759//
f 8768// 8476// 8475//
f 8768// 8475// 8769//
f 8769// 8475// 8477//
f 8769// 8477// 8770//
f 8770// 8477// 8478//
f 8770// 8478// 8771//
f 8771// 8478// 8479//
f 8771// 8479// 8772//
f 8772// 8479// 8474//
f 8772// 8474// 8773//
f 8773// 8474// 8473//
f 8773// 8473// 8774//
f 8774// 8473// 8472//
f 8774// 8472// 8761//
f 8737// 8457// 8456//
f 8737// 8456// 8775//
f 8775// 8456// 8480//
f 8775// 8480// 8776//
f 8776// 8480// 8476//
f 8776// 8476// 8768//
f 8769// 8740// 8768//
f 8768// 8740// 8741//
f 8768// 8741// 8776//
f 8776// 8741// 8739//
f 8776// 8739// 8775//
f 8775// 8739// 8738//
f 8775// 8738// 8737//
f 8758// 8756// 8760//
f 8760// 8756// 8757//
f 8760// 8757// 8759//
f 8759// 8757// 8749//
f 8759// 8749// 8767//
f 8767// 8749// 8750//
f 8767// 8750// 8766//
f 8766// 8750// 8751//
f 8766// 8751// 8765//
f 8765// 8751// 8752//
f 8765// 8752// 8764//
f 8764// 8752// 8753//
f 8764// 8753// 8763//
f 8763// 8753// 8754//
f 8763// 8754// 8762//
f 8762// 8754// 8755//
f 8762// 8755// 8761//
f 8761// 8755// 8742//
f 8761// 8742// 8774//
f 8774// 8742// 8743//
f 8774// 8743// 8773//
f 8773// 8743// 8744//
f 8773// 8744// 8772//
f 8772// 8744// 8745//
f 8772// 8745// 8771//
f 8771// 8745// 8746//
f 8771// 8746// 8770//
f 8770// 8746// 8747//
f 8770// 8747// 8769//
f 8769// 8747// 8748//
f 8769// 8748// 8740//
f 8777// 8778// 8541//
f 8541// 8778// 8542//
f 8778// 8779// 8542//
f 8542// 8779// 8543//
f 8779// 8780// 8543//
f 8543// 8780// 8510//
f 8780// 8781// 8510//
f 8510// 8781// 8508//
f 8781// 8782// 8508//
f 8508// 8782// 8516//
f 8782// 8783// 8516//
f 8516// 8783// 8514//
f 8783// 8784// 8514//
f 8514// 8784// 8515//
f 8784// 8785// 8515//
f 8515// 8785// 8517//
f 8785// 8786// 8517//
f 8517// 8786// 8518//
f 8786// 8787// 8518//
f 8518// 8787// 8539//
f 8787// 8788// 8539//
f 8539// 8788// 8540//
f 8788// 8777// 8540//
f 8540// 8777// 8541//
f 8779// 8778// 8777//
f 8777// 8788// 8779//
f 8779// 8788// 8787//
f 8779// 8787// 8780//
f 8782// 8781// 8783//
f 8783// 8781// 8780//
f 8783// 8780// 8784//
f 8784// 8780// 8787//
f 8784// 8787// 8785//
f 8785// 8787// 8786//
f 8789// 8790// 8538//
f 8538// 8790// 8519//
f 8790// 8791// 8519//
f 8519// 8791// 8520//
f 8791// 8792// 8520//
f 8520// 8792// 8534//
f 8793// 8536// 8535//
f 8793// 8535// 8794//
f 8794// 8535// 8533//
f 8794// 8533// 8795//
f 8795// 8533// 8532//
f 8795// 8532// 8796//
f 8796// 8532// 8531//
f 8796// 8531// 8797//
f 8797// 8531// 8527//
f 8797// 8527// 8798//
f 8798// 8527// 8525//
f 8798// 8525// 8799//
f 8799// 8525// 8524//
f 8799// 8524// 8800//
f 8800// 8524// 8534//
f 8800// 8534// 8792//
f 8789// 8538// 8523//
f 8789// 8523// 8801//
f 8801// 8523// 8522//
f 8801// 8522// 8802//
f 8802// 8522// 8521//
f 8802// 8521// 8803//
f 8803// 8521// 8513//
f 8803// 8513// 8804//
f 8804// 8513// 8512//
f 8804// 8512// 8805//
f 8805// 8512// 8537//
f 8805// 8537// 8806//
f 8806// 8537// 8536//
f 8806// 8536// 8793//
f 8795// 8796// 8807//
f 8807// 8796// 8797//
f 8807// 8797// 8808//
f 8808// 8797// 8798//
f 8808// 8798// 8809//
f 8809// 8798// 8799//
f 8809// 8799// 8810//
f 8810// 8799// 8800//
f 8810// 8800// 8811//
f 8811// 8800// 8792//
f 8811// 8792// 8812//
f 8812// 8792// 8791//
f 8812// 8791// 8813//
f 8813// 8791// 8790//
f 8813// 8790// 8814//
f 8814// 8790// 8789//
f 8814// 8789// 8815//
f 8815// 8789// 8801//
f 8815// 8801// 8816//
f 8816// 8801// 8802//
f 8816// 8802// 8817//
f 8817// 8802// 8803//
f 8817// 8803// 8818//
f 8818// 8803// 8804//
f 8818// 8804// 8819//
f 8819// 8804// 8805//
f 8819// 8805// 8820//
f 8820// 8805// 8806//
f 8820// 8806// 8821//
f 8821// 8806// 8793//
f 8821// 8793// 8822//
f 8822// 8793// 8794//
f 8822// 8794// 8823//
f 8823// 8794// 8795//
f 8823// 8795// 8807//
f 8811// 8812// 8824//
f 8824// 8812// 8825//
f 8811// 8824// 8826//
f 8811// 8826// 8810//
f 8810// 8826// 8827//
f 8810// 8827// 8809//
f 8809// 8827// 8828//
f 8809// 8828// 8808//
f 8808// 8828// 8829//
f 8808// 8829// 8807//
f 8807// 8829// 8830//
f 8807// 8830// 8823//
f 8823// 8830// 8831//
f 8823// 8831// 8822//
f 8822// 8831// 8832//
f 8822// 8832// 8821//
f 8821// 8832// 8833//
f 8821// 8833// 8820//
f 8820// 8833// 8834//
f 8820// 8834// 8819//
f 8819// 8834// 8835//
f 8819// 8835// 8818//
f 8818// 8835// 8836//
f 8818// 8836// 8817//
f 8817// 8836// 8837//
f 8817// 8837// 8816//
f 8816// 8837// 8838//
f 8816// 8838// 8815//
f 8815// 8838// 8839//
f 8815// 8839// 8814//
f 8813// 8814// 8840//
f 8840// 8814// 8839//
f 8812// 8813// 8825//
f 8825// 8813// 8840//
usemtl 2
f 8825// 8840// 8824//
f 8824// 8840// 8839//
f 8824// 8839// 8838//
f 8832// 8831// 8824//
f 8824// 8831// 8830//
f 8824// 8830// 8826//
f 8838// 8837// 8824//
f 8824// 8837// 8836//
f 8824// 8836// 8835//
f 8835// 8834// 8824//
f 8824// 8834// 8833//
f 8824// 8833// 8832//
f 8829// 8828// 8830//
f 8830// 8828// 8827//
f 8830// 8827// 8826//
usemtl 3
f 8841// 8842// 8530//
f 8530// 8842// 8528//
f 8842// 8843// 8528//
f 8528// 8843// 8546//
f 8843// 8844// 8546//
f 8546// 8844// 8544//
f 8844// 8845// 8544//
f 8544// 8845// 8545//
f 8845// 8846// 8545//
f 8545// 8846// 8547//
f 8846// 8847// 8547//
f 8547// 8847// 8511//
f 8847// 8848// 8511//
f 8511// 8848// 8526//
f 8848// 8841// 8526//
f 8526// 8841// 8530//
f 8849// 8845// 8850//
f 8850// 8845// 8844//
f 8851// 8848// 8849//
f 8849// 8848// 8847//
f 8849// 8847// 8845//
f 8845// 8847// 8846//
f 8851// 8852// 8848//
f 8848// 8852// 8853//
f 8848// 8853// 8841//
f 8841// 8853// 8854//
f 8841// 8854// 8855//
f 8855// 8856// 8841//
f 8841// 8856// 8850//
f 8841// 8850// 8842//
f 8842// 8850// 8844//
f 8842// 8844// 8843//
f 8849// 8850// 8857//
f 8857// 8850// 8858//
f 8851// 8849// 8859//
f 8859// 8849// 8857//
f 8851// 8859// 8860//
f 8851// 8860// 8852//
f 8852// 8860// 8861//
f 8852// 8861// 8853//
f 8854// 8853// 8862//
f 8862// 8853// 8861//
f 8854// 8862// 8863//
f 8854// 8863// 8855//
f 8855// 8863// 8864//
f 8855// 8864// 8856//
f 8850// 8856// 8858//
f 8858// 8856// 8864//
usemtl 2
f 8857// 8858// 8859//
f 8859// 8858// 8864//
f 8859// 8864// 8860//
f 8860// 8864// 8863//
f 8860// 8863// 8861//
f 8861// 8863// 8862//
