v 10.16 1.31057 12.3
v 9.90118 1.27649 8.0
v 9.90118 1.27649 12.3
newmtl 1
Ka 1.0 1.0 1.0
Kd 0.6470588235294118 0.6196078431372549 0.5843137254901961
Ks 0.7529411764705882 0.7529411764705882 0.7529411764705882
d 1.0
endmtl
v 9.66 1.17659 12.3
v 9.66 1.17659 8.0
v 9.45289 1.01767 12.3
v 9.45289 1.01767 8.0
v 9.29397 0.810566 8.0
v 9.29397 0.810566 12.3
v 10.16 1.31057 8.0
v 9.16 0.310566 8.0
v 9.19407 0.569385 12.3
v 9.19407 0.569385 8.0
v 9.16 0.310566 12.3
v 10.4188 1.27649 12.3
v 10.66 1.17659 12.3
v 10.4188 1.27649 8.0
v 10.66 1.17659 8.0
v 10.8671 1.01767 12.3
v 11.026 0.810566 12.3
v 10.8671 1.01767 8.0
v 11.1259 0.569385 12.3
v 11.026 0.810566 8.0
v 11.1259 0.569385 8.0
v 11.16 0.310566 12.3
v 11.16 0.310566 8.0
v 9.80647 2.08788 12.3879
v 9.44164 2.04485 12.4852
v 9.79378 2.15166 12.4852
v 12.0011 0.676783 12.4852
v 11.8943 1.02892 12.4852
v 11.9154 1.03766 12.6
v 9.2073 1.73637 12.3228
v 9.50377 1.89485 12.3228
v 9.54689 1.78833 12.3
v 9.46653 1.98477 12.3879
v 9.1171 1.87137 12.4852
v 9.15323 1.8173 12.3879
v 8.83264 1.63792 12.4852
v 9.02813 1.44131 12.3
v 8.73419 1.26326 12.3228
v 8.94744 1.52312 12.3228
v 9.27041 1.64035 12.3
v 8.87862 1.59194 12.3879
v 8.5992 1.35346 12.4852
v 8.26 0.310565 12.6
v 8.29651 0.681238 12.6
v 8.3189 0.676783 12.4852
v 8.47814 0.645108 12.3228
v 8.38269 0.664096 12.3879
v 8.57573 0.966792 12.3228
v 8.40464 1.03766 12.6
v 8.42573 1.02892 12.4852
v 8.48582 1.00404 12.3879
v 8.65327 1.31733 12.3879
v 8.59077 0.62286 12.3
v 8.4452 0.310567 12.3228
v 8.34787 0.310567 12.3879
v 9.82546 1.99242 12.3228
v 9.84695 1.87956 12.3
v 10.16 2.18772 12.4852
v 10.16 2.12269 12.3879
v 8.56 0.310566 12.3
v 10.5135 2.08788 12.3879
v 10.5262 2.15166 12.4852
v 10.1591 1.91049 12.3
v 10.8784 2.04485 12.4852
v 10.8535 1.98477 12.3879
v 10.4713 1.87993 12.3
v 10.16 2.02536 12.3228
v 11.2029 1.87137 12.4852
v 11.1668 1.8173 12.3879
v 11.2909 1.44233 12.3
v 11.1127 1.73637 12.3228
v 11.3726 1.52312 12.3228
v 11.4414 1.59194 12.3879
v 11.4874 1.63792 12.4852
v 11.5858 1.26326 12.3228
v 11.4901 1.19984 12.3
v 11.6667 1.31733 12.3879
v 11.7208 1.35346 12.4852
v 11.7443 0.966792 12.3228
v 11.6381 0.923135 12.3
v 11.8342 1.00404 12.3879
v 11.9721 0.310567 12.3879
v 11.9373 0.664096 12.3879
v 12.0372 0.310567 12.4852
v 12.0235 0.681238 12.6
v 12.06 0.310565 12.6
v 11.7292 0.62286 12.3
v 11.8419 0.645108 12.3228
v 11.8748 0.310567 12.3228
v 11.76 0.310566 12.3
v 11.7398 1.36615 12.6
v 11.0483 1.64127 12.3
v 11.5035 1.65407 12.6
v 10.7715 1.78903 12.3
v 10.8162 1.89485 12.3228
v 11.2156 1.89036 12.6
v 10.4945 1.99242 12.3228
v 10.8871 2.06595 12.6
v 10.5307 2.17406 12.6
v 10.16 2.21055 12.6
v 9.78933 2.17406 12.6
v 9.4329 2.06595 12.6
v 9.10442 1.89036 12.6
v 8.81649 1.65407 12.6
v 8.82935 1.19887 12.3
v 8.58021 1.36615 12.6
v 8.68167 0.922375 12.3
v 8.28284 0.310567 12.4852
v 9.44079 2.06921 13.2
v 9.11513 1.89744 13.2
v 8.82868 1.66609 13.2
v 8.5922 1.38387 13.2
v 8.41461 1.06132 13.2
v 8.30258 0.710566 13.2
v 8.30258 0.710566 13.0
v 8.27895 0.578237 13.0
v 8.26474 0.444652 13.0
v 8.26 0.310565 13.0
v 9.79349 2.17491 13.2
v 10.5265 2.17491 13.2
v 10.16 2.21057 13.2
v 10.8792 2.06921 13.2
v 11.2049 1.89744 13.2
v 11.4913 1.66609 13.2
v 11.7278 1.38387 13.2
v 11.9054 1.06132 13.2
v 12.0174 0.710566 13.2
v 12.0174 0.710566 13.0
v 12.041 0.578237 13.0
v 12.0552 0.444904 13.0
v 12.06 0.310565 13.0
v 11.96 -2.13943 1.8
v 11.26 -2.13943 6.2
v 11.26 -2.13943 2.8
v 9.06 -2.13943 6.2
v 8.36 -2.13943 7.7
v 8.36 -2.13943 1.8
v 9.06 -2.13943 2.8
v 11.96 -2.13943 7.7
v 11.96 2.76057 1.8
v 11.26 2.76057 2.8
v 11.26 2.76057 6.2
v 9.06 2.76057 2.8
v 8.36 2.76057 1.8
v 8.36 2.76057 7.7
v 9.06 2.76057 6.2
v 11.96 2.76057 7.7
v 8.92307 -0.0894339 13.8
v 9.02329 -0.320211 13.8
v 11.2967 -0.320211 13.8
v 10.9755 -0.701697 13.8
v 11.1549 -0.525984 13.8
v 9.16609 -0.527283 13.8
v 10.2858 -0.983339 13.8
v 10.5327 -0.93487 13.8
v 9.78865 -0.935177 13.8
v 10.7655 -0.839759 13.8
v 9.34599 -0.702914 13.8
v 9.55616 -0.840573 13.8
v 10.0347 -0.983339 13.8
v 11.3969 -0.0894339 13.8
v 8.84926 -1.02401 13.3854
v 8.61643 -0.746146 13.3854
v 8.82864 -1.04499 13.2
v 8.59219 -0.762738 13.2
v 8.51987 -0.394913 13.5527
v 8.42434 -0.0894339 13.5578
v 8.44158 -0.428587 13.3854
v 8.33462 -0.0894339 13.3887
v 8.3026 -0.0894179 13.2
v 8.41462 -0.440181 13.2
v 11.318 -0.868507 13.6854
v 11.6332 -0.698004 13.5527
v 11.5237 -0.62302 13.6854
v 8.79628 -0.62302 13.6854
v 9.00198 -0.868507 13.6854
v 8.9343 -0.528535 13.7706
v 9.34313 -0.930043 13.7706
v 9.25114 -1.06974 13.6854
v 9.53441 -1.21915 13.6854
v 9.11918 -0.749177 13.7706
v 10.16 -1.34211 13.6854
v 10.4788 -1.31109 13.6854
v 10.16 -1.17484 13.7706
v 10.16 -1.56007 13.3854
v 9.79915 -1.52497 13.3854
v 10.16 -1.58942 13.2
v 11.5245 -0.276372 13.7706
v 11.7278 -0.762738 13.2
v 11.9054 -0.440181 13.2
v 11.7036 -0.746146 13.3854
v 10.9769 -0.930043 13.7706
v 11.0689 -1.06974 13.6854
v 11.3857 -0.528535 13.7706
v 11.2008 -0.749177 13.7706
v 11.8784 -0.428587 13.3854
v 11.9856 -0.0894339 13.3882
v 11.8001 -0.394913 13.5527
v 12.0174 -0.0894179 13.2
v 11.4707 -1.02401 13.3854
v 11.1887 -1.25178 13.3854
v 11.4914 -1.04499 13.2
v 10.7223 -1.06434 13.7706
v 10.7856 -1.21915 13.6854
v 10.5208 -1.52497 13.3854
v 10.8792 -1.44808 13.2
v 10.8681 -1.4209 13.3854
v 10.4465 -1.14697 13.7706
v 9.8412 -1.31109 13.6854
v 9.87346 -1.14697 13.7706
v 11.2049 -1.27632 13.2
v 10.5265 -1.55376 13.2
v 9.59773 -1.06434 13.7706
v 9.13128 -1.25178 13.3854
v 9.11511 -1.27632 13.2
v 9.79353 -1.55376 13.2
v 9.44082 -1.44808 13.2
v 9.45191 -1.4209 13.3854
v 8.79546 -0.276372 13.7706
v 8.64181 -0.342463 13.6854
v 8.56202 -0.0894339 13.689
v 8.73405 -0.0894339 13.7714
v 8.68675 -0.698004 13.5527
v 8.90897 -0.963208 13.5527
v 9.17815 -1.1806 13.5527
v 9.48417 -1.34202 13.5527
v 9.81559 -1.44134 13.5527
v 10.16 -1.47484 13.5527
v 10.5044 -1.44134 13.5527
v 10.8358 -1.34202 13.5527
v 11.1419 -1.1806 13.5527
v 11.411 -0.963208 13.5527
v 11.8961 -0.0894339 13.5573
v 11.6782 -0.342463 13.6854
v 11.7583 -0.0894339 13.6888
v 11.5861 -0.0894339 13.7714
v 10.0342 1.60447 13.8
v 9.78731 1.556 13.8
v 10.5314 1.55631 13.8
v 9.16508 1.14712 13.8
v 11.1539 1.14842 13.8
v 9.34451 1.32283 13.8
v 11.3969 0.710566 13.8
v 11.2967 0.941343 13.8
v 9.02329 0.941343 13.8
v 10.2853 1.60447 13.8
v 10.7638 1.46171 13.8
v 9.55452 1.46089 13.8
v 10.974 1.32405 13.8
v 8.92307 0.710566 13.8
v 11.9856 0.710566 13.3889
v 8.9343 1.14967 13.7706
v 9.11918 1.37031 13.7706
v 8.79628 1.24415 13.6854
v 8.79546 0.897504 13.7706
v 8.84926 1.64514 13.3854
v 8.61643 1.36728 13.3854
v 9.45191 2.04203 13.3854
v 9.79915 2.1461 13.3854
v 10.4465 1.7681 13.7706
v 10.4788 1.93223 13.6854
v 10.16 1.96324 13.6854
v 9.13128 1.87291 13.3854
v 10.5208 2.1461 13.3854
v 10.7223 1.68547 13.7706
v 10.7856 1.84029 13.6854
v 11.8784 1.04972 13.3854
v 11.5237 1.24415 13.6854
v 11.318 1.48964 13.6854
v 11.3857 1.14967 13.7706
v 11.586 0.710566 13.7714
v 11.7582 0.710566 13.6888
v 11.6782 0.963595 13.6854
v 11.8001 1.01604 13.5527
v 11.8961 0.710566 13.5575
v 11.5245 0.897504 13.7706
v 8.68675 1.31914 13.5527
v 9.00198 1.48964 13.6854
v 11.4707 1.64514 13.3854
v 11.7036 1.36728 13.3854
v 11.1887 1.87291 13.3854
v 11.2008 1.37031 13.7706
v 11.0689 1.69087 13.6854
v 10.16 2.1812 13.3854
v 10.9769 1.55118 13.7706
v 8.44158 1.04972 13.3854
v 9.87346 1.7681 13.7706
v 9.8412 1.93223 13.6854
v 9.53441 1.84029 13.6854
v 10.16 1.79598 13.7706
v 9.25114 1.69087 13.6854
v 9.59773 1.68547 13.7706
v 8.51987 1.01604 13.5527
v 8.33429 0.710566 13.3886
v 9.34313 1.55118 13.7706
v 10.8681 2.04203 13.3854
v 11.6332 1.31914 13.5527
v 11.411 1.58434 13.5527
v 11.1419 1.80173 13.5527
v 10.8358 1.96315 13.5527
v 10.5044 2.06248 13.5527
v 10.16 2.09598 13.5527
v 9.81559 2.06248 13.5527
v 9.48417 1.96315 13.5527
v 9.17815 1.80173 13.5527
v 8.90897 1.58434 13.5527
v 8.42372 0.710566 13.5572
v 8.64181 0.963595 13.6854
v 8.56188 0.710566 13.6889
v 8.73407 0.710566 13.7715
v 8.27068 0.109436 13.0
v 8.29651 -0.0601059 12.6
v 8.81649 -1.03294 12.6
v 8.58021 -0.745017 12.6
v 8.40464 -0.41653 12.6
v 9.78933 -1.55293 12.6
v 10.16 -1.58942 12.6
v 9.10442 -1.26923 12.6
v 9.4329 -1.44482 12.6
v 10.8871 -1.44482 12.6
v 10.5307 -1.55293 12.6
v 11.7398 -0.745017 12.6
v 11.2156 -1.26923 12.6
v 11.5035 -1.03294 12.6
v 11.9154 -0.41653 12.6
v 12.0174 -0.0894341 13.0
v 12.0235 -0.0601059 12.6
v 12.0493 0.109436 13.0
v 8.30258 -0.0894341 13.0
v 8.94744 -0.901985 12.3228
v 8.73419 -0.642128 12.3228
v 8.8299 -0.578707 12.3
v 8.59077 -0.00172739 12.3
v 8.47814 -0.0239761 12.3228
v 8.57573 -0.345659 12.3228
v 8.68191 -0.302003 12.3
v 8.87862 -0.970806 12.3879
v 9.1171 -1.25024 12.4852
v 8.83264 -1.01679 12.4852
v 8.42573 -0.407791 12.4852
v 8.48582 -0.382905 12.3879
v 8.5992 -0.73233 12.4852
v 10.473 -1.25843 12.3
v 10.4945 -1.37129 12.3228
v 10.1609 -1.28936 12.3
v 9.2073 -1.11524 12.3228
v 9.02905 -0.821194 12.3
v 10.8162 -1.27372 12.3228
v 10.16 -1.56659 12.4852
v 9.79378 -1.53053 12.4852
v 9.80647 -1.46675 12.3879
v 11.5858 -0.642128 12.3228
v 11.3726 -0.901985 12.3228
v 11.2919 -0.820175 12.3
v 10.8784 -1.42372 12.4852
v 10.8535 -1.36364 12.3879
v 11.2029 -1.25024 12.4852
v 11.8342 -0.382905 12.3879
v 11.7443 -0.345659 12.3228
v 11.8419 -0.0239761 12.3228
v 11.9373 -0.0429637 12.3879
v 11.8943 -0.407791 12.4852
v 11.7208 -0.73233 12.4852
v 11.6667 -0.6962 12.3879
v 11.7292 -0.00172739 12.3
v 12.0011 -0.0556508 12.4852
v 11.1668 -1.19617 12.3879
v 11.4874 -1.01679 12.4852
v 11.4414 -0.970806 12.3879
v 10.7731 -1.1672 12.3
v 11.1127 -1.11524 12.3228
v 11.0496 -1.01922 12.3
v 10.5262 -1.53053 12.4852
v 10.16 -1.50155 12.3879
v 10.5135 -1.46675 12.3879
v 9.15323 -1.19617 12.3879
v 9.44164 -1.42372 12.4852
v 9.46653 -1.36364 12.3879
v 8.65327 -0.6962 12.3879
v 9.84871 -1.2588 12.3
v 10.16 -1.40423 12.3228
v 8.3189 -0.0556508 12.4852
v 8.38269 -0.0429637 12.3879
v 9.27168 -1.02014 12.3
v 9.54845 -1.1679 12.3
v 9.50377 -1.27372 12.3228
v 9.82546 -1.37129 12.3228
v 11.4907 -0.577742 12.3
v 11.6383 -0.301243 12.3
v 9.19407 0.0517473 12.3
v 11.1259 0.0517473 12.3
v 10.66 -0.555462 12.3
v 10.8671 -0.396541 12.3
v 10.16 -0.689427 12.3
v 9.90118 -0.655363 12.3
v 10.4188 -0.655363 12.3
v 9.45289 -0.396541 12.3
v 9.66 -0.555462 12.3
v 11.026 -0.189433 12.3
v 9.29398 -0.189433 12.3
v 9.19407 0.051747 8.0
v 9.66 -0.555459 8.0
v 9.45289 -0.396541 8.0
v 9.29397 -0.189434 8.0
v 10.16 -0.689434 8.0
v 10.4188 -0.65536 8.0
v 9.90118 -0.65536 8.0
v 10.8671 -0.396541 8.0
v 11.026 -0.189434 8.0
v 10.66 -0.555459 8.0
v 11.1259 0.051747 8.0
v 11.96 2.6727 7.91213
v 8.36 2.6727 7.91213
v 8.36 2.57537 7.97716
v 8.36 2.46057 8.0
v 11.96 2.57537 7.97716
v 11.96 2.46057 8.0
v 11.96 2.73773 7.81481
v 8.36 2.73773 7.81481
v 11.96 -1.83943 8.0
v 8.36 -1.83943 8.0
v 11.96 -2.05157 7.91213
v 8.36 -2.05157 7.91213
v 8.36 -2.1166 7.81481
v 11.96 -2.1166 7.81481
v 11.96 -1.95424 7.97716
v 8.36 -1.95424 7.97716
v 11.96 -2.05157 1.58787
v 8.36 -2.05157 1.58787
v 8.36 -1.95424 1.52284
v 8.36 -1.83943 1.5
v 11.96 -1.95424 1.52284
v 11.96 -1.83943 1.5
v 11.96 -2.1166 1.68519
v 8.36 -2.1166 1.68519
v 8.36 2.46057 1.5
v 11.96 2.46057 1.5
v 11.96 2.6727 1.58787
v 8.36 2.6727 1.58787
v 8.36 2.73773 1.68519
v 11.96 2.73773 1.68519
v 11.96 2.57537 1.52284
v 8.36 2.57537 1.52284
v 9.16 2.96453 5.35
v 11.16 2.96453 5.35
v 11.16 2.87547 5.35
v 9.16 2.87547 5.35
v 9.16 2.64453 5.35
v 11.16 2.64453 5.35
v 11.16 2.55547 5.35
v 9.16 2.55547 5.35
v 9.16 2.32453 5.35
v 11.16 2.32453 5.35
v 11.16 2.23547 5.35
v 9.16 2.23547 5.35
v 9.16 2.00453 5.35
v 11.16 2.00453 5.35
v 11.16 1.91547 5.35
v 9.16 1.91547 5.35
v 9.16 1.68453 5.35
v 11.16 1.68453 5.35
v 11.16 1.59547 5.35
v 9.16 1.59547 5.35
v 9.16 1.36453 5.35
v 11.16 1.36453 5.35
v 11.16 1.27547 5.35
v 9.16 1.27547 5.35
v 9.16 1.04453 5.35
v 11.16 1.04453 5.35
v 11.16 0.95547 5.35
v 9.16 0.95547 5.35
v 9.16 0.72453 5.35
v 11.16 0.72453 5.35
v 11.16 0.63547 5.35
v 9.16 0.63547 5.35
v 9.16 0.40453 5.35
v 11.16 0.40453 5.35
v 11.16 0.31547 5.35
v 9.16 0.31547 5.35
v 9.16 0.0845299 5.35
v 11.16 0.0845299 5.35
v 11.16 -0.00452995 5.35
v 9.16 -0.00452995 5.35
v 9.16 -0.23547 5.35
v 11.16 -0.23547 5.35
v 11.16 -0.32453 5.35
v 9.16 -0.32453 5.35
v 9.16 -0.55547 5.35
v 11.16 -0.55547 5.35
v 11.16 -0.64453 5.35
v 9.16 -0.64453 5.35
v 9.16 -0.87547 5.35
v 11.16 -0.87547 5.35
v 11.16 -0.96453 5.35
v 9.16 -0.96453 5.35
v 9.16 -1.19547 5.35
v 11.16 -1.19547 5.35
v 11.16 -1.28453 5.35
v 9.16 -1.28453 5.35
v 9.16 -1.51547 5.35
v 11.16 -1.51547 5.35
v 11.16 -1.60453 5.35
v 9.16 -1.60453 5.35
v 9.16 -1.83547 5.35
v 11.16 -1.83547 5.35
v 11.16 -1.92453 5.35
v 9.16 -1.92453 5.35
v 9.16 -2.15547 5.35
v 11.16 -2.15547 5.35
v 11.16 -2.8 5.35
v 9.16 -2.8 5.35
v 9.71 -0.4 0.2
v 10.61 -0.4 -2.38038
v 10.61 -0.4 0.2
v 9.71 -0.4 -2.38038
v 10.31 -0.4 -3.5
v 10.01 -0.4 -3.5
v 10.31 0.4 -3.5
v 10.01 0.4 -3.5
v 9.71 0.4 -2.38038
v 10.61 0.4 -2.38038
v 9.71 0.4 0.2
v 10.61 0.4 0.2
v 9.71 0.107107 0.907107
v 9.71 -0.1 1.06603
v 10.61 0.107107 0.907107
v 10.61 -0.1 1.06603
v 9.71 -0.341181 1.16593
v 9.71 -0.6 1.2
v 10.61 -0.341181 1.16593
v 10.61 -0.6 1.2
v 10.61 0.266025 0.7
v 10.61 0.365926 0.458819
v 9.71 0.266025 0.7
v 9.71 0.365926 0.458819
v 9.16 -2.8 1.2
v 11.16 -1.6 1.2
v 10.61 -1.05 1.2
v 9.71 -1.05 1.2
v 9.16 -1.6 1.2
v 11.16 -2.8 1.2
v 11.16 -2.9 1.22679
v 11.16 -3.0 1.4
v 9.16 -2.97321 1.3
v 9.16 -3.0 1.4
v 11.16 -2.97321 1.3
v 9.16 -2.9 1.22679
v 9.16 -3.0 5.15
v 11.16 -3.0 5.15
v 11.16 -2.97321 5.25
v 9.16 -2.9 5.3232
v 11.16 -2.9 5.3232
v 9.16 -2.97321 5.25
v 11.16 3.19547 5.35
v 9.16 3.28453 5.35
v 11.16 3.28453 5.35
v 9.16 3.19547 5.35
v 11.16 3.4 5.55
v 9.16 3.4 6.15
v 11.16 3.4 6.15
v 9.16 3.4 5.55
v 11.16 -2.8 6.15
v 9.16 -2.8 6.15
v 9.16 -3.50711 5.85711
v 9.16 -3.66603 5.65
v 11.16 -3.50711 5.85711
v 11.16 -3.66603 5.65
v 9.16 -3.76593 5.40882
v 9.16 -3.8 5.15
v 11.16 -3.76593 5.40882
v 11.16 -3.8 5.15
v 11.16 -3.3 6.01603
v 11.16 -3.05882 6.11593
v 9.16 -3.3 6.01603
v 9.16 -3.05882 6.11593
v 11.16 -3.8 1.4
v 9.16 -3.8 1.4
v 9.16 -3.50711 0.692893
v 9.16 -3.3 0.533975
v 11.16 -3.50711 0.692893
v 11.16 -3.3 0.533975
v 9.16 -3.05882 0.434074
v 9.16 -2.8 0.4
v 11.16 -3.05882 0.434074
v 11.16 -2.8 0.4
v 11.16 -3.66603 0.9
v 11.16 -3.76593 1.14118
v 9.16 -3.66603 0.9
v 9.16 -3.76593 1.14118
v 11.16 -1.6 0.4
v 10.61 -1.05 0.4
v 10.61 -0.6 0.4
v 9.71 -1.05 0.4
v 9.71 -0.6 0.4
v 9.16 -1.6 0.4
v 10.61 -0.426795 0.3
v 9.71 -0.5 0.373205
v 9.71 -0.426795 0.3
v 10.61 -0.5 0.373205
v 11.16 3.08 5.55
v 11.16 -2.04 5.55
v 11.16 -1.72 5.55
v 11.16 -1.4 5.55
v 11.16 -1.08 5.55
v 11.16 -0.76 5.55
v 11.16 -0.44 5.55
v 11.16 -0.12 5.55
v 11.16 0.2 5.55
v 11.16 0.52 5.55
v 11.16 0.84 5.55
v 11.16 1.16 5.55
v 11.16 1.48 5.55
v 11.16 1.8 5.55
v 11.16 2.12 5.55
v 11.16 2.44 5.55
v 11.16 2.76 5.55
v 9.16 2.12 5.55
v 9.16 2.44 5.55
v 9.16 -2.04 5.55
v 9.16 -1.72 5.55
v 9.16 -1.4 5.55
v 9.16 -1.08 5.55
v 9.16 -0.76 5.55
v 9.16 -0.44 5.55
v 9.16 -0.12 5.55
v 9.16 0.2 5.55
v 9.16 0.52 5.55
v 9.16 0.84 5.55
v 9.16 1.16 5.55
v 9.16 1.48 5.55
v 9.16 1.8 5.55
v 9.16 2.76 5.55
v 9.16 3.08 5.55
v 4.08 2.96453 5.35
v 6.08 2.96453 5.35
v 6.08 2.87547 5.35
v 4.08 2.87547 5.35
v 4.08 2.64453 5.35
v 6.08 2.64453 5.35
v 6.08 2.55547 5.35
v 4.08 2.55547 5.35
v 4.08 2.32453 5.35
v 6.08 2.32453 5.35
v 6.08 2.23547 5.35
v 4.08 2.23547 5.35
v 4.08 2.00453 5.35
v 6.08 2.00453 5.35
v 6.08 1.91547 5.35
v 4.08 1.91547 5.35
v 4.08 1.68453 5.35
v 6.08 1.68453 5.35
v 6.08 1.59547 5.35
v 4.08 1.59547 5.35
v 4.08 1.36453 5.35
v 6.08 1.36453 5.35
v 6.08 1.27547 5.35
v 4.08 1.27547 5.35
v 4.08 1.04453 5.35
v 6.08 1.04453 5.35
v 6.08 0.95547 5.35
v 4.08 0.95547 5.35
v 4.08 0.72453 5.35
v 6.08 0.72453 5.35
v 6.08 0.63547 5.35
v 4.08 0.63547 5.35
v 4.08 0.40453 5.35
v 6.08 0.40453 5.35
v 6.08 0.31547 5.35
v 4.08 0.31547 5.35
v 4.08 0.0845299 5.35
v 6.08 0.0845299 5.35
v 6.08 -0.00452995 5.35
v 4.08 -0.00452995 5.35
v 4.08 -0.23547 5.35
v 6.08 -0.23547 5.35
v 6.08 -0.32453 5.35
v 4.08 -0.32453 5.35
v 4.08 -0.55547 5.35
v 6.08 -0.55547 5.35
v 6.08 -0.64453 5.35
v 4.08 -0.64453 5.35
v 4.08 -0.87547 5.35
v 6.08 -0.87547 5.35
v 6.08 -0.96453 5.35
v 4.08 -0.96453 5.35
v 4.08 -1.19547 5.35
v 6.08 -1.19547 5.35
v 6.08 -1.28453 5.35
v 4.08 -1.28453 5.35
v 4.08 -1.51547 5.35
v 6.08 -1.51547 5.35
v 6.08 -1.60453 5.35
v 4.08 -1.60453 5.35
v 4.08 -1.83547 5.35
v 6.08 -1.83547 5.35
v 6.08 -1.92453 5.35
v 4.08 -1.92453 5.35
v 4.08 -2.15547 5.35
v 6.08 -2.15547 5.35
v 6.08 -2.8 5.35
v 4.08 -2.8 5.35
v 4.63 -0.4 0.2
v 5.53 -0.4 -2.38038
v 5.53 -0.4 0.2
v 4.63 -0.4 -2.38038
v 5.23 -0.4 -3.5
v 4.93 -0.4 -3.5
v 5.23 0.4 -3.5
v 4.93 0.4 -3.5
v 4.63 0.4 -2.38038
v 5.53 0.4 -2.38038
v 4.63 0.4 0.2
v 5.53 0.4 0.2
v 4.63 0.107107 0.907107
v 4.63 -0.1 1.06603
v 5.53 0.107107 0.907107
v 5.53 -0.1 1.06603
v 4.63 -0.341181 1.16593
v 4.63 -0.6 1.2
v 5.53 -0.341181 1.16593
v 5.53 -0.6 1.2
v 5.53 0.266025 0.7
v 5.53 0.365926 0.458819
v 4.63 0.266025 0.7
v 4.63 0.365926 0.458819
v 4.08 -2.8 1.2
v 6.08 -1.6 1.2
v 5.53 -1.05 1.2
v 4.63 -1.05 1.2
v 4.08 -1.6 1.2
v 6.08 -2.8 1.2
v 6.08 -2.9 1.22679
v 6.08 -3.0 1.4
v 4.08 -2.97321 1.3
v 4.08 -3.0 1.4
v 6.08 -2.97321 1.3
v 4.08 -2.9 1.22679
v 4.08 -3.0 5.15
v 6.08 -3.0 5.15
v 6.08 -2.97321 5.25
v 4.08 -2.9 5.3232
v 6.08 -2.9 5.3232
v 4.08 -2.97321 5.25
v 6.08 3.19547 5.35
v 4.08 3.28453 5.35
v 6.08 3.28453 5.35
v 4.08 3.19547 5.35
v 6.08 3.4 5.55
v 4.08 3.4 6.15
v 6.08 3.4 6.15
v 4.08 3.4 5.55
v 6.08 -2.8 6.15
v 4.08 -2.8 6.15
v 4.08 -3.50711 5.85711
v 4.08 -3.66603 5.65
v 6.08 -3.50711 5.85711
v 6.08 -3.66603 5.65
v 4.08 -3.76593 5.40882
v 4.08 -3.8 5.15
v 6.08 -3.76593 5.40882
v 6.08 -3.8 5.15
v 6.08 -3.3 6.01603
v 6.08 -3.05882 6.11593
v 4.08 -3.3 6.01603
v 4.08 -3.05882 6.11593
v 6.08 -3.8 1.4
v 4.08 -3.8 1.4
v 4.08 -3.50711 0.692893
v 4.08 -3.3 0.533975
v 6.08 -3.50711 0.692893
v 6.08 -3.3 0.533975
v 4.08 -3.05882 0.434074
v 4.08 -2.8 0.4
v 6.08 -3.05882 0.434074
v 6.08 -2.8 0.4
v 6.08 -3.66603 0.9
v 6.08 -3.76593 1.14118
v 4.08 -3.66603 0.9
v 4.08 -3.76593 1.14118
v 6.08 -1.6 0.4
v 5.53 -1.05 0.4
v 5.53 -0.6 0.4
v 4.63 -1.05 0.4
v 4.63 -0.6 0.4
v 4.08 -1.6 0.4
v 5.53 -0.426795 0.3
v 4.63 -0.5 0.373205
v 4.63 -0.426795 0.3
v 5.53 -0.5 0.373205
v 6.08 3.08 5.55
v 6.08 -2.04 5.55
v 6.08 -1.72 5.55
v 6.08 -1.4 5.55
v 6.08 -1.08 5.55
v 6.08 -0.76 5.55
v 6.08 -0.44 5.55
v 6.08 -0.12 5.55
v 6.08 0.2 5.55
v 6.08 0.52 5.55
v 6.08 0.84 5.55
v 6.08 1.16 5.55
v 6.08 1.48 5.55
v 6.08 1.8 5.55
v 6.08 2.12 5.55
v 6.08 2.44 5.55
v 6.08 2.76 5.55
v 4.08 2.12 5.55
v 4.08 2.44 5.55
v 4.08 -2.04 5.55
v 4.08 -1.72 5.55
v 4.08 -1.4 5.55
v 4.08 -1.08 5.55
v 4.08 -0.76 5.55
v 4.08 -0.44 5.55
v 4.08 -0.12 5.55
v 4.08 0.2 5.55
v 4.08 0.52 5.55
v 4.08 0.84 5.55
v 4.08 1.16 5.55
v 4.08 1.48 5.55
v 4.08 1.8 5.55
v 4.08 2.76 5.55
v 4.08 3.08 5.55
v -1.0 2.96453 5.35
v 1.0 2.96453 5.35
v 1.0 2.87547 5.35
v -1.0 2.87547 5.35
v -1.0 2.64453 5.35
v 1.0 2.64453 5.35
v 1.0 2.55547 5.35
v -1.0 2.55547 5.35
v -1.0 2.32453 5.35
v 1.0 2.32453 5.35
v 1.0 2.23547 5.35
v -1.0 2.23547 5.35
v -1.0 2.00453 5.35
v 1.0 2.00453 5.35
v 1.0 1.91547 5.35
v -1.0 1.91547 5.35
v -1.0 1.68453 5.35
v 1.0 1.68453 5.35
v 1.0 1.59547 5.35
v -1.0 1.59547 5.35
v -1.0 1.36453 5.35
v 1.0 1.36453 5.35
v 1.0 1.27547 5.35
v -1.0 1.27547 5.35
v -1.0 1.04453 5.35
v 1.0 1.04453 5.35
v 1.0 0.95547 5.35
v -1.0 0.95547 5.35
v -1.0 0.72453 5.35
v 1.0 0.72453 5.35
v 1.0 0.63547 5.35
v -1.0 0.63547 5.35
v -1.0 0.40453 5.35
v 1.0 0.40453 5.35
v 1.0 0.31547 5.35
v -1.0 0.31547 5.35
v -1.0 0.0845299 5.35
v 1.0 0.0845299 5.35
v 1.0 -0.00452995 5.35
v -1.0 -0.00452995 5.35
v -1.0 -0.23547 5.35
v 1.0 -0.23547 5.35
v 1.0 -0.32453 5.35
v -1.0 -0.32453 5.35
v -1.0 -0.55547 5.35
v 1.0 -0.55547 5.35
v 1.0 -0.64453 5.35
v -1.0 -0.64453 5.35
v -1.0 -0.87547 5.35
v 1.0 -0.87547 5.35
v 1.0 -0.96453 5.35
v -1.0 -0.96453 5.35
v -1.0 -1.19547 5.35
v 1.0 -1.19547 5.35
v 1.0 -1.28453 5.35
v -1.0 -1.28453 5.35
v -1.0 -1.51547 5.35
v 1.0 -1.51547 5.35
v 1.0 -1.60453 5.35
v -1.0 -1.60453 5.35
v -1.0 -1.83547 5.35
v 1.0 -1.83547 5.35
v 1.0 -1.92453 5.35
v -1.0 -1.92453 5.35
v -1.0 -2.15547 5.35
v 1.0 -2.15547 5.35
v 1.0 -2.8 5.35
v -1.0 -2.8 5.35
v -0.45 -0.4 0.2
v 0.45 -0.4 -2.38038
v 0.45 -0.4 0.2
v -0.45 -0.4 -2.38038
v 0.15 -0.4 -3.5
v -0.15 -0.4 -3.5
v 0.15 0.4 -3.5
v -0.15 0.4 -3.5
v -0.45 0.4 -2.38038
v 0.45 0.4 -2.38038
v -0.45 0.4 0.2
v 0.45 0.4 0.2
v -0.45 0.107107 0.907107
v -0.45 -0.1 1.06603
v 0.45 0.107107 0.907107
v 0.45 -0.1 1.06603
v -0.45 -0.341181 1.16593
v -0.45 -0.6 1.2
v 0.45 -0.341181 1.16593
v 0.45 -0.6 1.2
v 0.45 0.266025 0.7
v 0.45 0.365926 0.458819
v -0.45 0.266025 0.7
v -0.45 0.365926 0.458819
v -1.0 -2.8 1.2
v 1.0 -1.6 1.2
v 0.45 -1.05 1.2
v -0.45 -1.05 1.2
v -1.0 -1.6 1.2
v 1.0 -2.8 1.2
v 1.0 -2.9 1.22679
v 1.0 -3.0 1.4
v -1.0 -2.97321 1.3
v -1.0 -3.0 1.4
v 1.0 -2.97321 1.3
v -1.0 -2.9 1.22679
v -1.0 -3.0 5.15
v 1.0 -3.0 5.15
v 1.0 -2.97321 5.25
v -1.0 -2.9 5.3232
v 1.0 -2.9 5.3232
v -1.0 -2.97321 5.25
v 1.0 3.19547 5.35
v -1.0 3.28453 5.35
v 1.0 3.28453 5.35
v -1.0 3.19547 5.35
v 1.0 3.4 5.55
v -1.0 3.4 6.15
v 1.0 3.4 6.15
v -1.0 3.4 5.55
v 1.0 -2.8 6.15
v -1.0 -2.8 6.15
v -1.0 -3.50711 5.85711
v -1.0 -3.66603 5.65
v 1.0 -3.50711 5.85711
v 1.0 -3.66603 5.65
v -1.0 -3.76593 5.40882
v -1.0 -3.8 5.15
v 1.0 -3.76593 5.40882
v 1.0 -3.8 5.15
v 1.0 -3.3 6.01603
v 1.0 -3.05882 6.11593
v -1.0 -3.3 6.01603
v -1.0 -3.05882 6.11593
v 1.0 -3.8 1.4
v -1.0 -3.8 1.4
v -1.0 -3.50711 0.692893
v -1.0 -3.3 0.533975
v 1.0 -3.50711 0.692893
v 1.0 -3.3 0.533975
v -1.0 -3.05882 0.434074
v -1.0 -2.8 0.4
v 1.0 -3.05882 0.434074
v 1.0 -2.8 0.4
v 1.0 -3.66603 0.9
v 1.0 -3.76593 1.14118
v -1.0 -3.66603 0.9
v -1.0 -3.76593 1.14118
v 1.0 -1.6 0.4
v 0.45 -1.05 0.4
v 0.45 -0.6 0.4
v -0.45 -1.05 0.4
v -0.45 -0.6 0.4
v -1.0 -1.6 0.4
v 0.45 -0.426795 0.3
v -0.45 -0.5 0.373205
v -0.45 -0.426795 0.3
v 0.45 -0.5 0.373205
v 1.0 3.08 5.55
v 1.0 -2.04 5.55
v 1.0 -1.72 5.55
v 1.0 -1.4 5.55
v 1.0 -1.08 5.55
v 1.0 -0.76 5.55
v 1.0 -0.44 5.55
v 1.0 -0.12 5.55
v 1.0 0.2 5.55
v 1.0 0.52 5.55
v 1.0 0.84 5.55
v 1.0 1.16 5.55
v 1.0 1.48 5.55
v 1.0 1.8 5.55
v 1.0 2.12 5.55
v 1.0 2.44 5.55
v 1.0 2.76 5.55
v -1.0 2.12 5.55
v -1.0 2.44 5.55
v -1.0 -2.04 5.55
v -1.0 -1.72 5.55
v -1.0 -1.4 5.55
v -1.0 -1.08 5.55
v -1.0 -0.76 5.55
v -1.0 -0.44 5.55
v -1.0 -0.12 5.55
v -1.0 0.2 5.55
v -1.0 0.52 5.55
v -1.0 0.84 5.55
v -1.0 1.16 5.55
v -1.0 1.48 5.55
v -1.0 1.8 5.55
v -1.0 2.76 5.55
v -1.0 3.08 5.55
v 5.08 1.31057 12.3
v 4.82118 1.27649 8.0
v 4.82118 1.27649 12.3
v 4.58 1.17659 12.3
v 4.58 1.17659 8.0
v 4.37289 1.01767 12.3
v 4.37289 1.01767 8.0
v 4.21397 0.810566 8.0
v 4.21397 0.810566 12.3
v 5.08 1.31057 8.0
v 4.08 0.310566 8.0
v 4.11407 0.569385 12.3
v 4.11407 0.569385 8.0
v 4.08 0.310566 12.3
v 5.33882 1.27649 12.3
v 5.58 1.17659 12.3
v 5.33882 1.27649 8.0
v 5.58 1.17659 8.0
v 5.78711 1.01767 12.3
v 5.94603 0.810566 12.3
v 5.78711 1.01767 8.0
v 6.04593 0.569385 12.3
v 5.94603 0.810566 8.0
v 6.04593 0.569385 8.0
v 6.08 0.310566 12.3
v 6.08 0.310566 8.0
v 4.74546 1.99242 12.3228
v 4.76695 1.87956 12.3
v 4.42377 1.89485 12.3228
v 6.9211 0.676783 12.4852
v 6.81427 1.02892 12.4852
v 6.83536 1.03766 12.6
v 4.0371 1.87137 12.4852
v 4.36164 2.04485 12.4852
v 4.38653 1.98477 12.3879
v 4.72647 2.08788 12.3879
v 4.71378 2.15166 12.4852
v 4.07323 1.8173 12.3879
v 3.75264 1.63792 12.4852
v 4.1273 1.73637 12.3228
v 4.19041 1.64035 12.3
v 3.86744 1.52312 12.3228
v 3.94813 1.44131 12.3
v 3.65419 1.26326 12.3228
v 3.79862 1.59194 12.3879
v 3.5192 1.35346 12.4852
v 3.49573 0.966792 12.3228
v 3.39814 0.645108 12.3228
v 3.30269 0.664096 12.3879
v 3.40581 1.00404 12.3879
v 3.21651 0.681238 12.6
v 3.2389 0.676783 12.4852
v 3.18 0.310565 12.6
v 3.57327 1.31733 12.3879
v 3.34573 1.02892 12.4852
v 3.32464 1.03766 12.6
v 4.46689 1.78833 12.3
v 3.3652 0.310567 12.3228
v 3.26787 0.310567 12.3879
v 3.51077 0.62286 12.3
v 5.08 2.18772 12.4852
v 5.08 2.12269 12.3879
v 3.48 0.310566 12.3
v 5.43353 2.08788 12.3879
v 5.44622 2.15166 12.4852
v 5.07909 1.91049 12.3
v 5.79836 2.04485 12.4852
v 5.77347 1.98477 12.3879
v 5.39129 1.87993 12.3
v 5.08 2.02536 12.3228
v 6.1229 1.87137 12.4852
v 6.08677 1.8173 12.3879
v 6.21095 1.44233 12.3
v 6.0327 1.73637 12.3228
v 6.29256 1.52312 12.3228
v 6.36138 1.59194 12.3879
v 6.40736 1.63792 12.4852
v 6.50581 1.26326 12.3228
v 6.4101 1.19984 12.3
v 6.58673 1.31733 12.3879
v 6.6408 1.35346 12.4852
v 6.66427 0.966792 12.3228
v 6.55809 0.923135 12.3
v 6.75419 1.00404 12.3879
v 6.89213 0.310567 12.3879
v 6.85731 0.664096 12.3879
v 6.95716 0.310567 12.4852
v 6.94349 0.681238 12.6
v 6.98 0.310565 12.6
v 6.64923 0.62286 12.3
v 6.76186 0.645108 12.3228
v 6.7948 0.310567 12.3228
v 6.68 0.310566 12.3
v 6.65979 1.36615 12.6
v 5.96832 1.64127 12.3
v 6.42351 1.65407 12.6
v 5.69155 1.78903 12.3
v 5.73623 1.89485 12.3228
v 6.13558 1.89036 12.6
v 5.41454 1.99242 12.3228
v 5.8071 2.06595 12.6
v 5.45067 2.17406 12.6
v 5.08 2.21055 12.6
v 4.70933 2.17406 12.6
v 4.3529 2.06595 12.6
v 4.02442 1.89036 12.6
v 3.73649 1.65407 12.6
v 3.74935 1.19887 12.3
v 3.50021 1.36615 12.6
v 3.60167 0.922375 12.3
v 3.20284 0.310567 12.4852
v 4.36079 2.06921 13.2
v 4.03513 1.89744 13.2
v 3.74868 1.66609 13.2
v 3.5122 1.38387 13.2
v 3.3346 1.06132 13.2
v 3.22258 0.710566 13.2
v 3.22258 0.710566 13.0
v 3.19895 0.578237 13.0
v 3.18474 0.444652 13.0
v 3.18 0.310565 13.0
v 4.71349 2.17491 13.2
v 5.44651 2.17491 13.2
v 5.08 2.21057 13.2
v 5.79921 2.06921 13.2
v 6.12487 1.89744 13.2
v 6.41132 1.66609 13.2
v 6.6478 1.38387 13.2
v 6.8254 1.06132 13.2
v 6.93742 0.710566 13.2
v 6.93742 0.710566 13.0
v 6.96105 0.578237 13.0
v 6.97524 0.444904 13.0
v 6.98 0.310565 13.0
v 6.88 -2.13943 1.8
v 6.18 -2.13943 6.2
v 6.18 -2.13943 2.8
v 3.98 -2.13943 6.2
v 3.28 -2.13943 7.7
v 3.28 -2.13943 1.8
v 3.98 -2.13943 2.8
v 6.88 -2.13943 7.7
v 6.88 2.76057 1.8
v 6.18 2.76057 2.8
v 6.18 2.76057 6.2
v 3.98 2.76057 2.8
v 3.28 2.76057 1.8
v 3.28 2.76057 7.7
v 3.98 2.76057 6.2
v 6.88 2.76057 7.7
v 3.84307 -0.0894339 13.8
v 3.94329 -0.320211 13.8
v 6.21671 -0.320211 13.8
v 5.89549 -0.701697 13.8
v 6.07492 -0.525984 13.8
v 4.08609 -0.527283 13.8
v 5.20582 -0.983339 13.8
v 5.45269 -0.93487 13.8
v 4.70865 -0.935177 13.8
v 5.68548 -0.839759 13.8
v 4.26599 -0.702914 13.8
v 4.47616 -0.840573 13.8
v 4.95473 -0.983339 13.8
v 6.31693 -0.0894339 13.8
v 3.76926 -1.02401 13.3854
v 3.53643 -0.746146 13.3854
v 3.74864 -1.04499 13.2
v 3.51219 -0.762738 13.2
v 3.43987 -0.394913 13.5527
v 3.34434 -0.0894339 13.5578
v 3.36158 -0.428587 13.3854
v 3.25462 -0.0894339 13.3887
v 3.2226 -0.0894179 13.2
v 3.33462 -0.440181 13.2
v 6.23802 -0.868507 13.6854
v 6.55325 -0.698004 13.5527
v 6.44372 -0.62302 13.6854
v 3.71628 -0.62302 13.6854
v 3.92198 -0.868507 13.6854
v 3.8543 -0.528535 13.7706
v 4.26313 -0.930043 13.7706
v 4.17114 -1.06974 13.6854
v 4.45441 -1.21915 13.6854
v 4.03918 -0.749177 13.7706
v 5.08 -1.34211 13.6854
v 5.3988 -1.31109 13.6854
v 5.08 -1.17484 13.7706
v 5.08 -1.56007 13.3854
v 4.71915 -1.52497 13.3854
v 5.08 -1.58942 13.2
v 6.44454 -0.276372 13.7706
v 6.64781 -0.762738 13.2
v 6.82538 -0.440181 13.2
v 6.62357 -0.746146 13.3854
v 5.89687 -0.930043 13.7706
v 5.98886 -1.06974 13.6854
v 6.3057 -0.528535 13.7706
v 6.12082 -0.749177 13.7706
v 6.79842 -0.428587 13.3854
v 6.90561 -0.0894339 13.3882
v 6.72013 -0.394913 13.5527
v 6.9374 -0.0894179 13.2
v 6.39074 -1.02401 13.3854
v 6.10872 -1.25178 13.3854
v 6.41136 -1.04499 13.2
v 5.64227 -1.06434 13.7706
v 5.70559 -1.21915 13.6854
v 5.44085 -1.52497 13.3854
v 5.79918 -1.44808 13.2
v 5.78809 -1.4209 13.3854
v 5.36654 -1.14697 13.7706
v 4.7612 -1.31109 13.6854
v 4.79346 -1.14697 13.7706
v 6.12489 -1.27632 13.2
v 5.44647 -1.55376 13.2
v 4.51773 -1.06434 13.7706
v 4.05128 -1.25178 13.3854
v 4.03511 -1.27632 13.2
v 4.71353 -1.55376 13.2
v 4.36082 -1.44808 13.2
v 4.37191 -1.4209 13.3854
v 3.71546 -0.276372 13.7706
v 3.56181 -0.342463 13.6854
v 3.48202 -0.0894339 13.689
v 3.65405 -0.0894339 13.7714
v 3.60675 -0.698004 13.5527
v 3.82897 -0.963208 13.5527
v 4.09815 -1.1806 13.5527
v 4.40417 -1.34202 13.5527
v 4.73559 -1.44134 13.5527
v 5.08 -1.47484 13.5527
v 5.42441 -1.44134 13.5527
v 5.75583 -1.34202 13.5527
v 6.06185 -1.1806 13.5527
v 6.33103 -0.963208 13.5527
v 6.81613 -0.0894339 13.5573
v 6.59819 -0.342463 13.6854
v 6.67827 -0.0894339 13.6888
v 6.50611 -0.0894339 13.7714
v 4.95418 1.60447 13.8
v 4.70731 1.556 13.8
v 5.45135 1.55631 13.8
v 4.08508 1.14712 13.8
v 6.07391 1.14842 13.8
v 4.26451 1.32283 13.8
v 6.31693 0.710566 13.8
v 6.21671 0.941343 13.8
v 3.94329 0.941343 13.8
v 5.20527 1.60447 13.8
v 5.68384 1.46171 13.8
v 4.47452 1.46089 13.8
v 5.89401 1.32405 13.8
v 3.84307 0.710566 13.8
v 6.90557 0.710566 13.3889
v 3.8543 1.14967 13.7706
v 4.03918 1.37031 13.7706
v 3.71628 1.24415 13.6854
v 3.71546 0.897504 13.7706
v 3.76926 1.64514 13.3854
v 3.53643 1.36728 13.3854
v 4.37191 2.04203 13.3854
v 4.71915 2.1461 13.3854
v 5.36654 1.7681 13.7706
v 5.3988 1.93223 13.6854
v 5.08 1.96324 13.6854
v 4.05128 1.87291 13.3854
v 5.44085 2.1461 13.3854
v 5.64227 1.68547 13.7706
v 5.70559 1.84029 13.6854
v 6.79842 1.04972 13.3854
v 6.44372 1.24415 13.6854
v 6.23802 1.48964 13.6854
v 6.3057 1.14967 13.7706
v 6.50599 0.710566 13.7714
v 6.67824 0.710566 13.6888
v 6.59819 0.963595 13.6854
v 6.72013 1.01604 13.5527
v 6.81608 0.710566 13.5575
v 6.44454 0.897504 13.7706
v 3.60675 1.31914 13.5527
v 3.92198 1.48964 13.6854
v 6.39074 1.64514 13.3854
v 6.62357 1.36728 13.3854
v 6.10872 1.87291 13.3854
v 6.12082 1.37031 13.7706
v 5.98886 1.69087 13.6854
v 5.08 2.1812 13.3854
v 5.89687 1.55118 13.7706
v 4.79346 1.7681 13.7706
v 4.7612 1.93223 13.6854
v 4.45441 1.84029 13.6854
v 5.08 1.79598 13.7706
v 4.17114 1.69087 13.6854
v 4.51773 1.68547 13.7706
v 3.36158 1.04972 13.3854
v 3.43987 1.01604 13.5527
v 3.25429 0.710566 13.3886
v 4.26313 1.55118 13.7706
v 5.78809 2.04203 13.3854
v 6.55325 1.31914 13.5527
v 6.33103 1.58434 13.5527
v 6.06185 1.80173 13.5527
v 5.75583 1.96315 13.5527
v 5.42441 2.06248 13.5527
v 5.08 2.09598 13.5527
v 4.73559 2.06248 13.5527
v 4.40417 1.96315 13.5527
v 4.09815 1.80173 13.5527
v 3.82897 1.58434 13.5527
v 3.34372 0.710566 13.5572
v 3.56181 0.963595 13.6854
v 3.48188 0.710566 13.6889
v 3.65407 0.710566 13.7715
v 3.19068 0.109436 13.0
v 3.21651 -0.0601059 12.6
v 3.73649 -1.03294 12.6
v 3.50021 -0.745017 12.6
v 3.32464 -0.41653 12.6
v 4.70933 -1.55293 12.6
v 5.08 -1.58942 12.6
v 4.02442 -1.26923 12.6
v 4.3529 -1.44482 12.6
v 5.8071 -1.44482 12.6
v 5.45067 -1.55293 12.6
v 6.65979 -0.745017 12.6
v 6.13558 -1.26923 12.6
v 6.42351 -1.03294 12.6
v 6.83536 -0.41653 12.6
v 6.93742 -0.0894341 13.0
v 6.94349 -0.0601059 12.6
v 6.96932 0.109436 13.0
v 3.22258 -0.0894341 13.0
v 3.86744 -0.901985 12.3228
v 3.65419 -0.642128 12.3228
v 3.74991 -0.578707 12.3
v 3.51077 -0.00172739 12.3
v 3.39814 -0.0239761 12.3228
v 3.49573 -0.345659 12.3228
v 3.60191 -0.302003 12.3
v 3.79862 -0.970806 12.3879
v 4.0371 -1.25024 12.4852
v 3.75264 -1.01679 12.4852
v 3.34573 -0.407791 12.4852
v 3.40581 -0.382905 12.3879
v 3.5192 -0.73233 12.4852
v 5.39305 -1.25843 12.3
v 5.41454 -1.37129 12.3228
v 5.08091 -1.28936 12.3
v 4.1273 -1.11524 12.3228
v 3.94905 -0.821194 12.3
v 5.73623 -1.27372 12.3228
v 5.08 -1.56659 12.4852
v 4.71378 -1.53053 12.4852
v 4.72647 -1.46675 12.3879
v 6.50581 -0.642128 12.3228
v 6.29256 -0.901985 12.3228
v 6.21187 -0.820175 12.3
v 5.79836 -1.42372 12.4852
v 5.77347 -1.36364 12.3879
v 6.1229 -1.25024 12.4852
v 6.75419 -0.382905 12.3879
v 6.66427 -0.345659 12.3228
v 6.76186 -0.0239761 12.3228
v 6.85731 -0.0429637 12.3879
v 6.81427 -0.407791 12.4852
v 6.6408 -0.73233 12.4852
v 6.58673 -0.6962 12.3879
v 6.64923 -0.00172739 12.3
v 6.9211 -0.0556508 12.4852
v 6.08677 -1.19617 12.3879
v 6.40736 -1.01679 12.4852
v 6.36138 -0.970806 12.3879
v 5.69311 -1.1672 12.3
v 6.0327 -1.11524 12.3228
v 5.96959 -1.01922 12.3
v 5.44622 -1.53053 12.4852
v 5.08 -1.50155 12.3879
v 5.43353 -1.46675 12.3879
v 4.07323 -1.19617 12.3879
v 4.36164 -1.42372 12.4852
v 4.38653 -1.36364 12.3879
v 3.57327 -0.6962 12.3879
v 4.76871 -1.2588 12.3
v 5.08 -1.40423 12.3228
v 3.2389 -0.0556508 12.4852
v 3.30269 -0.0429637 12.3879
v 4.19168 -1.02014 12.3
v 4.46845 -1.1679 12.3
v 4.42377 -1.27372 12.3228
v 4.74546 -1.37129 12.3228
v 6.41065 -0.577742 12.3
v 6.55833 -0.301243 12.3
v 4.11408 0.0517473 12.3
v 6.04593 0.0517473 12.3
v 5.58 -0.555462 12.3
v 5.78711 -0.396541 12.3
v 5.08 -0.689427 12.3
v 4.82118 -0.655363 12.3
v 5.33882 -0.655363 12.3
v 4.37289 -0.396541 12.3
v 4.58 -0.555462 12.3
v 5.94602 -0.189433 12.3
v 4.21398 -0.189433 12.3
v 4.11407 0.051747 8.0
v 4.58 -0.555459 8.0
v 4.37289 -0.396541 8.0
v 4.21397 -0.189434 8.0
v 5.08 -0.689434 8.0
v 5.33882 -0.65536 8.0
v 4.82118 -0.65536 8.0
v 5.78711 -0.396541 8.0
v 5.94603 -0.189434 8.0
v 5.58 -0.555459 8.0
v 6.04593 0.051747 8.0
v 6.88 2.6727 7.91213
v 3.28 2.6727 7.91213
v 3.28 2.57537 7.97716
v 3.28 2.46057 8.0
v 6.88 2.57537 7.97716
v 6.88 2.46057 8.0
v 6.88 2.73773 7.81481
v 3.28 2.73773 7.81481
v 6.88 -1.83943 8.0
v 3.28 -1.83943 8.0
v 6.88 -2.05157 7.91213
v 3.28 -2.05157 7.91213
v 3.28 -2.1166 7.81481
v 6.88 -2.1166 7.81481
v 6.88 -1.95424 7.97716
v 3.28 -1.95424 7.97716
v 6.88 -2.05157 1.58787
v 3.28 -2.05157 1.58787
v 3.28 -1.95424 1.52284
v 3.28 -1.83943 1.5
v 6.88 -1.95424 1.52284
v 6.88 -1.83943 1.5
v 6.88 -2.1166 1.68519
v 3.28 -2.1166 1.68519
v 3.28 2.46057 1.5
v 6.88 2.46057 1.5
v 6.88 2.6727 1.58787
v 3.28 2.6727 1.58787
v 3.28 2.73773 1.68519
v 6.88 2.73773 1.68519
v 6.88 2.57537 1.52284
v 3.28 2.57537 1.52284
v 2.83277E-16 1.31057 12.3
v -0.258819 1.27649 8.0
v -0.258819 1.27649 12.3
v -0.5 1.17659 12.3
v -0.5 1.17659 8.0
v -0.707107 1.01767 12.3
v -0.707107 1.01767 8.0
v -0.866025 0.810566 8.0
v -0.866025 0.810566 12.3
v -2.22045E-16 1.31057 8.0
v -0.999999 0.310566 8.0
v -0.965926 0.569385 12.3
v -0.965926 0.569385 8.0
v -0.999999 0.310566 12.3
v 0.258819 1.27649 12.3
v 0.5 1.17659 12.3
v 0.258819 1.27649 8.0
v 0.5 1.17659 8.0
v 0.707107 1.01767 12.3
v 0.866025 0.810566 12.3
v 0.707107 1.01767 8.0
v 0.965926 0.569385 12.3
v 0.866025 0.810566 8.0
v 0.965926 0.569385 8.0
v 0.999999 0.310566 12.3
v 0.999999 0.310566 8.0
v -0.353529 2.08788 12.3879
v -0.718358 2.04485 12.4852
v -0.366216 2.15166 12.4852
v 1.8411 0.676783 12.4852
v 1.73427 1.02892 12.4852
v 1.75536 1.03766 12.6
v -1.0429 1.87137 12.4852
v -0.693471 1.98477 12.3879
v -0.613114 1.78833 12.3
v -0.952695 1.73637 12.3228
v -0.656226 1.89485 12.3228
v -0.334542 1.99242 12.3228
v -0.313046 1.87956 12.3
v -1.13187 1.44131 12.3
v -1.42581 1.26326 12.3228
v -1.21256 1.52312 12.3228
v -1.32736 1.63792 12.4852
v -1.00677 1.8173 12.3879
v -0.889592 1.64035 12.3
v -1.8411 0.676783 12.4852
v -1.9 0.310565 12.6
v -1.86349 0.681238 12.6
v -1.58427 0.966792 12.3228
v -1.68186 0.645108 12.3228
v -1.77731 0.664096 12.3879
v -1.5608 1.35346 12.4852
v -1.50673 1.31733 12.3879
v -1.73427 1.02892 12.4852
v -1.67419 1.00404 12.3879
v -1.75536 1.03766 12.6
v -1.28138 1.59194 12.3879
v -1.81213 0.310567 12.3879
v -1.7148 0.310567 12.3228
v -1.56923 0.62286 12.3
v -4.92661E-16 2.18772 12.4852
v -8.23994E-16 2.12269 12.3879
v -1.6 0.310566 12.3
v 0.353529 2.08788 12.3879
v 0.366216 2.15166 12.4852
v -9.13679E-4 1.91049 12.3
v 0.718358 2.04485 12.4852
v 0.693471 1.98477 12.3879
v 0.311287 1.87993 12.3
v -3.40006E-16 2.02536 12.3228
v 1.0429 1.87137 12.4852
v 1.00677 1.8173 12.3879
v 1.13095 1.44233 12.3
v 0.952695 1.73637 12.3228
v 1.21256 1.52312 12.3228
v 1.28138 1.59194 12.3879
v 1.32736 1.63792 12.4852
v 1.42581 1.26326 12.3228
v 1.33009 1.19984 12.3
v 1.50673 1.31733 12.3879
v 1.5608 1.35346 12.4852
v 1.58427 0.966792 12.3228
v 1.47809 0.923135 12.3
v 1.67419 1.00404 12.3879
v 1.81213 0.310567 12.3879
v 1.77731 0.664096 12.3879
v 1.87716 0.310567 12.4852
v 1.86349 0.681238 12.6
v 1.9 0.310565 12.6
v 1.68186 0.645108 12.3228
v 1.7148 0.310567 12.3228
v 1.56923 0.62286 12.3
v 1.6 0.310566 12.3
v 1.57979 1.36615 12.6
v 0.888321 1.64127 12.3
v 1.34351 1.65407 12.6
v 0.611549 1.78903 12.3
v 0.656226 1.89485 12.3228
v 1.05558 1.89036 12.6
v 0.334542 1.99242 12.3228
v 0.727097 2.06595 12.6
v 0.370672 2.17406 12.6
v -2.2031E-16 2.21055 12.6
v -0.370672 2.17406 12.6
v -0.727097 2.06595 12.6
v -1.05558 1.89036 12.6
v -1.34351 1.65407 12.6
v -1.33065 1.19887 12.3
v -1.57979 1.36615 12.6
v -1.47833 0.922375 12.3
v -1.87716 0.310567 12.4852
v -0.719208 2.06921 13.2
v -1.04487 1.89744 13.2
v -1.33132 1.66609 13.2
v -1.5678 1.38387 13.2
v -1.74539 1.06132 13.2
v -1.85742 0.710566 13.2
v -1.85742 0.710566 13.0
v -1.88105 0.578237 13.0
v -1.89526 0.444652 13.0
v -1.9 0.310565 13.0
v -0.366515 2.17491 13.2
v 0.366515 2.17491 13.2
v 8.88178E-16 2.21057 13.2
v 0.719208 2.06921 13.2
v 1.04487 1.89744 13.2
v 1.33132 1.66609 13.2
v 1.5678 1.38387 13.2
v 1.74539 1.06132 13.2
v 1.85742 0.710566 13.2
v 1.85742 0.710566 13.0
v 1.88105 0.578237 13.0
v 1.89524 0.444904 13.0
v 1.9 0.310565 13.0
v 1.8 -2.13943 1.8
v 1.1 -2.13943 6.2
v 1.1 -2.13943 2.8
v -1.1 -2.13943 6.2
v -1.8 -2.13943 7.7
v -1.8 -2.13943 1.8
v -1.1 -2.13943 2.8
v 1.8 -2.13943 7.7
v 1.8 2.76057 1.8
v 1.1 2.76057 2.8
v 1.1 2.76057 6.2
v -1.1 2.76057 2.8
v -1.8 2.76057 1.8
v -1.8 2.76057 7.7
v -1.1 2.76057 6.2
v 1.8 2.76057 7.7
v -1.23693 -0.0894339 13.8
v -1.13671 -0.320211 13.8
v 1.13671 -0.320211 13.8
v 0.815494 -0.701697 13.8
v 0.994921 -0.525984 13.8
v -0.993912 -0.527283 13.8
v 0.125822 -0.983339 13.8
v 0.372688 -0.93487 13.8
v -0.371353 -0.935177 13.8
v 0.605479 -0.839759 13.8
v -0.814009 -0.702914 13.8
v -0.603844 -0.840573 13.8
v -0.125271 -0.983339 13.8
v 1.23693 -0.0894339 13.8
v -1.31074 -1.02401 13.3854
v -1.54357 -0.746146 13.3854
v -1.33136 -1.04499 13.2
v -1.56781 -0.762738 13.2
v -1.64013 -0.394913 13.5527
v -1.73566 -0.0894339 13.5578
v -1.71842 -0.428587 13.3854
v -1.82538 -0.0894339 13.3887
v -1.8574 -0.0894179 13.2
v -1.74538 -0.440181 13.2
v 1.15802 -0.868507 13.6854
v 1.47325 -0.698004 13.5527
v 1.36372 -0.62302 13.6854
v -1.36372 -0.62302 13.6854
v -1.15802 -0.868507 13.6854
v -1.2257 -0.528535 13.7706
v -0.816875 -0.930043 13.7706
v -0.908857 -1.06974 13.6854
v -0.625587 -1.21915 13.6854
v -1.04082 -0.749177 13.7706
v 2.498E-16 -1.34211 13.6854
v 0.318804 -1.31109 13.6854
v 5.27356E-16 -1.17484 13.7706
v 9.4369E-16 -1.56007 13.3854
v -0.36085 -1.52497 13.3854
v -3.33067E-16 -1.58942 13.2
v 1.36454 -0.276372 13.7706
v 1.56781 -0.762738 13.2
v 1.74538 -0.440181 13.2
v 1.54357 -0.746146 13.3854
v 0.816875 -0.930043 13.7706
v 0.908857 -1.06974 13.6854
v 1.2257 -0.528535 13.7706
v 1.04082 -0.749177 13.7706
v 1.71842 -0.428587 13.3854
v 1.82561 -0.0894339 13.3882
v 1.64013 -0.394913 13.5527
v 1.8574 -0.0894179 13.2
v 1.31074 -1.02401 13.3854
v 1.02872 -1.25178 13.3854
v 1.33136 -1.04499 13.2
v 0.562273 -1.06434 13.7706
v 0.625587 -1.21915 13.6854
v 0.36085 -1.52497 13.3854
v 0.719184 -1.44808 13.2
v 0.708092 -1.4209 13.3854
v 0.286539 -1.14697 13.7706
v -0.318804 -1.31109 13.6854
v -0.286539 -1.14697 13.7706
v 1.04489 -1.27632 13.2
v 0.366474 -1.55376 13.2
v -0.562273 -1.06434 13.7706
v -1.02872 -1.25178 13.3854
v -1.04489 -1.27632 13.2
v -0.366474 -1.55376 13.2
v -0.719184 -1.44808 13.2
v -0.708092 -1.4209 13.3854
v -1.36454 -0.276372 13.7706
v -1.51819 -0.342463 13.6854
v -1.59798 -0.0894339 13.689
v -1.42595 -0.0894339 13.7714
v -1.47325 -0.698004 13.5527
v -1.25103 -0.963208 13.5527
v -0.981854 -1.1806 13.5527
v -0.675833 -1.34202 13.5527
v -0.34441 -1.44134 13.5527
v 1.38778E-15 -1.47484 13.5527
v 0.34441 -1.44134 13.5527
v 0.675833 -1.34202 13.5527
v 0.981854 -1.1806 13.5527
v 1.25103 -0.963208 13.5527
v 1.73613 -0.0894339 13.5573
v 1.51819 -0.342463 13.6854
v 1.59827 -0.0894339 13.6888
v 1.42611 -0.0894339 13.7714
v -0.125822 1.60447 13.8
v -0.372688 1.556 13.8
v 0.371353 1.55631 13.8
v -0.994921 1.14712 13.8
v 0.993912 1.14842 13.8
v -0.815494 1.32283 13.8
v 1.23693 0.710566 13.8
v 1.13671 0.941343 13.8
v -1.13671 0.941343 13.8
v 0.125271 1.60447 13.8
v 0.603844 1.46171 13.8
v -0.605479 1.46089 13.8
v 0.814009 1.32405 13.8
v -1.23693 0.710566 13.8
v 1.82557 0.710566 13.3889
v -1.2257 1.14967 13.7706
v -1.04082 1.37031 13.7706
v -1.36372 1.24415 13.6854
v -1.36454 0.897504 13.7706
v -1.31074 1.64514 13.3854
v -1.54357 1.36728 13.3854
v -0.708092 2.04203 13.3854
v -0.36085 2.1461 13.3854
v 0.286539 1.7681 13.7706
v 0.318804 1.93223 13.6854
v -5.55112E-17 1.96324 13.6854
v -1.02872 1.87291 13.3854
v 0.36085 2.1461 13.3854
v 0.562273 1.68547 13.7706
v 0.625587 1.84029 13.6854
v 1.71842 1.04972 13.3854
v 1.36372 1.24415 13.6854
v 1.15802 1.48964 13.6854
v 1.2257 1.14967 13.7706
v 1.42599 0.710566 13.7714
v 1.59824 0.710566 13.6888
v 1.51819 0.963595 13.6854
v 1.64013 1.01604 13.5527
v 1.73608 0.710566 13.5575
v 1.36454 0.897504 13.7706
v -1.47325 1.31914 13.5527
v -1.15802 1.48964 13.6854
v 1.31074 1.64514 13.3854
v 1.54357 1.36728 13.3854
v 1.02872 1.87291 13.3854
v 5.55112E-16 2.1812 13.3854
v 1.04082 1.37031 13.7706
v 0.908857 1.69087 13.6854
v 0.816875 1.55118 13.7706
v 2.77556E-17 1.79598 13.7706
v -0.318804 1.93223 13.6854
v -0.625587 1.84029 13.6854
v -0.908857 1.69087 13.6854
v -0.562273 1.68547 13.7706
v -0.286539 1.7681 13.7706
v -0.816875 1.55118 13.7706
v -1.64013 1.01604 13.5527
v -1.71842 1.04972 13.3854
v -1.82571 0.710566 13.3886
v 0.708092 2.04203 13.3854
v 1.47325 1.31914 13.5527
v 1.25103 1.58434 13.5527
v 0.981854 1.80173 13.5527
v 0.675833 1.96315 13.5527
v 0.34441 2.06248 13.5527
v -5.55112E-16 2.09598 13.5527
v -0.34441 2.06248 13.5527
v -0.675833 1.96315 13.5527
v -0.981854 1.80173 13.5527
v -1.25103 1.58434 13.5527
v -1.73628 0.710566 13.5572
v -1.51819 0.963595 13.6854
v -1.59812 0.710566 13.6889
v -1.42593 0.710566 13.7715
v -1.88932 0.109436 13.0
v -1.86349 -0.0601059 12.6
v -1.34351 -1.03294 12.6
v -1.57979 -0.745017 12.6
v -1.75536 -0.41653 12.6
v -0.370672 -1.55293 12.6
v 4.71845E-16 -1.58942 12.6
v -1.05558 -1.26923 12.6
v -0.727097 -1.44482 12.6
v 0.727097 -1.44482 12.6
v 0.370672 -1.55293 12.6
v 1.57979 -0.745017 12.6
v 1.05558 -1.26923 12.6
v 1.34351 -1.03294 12.6
v 1.75536 -0.41653 12.6
v 1.85742 -0.0894341 13.0
v 1.86349 -0.0601059 12.6
v 1.88932 0.109436 13.0
v -1.85742 -0.0894341 13.0
v -1.21256 -0.901985 12.3228
v -1.42581 -0.642128 12.3228
v -1.33009 -0.578707 12.3
v -1.56923 -0.00172739 12.3
v -1.68186 -0.0239761 12.3228
v -1.58427 -0.345659 12.3228
v -1.47809 -0.302003 12.3
v -1.28138 -0.970806 12.3879
v -1.0429 -1.25024 12.4852
v -1.32736 -1.01679 12.4852
v -1.73427 -0.407791 12.4852
v -1.67419 -0.382905 12.3879
v -1.5608 -0.73233 12.4852
v 9.13679E-4 -1.28936 12.3
v 2.85015E-15 -1.40423 12.3228
v -0.311287 -1.2588 12.3
v -0.952695 -1.11524 12.3228
v -1.13095 -0.821194 12.3
v 0.313046 -1.25843 12.3
v 0.656226 -1.27372 12.3228
v 0.334542 -1.37129 12.3228
v 3.41394E-15 -1.56659 12.4852
v -0.366216 -1.53053 12.4852
v -0.353529 -1.46675 12.3879
v 1.42581 -0.642128 12.3228
v 1.21256 -0.901985 12.3228
v 1.13187 -0.820175 12.3
v 0.718358 -1.42372 12.4852
v 0.693471 -1.36364 12.3879
v 1.0429 -1.25024 12.4852
v 1.67419 -0.382905 12.3879
v 1.58427 -0.345659 12.3228
v 1.68186 -0.0239761 12.3228
v 1.77731 -0.0429637 12.3879
v 1.73427 -0.407791 12.4852
v 1.5608 -0.73233 12.4852
v 1.50673 -0.6962 12.3879
v 1.56923 -0.00172739 12.3
v 1.8411 -0.0556508 12.4852
v 1.00677 -1.19617 12.3879
v 1.32736 -1.01679 12.4852
v 1.28138 -0.970806 12.3879
v 0.613114 -1.1672 12.3
v 0.952695 -1.11524 12.3228
v 0.889592 -1.01922 12.3
v 0.366216 -1.53053 12.4852
v 1.77115E-15 -1.50155 12.3879
v 0.353529 -1.46675 12.3879
v -1.00677 -1.19617 12.3879
v -0.718358 -1.42372 12.4852
v -0.693471 -1.36364 12.3879
v -1.50673 -0.6962 12.3879
v -0.888321 -1.02014 12.3
v -0.656226 -1.27372 12.3228
v -1.8411 -0.0556508 12.4852
v -1.77731 -0.0429637 12.3879
v -0.611549 -1.1679 12.3
v -0.334542 -1.37129 12.3228
v 1.33065 -0.577742 12.3
v 1.47833 -0.301243 12.3
v -0.965925 0.0517473 12.3
v 0.965925 0.0517473 12.3
v 0.499999 -0.555462 12.3
v 0.707112 -0.396541 12.3
v 8.19657E-16 -0.689427 12.3
v -0.258819 -0.655363 12.3
v 0.258819 -0.655363 12.3
v -0.707112 -0.396541 12.3
v -0.499999 -0.555462 12.3
v 0.866023 -0.189433 12.3
v -0.866023 -0.189433 12.3
v -0.965926 0.051747 8.0
v -0.5 -0.555459 8.0
v -0.707107 -0.396541 8.0
v -0.866025 -0.189434 8.0
v 2.22045E-16 -0.689434 8.0
v 0.258819 -0.65536 8.0
v -0.258819 -0.65536 8.0
v 0.707107 -0.396541 8.0
v 0.866025 -0.189434 8.0
v 0.5 -0.555459 8.0
v 0.965926 0.051747 8.0
v 1.8 2.6727 7.91213
v -1.8 2.6727 7.91213
v -1.8 2.57537 7.97716
v -1.8 2.46057 8.0
v 1.8 2.57537 7.97716
v 1.8 2.46057 8.0
v 1.8 2.73773 7.81481
v -1.8 2.73773 7.81481
v 1.8 -1.83943 8.0
v -1.8 -1.83943 8.0
v 1.8 -2.05157 7.91213
v -1.8 -2.05157 7.91213
v -1.8 -2.1166 7.81481
v 1.8 -2.1166 7.81481
v 1.8 -1.95424 7.97716
v -1.8 -1.95424 7.97716
v 1.8 -2.05157 1.58787
v -1.8 -2.05157 1.58787
v -1.8 -1.95424 1.52284
v -1.8 -1.83943 1.5
v 1.8 -1.95424 1.52284
v 1.8 -1.83943 1.5
v 1.8 -2.1166 1.68519
v -1.8 -2.1166 1.68519
v -1.8 2.46057 1.5
v 1.8 2.46057 1.5
v 1.8 2.6727 1.58787
v -1.8 2.6727 1.58787
v -1.8 2.73773 1.68519
v 1.8 2.73773 1.68519
v 1.8 2.57537 1.52284
v -1.8 2.57537 1.52284
v -6.08 2.96453 5.35
v -4.08 2.96453 5.35
v -4.08 2.87547 5.35
v -6.08 2.87547 5.35
v -6.08 2.64453 5.35
v -4.08 2.64453 5.35
v -4.08 2.55547 5.35
v -6.08 2.55547 5.35
v -6.08 2.32453 5.35
v -4.08 2.32453 5.35
v -4.08 2.23547 5.35
v -6.08 2.23547 5.35
v -6.08 2.00453 5.35
v -4.08 2.00453 5.35
v -4.08 1.91547 5.35
v -6.08 1.91547 5.35
v -6.08 1.68453 5.35
v -4.08 1.68453 5.35
v -4.08 1.59547 5.35
v -6.08 1.59547 5.35
v -6.08 1.36453 5.35
v -4.08 1.36453 5.35
v -4.08 1.27547 5.35
v -6.08 1.27547 5.35
v -6.08 1.04453 5.35
v -4.08 1.04453 5.35
v -4.08 0.95547 5.35
v -6.08 0.95547 5.35
v -6.08 0.72453 5.35
v -4.08 0.72453 5.35
v -4.08 0.63547 5.35
v -6.08 0.63547 5.35
v -6.08 0.40453 5.35
v -4.08 0.40453 5.35
v -4.08 0.31547 5.35
v -6.08 0.31547 5.35
v -6.08 0.0845299 5.35
v -4.08 0.0845299 5.35
v -4.08 -0.00452995 5.35
v -6.08 -0.00452995 5.35
v -6.08 -0.23547 5.35
v -4.08 -0.23547 5.35
v -4.08 -0.32453 5.35
v -6.08 -0.32453 5.35
v -6.08 -0.55547 5.35
v -4.08 -0.55547 5.35
v -4.08 -0.64453 5.35
v -6.08 -0.64453 5.35
v -6.08 -0.87547 5.35
v -4.08 -0.87547 5.35
v -4.08 -0.96453 5.35
v -6.08 -0.96453 5.35
v -6.08 -1.19547 5.35
v -4.08 -1.19547 5.35
v -4.08 -1.28453 5.35
v -6.08 -1.28453 5.35
v -6.08 -1.51547 5.35
v -4.08 -1.51547 5.35
v -4.08 -1.60453 5.35
v -6.08 -1.60453 5.35
v -6.08 -1.83547 5.35
v -4.08 -1.83547 5.35
v -4.08 -1.92453 5.35
v -6.08 -1.92453 5.35
v -6.08 -2.15547 5.35
v -4.08 -2.15547 5.35
v -4.08 -2.8 5.35
v -6.08 -2.8 5.35
v -5.53 -0.4 0.2
v -4.63 -0.4 -2.38038
v -4.63 -0.4 0.2
v -5.53 -0.4 -2.38038
v -4.93 -0.4 -3.5
v -5.23 -0.4 -3.5
v -4.93 0.4 -3.5
v -5.23 0.4 -3.5
v -5.53 0.4 -2.38038
v -4.63 0.4 -2.38038
v -5.53 0.4 0.2
v -4.63 0.4 0.2
v -5.53 0.107107 0.907107
v -5.53 -0.1 1.06603
v -4.63 0.107107 0.907107
v -4.63 -0.1 1.06603
v -5.53 -0.341181 1.16593
v -5.53 -0.6 1.2
v -4.63 -0.341181 1.16593
v -4.63 -0.6 1.2
v -4.63 0.266025 0.7
v -4.63 0.365926 0.458819
v -5.53 0.266025 0.7
v -5.53 0.365926 0.458819
v -6.08 -2.8 1.2
v -4.08 -1.6 1.2
v -4.63 -1.05 1.2
v -5.53 -1.05 1.2
v -6.08 -1.6 1.2
v -4.08 -2.8 1.2
v -4.08 -2.9 1.22679
v -4.08 -3.0 1.4
v -6.08 -2.97321 1.3
v -6.08 -3.0 1.4
v -4.08 -2.97321 1.3
v -6.08 -2.9 1.22679
v -6.08 -3.0 5.15
v -4.08 -3.0 5.15
v -4.08 -2.97321 5.25
v -6.08 -2.9 5.3232
v -4.08 -2.9 5.3232
v -6.08 -2.97321 5.25
v -4.08 3.19547 5.35
v -6.08 3.28453 5.35
v -4.08 3.28453 5.35
v -6.08 3.19547 5.35
v -4.08 3.4 5.55
v -6.08 3.4 6.15
v -4.08 3.4 6.15
v -6.08 3.4 5.55
v -4.08 -2.8 6.15
v -6.08 -2.8 6.15
v -6.08 -3.50711 5.85711
v -6.08 -3.66603 5.65
v -4.08 -3.50711 5.85711
v -4.08 -3.66603 5.65
v -6.08 -3.76593 5.40882
v -6.08 -3.8 5.15
v -4.08 -3.76593 5.40882
v -4.08 -3.8 5.15
v -4.08 -3.3 6.01603
v -4.08 -3.05882 6.11593
v -6.08 -3.3 6.01603
v -6.08 -3.05882 6.11593
v -4.08 -3.8 1.4
v -6.08 -3.8 1.4
v -6.08 -3.50711 0.692893
v -6.08 -3.3 0.533975
v -4.08 -3.50711 0.692893
v -4.08 -3.3 0.533975
v -6.08 -3.05882 0.434074
v -6.08 -2.8 0.4
v -4.08 -3.05882 0.434074
v -4.08 -2.8 0.4
v -4.08 -3.66603 0.9
v -4.08 -3.76593 1.14118
v -6.08 -3.66603 0.9
v -6.08 -3.76593 1.14118
v -4.08 -1.6 0.4
v -4.63 -1.05 0.4
v -4.63 -0.6 0.4
v -5.53 -1.05 0.4
v -5.53 -0.6 0.4
v -6.08 -1.6 0.4
v -4.63 -0.426795 0.3
v -5.53 -0.5 0.373205
v -5.53 -0.426795 0.3
v -4.63 -0.5 0.373205
v -4.08 3.08 5.55
v -4.08 -2.04 5.55
v -4.08 -1.72 5.55
v -4.08 -1.4 5.55
v -4.08 -1.08 5.55
v -4.08 -0.76 5.55
v -4.08 -0.44 5.55
v -4.08 -0.12 5.55
v -4.08 0.2 5.55
v -4.08 0.52 5.55
v -4.08 0.84 5.55
v -4.08 1.16 5.55
v -4.08 1.48 5.55
v -4.08 1.8 5.55
v -4.08 2.12 5.55
v -4.08 2.44 5.55
v -4.08 2.76 5.55
v -6.08 2.12 5.55
v -6.08 2.44 5.55
v -6.08 -2.04 5.55
v -6.08 -1.72 5.55
v -6.08 -1.4 5.55
v -6.08 -1.08 5.55
v -6.08 -0.76 5.55
v -6.08 -0.44 5.55
v -6.08 -0.12 5.55
v -6.08 0.2 5.55
v -6.08 0.52 5.55
v -6.08 0.84 5.55
v -6.08 1.16 5.55
v -6.08 1.48 5.55
v -6.08 1.8 5.55
v -6.08 2.76 5.55
v -6.08 3.08 5.55
v -11.16 2.96453 5.35
v -9.16 2.96453 5.35
v -9.16 2.87547 5.35
v -11.16 2.87547 5.35
v -11.16 2.64453 5.35
v -9.16 2.64453 5.35
v -9.16 2.55547 5.35
v -11.16 2.55547 5.35
v -11.16 2.32453 5.35
v -9.16 2.32453 5.35
v -9.16 2.23547 5.35
v -11.16 2.23547 5.35
v -11.16 2.00453 5.35
v -9.16 2.00453 5.35
v -9.16 1.91547 5.35
v -11.16 1.91547 5.35
v -11.16 1.68453 5.35
v -9.16 1.68453 5.35
v -9.16 1.59547 5.35
v -11.16 1.59547 5.35
v -11.16 1.36453 5.35
v -9.16 1.36453 5.35
v -9.16 1.27547 5.35
v -11.16 1.27547 5.35
v -11.16 1.04453 5.35
v -9.16 1.04453 5.35
v -9.16 0.95547 5.35
v -11.16 0.95547 5.35
v -11.16 0.72453 5.35
v -9.16 0.72453 5.35
v -9.16 0.63547 5.35
v -11.16 0.63547 5.35
v -11.16 0.40453 5.35
v -9.16 0.40453 5.35
v -9.16 0.31547 5.35
v -11.16 0.31547 5.35
v -11.16 0.0845299 5.35
v -9.16 0.0845299 5.35
v -9.16 -0.00452995 5.35
v -11.16 -0.00452995 5.35
v -11.16 -0.23547 5.35
v -9.16 -0.23547 5.35
v -9.16 -0.32453 5.35
v -11.16 -0.32453 5.35
v -11.16 -0.55547 5.35
v -9.16 -0.55547 5.35
v -9.16 -0.64453 5.35
v -11.16 -0.64453 5.35
v -11.16 -0.87547 5.35
v -9.16 -0.87547 5.35
v -9.16 -0.96453 5.35
v -11.16 -0.96453 5.35
v -11.16 -1.19547 5.35
v -9.16 -1.19547 5.35
v -9.16 -1.28453 5.35
v -11.16 -1.28453 5.35
v -11.16 -1.51547 5.35
v -9.16 -1.51547 5.35
v -9.16 -1.60453 5.35
v -11.16 -1.60453 5.35
v -11.16 -1.83547 5.35
v -9.16 -1.83547 5.35
v -9.16 -1.92453 5.35
v -11.16 -1.92453 5.35
v -11.16 -2.15547 5.35
v -9.16 -2.15547 5.35
v -9.16 -2.8 5.35
v -11.16 -2.8 5.35
v -10.61 -0.4 0.2
v -9.71 -0.4 -2.38038
v -9.71 -0.4 0.2
v -10.61 -0.4 -2.38038
v -10.01 -0.4 -3.5
v -10.31 -0.4 -3.5
v -10.01 0.4 -3.5
v -10.31 0.4 -3.5
v -10.61 0.4 -2.38038
v -9.71 0.4 -2.38038
v -10.61 0.4 0.2
v -9.71 0.4 0.2
v -10.61 0.107107 0.907107
v -10.61 -0.1 1.06603
v -9.71 0.107107 0.907107
v -9.71 -0.1 1.06603
v -10.61 -0.341181 1.16593
v -10.61 -0.6 1.2
v -9.71 -0.341181 1.16593
v -9.71 -0.6 1.2
v -9.71 0.266025 0.7
v -9.71 0.365926 0.458819
v -10.61 0.266025 0.7
v -10.61 0.365926 0.458819
v -11.16 -2.8 1.2
v -9.16 -1.6 1.2
v -9.71 -1.05 1.2
v -10.61 -1.05 1.2
v -11.16 -1.6 1.2
v -9.16 -2.8 1.2
v -9.16 -2.9 1.22679
v -9.16 -3.0 1.4
v -11.16 -2.97321 1.3
v -11.16 -3.0 1.4
v -9.16 -2.97321 1.3
v -11.16 -2.9 1.22679
v -11.16 -3.0 5.15
v -9.16 -3.0 5.15
v -9.16 -2.97321 5.25
v -11.16 -2.9 5.3232
v -9.16 -2.9 5.3232
v -11.16 -2.97321 5.25
v -9.16 3.19547 5.35
v -11.16 3.28453 5.35
v -9.16 3.28453 5.35
v -11.16 3.19547 5.35
v -9.16 3.4 5.55
v -11.16 3.4 6.15
v -9.16 3.4 6.15
v -11.16 3.4 5.55
v -9.16 -2.8 6.15
v -11.16 -2.8 6.15
v -11.16 -3.50711 5.85711
v -11.16 -3.66603 5.65
v -9.16 -3.50711 5.85711
v -9.16 -3.66603 5.65
v -11.16 -3.76593 5.40882
v -11.16 -3.8 5.15
v -9.16 -3.76593 5.40882
v -9.16 -3.8 5.15
v -9.16 -3.3 6.01603
v -9.16 -3.05882 6.11593
v -11.16 -3.3 6.01603
v -11.16 -3.05882 6.11593
v -9.16 -3.8 1.4
v -11.16 -3.8 1.4
v -11.16 -3.50711 0.692893
v -11.16 -3.3 0.533975
v -9.16 -3.50711 0.692893
v -9.16 -3.3 0.533975
v -11.16 -3.05882 0.434074
v -11.16 -2.8 0.4
v -9.16 -3.05882 0.434074
v -9.16 -2.8 0.4
v -9.16 -3.66603 0.9
v -9.16 -3.76593 1.14118
v -11.16 -3.66603 0.9
v -11.16 -3.76593 1.14118
v -9.16 -1.6 0.4
v -9.71 -1.05 0.4
v -9.71 -0.6 0.4
v -10.61 -1.05 0.4
v -10.61 -0.6 0.4
v -11.16 -1.6 0.4
v -9.71 -0.426795 0.3
v -10.61 -0.5 0.373205
v -10.61 -0.426795 0.3
v -9.71 -0.5 0.373205
v -9.16 3.08 5.55
v -9.16 -2.04 5.55
v -9.16 -1.72 5.55
v -9.16 -1.4 5.55
v -9.16 -1.08 5.55
v -9.16 -0.76 5.55
v -9.16 -0.44 5.55
v -9.16 -0.12 5.55
v -9.16 0.2 5.55
v -9.16 0.52 5.55
v -9.16 0.84 5.55
v -9.16 1.16 5.55
v -9.16 1.48 5.55
v -9.16 1.8 5.55
v -9.16 2.12 5.55
v -9.16 2.44 5.55
v -9.16 2.76 5.55
v -11.16 2.12 5.55
v -11.16 2.44 5.55
v -11.16 -2.04 5.55
v -11.16 -1.72 5.55
v -11.16 -1.4 5.55
v -11.16 -1.08 5.55
v -11.16 -0.76 5.55
v -11.16 -0.44 5.55
v -11.16 -0.12 5.55
v -11.16 0.2 5.55
v -11.16 0.52 5.55
v -11.16 0.84 5.55
v -11.16 1.16 5.55
v -11.16 1.48 5.55
v -11.16 1.8 5.55
v -11.16 2.76 5.55
v -11.16 3.08 5.55
v -5.08 1.31057 12.3
v -5.33882 1.27649 8.0
v -5.33882 1.27649 12.3
v -5.58 1.17659 12.3
v -5.58 1.17659 8.0
v -5.78711 1.01767 12.3
v -5.78711 1.01767 8.0
v -5.94603 0.810566 8.0
v -5.94603 0.810566 12.3
v -5.08 1.31057 8.0
v -6.08 0.310566 8.0
v -6.04593 0.569385 12.3
v -6.04593 0.569385 8.0
v -6.08 0.310566 12.3
v -4.82118 1.27649 12.3
v -4.58 1.17659 12.3
v -4.82118 1.27649 8.0
v -4.58 1.17659 8.0
v -4.37289 1.01767 12.3
v -4.21397 0.810566 12.3
v -4.37289 1.01767 8.0
v -4.11407 0.569385 12.3
v -4.21397 0.810566 8.0
v -4.11407 0.569385 8.0
v -4.08 0.310566 12.3
v -4.08 0.310566 8.0
v -5.44622 2.15166 12.4852
v -5.43353 2.08788 12.3879
v -5.79836 2.04485 12.4852
v -3.2389 0.676783 12.4852
v -3.34573 1.02892 12.4852
v -3.32464 1.03766 12.6
v -5.41454 1.99242 12.3228
v -5.39305 1.87956 12.3
v -5.73623 1.89485 12.3228
v -6.29256 1.52312 12.3228
v -6.0327 1.73637 12.3228
v -5.96959 1.64035 12.3
v -5.77347 1.98477 12.3879
v -6.1229 1.87137 12.4852
v -6.08677 1.8173 12.3879
v -6.40736 1.63792 12.4852
v -6.21187 1.44131 12.3
v -6.50581 1.26326 12.3228
v -6.36138 1.59194 12.3879
v -6.6408 1.35346 12.4852
v -6.66427 0.966792 12.3228
v -6.76186 0.645108 12.3228
v -6.85731 0.664096 12.3879
v -6.94349 0.681238 12.6
v -6.83536 1.03766 12.6
v -6.81427 1.02892 12.4852
v -6.9211 0.676783 12.4852
v -6.98 0.310565 12.6
v -6.58673 1.31733 12.3879
v -6.75419 1.00404 12.3879
v -5.69311 1.78833 12.3
v -6.7948 0.310567 12.3228
v -6.89213 0.310567 12.3879
v -6.64923 0.62286 12.3
v -5.08 2.12269 12.3879
v -5.08 2.18772 12.4852
v -6.68 0.310566 12.3
v -4.72647 2.08788 12.3879
v -4.71378 2.15166 12.4852
v -5.08091 1.91049 12.3
v -4.36164 2.04485 12.4852
v -4.38653 1.98477 12.3879
v -4.76871 1.87993 12.3
v -5.08 2.02536 12.3228
v -4.0371 1.87137 12.4852
v -4.07323 1.8173 12.3879
v -3.94905 1.44233 12.3
v -4.1273 1.73637 12.3228
v -3.86744 1.52312 12.3228
v -3.79862 1.59194 12.3879
v -3.75264 1.63792 12.4852
v -3.65419 1.26326 12.3228
v -3.74991 1.19984 12.3
v -3.57327 1.31733 12.3879
v -3.5192 1.35346 12.4852
v -3.49573 0.966792 12.3228
v -3.60191 0.923135 12.3
v -3.40581 1.00404 12.3879
v -3.26787 0.310567 12.3879
v -3.30269 0.664096 12.3879
v -3.20284 0.310567 12.4852
v -3.21651 0.681238 12.6
v -3.18 0.310565 12.6
v -3.39814 0.645108 12.3228
v -3.3652 0.310567 12.3228
v -3.51077 0.62286 12.3
v -3.48 0.310566 12.3
v -3.50021 1.36615 12.6
v -4.19168 1.64127 12.3
v -3.73649 1.65407 12.6
v -4.46845 1.78903 12.3
v -4.42377 1.89485 12.3228
v -4.02442 1.89036 12.6
v -4.74546 1.99242 12.3228
v -4.3529 2.06595 12.6
v -4.70933 2.17406 12.6
v -5.08 2.21055 12.6
v -5.45067 2.17406 12.6
v -5.8071 2.06595 12.6
v -6.13558 1.89036 12.6
v -6.42351 1.65407 12.6
v -6.41065 1.19887 12.3
v -6.65979 1.36615 12.6
v -6.55833 0.922375 12.3
v -6.95716 0.310567 12.4852
v -5.79921 2.06921 13.2
v -6.12487 1.89744 13.2
v -6.41132 1.66609 13.2
v -6.6478 1.38387 13.2
v -6.8254 1.06132 13.2
v -6.93742 0.710566 13.2
v -6.93742 0.710566 13.0
v -6.96105 0.578237 13.0
v -6.97526 0.444652 13.0
v -6.98 0.310565 13.0
v -5.44651 2.17491 13.2
v -4.71349 2.17491 13.2
v -5.08 2.21057 13.2
v -4.36079 2.06921 13.2
v -4.03513 1.89744 13.2
v -3.74868 1.66609 13.2
v -3.5122 1.38387 13.2
v -3.3346 1.06132 13.2
v -3.22258 0.710566 13.2
v -3.22258 0.710566 13.0
v -3.19895 0.578237 13.0
v -3.18476 0.444904 13.0
v -3.18 0.310565 13.0
v -3.28 -2.13943 1.8
v -3.98 -2.13943 6.2
v -3.98 -2.13943 2.8
v -6.18 -2.13943 6.2
v -6.88 -2.13943 7.7
v -6.88 -2.13943 1.8
v -6.18 -2.13943 2.8
v -3.28 -2.13943 7.7
v -3.28 2.76057 1.8
v -3.98 2.76057 2.8
v -3.98 2.76057 6.2
v -6.18 2.76057 2.8
v -6.88 2.76057 1.8
v -6.88 2.76057 7.7
v -6.18 2.76057 6.2
v -3.28 2.76057 7.7
v -6.31693 -0.0894339 13.8
v -6.21671 -0.320211 13.8
v -3.94329 -0.320211 13.8
v -4.26451 -0.701697 13.8
v -4.08508 -0.525984 13.8
v -6.07391 -0.527283 13.8
v -4.95418 -0.983339 13.8
v -4.70731 -0.93487 13.8
v -5.45135 -0.935177 13.8
v -4.47452 -0.839759 13.8
v -5.89401 -0.702914 13.8
v -5.68384 -0.840573 13.8
v -5.20527 -0.983339 13.8
v -3.84307 -0.0894339 13.8
v -6.39074 -1.02401 13.3854
v -6.62357 -0.746146 13.3854
v -6.41136 -1.04499 13.2
v -6.64781 -0.762738 13.2
v -6.72013 -0.394913 13.5527
v -6.81566 -0.0894339 13.5578
v -6.79842 -0.428587 13.3854
v -6.90538 -0.0894339 13.3887
v -6.9374 -0.0894179 13.2
v -6.82538 -0.440181 13.2
v -3.92198 -0.868507 13.6854
v -3.60675 -0.698004 13.5527
v -3.71628 -0.62302 13.6854
v -6.44372 -0.62302 13.6854
v -6.23802 -0.868507 13.6854
v -6.3057 -0.528535 13.7706
v -5.89687 -0.930043 13.7706
v -5.98886 -1.06974 13.6854
v -5.70559 -1.21915 13.6854
v -6.12082 -0.749177 13.7706
v -5.08 -1.34211 13.6854
v -4.7612 -1.31109 13.6854
v -5.08 -1.17484 13.7706
v -5.08 -1.56007 13.3854
v -5.44085 -1.52497 13.3854
v -5.08 -1.58942 13.2
v -3.71546 -0.276372 13.7706
v -3.51219 -0.762738 13.2
v -3.33462 -0.440181 13.2
v -3.53643 -0.746146 13.3854
v -4.26313 -0.930043 13.7706
v -4.17114 -1.06974 13.6854
v -3.8543 -0.528535 13.7706
v -4.03918 -0.749177 13.7706
v -3.36158 -0.428587 13.3854
v -3.25439 -0.0894339 13.3882
v -3.43987 -0.394913 13.5527
v -3.2226 -0.0894179 13.2
v -3.76926 -1.02401 13.3854
v -4.05128 -1.25178 13.3854
v -3.74864 -1.04499 13.2
v -4.51773 -1.06434 13.7706
v -4.45441 -1.21915 13.6854
v -4.71915 -1.52497 13.3854
v -4.36082 -1.44808 13.2
v -4.37191 -1.4209 13.3854
v -4.79346 -1.14697 13.7706
v -5.3988 -1.31109 13.6854
v -5.36654 -1.14697 13.7706
v -4.03511 -1.27632 13.2
v -4.71353 -1.55376 13.2
v -5.64227 -1.06434 13.7706
v -6.10872 -1.25178 13.3854
v -6.12489 -1.27632 13.2
v -5.44647 -1.55376 13.2
v -5.79918 -1.44808 13.2
v -5.78809 -1.4209 13.3854
v -6.44454 -0.276372 13.7706
v -6.59819 -0.342463 13.6854
v -6.67798 -0.0894339 13.689
v -6.50595 -0.0894339 13.7714
v -6.55325 -0.698004 13.5527
v -6.33103 -0.963208 13.5527
v -6.06185 -1.1806 13.5527
v -5.75583 -1.34202 13.5527
v -5.42441 -1.44134 13.5527
v -5.08 -1.47484 13.5527
v -4.73559 -1.44134 13.5527
v -4.40417 -1.34202 13.5527
v -4.09815 -1.1806 13.5527
v -3.82897 -0.963208 13.5527
v -3.34387 -0.0894339 13.5573
v -3.56181 -0.342463 13.6854
v -3.48173 -0.0894339 13.6888
v -3.65389 -0.0894339 13.7714
v -5.20582 1.60447 13.8
v -5.45269 1.556 13.8
v -4.70865 1.55631 13.8
v -6.07492 1.14712 13.8
v -4.08609 1.14842 13.8
v -5.89549 1.32283 13.8
v -3.84307 0.710566 13.8
v -3.94329 0.941343 13.8
v -6.21671 0.941343 13.8
v -4.95473 1.60447 13.8
v -4.47616 1.46171 13.8
v -5.68548 1.46089 13.8
v -4.26599 1.32405 13.8
v -6.31693 0.710566 13.8
v -3.25443 0.710566 13.3889
v -6.3057 1.14967 13.7706
v -6.12082 1.37031 13.7706
v -6.44372 1.24415 13.6854
v -6.44454 0.897504 13.7706
v -6.39074 1.64514 13.3854
v -6.62357 1.36728 13.3854
v -5.78809 2.04203 13.3854
v -5.44085 2.1461 13.3854
v -4.79346 1.7681 13.7706
v -4.7612 1.93223 13.6854
v -5.08 1.96324 13.6854
v -5.08 2.1812 13.3854
v -4.71915 2.1461 13.3854
v -4.51773 1.68547 13.7706
v -4.45441 1.84029 13.6854
v -3.36158 1.04972 13.3854
v -3.71628 1.24415 13.6854
v -3.92198 1.48964 13.6854
v -3.8543 1.14967 13.7706
v -3.65401 0.710566 13.7714
v -3.48176 0.710566 13.6888
v -3.56181 0.963595 13.6854
v -3.43987 1.01604 13.5527
v -3.34392 0.710566 13.5575
v -3.71546 0.897504 13.7706
v -6.55325 1.31914 13.5527
v -6.23802 1.48964 13.6854
v -3.76926 1.64514 13.3854
v -3.53643 1.36728 13.3854
v -6.79842 1.04972 13.3854
v -4.05128 1.87291 13.3854
v -4.03918 1.37031 13.7706
v -4.17114 1.69087 13.6854
v -4.26313 1.55118 13.7706
v -5.36654 1.7681 13.7706
v -5.3988 1.93223 13.6854
v -5.70559 1.84029 13.6854
v -5.08 1.79598 13.7706
v -5.98886 1.69087 13.6854
v -5.64227 1.68547 13.7706
v -5.89687 1.55118 13.7706
v -6.10872 1.87291 13.3854
v -6.72013 1.01604 13.5527
v -6.90571 0.710566 13.3886
v -4.37191 2.04203 13.3854
v -3.60675 1.31914 13.5527
v -3.82897 1.58434 13.5527
v -4.09815 1.80173 13.5527
v -4.40417 1.96315 13.5527
v -4.73559 2.06248 13.5527
v -5.08 2.09598 13.5527
v -5.42441 2.06248 13.5527
v -5.75583 1.96315 13.5527
v -6.06185 1.80173 13.5527
v -6.33103 1.58434 13.5527
v -6.81628 0.710566 13.5572
v -6.59819 0.963595 13.6854
v -6.67812 0.710566 13.6889
v -6.50593 0.710566 13.7715
v -6.96932 0.109436 13.0
v -6.94349 -0.0601059 12.6
v -6.42351 -1.03294 12.6
v -6.65979 -0.745017 12.6
v -6.83536 -0.41653 12.6
v -5.45067 -1.55293 12.6
v -5.08 -1.58942 12.6
v -6.13558 -1.26923 12.6
v -5.8071 -1.44482 12.6
v -4.3529 -1.44482 12.6
v -4.70933 -1.55293 12.6
v -3.50021 -0.745017 12.6
v -4.02442 -1.26923 12.6
v -3.73649 -1.03294 12.6
v -3.32464 -0.41653 12.6
v -3.22258 -0.0894341 13.0
v -3.21651 -0.0601059 12.6
v -3.19068 0.109436 13.0
v -6.93742 -0.0894341 13.0
v -6.29256 -0.901985 12.3228
v -6.50581 -0.642128 12.3228
v -6.4101 -0.578707 12.3
v -6.64923 -0.00172739 12.3
v -6.76186 -0.0239761 12.3228
v -6.66427 -0.345659 12.3228
v -6.55809 -0.302003 12.3
v -6.36138 -0.970806 12.3879
v -6.1229 -1.25024 12.4852
v -6.40736 -1.01679 12.4852
v -6.81427 -0.407791 12.4852
v -6.75419 -0.382905 12.3879
v -6.6408 -0.73233 12.4852
v -4.76695 -1.25843 12.3
v -4.74546 -1.37129 12.3228
v -5.07909 -1.28936 12.3
v -6.0327 -1.11524 12.3228
v -6.21095 -0.821194 12.3
v -4.42377 -1.27372 12.3228
v -5.08 -1.56659 12.4852
v -5.44622 -1.53053 12.4852
v -5.43353 -1.46675 12.3879
v -3.65419 -0.642128 12.3228
v -3.86744 -0.901985 12.3228
v -3.94813 -0.820175 12.3
v -4.36164 -1.42372 12.4852
v -4.38653 -1.36364 12.3879
v -4.0371 -1.25024 12.4852
v -3.40581 -0.382905 12.3879
v -3.49573 -0.345659 12.3228
v -3.39814 -0.0239761 12.3228
v -3.30269 -0.0429637 12.3879
v -3.34573 -0.407791 12.4852
v -3.5192 -0.73233 12.4852
v -3.57327 -0.6962 12.3879
v -3.51077 -0.00172739 12.3
v -3.2389 -0.0556508 12.4852
v -4.07323 -1.19617 12.3879
v -3.75264 -1.01679 12.4852
v -3.79862 -0.970806 12.3879
v -4.46689 -1.1672 12.3
v -4.1273 -1.11524 12.3228
v -4.19041 -1.01922 12.3
v -4.71378 -1.53053 12.4852
v -5.08 -1.50155 12.3879
v -4.72647 -1.46675 12.3879
v -6.08677 -1.19617 12.3879
v -5.79836 -1.42372 12.4852
v -5.77347 -1.36364 12.3879
v -6.58673 -0.6962 12.3879
v -5.39129 -1.2588 12.3
v -5.08 -1.40423 12.3228
v -6.9211 -0.0556508 12.4852
v -6.85731 -0.0429637 12.3879
v -5.96832 -1.02014 12.3
v -5.69155 -1.1679 12.3
v -5.73623 -1.27372 12.3228
v -5.41454 -1.37129 12.3228
v -3.74935 -0.577742 12.3
v -3.60167 -0.301243 12.3
v -6.04593 0.0517473 12.3
v -4.11408 0.0517473 12.3
v -4.58 -0.555462 12.3
v -4.37289 -0.396541 12.3
v -5.08 -0.689427 12.3
v -5.33882 -0.655363 12.3
v -4.82118 -0.655363 12.3
v -5.78711 -0.396541 12.3
v -5.58 -0.555462 12.3
v -4.21398 -0.189433 12.3
v -5.94602 -0.189433 12.3
v -6.04593 0.051747 8.0
v -5.58 -0.555459 8.0
v -5.78711 -0.396541 8.0
v -5.94603 -0.189434 8.0
v -5.08 -0.689434 8.0
v -4.82118 -0.65536 8.0
v -5.33882 -0.65536 8.0
v -4.37289 -0.396541 8.0
v -4.21397 -0.189434 8.0
v -4.58 -0.555459 8.0
v -4.11407 0.051747 8.0
v -3.28 2.6727 7.91213
v -6.88 2.6727 7.91213
v -6.88 2.57537 7.97716
v -6.88 2.46057 8.0
v -3.28 2.57537 7.97716
v -3.28 2.46057 8.0
v -3.28 2.73773 7.81481
v -6.88 2.73773 7.81481
v -3.28 -1.83943 8.0
v -6.88 -1.83943 8.0
v -3.28 -2.05157 7.91213
v -6.88 -2.05157 7.91213
v -6.88 -2.1166 7.81481
v -3.28 -2.1166 7.81481
v -3.28 -1.95424 7.97716
v -6.88 -1.95424 7.97716
v -3.28 -2.05157 1.58787
v -6.88 -2.05157 1.58787
v -6.88 -1.95424 1.52284
v -6.88 -1.83943 1.5
v -3.28 -1.95424 1.52284
v -3.28 -1.83943 1.5
v -3.28 -2.1166 1.68519
v -6.88 -2.1166 1.68519
v -6.88 2.46057 1.5
v -3.28 2.46057 1.5
v -3.28 2.6727 1.58787
v -6.88 2.6727 1.58787
v -6.88 2.73773 1.68519
v -3.28 2.73773 1.68519
v -3.28 2.57537 1.52284
v -6.88 2.57537 1.52284
v -10.16 1.31057 12.3
v -10.4188 1.27649 8.0
v -10.4188 1.27649 12.3
v -10.66 1.17659 12.3
v -10.66 1.17659 8.0
v -10.8671 1.01767 12.3
v -10.8671 1.01767 8.0
v -11.026 0.810566 8.0
v -11.026 0.810566 12.3
v -10.16 1.31057 8.0
v -11.16 0.310566 8.0
v -11.1259 0.569385 12.3
v -11.1259 0.569385 8.0
v -11.16 0.310566 12.3
v -9.90118 1.27649 12.3
v -9.66 1.17659 12.3
v -9.90118 1.27649 8.0
v -9.66 1.17659 8.0
v -9.45289 1.01767 12.3
v -9.29397 0.810566 12.3
v -9.45289 1.01767 8.0
v -9.19407 0.569385 12.3
v -9.29397 0.810566 8.0
v -9.19407 0.569385 8.0
v -9.16 0.310566 12.3
v -9.16 0.310566 8.0
v -10.5135 2.08788 12.3879
v -10.8784 2.04485 12.4852
v -10.5262 2.15166 12.4852
v -8.3189 0.676783 12.4852
v -8.42573 1.02892 12.4852
v -8.40464 1.03766 12.6
v -11.1127 1.73637 12.3228
v -10.8162 1.89485 12.3228
v -10.7731 1.78833 12.3
v -10.8535 1.98477 12.3879
v -11.2029 1.87137 12.4852
v -11.1668 1.8173 12.3879
v -11.4874 1.63792 12.4852
v -11.2919 1.44131 12.3
v -11.5858 1.26326 12.3228
v -11.3726 1.52312 12.3228
v -11.0496 1.64035 12.3
v -11.4414 1.59194 12.3879
v -11.7208 1.35346 12.4852
v -12.06 0.310565 12.6
v -12.0235 0.681238 12.6
v -12.0011 0.676783 12.4852
v -11.8419 0.645108 12.3228
v -11.9373 0.664096 12.3879
v -11.7443 0.966792 12.3228
v -11.9154 1.03766 12.6
v -11.8943 1.02892 12.4852
v -11.8342 1.00404 12.3879
v -11.6667 1.31733 12.3879
v -11.7292 0.62286 12.3
v -11.8748 0.310567 12.3228
v -11.9721 0.310567 12.3879
v -10.4945 1.99242 12.3228
v -10.473 1.87956 12.3
v -10.16 2.18772 12.4852
v -10.16 2.12269 12.3879
v -11.76 0.310566 12.3
v -9.80647 2.08788 12.3879
v -9.79378 2.15166 12.4852
v -10.1609 1.91049 12.3
v -9.44164 2.04485 12.4852
v -9.46653 1.98477 12.3879
v -9.84871 1.87993 12.3
v -10.16 2.02536 12.3228
v -9.1171 1.87137 12.4852
v -9.15323 1.8173 12.3879
v -9.02905 1.44233 12.3
v -9.2073 1.73637 12.3228
v -8.94744 1.52312 12.3228
v -8.87862 1.59194 12.3879
v -8.83264 1.63792 12.4852
v -8.73419 1.26326 12.3228
v -8.8299 1.19984 12.3
v -8.65327 1.31733 12.3879
v -8.5992 1.35346 12.4852
v -8.57573 0.966792 12.3228
v -8.68191 0.923135 12.3
v -8.48582 1.00404 12.3879
v -8.34787 0.310567 12.3879
v -8.38269 0.664096 12.3879
v -8.28284 0.310567 12.4852
v -8.29651 0.681238 12.6
v -8.26 0.310565 12.6
v -8.59077 0.62286 12.3
v -8.47814 0.645108 12.3228
v -8.4452 0.310567 12.3228
v -8.56 0.310566 12.3
v -8.58021 1.36615 12.6
v -9.27168 1.64127 12.3
v -8.81649 1.65407 12.6
v -9.54845 1.78903 12.3
v -9.50377 1.89485 12.3228
v -9.10442 1.89036 12.6
v -9.82546 1.99242 12.3228
v -9.4329 2.06595 12.6
v -9.78933 2.17406 12.6
v -10.16 2.21055 12.6
v -10.5307 2.17406 12.6
v -10.8871 2.06595 12.6
v -11.2156 1.89036 12.6
v -11.5035 1.65407 12.6
v -11.4907 1.19887 12.3
v -11.7398 1.36615 12.6
v -11.6383 0.922375 12.3
v -12.0372 0.310567 12.4852
v -10.8792 2.06921 13.2
v -11.2049 1.89744 13.2
v -11.4913 1.66609 13.2
v -11.7278 1.38387 13.2
v -11.9054 1.06132 13.2
v -12.0174 0.710566 13.2
v -12.0174 0.710566 13.0
v -12.041 0.578237 13.0
v -12.0553 0.444652 13.0
v -12.06 0.310565 13.0
v -10.5265 2.17491 13.2
v -9.79349 2.17491 13.2
v -10.16 2.21057 13.2
v -9.44079 2.06921 13.2
v -9.11513 1.89744 13.2
v -8.82868 1.66609 13.2
v -8.5922 1.38387 13.2
v -8.41461 1.06132 13.2
v -8.30258 0.710566 13.2
v -8.30258 0.710566 13.0
v -8.27895 0.578237 13.0
v -8.26476 0.444904 13.0
v -8.26 0.310565 13.0
v -8.36 -2.13943 1.8
v -9.06 -2.13943 6.2
v -9.06 -2.13943 2.8
v -11.26 -2.13943 6.2
v -11.96 -2.13943 7.7
v -11.96 -2.13943 1.8
v -11.26 -2.13943 2.8
v -8.36 -2.13943 7.7
v -8.36 2.76057 1.8
v -9.06 2.76057 2.8
v -9.06 2.76057 6.2
v -11.26 2.76057 2.8
v -11.96 2.76057 1.8
v -11.96 2.76057 7.7
v -11.26 2.76057 6.2
v -8.36 2.76057 7.7
v -11.3969 -0.0894339 13.8
v -11.2967 -0.320211 13.8
v -9.02329 -0.320211 13.8
v -9.34451 -0.701697 13.8
v -9.16508 -0.525984 13.8
v -11.1539 -0.527283 13.8
v -10.0342 -0.983339 13.8
v -9.78731 -0.93487 13.8
v -10.5314 -0.935177 13.8
v -9.55452 -0.839759 13.8
v -10.974 -0.702914 13.8
v -10.7638 -0.840573 13.8
v -10.2853 -0.983339 13.8
v -8.92307 -0.0894339 13.8
v -11.4707 -1.02401 13.3854
v -11.7036 -0.746146 13.3854
v -11.4914 -1.04499 13.2
v -11.7278 -0.762738 13.2
v -11.8001 -0.394913 13.5527
v -11.8957 -0.0894339 13.5578
v -11.8784 -0.428587 13.3854
v -11.9854 -0.0894339 13.3887
v -12.0174 -0.0894179 13.2
v -11.9054 -0.440181 13.2
v -9.00198 -0.868507 13.6854
v -8.68675 -0.698004 13.5527
v -8.79628 -0.62302 13.6854
v -11.5237 -0.62302 13.6854
v -11.318 -0.868507 13.6854
v -11.3857 -0.528535 13.7706
v -10.9769 -0.930043 13.7706
v -11.0689 -1.06974 13.6854
v -10.7856 -1.21915 13.6854
v -11.2008 -0.749177 13.7706
v -10.16 -1.34211 13.6854
v -9.8412 -1.31109 13.6854
v -10.16 -1.17484 13.7706
v -10.16 -1.56007 13.3854
v -10.5208 -1.52497 13.3854
v -10.16 -1.58942 13.2
v -8.79546 -0.276372 13.7706
v -8.59219 -0.762738 13.2
v -8.41462 -0.440181 13.2
v -8.61643 -0.746146 13.3854
v -9.34313 -0.930043 13.7706
v -9.25114 -1.06974 13.6854
v -8.9343 -0.528535 13.7706
v -9.11918 -0.749177 13.7706
v -8.44158 -0.428587 13.3854
v -8.33439 -0.0894339 13.3882
v -8.51987 -0.394913 13.5527
v -8.3026 -0.0894179 13.2
v -8.84926 -1.02401 13.3854
v -9.13128 -1.25178 13.3854
v -8.82864 -1.04499 13.2
v -9.59773 -1.06434 13.7706
v -9.53441 -1.21915 13.6854
v -9.79915 -1.52497 13.3854
v -9.44082 -1.44808 13.2
v -9.45191 -1.4209 13.3854
v -9.87346 -1.14697 13.7706
v -10.4788 -1.31109 13.6854
v -10.4465 -1.14697 13.7706
v -9.11511 -1.27632 13.2
v -9.79353 -1.55376 13.2
v -10.7223 -1.06434 13.7706
v -11.1887 -1.25178 13.3854
v -11.2049 -1.27632 13.2
v -10.5265 -1.55376 13.2
v -10.8792 -1.44808 13.2
v -10.8681 -1.4209 13.3854
v -11.5245 -0.276372 13.7706
v -11.6782 -0.342463 13.6854
v -11.758 -0.0894339 13.689
v -11.5859 -0.0894339 13.7714
v -11.6332 -0.698004 13.5527
v -11.411 -0.963208 13.5527
v -11.1419 -1.1806 13.5527
v -10.8358 -1.34202 13.5527
v -10.5044 -1.44134 13.5527
v -10.16 -1.47484 13.5527
v -9.81559 -1.44134 13.5527
v -9.48417 -1.34202 13.5527
v -9.17815 -1.1806 13.5527
v -8.90897 -0.963208 13.5527
v -8.42387 -0.0894339 13.5573
v -8.64181 -0.342463 13.6854
v -8.56173 -0.0894339 13.6888
v -8.73389 -0.0894339 13.7714
v -10.2858 1.60447 13.8
v -10.5327 1.556 13.8
v -9.78865 1.55631 13.8
v -11.1549 1.14712 13.8
v -9.16609 1.14842 13.8
v -10.9755 1.32283 13.8
v -8.92307 0.710566 13.8
v -9.02329 0.941343 13.8
v -11.2967 0.941343 13.8
v -10.0347 1.60447 13.8
v -9.55616 1.46171 13.8
v -10.7655 1.46089 13.8
v -9.34599 1.32405 13.8
v -11.3969 0.710566 13.8
v -8.33443 0.710566 13.3889
v -11.3857 1.14967 13.7706
v -11.2008 1.37031 13.7706
v -11.5237 1.24415 13.6854
v -11.5245 0.897504 13.7706
v -11.4707 1.64514 13.3854
v -11.7036 1.36728 13.3854
v -10.8681 2.04203 13.3854
v -10.5208 2.1461 13.3854
v -9.87346 1.7681 13.7706
v -9.8412 1.93223 13.6854
v -10.16 1.96324 13.6854
v -11.1887 1.87291 13.3854
v -9.79915 2.1461 13.3854
v -9.59773 1.68547 13.7706
v -9.53441 1.84029 13.6854
v -8.44158 1.04972 13.3854
v -8.79628 1.24415 13.6854
v -9.00198 1.48964 13.6854
v -8.9343 1.14967 13.7706
v -8.73401 0.710566 13.7714
v -8.56176 0.710566 13.6888
v -8.64181 0.963595 13.6854
v -8.51987 1.01604 13.5527
v -8.42392 0.710566 13.5575
v -8.79546 0.897504 13.7706
v -11.6332 1.31914 13.5527
v -11.318 1.48964 13.6854
v -8.84926 1.64514 13.3854
v -8.61643 1.36728 13.3854
v -9.13128 1.87291 13.3854
v -9.11918 1.37031 13.7706
v -9.25114 1.69087 13.6854
v -10.16 2.1812 13.3854
v -9.34313 1.55118 13.7706
v -11.8784 1.04972 13.3854
v -10.4465 1.7681 13.7706
v -10.4788 1.93223 13.6854
v -10.7856 1.84029 13.6854
v -10.16 1.79598 13.7706
v -11.0689 1.69087 13.6854
v -10.7223 1.68547 13.7706
v -11.8001 1.01604 13.5527
v -11.9857 0.710566 13.3886
v -10.9769 1.55118 13.7706
v -9.45191 2.04203 13.3854
v -8.68675 1.31914 13.5527
v -8.90897 1.58434 13.5527
v -9.17815 1.80173 13.5527
v -9.48417 1.96315 13.5527
v -9.81559 2.06248 13.5527
v -10.16 2.09598 13.5527
v -10.5044 2.06248 13.5527
v -10.8358 1.96315 13.5527
v -11.1419 1.80173 13.5527
v -11.411 1.58434 13.5527
v -11.8963 0.710566 13.5572
v -11.6782 0.963595 13.6854
v -11.7581 0.710566 13.6889
v -11.5859 0.710566 13.7715
v -12.0493 0.109436 13.0
v -12.0235 -0.0601059 12.6
v -11.5035 -1.03294 12.6
v -11.7398 -0.745017 12.6
v -11.9154 -0.41653 12.6
v -10.5307 -1.55293 12.6
v -10.16 -1.58942 12.6
v -11.2156 -1.26923 12.6
v -10.8871 -1.44482 12.6
v -9.4329 -1.44482 12.6
v -9.78933 -1.55293 12.6
v -8.58021 -0.745017 12.6
v -9.10442 -1.26923 12.6
v -8.81649 -1.03294 12.6
v -8.40464 -0.41653 12.6
v -8.30258 -0.0894341 13.0
v -8.29651 -0.0601059 12.6
v -8.27068 0.109436 13.0
v -12.0174 -0.0894341 13.0
v -11.3726 -0.901985 12.3228
v -11.5858 -0.642128 12.3228
v -11.4901 -0.578707 12.3
v -11.7292 -0.00172739 12.3
v -11.8419 -0.0239761 12.3228
v -11.7443 -0.345659 12.3228
v -11.6381 -0.302003 12.3
v -11.4414 -0.970806 12.3879
v -11.2029 -1.25024 12.4852
v -11.4874 -1.01679 12.4852
v -11.8943 -0.407791 12.4852
v -11.8342 -0.382905 12.3879
v -11.7208 -0.73233 12.4852
v -9.84695 -1.25843 12.3
v -9.82546 -1.37129 12.3228
v -10.1591 -1.28936 12.3
v -11.1127 -1.11524 12.3228
v -11.2909 -0.821194 12.3
v -9.50377 -1.27372 12.3228
v -10.16 -1.56659 12.4852
v -10.5262 -1.53053 12.4852
v -10.5135 -1.46675 12.3879
v -8.73419 -0.642128 12.3228
v -8.94744 -0.901985 12.3228
v -9.02813 -0.820175 12.3
v -9.44164 -1.42372 12.4852
v -9.46653 -1.36364 12.3879
v -9.1171 -1.25024 12.4852
v -8.48582 -0.382905 12.3879
v -8.57573 -0.345659 12.3228
v -8.47814 -0.0239761 12.3228
v -8.38269 -0.0429637 12.3879
v -8.42573 -0.407791 12.4852
v -8.5992 -0.73233 12.4852
v -8.65327 -0.6962 12.3879
v -8.59077 -0.00172739 12.3
v -8.3189 -0.0556508 12.4852
v -9.15323 -1.19617 12.3879
v -8.83264 -1.01679 12.4852
v -8.87862 -0.970806 12.3879
v -9.54689 -1.1672 12.3
v -9.2073 -1.11524 12.3228
v -9.27041 -1.01922 12.3
v -9.79378 -1.53053 12.4852
v -10.16 -1.50155 12.3879
v -9.80647 -1.46675 12.3879
v -11.1668 -1.19617 12.3879
v -10.8784 -1.42372 12.4852
v -10.8535 -1.36364 12.3879
v -11.6667 -0.6962 12.3879
v -10.4713 -1.2588 12.3
v -10.16 -1.40423 12.3228
v -12.0011 -0.0556508 12.4852
v -11.9373 -0.0429637 12.3879
v -11.0483 -1.02014 12.3
v -10.7715 -1.1679 12.3
v -10.8162 -1.27372 12.3228
v -10.4945 -1.37129 12.3228
v -8.82935 -0.577742 12.3
v -8.68167 -0.301243 12.3
v -11.1259 0.0517473 12.3
v -9.19407 0.0517473 12.3
v -9.66 -0.555462 12.3
v -9.45289 -0.396541 12.3
v -10.16 -0.689427 12.3
v -10.4188 -0.655363 12.3
v -9.90118 -0.655363 12.3
v -10.8671 -0.396541 12.3
v -10.66 -0.555462 12.3
v -9.29398 -0.189433 12.3
v -11.026 -0.189433 12.3
v -11.1259 0.051747 8.0
v -10.66 -0.555459 8.0
v -10.8671 -0.396541 8.0
v -11.026 -0.189434 8.0
v -10.16 -0.689434 8.0
v -9.90118 -0.65536 8.0
v -10.4188 -0.65536 8.0
v -9.45289 -0.396541 8.0
v -9.29397 -0.189434 8.0
v -9.66 -0.555459 8.0
v -9.19407 0.051747 8.0
v -8.36 2.6727 7.91213
v -11.96 2.6727 7.91213
v -11.96 2.57537 7.97716
v -11.96 2.46057 8.0
v -8.36 2.57537 7.97716
v -8.36 2.46057 8.0
v -8.36 2.73773 7.81481
v -11.96 2.73773 7.81481
v -8.36 -1.83943 8.0
v -11.96 -1.83943 8.0
v -8.36 -2.05157 7.91213
v -11.96 -2.05157 7.91213
v -11.96 -2.1166 7.81481
v -8.36 -2.1166 7.81481
v -8.36 -1.95424 7.97716
v -11.96 -1.95424 7.97716
v -8.36 -2.05157 1.58787
v -11.96 -2.05157 1.58787
v -11.96 -1.95424 1.52284
v -11.96 -1.83943 1.5
v -8.36 -1.95424 1.52284
v -8.36 -1.83943 1.5
v -8.36 -2.1166 1.68519
v -11.96 -2.1166 1.68519
v -11.96 2.46057 1.5
v -8.36 2.46057 1.5
v -8.36 2.6727 1.58787
v -11.96 2.6727 1.58787
v -11.96 2.73773 1.68519
v -8.36 2.73773 1.68519
v -8.36 2.57537 1.52284
v -11.96 2.57537 1.52284
v 3.23318 0.310567 13.325
v 3.26866 -0.049732 13.325
v 3.24148 -0.0551387 13.2234
newmtl 2
Ka 1.0 1.0 1.0
Kd 0.0 0.9058823529411765 0.6705882352941176
Ks 0.7529411764705882 0.7529411764705882 0.7529411764705882
d 1.0
endmtl
v 3.45864 -0.772795 13.15
v 3.27844 -0.435664 13.15
v 3.34816 -0.406787 13.2234
v 3.70113 -1.06829 13.15
v 3.52138 -0.730872 13.2234
v 3.75449 -1.01493 13.2234
v 4.7143 -1.52795 13.2234
v 4.36265 -1.4213 13.2234
v 4.37325 -1.39569 13.325
v 4.03856 -1.24806 13.2234
v 3.99664 -1.3108 13.15
v 5.79735 -1.4213 13.2234
v 5.82623 -1.49101 13.15
v 5.4457 -1.52795 13.2234
v 5.08 -1.56396 13.2234
v 5.08 -1.63942 13.15
v 6.70136 -0.772795 13.15
v 6.45887 -1.06829 13.15
v 6.40551 -1.01493 13.2234
v 6.16336 -1.3108 13.15
v 6.12144 -1.24806 13.2234
v 6.81184 -0.406787 13.2234
v 6.88156 -0.435664 13.15
v 6.63862 -0.730872 13.2234
v 6.95454 0.310565 13.2234
v 6.91852 -0.0551387 13.2234
v 6.89134 -0.049732 13.325
v 6.99253 -0.0698604 13.15
v 7.03 0.310567 13.15
v 6.92682 0.310567 13.325
v 5.46043 -1.60197 13.15
v 4.7197 -1.50077 13.325
v 4.33377 -1.49101 13.15
v 4.69957 -1.60197 13.15
v 3.77409 -0.995338 13.325
v 4.05396 -1.22501 13.325
v 3.37376 -0.396181 13.325
v 3.13 0.310567 13.15
v 3.20546 0.310565 13.2234
v 3.16747 -0.0698604 13.15
v 3.54442 -0.715475 13.325
v 5.08 -1.53625 13.325
v 5.4403 -1.50077 13.325
v 5.78675 -1.39569 13.325
v 6.10604 -1.22501 13.325
v 6.38591 -0.995338 13.325
v 6.61558 -0.715475 13.325
v 6.78624 -0.396181 13.325
v 6.89134 0.670864 13.325
v 6.91852 0.676271 13.2234
v 6.70136 1.39393 13.15
v 6.88156 1.0568 13.15
v 6.81184 1.02792 13.2234
v 6.45887 1.68943 13.15
v 6.63862 1.352 13.2234
v 6.40551 1.63607 13.2234
v 5.4457 2.14909 13.2234
v 5.79735 2.04243 13.2234
v 5.78675 2.01682 13.325
v 6.12144 1.86919 13.2234
v 6.16336 1.93193 13.15
v 4.36265 2.04243 13.2234
v 4.33377 2.11214 13.15
v 4.7143 2.14909 13.2234
v 5.08 2.18509 13.2234
v 5.08 2.26055 13.15
v 3.45864 1.39393 13.15
v 3.70113 1.68943 13.15
v 3.75449 1.63607 13.2234
v 3.99664 1.93193 13.15
v 4.03856 1.86919 13.2234
v 3.34816 1.02792 13.2234
v 3.27844 1.0568 13.15
v 3.52138 1.352 13.2234
v 3.24148 0.676271 13.2234
v 3.26866 0.670864 13.325
v 3.16747 0.690993 13.15
v 4.69957 2.2231 13.15
v 5.4403 2.12191 13.325
v 5.82623 2.11214 13.15
v 5.46043 2.2231 13.15
v 6.38591 1.61647 13.325
v 6.10604 1.84614 13.325
v 6.78624 1.01731 13.325
v 6.99253 0.690993 13.15
v 6.61558 1.33661 13.325
v 5.08 2.15738 13.325
v 4.7197 2.12191 13.325
v 4.37325 2.01682 13.325
v 4.05396 1.84614 13.325
v 3.77409 1.61647 13.325
v 3.54442 1.33661 13.325
v 3.37376 1.01731 13.325
v 6.14255 -0.247102 11.1
v 6.24513 0.0233873 10.6
v 6.14255 -0.247102 10.6
v 6.28 0.310566 10.6
v 6.24513 0.0233873 11.1
v 6.28 0.310566 11.1
v 5.76168 -0.677015 10.6
v 5.50553 -0.811453 10.6
v 5.50553 -0.811453 11.1
v 5.76168 -0.677015 11.1
v 5.97821 -0.485181 11.1
v 5.97821 -0.485181 10.6
v 4.65447 -0.811453 11.1
v 4.93536 -0.880685 10.6
v 4.65447 -0.811453 10.6
v 4.93536 -0.880685 11.1
v 5.22464 -0.880685 11.1
v 5.22464 -0.880685 10.6
v 4.01745 -0.247102 11.1
v 4.18179 -0.485181 11.1
v 4.18179 -0.485181 10.6
v 4.39832 -0.677015 10.6
v 4.39832 -0.677015 11.1
v 4.01745 -0.247102 10.6
v 3.91487 0.0233873 11.1
v 3.91487 0.0233873 10.6
v 3.88 0.310566 11.1
v 3.88 0.310566 10.6
v 6.99253 -0.06986 11.1
v 6.88157 -0.435667 11.1
v 7.03 0.310567 11.1
v 6.45886 -1.06829 11.1
v 6.16336 -1.3108 11.1
v 6.70137 -0.772796 11.1
v 5.46043 -1.60197 11.1
v 5.08 -1.63943 11.1
v 5.82623 -1.491 11.1
v 3.99664 -1.3108 11.1
v 4.33377 -1.491 11.1
v 4.69957 -1.60197 11.1
v 3.45863 -0.772796 11.1
v 3.70114 -1.06829 11.1
v 3.27843 -0.435667 11.1
v 3.16747 -0.06986 11.1
v 3.13 0.310567 11.1
v 5.08 2.26055 13.5
v 5.08 2.18509 13.4266
v 5.4457 2.14909 13.4266
v 5.79735 2.04243 13.4266
v 6.12144 1.86919 13.4266
v 6.40551 1.63607 13.4266
v 6.63862 1.352 13.4266
v 6.81184 1.02792 13.4266
v 6.91852 0.676271 13.4266
v 6.99253 0.690993 13.5
v 6.88156 1.0568 13.5
v 6.95454 0.310567 13.4266
v 7.03 0.310565 13.5
v 4.7143 2.14909 13.4266
v 4.36265 2.04243 13.4266
v 4.03856 1.86919 13.4266
v 3.75449 1.63607 13.4266
v 3.52138 1.352 13.4266
v 3.34816 1.02792 13.4266
v 3.13 0.310565 13.5
v 3.20546 0.310567 13.4266
v 3.24148 0.676271 13.4266
v 6.70136 1.39393 13.5
v 6.45887 1.68943 13.5
v 6.16336 1.93193 13.5
v 5.82623 2.11214 13.5
v 5.46043 2.2231 13.5
v 4.69957 2.2231 13.5
v 4.33377 2.11214 13.5
v 3.99664 1.93193 13.5
v 3.70113 1.68943 13.5
v 3.45864 1.39393 13.5
v 3.27844 1.0568 13.5
v 3.16747 0.690993 13.5
v 6.88157 -0.435667 14.0
v 6.99253 -0.0698605 13.5
v 6.88156 -0.435665 13.5
v 6.99253 -0.06986 14.0
v 7.03 0.310567 14.0
v 6.45887 -1.06829 13.5
v 6.16336 -1.3108 13.5
v 6.16336 -1.3108 14.0
v 6.45886 -1.06829 14.0
v 6.70137 -0.772796 14.0
v 6.70136 -0.772796 13.5
v 5.08 -1.63943 14.0
v 5.46043 -1.60197 13.5
v 5.08 -1.63942 13.5
v 5.46043 -1.60197 14.0
v 5.82623 -1.491 14.0
v 5.82623 -1.49101 13.5
v 3.99664 -1.3108 13.5
v 3.99664 -1.3108 14.0
v 4.33377 -1.49101 13.5
v 4.69957 -1.60197 13.5
v 4.33377 -1.491 14.0
v 4.69957 -1.60197 14.0
v 3.45864 -0.772796 13.5
v 3.45863 -0.772796 14.0
v 3.70113 -1.06829 13.5
v 3.70114 -1.06829 14.0
v 3.27843 -0.435667 14.0
v 3.27844 -0.435665 13.5
v 3.16747 -0.0698605 13.5
v 3.16747 -0.06986 14.0
v 3.13 0.310567 14.0
v 7.62 4.60464 7.24806
v 7.62 4.65 7.24992
v 2.54 4.60464 7.24806
v 2.54 4.65 7.24992
v 2.54 4.55922 7.24246
v 7.62 4.55922 7.24246
v 3.18 -2.91443 -9.81485E-16
v 3.78 -2.91443 6.2
v 3.18 -2.91443 7.2
v 6.38 -2.91443 6.2
v 6.98 -2.91443 7.2
v 3.78 -2.91443 -9.81485E-16
v 6.38 -2.91443 -9.81485E-16
v 6.98 -2.91443 -9.81485E-16
v 3.18 2.88557 -2.7119E-16
v 3.78 2.88557 6.2
v 3.18 2.88557 12.95
v 6.38 2.88557 6.2
v 6.98 2.88557 12.95
v 3.78 2.88557 -2.7119E-16
v 6.38 2.88557 -2.7119E-16
v 6.98 2.88557 -2.7119E-16
v 6.98 -2.26443 12.95
v 6.98 -2.26443 -9.01883E-16
v 6.38 -2.26443 6.2
v 3.78 -2.26443 6.2
v 3.18 -2.26443 -9.01883E-16
v 3.18 -2.26443 12.95
v 6.38 -2.26443 -9.01883E-16
v 3.78 -2.26443 -9.01883E-16
v 2.54 5.2 6.7
v 3.36706 5.2 6.42167
v 3.36706 5.2 1.79963
v 2.54 5.2 1.22465E-17
v 7.62 5.2 6.7
v 6.79294 5.2 1.79963
v 6.79294 5.2 6.42167
v 7.62 5.2 1.22465E-17
v 7.62 4.74552 7.24153
v 7.62 5.00267 7.12195
v 2.54 4.92375 7.17685
v 7.62 4.92375 7.17685
v 7.62 4.83748 7.21705
v 2.54 4.83748 7.21705
v 2.54 4.74552 7.24153
v 2.54 5.12591 6.97567
v 7.62 5.12591 6.97567
v 7.62 5.16628 6.88911
v 2.54 5.00267 7.12195
v 7.62 5.07029 7.0545
v 2.54 5.07029 7.0545
v 2.54 5.19139 6.79647
v 2.54 5.16628 6.88911
v 7.62 5.19139 6.79647
v 7.62 3.4284 14.0
v 2.54 3.4284 14.0
v 2.54 -2.80727 14.0
v 6.99253 0.690993 14.0
v 5.46043 2.2231 14.0
v 5.08 2.26055 14.0
v 7.62 -2.80727 14.0
v 6.70136 1.39393 14.0
v 6.88156 1.0568 14.0
v 6.16336 1.93193 14.0
v 6.45887 1.68943 14.0
v 5.82623 2.11214 14.0
v 4.69957 2.2231 14.0
v 3.99664 1.93193 14.0
v 4.33377 2.11214 14.0
v 3.45864 1.39393 14.0
v 3.70113 1.68943 14.0
v 3.16747 0.690993 14.0
v 3.27844 1.0568 14.0
v 7.62 -5.0 4.50223
v 6.08 -3.8 9.7
v 6.85 -5.0 4.50243
v 6.08 -5.0 4.5008
v 3.31 -5.0 4.50243
v 4.08 -3.8 9.7
v 2.54 -5.0 4.50223
v 4.08 -5.0 4.5008
v 2.54 -5.0 -1.23689E-15
v 4.74667 -5.0 4.49984
v 7.62 -5.0 -1.23689E-15
v 5.41333 -5.0 4.49984
v 6.98 -4.375 1.2
v 6.98 -4.375 -1.16035E-15
v 3.18 -4.375 -1.16035E-15
v 3.18 -4.375 1.2
v 6.98 -3.8 1.775
v 3.18 -3.8 1.775
v 6.08 -3.8 4.5
v 6.98 -3.8 7.2
v 4.08 -3.8 4.5
v 3.18 -3.8 7.2
v 4.08 -3.8 7.2
v 6.08 -3.8 7.2
v 4.74667 -3.8 7.2
v 5.41333 -3.8 7.2
v 3.18 -1.91443 12.95
v 6.98 -1.91443 12.95
v 6.98 -1.91443 10.6
v 3.18 -1.91443 10.6
v 3.18 2.53557 10.6
v 3.91487 0.597745 10.6
v 5.22464 1.50181 10.6
v 4.93536 1.50181 10.6
v 4.18178 1.10631 10.6
v 4.01746 0.868233 10.6
v 4.65448 1.43259 10.6
v 4.39832 1.29815 10.6
v 5.50553 1.43259 10.6
v 6.98 2.53557 10.6
v 5.97822 1.10631 10.6
v 5.76168 1.29815 10.6
v 6.24513 0.597745 10.6
v 6.14254 0.868233 10.6
v 6.98 2.53557 12.95
v 3.18 2.53557 12.95
v 3.78 3.53557 6.2
v 6.38 3.53557 6.2
v 6.38 3.53557 -1.91588E-16
v 6.28 3.53557 2.2
v 3.88 3.53557 5.2
v 6.28 3.53557 5.2
v 3.88 3.53557 2.2
v 3.78 3.53557 -1.91588E-16
v 5.08 -1.56396 13.4266
v 4.7143 -1.52795 13.4266
v 4.36265 -1.4213 13.4266
v 4.03856 -1.24806 13.4266
v 3.75449 -1.01493 13.4266
v 3.52138 -0.730872 13.4266
v 3.34816 -0.406787 13.4266
v 3.24148 -0.0551387 13.4266
v 5.4457 -1.52795 13.4266
v 5.79735 -1.4213 13.4266
v 6.12144 -1.24806 13.4266
v 6.40551 -1.01493 13.4266
v 6.63862 -0.730872 13.4266
v 6.81184 -0.406787 13.4266
v 6.91852 -0.0551387 13.4266
v 5.08 2.26057 11.1
v 5.46043 2.2231 11.1
v 5.82623 2.11213 11.1
v 6.16336 1.93193 11.1
v 6.45886 1.68942 11.1
v 6.70137 1.39393 11.1
v 6.88157 1.0568 11.1
v 6.99253 0.690992 11.1
v 4.69957 2.2231 11.1
v 4.33377 2.11213 11.1
v 3.99664 1.93193 11.1
v 3.70114 1.68942 11.1
v 3.45863 1.39393 11.1
v 3.27843 1.0568 11.1
v 3.16747 0.690992 11.1
v 5.97822 1.10631 11.1
v 6.14254 0.868233 11.1
v 3.91487 0.597745 11.1
v 4.01746 0.868233 11.1
v 4.39832 1.29815 11.1
v 5.76168 1.29815 11.1
v 4.93536 1.50181 11.1
v 5.22464 1.50181 11.1
v 4.65448 1.43259 11.1
v 5.50553 1.43259 11.1
v 4.18178 1.10631 11.1
v 6.24513 0.597745 11.1
v 3.88 4.1 5.2
v 6.28 4.1 5.2
v 6.28 4.1 2.2
v 3.88 4.1 2.2
v -1.84682 0.310567 13.325
v -1.81134 -0.049732 13.325
v -1.83852 -0.0551387 13.2234
v -1.62136 -0.772795 13.15
v -1.80156 -0.435664 13.15
v -1.73184 -0.406787 13.2234
v -1.37887 -1.06829 13.15
v -1.55862 -0.730872 13.2234
v -1.32551 -1.01493 13.2234
v -0.365704 -1.52795 13.2234
v -0.717353 -1.4213 13.2234
v -0.706748 -1.39569 13.325
v -1.04144 -1.24806 13.2234
v -1.08336 -1.3108 13.15
v 0.717353 -1.4213 13.2234
v 0.746231 -1.49101 13.15
v 0.365704 -1.52795 13.2234
v 1.36176E-15 -1.56396 13.2234
v -4.38885E-16 -1.63942 13.15
v 1.62136 -0.772795 13.15
v 1.37887 -1.06829 13.15
v 1.32551 -1.01493 13.2234
v 1.08336 -1.3108 13.15
v 1.04144 -1.24806 13.2234
v 1.73184 -0.406787 13.2234
v 1.80156 -0.435664 13.15
v 1.55862 -0.730872 13.2234
v 1.87454 0.310565 13.2234
v 1.83852 -0.0551387 13.2234
v 1.81134 -0.049732 13.325
v 1.91253 -0.0698604 13.15
v 1.95 0.310567 13.15
v 1.84682 0.310567 13.325
v 0.380426 -1.60197 13.15
v -0.360298 -1.50077 13.325
v -0.746231 -1.49101 13.15
v -0.380426 -1.60197 13.15
v -1.30591 -0.995338 13.325
v -1.02604 -1.22501 13.325
v -1.70624 -0.396181 13.325
v -1.95 0.310567 13.15
v -1.87454 0.310565 13.2234
v -1.91253 -0.0698604 13.15
v -1.53558 -0.715475 13.325
v -2.08167E-17 -1.53625 13.325
v 0.360298 -1.50077 13.325
v 0.706748 -1.39569 13.325
v 1.02604 -1.22501 13.325
v 1.30591 -0.995338 13.325
v 1.53558 -0.715475 13.325
v 1.70624 -0.396181 13.325
v 1.81134 0.670864 13.325
v 1.83852 0.676271 13.2234
v 1.62136 1.39393 13.15
v 1.80156 1.0568 13.15
v 1.73184 1.02792 13.2234
v 1.37887 1.68943 13.15
v 1.55862 1.352 13.2234
v 1.32551 1.63607 13.2234
v 0.365704 2.14909 13.2234
v 0.717353 2.04243 13.2234
v 0.706748 2.01682 13.325
v 1.04144 1.86919 13.2234
v 1.08336 1.93193 13.15
v -0.717353 2.04243 13.2234
v -0.746231 2.11214 13.15
v -0.365704 2.14909 13.2234
v -5.53377E-16 2.18509 13.2234
v -7.45931E-17 2.26055 13.15
v -1.62136 1.39393 13.15
v -1.37887 1.68943 13.15
v -1.32551 1.63607 13.2234
v -1.08336 1.93193 13.15
v -1.04144 1.86919 13.2234
v -1.73184 1.02792 13.2234
v -1.80156 1.0568 13.15
v -1.55862 1.352 13.2234
v -1.83852 0.676271 13.2234
v -1.81134 0.670864 13.325
v -1.91253 0.690993 13.15
v -0.380426 2.2231 13.15
v 0.360298 2.12191 13.325
v 0.746231 2.11214 13.15
v 0.380426 2.2231 13.15
v 1.30591 1.61647 13.325
v 1.02604 1.84614 13.325
v 1.70624 1.01731 13.325
v 1.91253 0.690993 13.15
v 1.53558 1.33661 13.325
v -1.5786E-16 2.15738 13.325
v -0.360298 2.12191 13.325
v -0.706748 2.01682 13.325
v -1.02604 1.84614 13.325
v -1.30591 1.61647 13.325
v -1.53558 1.33661 13.325
v -1.70624 1.01731 13.325
v 1.06255 -0.247102 11.1
v 1.16513 0.0233873 10.6
v 1.06255 -0.247102 10.6
v 1.2 0.310566 10.6
v 1.16513 0.0233873 11.1
v 1.2 0.310566 11.1
v 0.681678 -0.677015 10.6
v 0.425526 -0.811453 10.6
v 0.425526 -0.811453 11.1
v 0.681678 -0.677015 11.1
v 0.898213 -0.485181 11.1
v 0.898213 -0.485181 10.6
v -0.425526 -0.811453 11.1
v -0.144644 -0.880685 10.6
v -0.425526 -0.811453 10.6
v -0.144644 -0.880685 11.1
v 0.144644 -0.880685 11.1
v 0.144644 -0.880685 10.6
v -1.06255 -0.247102 11.1
v -0.898213 -0.485181 11.1
v -0.898213 -0.485181 10.6
v -0.681678 -0.677015 10.6
v -0.681678 -0.677015 11.1
v -1.06255 -0.247102 10.6
v -1.16513 0.0233873 11.1
v -1.16513 0.0233873 10.6
v -1.2 0.310566 11.1
v -1.2 0.310566 10.6
v 1.91253 -0.06986 11.1
v 1.80157 -0.435667 11.1
v 1.95 0.310567 11.1
v 1.37886 -1.06829 11.1
v 1.08336 -1.3108 11.1
v 1.62137 -0.772796 11.1
v 0.380426 -1.60197 11.1
v -2.28434E-15 -1.63943 11.1
v 0.746233 -1.491 11.1
v -1.08336 -1.3108 11.1
v -0.746233 -1.491 11.1
v -0.380426 -1.60197 11.1
v -1.62137 -0.772796 11.1
v -1.37886 -1.06829 11.1
v -1.80157 -0.435667 11.1
v -1.91253 -0.06986 11.1
v -1.95 0.310567 11.1
v -1.33574E-16 2.26055 13.5
v -6.33174E-16 2.18509 13.4266
v 0.365704 2.14909 13.4266
v 0.717353 2.04243 13.4266
v 1.04144 1.86919 13.4266
v 1.32551 1.63607 13.4266
v 1.55862 1.352 13.4266
v 1.73184 1.02792 13.4266
v 1.83852 0.676271 13.4266
v 1.91253 0.690993 13.5
v 1.80156 1.0568 13.5
v 1.87454 0.310567 13.4266
v 1.95 0.310565 13.5
v -0.365704 2.14909 13.4266
v -0.717353 2.04243 13.4266
v -1.04144 1.86919 13.4266
v -1.32551 1.63607 13.4266
v -1.55862 1.352 13.4266
v -1.73184 1.02792 13.4266
v -1.95 0.310565 13.5
v -1.87454 0.310567 13.4266
v -1.83852 0.676271 13.4266
v 1.62136 1.39393 13.5
v 1.37887 1.68943 13.5
v 1.08336 1.93193 13.5
v 0.746231 2.11214 13.5
v 0.380426 2.2231 13.5
v -0.380426 2.2231 13.5
v -0.746231 2.11214 13.5
v -1.08336 1.93193 13.5
v -1.37887 1.68943 13.5
v -1.62136 1.39393 13.5
v -1.80156 1.0568 13.5
v -1.91253 0.690993 13.5
v 1.80157 -0.435667 14.0
v 1.91253 -0.0698605 13.5
v 1.80156 -0.435665 13.5
v 1.91253 -0.06986 14.0
v 1.95 0.310567 14.0
v 1.37887 -1.06829 13.5
v 1.08336 -1.3108 13.5
v 1.08336 -1.3108 14.0
v 1.37886 -1.06829 14.0
v 1.62137 -0.772796 14.0
v 1.62136 -0.772796 13.5
v 3.10862E-15 -1.63943 14.0
v 0.380426 -1.60197 13.5
v -4.0766E-16 -1.63942 13.5
v 0.380426 -1.60197 14.0
v 0.746233 -1.491 14.0
v 0.746231 -1.49101 13.5
v -1.08336 -1.3108 13.5
v -1.08336 -1.3108 14.0
v -0.746231 -1.49101 13.5
v -0.380426 -1.60197 13.5
v -0.746233 -1.491 14.0
v -0.380426 -1.60197 14.0
v -1.62136 -0.772796 13.5
v -1.62137 -0.772796 14.0
v -1.37887 -1.06829 13.5
v -1.37886 -1.06829 14.0
v -1.80157 -0.435667 14.0
v -1.80156 -0.435665 13.5
v -1.91253 -0.0698605 13.5
v -1.91253 -0.06986 14.0
v -1.95 0.310567 14.0
v -2.54 4.60464 7.24806
v -2.54 4.65 7.24992
v -2.54 4.55922 7.24246
v -1.3 3.53557 -1.91588E-16
v 1.3 3.53557 -1.91588E-16
v -2.54 -5.0 -1.23689E-15
v -2.54 5.2 1.22465E-17
v -1.9 -2.26443 -9.01883E-16
v 1.3 -2.91443 -9.81485E-16
v 1.3 -2.26443 -9.01883E-16
v 1.9 -2.26443 -9.01883E-16
v -1.9 2.88557 -2.7119E-16
v -1.3 2.88557 -2.7119E-16
v 1.9 2.88557 -2.7119E-16
v 1.3 2.88557 -2.7119E-16
v -1.9 -2.91443 -9.81485E-16
v -1.3 -2.91443 -9.81485E-16
v -1.3 -2.26443 -9.01883E-16
v 1.9 -2.91443 -9.81485E-16
v 1.9 -4.375 -1.16035E-15
v -1.9 -4.375 -1.16035E-15
v -1.3 -2.91443 6.2
v -1.9 -2.91443 7.2
v 1.3 -2.91443 6.2
v 1.9 -2.91443 7.2
v -1.3 2.88557 6.2
v -1.9 2.88557 12.95
v 1.3 2.88557 6.2
v 1.9 2.88557 12.95
v 1.9 -2.26443 12.95
v 1.3 -2.26443 6.2
v -1.3 -2.26443 6.2
v -1.9 -2.26443 12.95
v -2.54 5.2 6.7
v -1.71294 5.2 6.42167
v -1.71294 5.2 1.79963
v 1.71294 5.2 1.79963
v 1.71294 5.2 6.42167
v -2.54 4.92375 7.17685
v -2.54 4.83748 7.21705
v -2.54 4.74552 7.24153
v -2.54 5.12591 6.97567
v -2.54 5.00267 7.12195
v -2.54 5.07029 7.0545
v -2.54 5.19139 6.79647
v -2.54 5.16628 6.88911
v -2.54 3.4284 14.0
v -2.54 -2.80727 14.0
v 1.91253 0.690993 14.0
v 0.380426 2.2231 14.0
v -1.33574E-16 2.26055 14.0
v 1.62136 1.39393 14.0
v 1.80156 1.0568 14.0
v 1.08336 1.93193 14.0
v 1.37887 1.68943 14.0
v 0.746231 2.11214 14.0
v -0.380426 2.2231 14.0
v -1.08336 1.93193 14.0
v -0.746231 2.11214 14.0
v -1.62136 1.39393 14.0
v -1.37887 1.68943 14.0
v -1.91253 0.690993 14.0
v -1.80156 1.0568 14.0
v 1.0 -3.8 9.7
v 1.77 -5.0 4.50243
v 1.0 -5.0 4.5008
v -1.77 -5.0 4.50243
v -1.0 -3.8 9.7
v -2.54 -5.0 4.50223
v -1.0 -5.0 4.5008
v -0.333334 -5.0 4.49984
v 0.333334 -5.0 4.49984
v 1.9 -4.375 1.2
v -1.9 -4.375 1.2
v 1.9 -3.8 1.775
v -1.9 -3.8 1.775
v 1.0 -3.8 4.5
v 1.9 -3.8 7.2
v -1.0 -3.8 4.5
v -1.9 -3.8 7.2
v -1.0 -3.8 7.2
v 1.0 -3.8 7.2
v -0.333333 -3.8 7.2
v 0.333333 -3.8 7.2
v -1.9 -1.91443 12.95
v 1.9 -1.91443 12.95
v 1.9 -1.91443 10.6
v -1.9 -1.91443 10.6
v -1.9 2.53557 10.6
v -1.16513 0.597745 10.6
v 0.144644 1.50181 10.6
v -0.144644 1.50181 10.6
v -0.898217 1.10631 10.6
v -1.06254 0.868233 10.6
v -0.425525 1.43259 10.6
v -0.681679 1.29815 10.6
v 0.425525 1.43259 10.6
v 1.9 2.53557 10.6
v 0.898217 1.10631 10.6
v 0.681679 1.29815 10.6
v 1.16513 0.597745 10.6
v 1.06254 0.868233 10.6
v 1.9 2.53557 12.95
v -1.9 2.53557 12.95
v -1.3 3.53557 6.2
v 1.3 3.53557 6.2
v 1.2 3.53557 2.2
v -1.2 3.53557 5.2
v 1.2 3.53557 5.2
v -1.2 3.53557 2.2
v 3.2075E-15 -1.56396 13.4266
v -0.365704 -1.52795 13.4266
v -0.717353 -1.4213 13.4266
v -1.04144 -1.24806 13.4266
v -1.32551 -1.01493 13.4266
v -1.55862 -0.730872 13.4266
v -1.73184 -0.406787 13.4266
v -1.83852 -0.0551387 13.4266
v 0.365704 -1.52795 13.4266
v 0.717353 -1.4213 13.4266
v 1.04144 -1.24806 13.4266
v 1.32551 -1.01493 13.4266
v 1.55862 -0.730872 13.4266
v 1.73184 -0.406787 13.4266
v 1.83852 -0.0551387 13.4266
v -1.19403E-16 2.26057 11.1
v 0.380426 2.2231 11.1
v 0.746233 2.11213 11.1
v 1.08336 1.93193 11.1
v 1.37886 1.68942 11.1
v 1.62137 1.39393 11.1
v 1.80157 1.0568 11.1
v 1.91253 0.690992 11.1
v -0.380426 2.2231 11.1
v -0.746233 2.11213 11.1
v -1.08336 1.93193 11.1
v -1.37886 1.68942 11.1
v -1.62137 1.39393 11.1
v -1.80157 1.0568 11.1
v -1.91253 0.690992 11.1
v 0.898217 1.10631 11.1
v 1.06254 0.868233 11.1
v -1.16513 0.597745 11.1
v -1.06254 0.868233 11.1
v -0.681679 1.29815 11.1
v 0.681679 1.29815 11.1
v -0.144644 1.50181 11.1
v 0.144644 1.50181 11.1
v -0.425525 1.43259 11.1
v 0.425525 1.43259 11.1
v -0.898217 1.10631 11.1
v 1.16513 0.597745 11.1
v -1.2 4.1 5.2
v 1.2 4.1 5.2
v 1.2 4.1 2.2
v -1.2 4.1 2.2
v 8.53864 -0.772795 13.15
v 8.35844 -0.435664 13.15
v 8.42816 -0.406787 13.2234
v 8.34866 -0.049732 13.325
v 8.32148 -0.0551387 13.2234
v 8.31318 0.310567 13.325
v 8.78113 -1.06829 13.15
v 8.60138 -0.730872 13.2234
v 8.83449 -1.01493 13.2234
v 9.7943 -1.52795 13.2234
v 9.44265 -1.4213 13.2234
v 9.45325 -1.39569 13.325
v 9.11856 -1.24806 13.2234
v 9.07664 -1.3108 13.15
v 10.8774 -1.4213 13.2234
v 10.9062 -1.49101 13.15
v 10.5257 -1.52795 13.2234
v 10.16 -1.56396 13.2234
v 10.16 -1.63942 13.15
v 11.7814 -0.772795 13.15
v 11.5389 -1.06829 13.15
v 11.4855 -1.01493 13.2234
v 11.2434 -1.3108 13.15
v 11.2014 -1.24806 13.2234
v 11.8918 -0.406787 13.2234
v 11.9616 -0.435664 13.15
v 11.7186 -0.730872 13.2234
v 12.0345 0.310565 13.2234
v 11.9985 -0.0551387 13.2234
v 11.9713 -0.049732 13.325
v 12.0725 -0.0698604 13.15
v 12.11 0.310567 13.15
v 12.0068 0.310567 13.325
v 10.5404 -1.60197 13.15
v 9.7997 -1.50077 13.325
v 9.41377 -1.49101 13.15
v 9.77957 -1.60197 13.15
v 8.85409 -0.995338 13.325
v 9.13396 -1.22501 13.325
v 8.45376 -0.396181 13.325
v 8.21 0.310567 13.15
v 8.28546 0.310565 13.2234
v 8.24747 -0.0698604 13.15
v 8.62442 -0.715475 13.325
v 10.16 -1.53625 13.325
v 10.5203 -1.50077 13.325
v 10.8667 -1.39569 13.325
v 11.186 -1.22501 13.325
v 11.4659 -0.995338 13.325
v 11.6956 -0.715475 13.325
v 11.8662 -0.396181 13.325
v 11.7814 1.39393 13.15
v 11.9616 1.0568 13.15
v 11.8918 1.02792 13.2234
v 11.9713 0.670864 13.325
v 11.9985 0.676271 13.2234
v 11.5389 1.68943 13.15
v 11.7186 1.352 13.2234
v 11.4855 1.63607 13.2234
v 10.5257 2.14909 13.2234
v 10.8774 2.04243 13.2234
v 10.8667 2.01682 13.325
v 11.2014 1.86919 13.2234
v 11.2434 1.93193 13.15
v 9.44265 2.04243 13.2234
v 9.41377 2.11214 13.15
v 9.7943 2.14909 13.2234
v 10.16 2.18509 13.2234
v 10.16 2.26055 13.15
v 8.53864 1.39393 13.15
v 8.78113 1.68943 13.15
v 8.83449 1.63607 13.2234
v 9.07664 1.93193 13.15
v 9.11856 1.86919 13.2234
v 8.42816 1.02792 13.2234
v 8.35844 1.0568 13.15
v 8.60138 1.352 13.2234
v 8.32148 0.676271 13.2234
v 8.34866 0.670864 13.325
v 8.24747 0.690993 13.15
v 9.77957 2.2231 13.15
v 10.5203 2.12191 13.325
v 10.9062 2.11214 13.15
v 10.5404 2.2231 13.15
v 11.4659 1.61647 13.325
v 11.186 1.84614 13.325
v 11.8662 1.01731 13.325
v 12.0725 0.690993 13.15
v 11.6956 1.33661 13.325
v 10.16 2.15738 13.325
v 9.7997 2.12191 13.325
v 9.45325 2.01682 13.325
v 9.13396 1.84614 13.325
v 8.85409 1.61647 13.325
v 8.62442 1.33661 13.325
v 8.45376 1.01731 13.325
v 11.2225 -0.247102 11.1
v 11.3251 0.0233873 10.6
v 11.2225 -0.247102 10.6
v 11.36 0.310566 10.6
v 11.3251 0.0233873 11.1
v 11.36 0.310566 11.1
v 10.8417 -0.677015 10.6
v 10.5855 -0.811453 10.6
v 10.5855 -0.811453 11.1
v 10.8417 -0.677015 11.1
v 11.0582 -0.485181 11.1
v 11.0582 -0.485181 10.6
v 9.73447 -0.811453 11.1
v 10.0154 -0.880685 10.6
v 9.73447 -0.811453 10.6
v 10.0154 -0.880685 11.1
v 10.3046 -0.880685 11.1
v 10.3046 -0.880685 10.6
v 9.09745 -0.247102 11.1
v 9.26179 -0.485181 11.1
v 9.26179 -0.485181 10.6
v 9.47832 -0.677015 10.6
v 9.47832 -0.677015 11.1
v 9.09745 -0.247102 10.6
v 8.99487 0.0233873 11.1
v 8.99487 0.0233873 10.6
v 8.96 0.310566 11.1
v 8.96 0.310566 10.6
v 12.0725 -0.06986 11.1
v 11.9616 -0.435667 11.1
v 12.11 0.310567 11.1
v 11.5389 -1.06829 11.1
v 11.2434 -1.3108 11.1
v 11.7814 -0.772796 11.1
v 10.5404 -1.60197 11.1
v 10.16 -1.63943 11.1
v 10.9062 -1.491 11.1
v 9.07664 -1.3108 11.1
v 9.41377 -1.491 11.1
v 9.77957 -1.60197 11.1
v 8.53863 -0.772796 11.1
v 8.78114 -1.06829 11.1
v 8.35843 -0.435667 11.1
v 8.24747 -0.06986 11.1
v 8.21 0.310567 11.1
v 10.16 2.26055 13.5
v 10.16 2.18509 13.4266
v 10.5257 2.14909 13.4266
v 10.8774 2.04243 13.4266
v 11.2014 1.86919 13.4266
v 11.4855 1.63607 13.4266
v 11.7186 1.352 13.4266
v 11.8918 1.02792 13.4266
v 11.9985 0.676271 13.4266
v 12.0725 0.690993 13.5
v 11.9616 1.0568 13.5
v 12.0345 0.310567 13.4266
v 12.11 0.310565 13.5
v 9.7943 2.14909 13.4266
v 9.44265 2.04243 13.4266
v 9.11856 1.86919 13.4266
v 8.83449 1.63607 13.4266
v 8.60138 1.352 13.4266
v 8.42816 1.02792 13.4266
v 8.21 0.310565 13.5
v 8.28546 0.310567 13.4266
v 8.32148 0.676271 13.4266
v 11.7814 1.39393 13.5
v 11.5389 1.68943 13.5
v 11.2434 1.93193 13.5
v 10.9062 2.11214 13.5
v 10.5404 2.2231 13.5
v 9.77957 2.2231 13.5
v 9.41377 2.11214 13.5
v 9.07664 1.93193 13.5
v 8.78113 1.68943 13.5
v 8.53864 1.39393 13.5
v 8.35844 1.0568 13.5
v 8.24747 0.690993 13.5
v 11.9616 -0.435667 14.0
v 12.0725 -0.0698605 13.5
v 11.9616 -0.435665 13.5
v 12.0725 -0.06986 14.0
v 12.11 0.310567 14.0
v 11.5389 -1.06829 13.5
v 11.2434 -1.3108 13.5
v 11.2434 -1.3108 14.0
v 11.5389 -1.06829 14.0
v 11.7814 -0.772796 14.0
v 11.7814 -0.772796 13.5
v 10.16 -1.63943 14.0
v 10.5404 -1.60197 13.5
v 10.16 -1.63942 13.5
v 10.5404 -1.60197 14.0
v 10.9062 -1.491 14.0
v 10.9062 -1.49101 13.5
v 9.07664 -1.3108 13.5
v 9.07664 -1.3108 14.0
v 9.41377 -1.49101 13.5
v 9.77957 -1.60197 13.5
v 9.41377 -1.491 14.0
v 9.77957 -1.60197 14.0
v 8.53864 -0.772796 13.5
v 8.53863 -0.772796 14.0
v 8.78113 -1.06829 13.5
v 8.78114 -1.06829 14.0
v 8.35843 -0.435667 14.0
v 8.35844 -0.435665 13.5
v 8.24747 -0.0698605 13.5
v 8.24747 -0.06986 14.0
v 8.21 0.310567 14.0
v 12.7 4.60464 7.24806
v 12.7 4.65 7.24992
v 12.7 4.55922 7.24246
v 12.7 4.22022 6.5
v 12.7 5.16628 6.88911
v 12.7 5.2 6.7
v 12.7 5.19139 6.79647
v 12.7 3.77978 6.5
v 12.7 5.2 0.0
v 12.7 5.12591 6.97567
v 12.7 5.07029 7.0545
v 12.7 5.00267 7.12195
v 12.7 4.92375 7.17685
v 12.7 4.83748 7.21705
v 12.7 4.74552 7.24153
v 12.7 4.22022 0.0
v 12.701 -1.6268 1.87236
v 12.7 -2.97978 0.0
v 12.7 -1.65337 1.73816
v 12.7 3.4284 14.0
v 12.7 -2.97978 6.5
v 12.7 1.11758 1.39435
v 12.7 1.31213 1.39435
v 12.7 1.18836 1.40229
v 12.7 -5.0 -8.88178E-16
v 12.7 -3.42022 -8.88178E-16
v 12.7 -5.0 4.50223
v 12.7 -2.80727 14.0
v 12.7 -3.42022 6.5
v 12.701 0.867168 2.14297
v 12.7 1.04629 2.18337
v 12.7 0.80585 2.1763
v 12.7 0.735264 2.18337
v 12.7 -0.896397 2.26522
v 12.701 -0.739146 2.23567
v 12.7 -0.670823 1.52777
v 12.7 -0.662147 1.64923
v 12.701 -0.718269 1.50797
v 12.701 -1.0916 1.66631
v 12.701 -1.12157 2.03483
v 12.7 -1.18487 1.92686
v 12.701 -1.03386 2.24326
v 12.7 -1.15667 2.18063
v 12.701 -1.20765 2.13698
v 12.7 -1.302 2.08953
v 12.701 -1.27705 2.08818
v 12.7 -1.25211 2.08519
v 12.701 -1.02115 2.10809
v 12.701 -1.27026 1.6673
v 12.701 -1.2391 1.95045
v 12.7 -1.29983 1.95939
v 12.701 -1.43647 2.06269
v 12.7 -1.1827 1.6861
v 12.7 -1.55143 1.98542
v 12.701 -1.34096 1.6167
v 12.7 -1.51673 1.7425
v 12.701 -1.49986 1.65895
v 12.701 -1.487 1.85175
v 12.701 -1.40908 1.92967
v 12.7 -1.56227 1.50174
v 12.701 -1.62978 1.61181
v 12.701 -1.45407 1.59035
v 12.701 -1.07345 1.27986
v 12.7 -1.1827 1.25014
v 12.701 -1.34401 1.32083
v 12.7 -1.38876 1.39763
v 12.701 -1.48283 1.43667
v 12.701 -1.27227 1.2691
v 12.7 -0.675161 1.39329
v 12.7 -0.547191 1.39329
v 12.7 -0.965804 1.48873
v 12.701 -0.487905 1.84082
v 12.701 -0.480193 1.55259
v 12.701 -0.427174 1.78009
v 12.701 -0.623376 1.97037
v 12.701 -0.690344 2.05646
v 12.7 -0.729385 1.76419
v 12.7 -0.59057 1.86396
v 12.701 -0.424764 1.61284
v 12.7 -1.02003 1.61236
v 12.7 -1.38659 1.54295
v 12.7 -0.894228 2.13508
v 12.701 -0.783339 2.11407
v 12.7 -0.573219 1.86396
v 12.7 -0.404038 1.69478
v 12.701 -0.719625 1.41471
v 12.7 -0.738061 1.46053
v 12.701 -0.995527 1.35778
v 12.7 -0.560205 1.5256
v 12.7 -0.657809 1.5256
v 12.7 -0.965804 1.46704
v 12.7 -0.019719 1.39435
v 12.7 -0.349814 1.49089
v 12.701 -0.439555 1.42338
v 12.7 -0.019719 1.69941
v 12.7 -0.269561 1.69695
v 12.701 -0.290167 1.5866
v 12.7 0.864517 1.53175
v 12.7 0.864517 1.42913
v 12.7 0.973614 1.53175
v 12.7 0.582691 1.29484
v 12.7 1.16108 1.8783
v 12.7 0.973614 1.8783
v 12.7 1.04684 1.69941
v 12.701 1.1173 1.69941
v 12.701 1.18788 1.69234
v 12.701 -0.532279 2.07327
v 12.7 -0.48429 1.98108
v 12.701 -0.374154 1.91899
v 12.7 0.98227 1.69941
v 12.7 1.58663 1.39435
v 12.7 3.77978 0.0
v 12.7 1.47044 1.69941
v 12.7 -0.019719 2.18337
v 12.7 1.35565 1.39435
v 12.7 1.512 1.47779
v 12.7 1.38497 1.47779
v 12.7 1.2046 1.8783
v 12.7 1.42833 1.69941
v 12.7 1.54312 1.39435
v 12.7 1.29521 1.55078
v 12.701 1.2837 1.48691
v 12.7 1.2492 1.43708
v 12.701 1.2837 1.61174
v 12.7 0.9301 1.8783
v 12.7 1.2492 1.65902
v 12.701 -0.298722 1.81978
v 12.7 -0.019719 1.8783
v 12.7 0.607333 1.29172
v 12.701 0.593959 1.29252
v 12.701 0.593706 1.32555
v 12.7 0.60437 1.32448
v 12.7 0.643517 1.3552
v 12.701 1.04684 1.39435
v 12.7 0.973614 1.56669
v 12.7 0.864517 1.56669
v 12.7 0.864517 1.66432
v 12.7 0.98227 1.66432
v 12.701 0.519662 1.61484
v 12.7 0.607177 1.8783
v 12.7 0.443103 1.8783
v 12.701 0.651851 1.30915
v 12.7 0.98921 1.42913
v 12.7 0.98921 1.39435
v 12.701 0.435169 1.39244
v 12.7 0.355998 1.39435
v 12.7 0.574815 1.61223
v 12.701 0.551722 1.47338
v 12.7 0.660283 1.39482
v 12.7 0.407777 1.44145
v 12.7 0.444515 1.4998
v 12.701 0.418851 1.51896
v 12.7 0.470631 1.42039
v 12.7 0.476223 1.48578
v 12.701 0.438093 1.42566
v 12.7 0.554929 1.45361
v 12.701 0.548788 1.42685
v 12.701 0.679154 1.43053
v 12.7 0.711489 1.52162
v 12.7 0.649055 1.52159
v 12.7 0.484847 1.52136
v 12.7 0.489112 1.58618
v 12.701 0.472337 1.58418
v 12.7 0.516084 1.5079
v 12.701 0.54214 1.48964
v 12.7 0.54448 1.57043
v 12.7 0.515704 1.44987
v 12.701 0.513248 1.46135
v 12.701 0.504426 1.42776
v 12.701 0.459869 1.61289
v 12.7 0.432498 1.59991
v 12.701 0.450307 1.56875
v 12.701 0.449488 1.54526
v 12.7 0.455736 1.53659
v 12.7 0.459011 1.57807
v 12.7 0.447392 1.55686
v 12.701 0.518434 1.58223
v 12.7 0.492856 1.61722
v 12.7 0.617549 1.61223
v 12.7 0.54448 1.60755
v 12.7 -0.601415 2.15243
v 12.7 0.355998 1.53456
v 12.7 0.505879 1.47061
v 12.7 0.317786 1.53284
v 12.701 0.306742 1.57285
v 12.7 0.253217 1.5238
v 12.7 1.0884 2.18337
v 12.7 0.825136 1.69941
v 12.7 1.12997 1.96174
v 12.7 1.00293 1.96174
v 12.7 0.735547 1.8783
v 12.701 0.744347 1.61223
v 12.7 0.806328 1.88625
v 12.7 0.913178 2.03473
v 12.701 0.901666 1.97087
v 12.7 0.867168 1.92104
v 12.7 0.443103 2.18337
v 12.7 0.309754 2.18852
v 12.701 0.3497 2.18538
v 12.701 0.901666 2.0957
v 12.7 0.664806 2.18337
v 12.7 0.600237 2.18337
v 12.701 0.664806 1.8783
v 12.7 0.591581 2.01571
v 12.7 0.482484 2.01571
v 12.7 0.482484 1.91308
v 12.701 0.336297 1.59659
v 12.701 0.414143 1.57954
v 12.7 0.591581 2.05064
v 12.7 0.482484 2.05064
v 12.7 0.482484 2.14828
v 12.7 0.600237 2.14828
v 12.7 0.382043 2.17604
v 12.7 0.128758 1.53175
v 12.7 0.0196618 1.53175
v 12.7 0.0196618 1.42913
v 12.7 0.607177 1.91308
v 12.7 0.194965 2.0274
v 12.7 0.227016 2.11911
v 12.701 0.202978 2.07911
v 12.7 0.0196618 2.18337
v 12.701 0.16464 2.09153
v 12.7 0.153635 2.02507
v 12.7 0.141158 1.91308
v 12.7 0.192781 1.9148
v 12.701 0.163412 1.96321
v 12.701 0.202451 1.97828
v 12.7 0.22491 1.94038
v 12.701 0.259475 1.9163
v 12.7 0.303282 1.90825
v 12.701 0.263872 2.14451
v 12.7 0.382043 1.92868
v 12.7 0.408011 1.55343
v 12.701 0.238576 1.88357
v 12.7 0.141158 1.8783
v 12.7 0.137414 1.69941
v 12.7 0.202217 1.59694
v 12.701 0.237182 1.61217
v 12.701 0.344086 1.8776
v 12.7 0.382043 1.89094
v 12.7 0.0196618 1.91308
v 12.7 0.310144 2.15296
v 12.7 0.197694 2.1436
v 12.701 0.345616 1.91338
v 12.701 0.347702 2.14847
v 12.7 0.382043 2.13486
v 12.701 0.247759 2.17729
v 12.7 0.128758 1.56669
v 12.7 0.202217 1.55983
v 12.7 0.0196618 1.56669
v 12.7 0.0196618 1.66432
v 12.7 0.180928 1.45268
v 12.7 0.144355 1.42913
v 12.701 0.185607 1.42648
v 12.7 0.273649 1.58618
v 12.7 0.137414 1.66432
v 12.7 0.297589 1.87316
v 12.7 0.277236 1.61722
v 12.7 0.144355 1.39435
v 12.7 0.25002 1.3892
v 12.701 0.221586 1.39351
v 12.7 0.199644 1.40636
v 12.701 0.199001 1.50099
v 12.701 0.236208 1.57955
v 12.7 0.317786 1.39435
v 12.701 0.288777 1.39891
v 12.7 0.582691 1.32884
v 12.701 0.502252 1.39353
v 12.7 0.530365 1.40651
v 12.7 0.407777 1.40199
v 12.7 0.317786 1.42804
v 12.701 0.410711 1.53473
v 12.7 0.783962 1.61223
v 12.701 0.627248 1.33212
v 12.7 0.466888 1.3892
v 12.7 0.825136 1.39435
v 12.7 0.685081 1.36144
v 13.3 -2.7 -9.55224E-16
v 13.3 -3.7 -1.07769E-15
v 11.46 -2.26443 -9.01883E-16
v 12.06 -2.26443 -9.01883E-16
v 11.46 -2.91443 -9.81485E-16
v 13.3 4.5 -7.34788E-17
v 13.3 3.5 -1.95943E-16
v 8.26 2.88557 -2.7119E-16
v 8.26 -2.26443 -9.01883E-16
v 12.06 -2.91443 -9.81485E-16
v 8.86 3.53557 -1.91588E-16
v 8.86 2.88557 -2.7119E-16
v 11.46 3.53557 -1.91588E-16
v 11.46 2.88557 -2.7119E-16
v 12.06 2.88557 -2.7119E-16
v 8.86 -2.91443 -9.81485E-16
v 8.26 -2.91443 -9.81485E-16
v 8.86 -2.26443 -9.01883E-16
v 12.06 -4.375 -1.16035E-15
v 8.26 -4.375 -1.16035E-15
v 8.86 -2.91443 6.2
v 8.26 -2.91443 7.2
v 11.46 -2.91443 6.2
v 12.06 -2.91443 7.2
v 8.86 2.88557 6.2
v 8.26 2.88557 12.95
v 11.46 2.88557 6.2
v 12.06 2.88557 12.95
v 12.06 -2.26443 12.95
v 11.46 -2.26443 6.2
v 8.86 -2.26443 6.2
v 8.26 -2.26443 12.95
v 8.44706 5.2 6.42167
v 8.44706 5.2 1.79963
v 11.8729 5.2 1.79963
v 11.8729 5.2 6.42167
v 12.0725 0.690993 14.0
v 10.5404 2.2231 14.0
v 10.16 2.26055 14.0
v 11.7814 1.39393 14.0
v 11.9616 1.0568 14.0
v 11.2434 1.93193 14.0
v 11.5389 1.68943 14.0
v 10.9062 2.11214 14.0
v 9.77957 2.2231 14.0
v 9.07664 1.93193 14.0
v 9.41377 2.11214 14.0
v 8.53864 1.39393 14.0
v 8.78113 1.68943 14.0
v 8.24747 0.690993 14.0
v 8.35844 1.0568 14.0
v 11.16 -3.8 9.7
v 11.93 -5.0 4.50243
v 11.16 -5.0 4.5008
v 8.39 -5.0 4.50243
v 9.16 -3.8 9.7
v 9.16 -5.0 4.5008
v 9.82667 -5.0 4.49984
v 10.4933 -5.0 4.49984
v 12.06 -4.375 1.2
v 8.26 -4.375 1.2
v 12.06 -3.8 1.775
v 8.26 -3.8 1.775
v 11.16 -3.8 4.5
v 12.06 -3.8 7.2
v 9.16 -3.8 4.5
v 8.26 -3.8 7.2
v 9.16 -3.8 7.2
v 11.16 -3.8 7.2
v 9.82667 -3.8 7.2
v 10.4933 -3.8 7.2
v 8.26 -1.91443 12.95
v 12.06 -1.91443 12.95
v 12.06 -1.91443 10.6
v 8.26 -1.91443 10.6
v 8.26 2.53557 10.6
v 8.99487 0.597745 10.6
v 10.3046 1.50181 10.6
v 10.0154 1.50181 10.6
v 9.26178 1.10631 10.6
v 9.09746 0.868233 10.6
v 9.73448 1.43259 10.6
v 9.47832 1.29815 10.6
v 10.5855 1.43259 10.6
v 12.06 2.53557 10.6
v 11.0582 1.10631 10.6
v 10.8417 1.29815 10.6
v 11.3251 0.597745 10.6
v 11.2225 0.868233 10.6
v 12.06 2.53557 12.95
v 8.26 2.53557 12.95
v 8.86 3.53557 6.2
v 11.46 3.53557 6.2
v 11.36 3.53557 2.2
v 8.96 3.53557 5.2
v 11.36 3.53557 5.2
v 8.96 3.53557 2.2
v 10.16 -1.56396 13.4266
v 9.7943 -1.52795 13.4266
v 9.44265 -1.4213 13.4266
v 9.11856 -1.24806 13.4266
v 8.83449 -1.01493 13.4266
v 8.60138 -0.730872 13.4266
v 8.42816 -0.406787 13.4266
v 8.32148 -0.0551387 13.4266
v 10.5257 -1.52795 13.4266
v 10.8774 -1.4213 13.4266
v 11.2014 -1.24806 13.4266
v 11.4855 -1.01493 13.4266
v 11.7186 -0.730872 13.4266
v 11.8918 -0.406787 13.4266
v 11.9985 -0.0551387 13.4266
v 10.16 2.26057 11.1
v 10.5404 2.2231 11.1
v 10.9062 2.11213 11.1
v 11.2434 1.93193 11.1
v 11.5389 1.68942 11.1
v 11.7814 1.39393 11.1
v 11.9616 1.0568 11.1
v 12.0725 0.690992 11.1
v 9.77957 2.2231 11.1
v 9.41377 2.11213 11.1
v 9.07664 1.93193 11.1
v 8.78114 1.68942 11.1
v 8.53863 1.39393 11.1
v 8.35843 1.0568 11.1
v 8.24747 0.690992 11.1
v 11.0582 1.10631 11.1
v 11.2225 0.868233 11.1
v 8.99487 0.597745 11.1
v 9.09746 0.868233 11.1
v 9.47832 1.29815 11.1
v 10.8417 1.29815 11.1
v 10.0154 1.50181 11.1
v 10.3046 1.50181 11.1
v 9.73448 1.43259 11.1
v 10.5855 1.43259 11.1
v 9.26178 1.10631 11.1
v 11.3251 0.597745 11.1
v 8.96 4.1 5.2
v 11.36 4.1 5.2
v 11.36 4.1 2.2
v 8.96 4.1 2.2
v 13.3 4.5 6.5
v 13.3 3.5 6.5
v 13.3 -2.7 6.5
v 13.3 -3.7 6.5
v 12.701 0.871769 2.03364
v 12.701 0.839173 1.9449
v 12.7 0.86363 1.9829
v 12.701 0.838315 2.11958
v 12.7 0.863406 2.08369
v 12.7 0.798691 1.92051
v 12.7 0.797423 2.1418
v 12.7 0.751953 1.91311
v 12.701 0.704186 2.14828
v 12.701 0.704186 1.91308
v 12.7 0.750991 2.14828
v 12.7 1.0331 2.04537
v 12.701 1.1178 1.99621
v 12.7 1.05078 2.09452
v 12.701 1.07171 2.12301
v 12.701 1.06602 2.14438
v 12.701 1.01541 1.99621
v 12.7 0.243557 1.42301
v 12.7 0.222444 1.44162
v 12.701 0.230759 1.43038
v 12.701 0.259924 1.42055
v 12.701 0.219685 1.4558
v 12.7 0.28289 1.42499
v 12.7 0.256681 1.4951
v 12.7 0.222239 1.47159
v 12.701 0.229823 1.4834
v 12.701 0.30141 1.43833
v 12.7 0.313581 1.45792
v 12.7 0.317756 1.48046
v 12.7 0.287657 1.49962
v 12.701 0.317786 1.50368
v 12.701 1.2538 1.54969
v 12.701 1.22121 1.46094
v 12.7 1.24566 1.49894
v 12.701 1.22035 1.63562
v 12.7 1.24544 1.59973
v 12.7 1.18072 1.43655
v 12.7 1.17946 1.65784
v 12.7 1.13399 1.42916
v 12.701 1.08622 1.66432
v 12.701 1.08622 1.42913
v 12.7 1.13302 1.66432
v 12.7 1.41513 1.56141
v 12.701 1.49984 1.51226
v 12.7 1.43282 1.61057
v 12.701 1.45375 1.63906
v 12.701 1.44806 1.66042
v 12.701 1.39744 1.51226
v 12.701 -1.18487 1.38028
v 12.7 -1.26946 1.46487
v 12.7 -1.24425 1.40468
v 12.701 -1.18487 1.54946
v 12.7 -1.12468 1.40549
v 12.7 -1.10028 1.46487
v 12.7 -1.1255 1.52506
v 12.7 -1.24425 1.52506
v -6.70136 -0.772795 13.15
v -6.88156 -0.435664 13.15
v -6.81184 -0.406787 13.2234
v -6.89134 -0.049732 13.325
v -6.91852 -0.0551387 13.2234
v -6.92682 0.310567 13.325
v -6.45887 -1.06829 13.15
v -6.63862 -0.730872 13.2234
v -6.40551 -1.01493 13.2234
v -5.4457 -1.52795 13.2234
v -5.79735 -1.4213 13.2234
v -5.78675 -1.39569 13.325
v -6.12144 -1.24806 13.2234
v -6.16336 -1.3108 13.15
v -4.36265 -1.4213 13.2234
v -4.33377 -1.49101 13.15
v -4.7143 -1.52795 13.2234
v -5.08 -1.56396 13.2234
v -5.08 -1.63942 13.15
v -3.45864 -0.772795 13.15
v -3.70113 -1.06829 13.15
v -3.75449 -1.01493 13.2234
v -3.99664 -1.3108 13.15
v -4.03856 -1.24806 13.2234
v -3.34816 -0.406787 13.2234
v -3.27844 -0.435664 13.15
v -3.52138 -0.730872 13.2234
v -3.20546 0.310565 13.2234
v -3.24148 -0.0551387 13.2234
v -3.26866 -0.049732 13.325
v -3.16747 -0.0698604 13.15
v -3.13 0.310567 13.15
v -3.23318 0.310567 13.325
v -4.69957 -1.60197 13.15
v -5.4403 -1.50077 13.325
v -5.82623 -1.49101 13.15
v -5.46043 -1.60197 13.15
v -6.38591 -0.995338 13.325
v -6.10604 -1.22501 13.325
v -6.78624 -0.396181 13.325
v -7.03 0.310567 13.15
v -6.95454 0.310565 13.2234
v -6.99253 -0.0698604 13.15
v -6.61558 -0.715475 13.325
v -5.08 -1.53625 13.325
v -4.7197 -1.50077 13.325
v -4.37325 -1.39569 13.325
v -4.05396 -1.22501 13.325
v -3.77409 -0.995338 13.325
v -3.54442 -0.715475 13.325
v -3.37376 -0.396181 13.325
v -3.45864 1.39393 13.15
v -3.27844 1.0568 13.15
v -3.34816 1.02792 13.2234
v -3.26866 0.670864 13.325
v -3.24148 0.676271 13.2234
v -3.70113 1.68943 13.15
v -3.52138 1.352 13.2234
v -3.75449 1.63607 13.2234
v -4.7143 2.14909 13.2234
v -4.36265 2.04243 13.2234
v -4.37325 2.01682 13.325
v -4.03856 1.86919 13.2234
v -3.99664 1.93193 13.15
v -5.79735 2.04243 13.2234
v -5.82623 2.11214 13.15
v -5.4457 2.14909 13.2234
v -5.08 2.18509 13.2234
v -5.08 2.26055 13.15
v -6.70136 1.39393 13.15
v -6.45887 1.68943 13.15
v -6.40551 1.63607 13.2234
v -6.16336 1.93193 13.15
v -6.12144 1.86919 13.2234
v -6.81184 1.02792 13.2234
v -6.88156 1.0568 13.15
v -6.63862 1.352 13.2234
v -6.91852 0.676271 13.2234
v -6.89134 0.670864 13.325
v -6.99253 0.690993 13.15
v -5.46043 2.2231 13.15
v -4.7197 2.12191 13.325
v -4.33377 2.11214 13.15
v -4.69957 2.2231 13.15
v -3.77409 1.61647 13.325
v -4.05396 1.84614 13.325
v -3.37376 1.01731 13.325
v -3.16747 0.690993 13.15
v -3.54442 1.33661 13.325
v -5.08 2.15738 13.325
v -5.4403 2.12191 13.325
v -5.78675 2.01682 13.325
v -6.10604 1.84614 13.325
v -6.38591 1.61647 13.325
v -6.61558 1.33661 13.325
v -6.78624 1.01731 13.325
v -4.01745 -0.247102 11.1
v -3.91487 0.0233873 10.6
v -4.01745 -0.247102 10.6
v -3.88 0.310566 10.6
v -3.91487 0.0233873 11.1
v -3.88 0.310566 11.1
v -4.39832 -0.677015 10.6
v -4.65447 -0.811453 10.6
v -4.65447 -0.811453 11.1
v -4.39832 -0.677015 11.1
v -4.18179 -0.485181 11.1
v -4.18179 -0.485181 10.6
v -5.50553 -0.811453 11.1
v -5.22464 -0.880685 10.6
v -5.50553 -0.811453 10.6
v -5.22464 -0.880685 11.1
v -4.93536 -0.880685 11.1
v -4.93536 -0.880685 10.6
v -6.14255 -0.247102 11.1
v -5.97821 -0.485181 11.1
v -5.97821 -0.485181 10.6
v -5.76168 -0.677015 10.6
v -5.76168 -0.677015 11.1
v -6.14255 -0.247102 10.6
v -6.24513 0.0233873 11.1
v -6.24513 0.0233873 10.6
v -6.28 0.310566 11.1
v -6.28 0.310566 10.6
v -3.16747 -0.06986 11.1
v -3.27843 -0.435667 11.1
v -3.13 0.310567 11.1
v -3.70114 -1.06829 11.1
v -3.99664 -1.3108 11.1
v -3.45863 -0.772796 11.1
v -4.69957 -1.60197 11.1
v -5.08 -1.63943 11.1
v -4.33377 -1.491 11.1
v -6.16336 -1.3108 11.1
v -5.82623 -1.491 11.1
v -5.46043 -1.60197 11.1
v -6.70137 -0.772796 11.1
v -6.45886 -1.06829 11.1
v -6.88157 -0.435667 11.1
v -6.99253 -0.06986 11.1
v -7.03 0.310567 11.1
v -5.08 2.26055 13.5
v -5.08 2.18509 13.4266
v -4.7143 2.14909 13.4266
v -4.36265 2.04243 13.4266
v -4.03856 1.86919 13.4266
v -3.75449 1.63607 13.4266
v -3.52138 1.352 13.4266
v -3.34816 1.02792 13.4266
v -3.24148 0.676271 13.4266
v -3.16747 0.690993 13.5
v -3.27844 1.0568 13.5
v -3.20546 0.310567 13.4266
v -3.13 0.310565 13.5
v -5.4457 2.14909 13.4266
v -5.79735 2.04243 13.4266
v -6.12144 1.86919 13.4266
v -6.40551 1.63607 13.4266
v -6.63862 1.352 13.4266
v -6.81184 1.02792 13.4266
v -7.03 0.310565 13.5
v -6.95454 0.310567 13.4266
v -6.91852 0.676271 13.4266
v -3.45864 1.39393 13.5
v -3.70113 1.68943 13.5
v -3.99664 1.93193 13.5
v -4.33377 2.11214 13.5
v -4.69957 2.2231 13.5
v -5.46043 2.2231 13.5
v -5.82623 2.11214 13.5
v -6.16336 1.93193 13.5
v -6.45887 1.68943 13.5
v -6.70136 1.39393 13.5
v -6.88156 1.0568 13.5
v -6.99253 0.690993 13.5
v -3.27843 -0.435667 14.0
v -3.16747 -0.0698605 13.5
v -3.27844 -0.435665 13.5
v -3.16747 -0.06986 14.0
v -3.13 0.310567 14.0
v -3.70113 -1.06829 13.5
v -3.99664 -1.3108 13.5
v -3.99664 -1.3108 14.0
v -3.70114 -1.06829 14.0
v -3.45863 -0.772796 14.0
v -3.45864 -0.772796 13.5
v -5.08 -1.63943 14.0
v -4.69957 -1.60197 13.5
v -5.08 -1.63942 13.5
v -4.69957 -1.60197 14.0
v -4.33377 -1.491 14.0
v -4.33377 -1.49101 13.5
v -6.16336 -1.3108 13.5
v -6.16336 -1.3108 14.0
v -5.82623 -1.49101 13.5
v -5.46043 -1.60197 13.5
v -5.82623 -1.491 14.0
v -5.46043 -1.60197 14.0
v -6.70136 -0.772796 13.5
v -6.70137 -0.772796 14.0
v -6.45887 -1.06829 13.5
v -6.45886 -1.06829 14.0
v -6.88157 -0.435667 14.0
v -6.88156 -0.435665 13.5
v -6.99253 -0.0698605 13.5
v -6.99253 -0.06986 14.0
v -7.03 0.310567 14.0
v -7.62 4.60464 7.24806
v -7.62 4.65 7.24992
v -7.62 4.55922 7.24246
v -6.38 3.53557 -1.91588E-16
v -3.78 3.53557 -1.91588E-16
v -7.62 -5.0 -1.23689E-15
v -7.62 5.2 1.22465E-17
v -6.98 -2.26443 -9.01883E-16
v -3.78 -2.91443 -9.81485E-16
v -3.78 -2.26443 -9.01883E-16
v -3.18 -2.26443 -9.01883E-16
v -6.98 2.88557 -2.7119E-16
v -6.38 2.88557 -2.7119E-16
v -3.18 2.88557 -2.7119E-16
v -3.78 2.88557 -2.7119E-16
v -6.98 -2.91443 -9.81485E-16
v -6.38 -2.91443 -9.81485E-16
v -6.38 -2.26443 -9.01883E-16
v -3.18 -2.91443 -9.81485E-16
v -3.18 -4.375 -1.16035E-15
v -6.98 -4.375 -1.16035E-15
v -6.38 -2.91443 6.2
v -6.98 -2.91443 7.2
v -3.78 -2.91443 6.2
v -3.18 -2.91443 7.2
v -6.38 2.88557 6.2
v -6.98 2.88557 12.95
v -3.78 2.88557 6.2
v -3.18 2.88557 12.95
v -3.18 -2.26443 12.95
v -3.78 -2.26443 6.2
v -6.38 -2.26443 6.2
v -6.98 -2.26443 12.95
v -7.62 5.2 6.7
v -6.79294 5.2 6.42167
v -6.79294 5.2 1.79963
v -3.36706 5.2 1.79963
v -3.36706 5.2 6.42167
v -7.62 4.92375 7.17685
v -7.62 4.83748 7.21705
v -7.62 4.74552 7.24153
v -7.62 5.12591 6.97567
v -7.62 5.00267 7.12195
v -7.62 5.07029 7.0545
v -7.62 5.19139 6.79647
v -7.62 5.16628 6.88911
v -7.62 3.4284 14.0
v -7.62 -2.80727 14.0
v -3.16747 0.690993 14.0
v -4.69957 2.2231 14.0
v -5.08 2.26055 14.0
v -3.45864 1.39393 14.0
v -3.27844 1.0568 14.0
v -3.99664 1.93193 14.0
v -3.70113 1.68943 14.0
v -4.33377 2.11214 14.0
v -5.46043 2.2231 14.0
v -6.16336 1.93193 14.0
v -5.82623 2.11214 14.0
v -6.70136 1.39393 14.0
v -6.45887 1.68943 14.0
v -6.99253 0.690993 14.0
v -6.88156 1.0568 14.0
v -4.08 -3.8 9.7
v -3.31 -5.0 4.50243
v -4.08 -5.0 4.5008
v -6.85 -5.0 4.50243
v -6.08 -3.8 9.7
v -7.62 -5.0 4.50223
v -6.08 -5.0 4.5008
v -5.41333 -5.0 4.49984
v -4.74667 -5.0 4.49984
v -3.18 -4.375 1.2
v -6.98 -4.375 1.2
v -3.18 -3.8 1.775
v -6.98 -3.8 1.775
v -4.08 -3.8 4.5
v -3.18 -3.8 7.2
v -6.08 -3.8 4.5
v -6.98 -3.8 7.2
v -6.08 -3.8 7.2
v -4.08 -3.8 7.2
v -5.41333 -3.8 7.2
v -4.74667 -3.8 7.2
v -6.98 -1.91443 12.95
v -3.18 -1.91443 12.95
v -3.18 -1.91443 10.6
v -6.98 -1.91443 10.6
v -6.98 2.53557 10.6
v -6.24513 0.597745 10.6
v -4.93536 1.50181 10.6
v -5.22464 1.50181 10.6
v -5.97822 1.10631 10.6
v -6.14254 0.868233 10.6
v -5.50553 1.43259 10.6
v -5.76168 1.29815 10.6
v -4.65448 1.43259 10.6
v -3.18 2.53557 10.6
v -4.18178 1.10631 10.6
v -4.39832 1.29815 10.6
v -3.91487 0.597745 10.6
v -4.01746 0.868233 10.6
v -3.18 2.53557 12.95
v -6.98 2.53557 12.95
v -6.38 3.53557 6.2
v -3.78 3.53557 6.2
v -3.88 3.53557 2.2
v -6.28 3.53557 5.2
v -3.88 3.53557 5.2
v -6.28 3.53557 2.2
v -5.08 -1.56396 13.4266
v -5.4457 -1.52795 13.4266
v -5.79735 -1.4213 13.4266
v -6.12144 -1.24806 13.4266
v -6.40551 -1.01493 13.4266
v -6.63862 -0.730872 13.4266
v -6.81184 -0.406787 13.4266
v -6.91852 -0.0551387 13.4266
v -4.7143 -1.52795 13.4266
v -4.36265 -1.4213 13.4266
v -4.03856 -1.24806 13.4266
v -3.75449 -1.01493 13.4266
v -3.52138 -0.730872 13.4266
v -3.34816 -0.406787 13.4266
v -3.24148 -0.0551387 13.4266
v -5.08 2.26057 11.1
v -4.69957 2.2231 11.1
v -4.33377 2.11213 11.1
v -3.99664 1.93193 11.1
v -3.70114 1.68942 11.1
v -3.45863 1.39393 11.1
v -3.27843 1.0568 11.1
v -3.16747 0.690992 11.1
v -5.46043 2.2231 11.1
v -5.82623 2.11213 11.1
v -6.16336 1.93193 11.1
v -6.45886 1.68942 11.1
v -6.70137 1.39393 11.1
v -6.88157 1.0568 11.1
v -6.99253 0.690992 11.1
v -4.18178 1.10631 11.1
v -4.01746 0.868233 11.1
v -6.24513 0.597745 11.1
v -6.14254 0.868233 11.1
v -5.76168 1.29815 11.1
v -4.39832 1.29815 11.1
v -5.22464 1.50181 11.1
v -4.93536 1.50181 11.1
v -5.50553 1.43259 11.1
v -4.65448 1.43259 11.1
v -5.97822 1.10631 11.1
v -3.91487 0.597745 11.1
v -6.28 4.1 5.2
v -3.88 4.1 5.2
v -3.88 4.1 2.2
v -6.28 4.1 2.2
v -12.0068 0.310567 13.325
v -11.9713 -0.049732 13.325
v -11.9985 -0.0551387 13.2234
v -11.7814 -0.772795 13.15
v -11.9616 -0.435664 13.15
v -11.8918 -0.406787 13.2234
v -11.5389 -1.06829 13.15
v -11.7186 -0.730872 13.2234
v -11.4855 -1.01493 13.2234
v -10.5257 -1.52795 13.2234
v -10.8774 -1.4213 13.2234
v -10.8667 -1.39569 13.325
v -11.2014 -1.24806 13.2234
v -11.2434 -1.3108 13.15
v -9.44265 -1.4213 13.2234
v -9.41377 -1.49101 13.15
v -9.7943 -1.52795 13.2234
v -10.16 -1.56396 13.2234
v -10.16 -1.63942 13.15
v -8.53864 -0.772795 13.15
v -8.78113 -1.06829 13.15
v -8.83449 -1.01493 13.2234
v -9.07664 -1.3108 13.15
v -9.11856 -1.24806 13.2234
v -8.42816 -0.406787 13.2234
v -8.35844 -0.435664 13.15
v -8.60138 -0.730872 13.2234
v -8.28546 0.310565 13.2234
v -8.32148 -0.0551387 13.2234
v -8.34866 -0.049732 13.325
v -8.24747 -0.0698604 13.15
v -8.21 0.310567 13.15
v -8.31318 0.310567 13.325
v -9.77957 -1.60197 13.15
v -10.5203 -1.50077 13.325
v -10.9062 -1.49101 13.15
v -10.5404 -1.60197 13.15
v -11.4659 -0.995338 13.325
v -11.186 -1.22501 13.325
v -11.8662 -0.396181 13.325
v -12.11 0.310567 13.15
v -12.0345 0.310565 13.2234
v -12.0725 -0.0698604 13.15
v -11.6956 -0.715475 13.325
v -10.16 -1.53625 13.325
v -9.7997 -1.50077 13.325
v -9.45325 -1.39569 13.325
v -9.13396 -1.22501 13.325
v -8.85409 -0.995338 13.325
v -8.62442 -0.715475 13.325
v -8.45376 -0.396181 13.325
v -8.53864 1.39393 13.15
v -8.35844 1.0568 13.15
v -8.42816 1.02792 13.2234
v -8.34866 0.670864 13.325
v -8.32148 0.676271 13.2234
v -8.78113 1.68943 13.15
v -8.60138 1.352 13.2234
v -8.83449 1.63607 13.2234
v -9.7943 2.14909 13.2234
v -9.44265 2.04243 13.2234
v -9.45325 2.01682 13.325
v -9.11856 1.86919 13.2234
v -9.07664 1.93193 13.15
v -10.8774 2.04243 13.2234
v -10.9062 2.11214 13.15
v -10.5257 2.14909 13.2234
v -10.16 2.18509 13.2234
v -10.16 2.26055 13.15
v -11.7814 1.39393 13.15
v -11.5389 1.68943 13.15
v -11.4855 1.63607 13.2234
v -11.2434 1.93193 13.15
v -11.2014 1.86919 13.2234
v -11.8918 1.02792 13.2234
v -11.9616 1.0568 13.15
v -11.7186 1.352 13.2234
v -11.9985 0.676271 13.2234
v -11.9713 0.670864 13.325
v -12.0725 0.690993 13.15
v -10.5404 2.2231 13.15
v -9.7997 2.12191 13.325
v -9.41377 2.11214 13.15
v -9.77957 2.2231 13.15
v -8.85409 1.61647 13.325
v -9.13396 1.84614 13.325
v -8.45376 1.01731 13.325
v -8.24747 0.690993 13.15
v -8.62442 1.33661 13.325
v -10.16 2.15738 13.325
v -10.5203 2.12191 13.325
v -10.8667 2.01682 13.325
v -11.186 1.84614 13.325
v -11.4659 1.61647 13.325
v -11.6956 1.33661 13.325
v -11.8662 1.01731 13.325
v -9.09745 -0.247102 11.1
v -8.99487 0.0233873 10.6
v -9.09745 -0.247102 10.6
v -8.96 0.310566 10.6
v -8.99487 0.0233873 11.1
v -8.96 0.310566 11.1
v -9.47832 -0.677015 10.6
v -9.73447 -0.811453 10.6
v -9.73447 -0.811453 11.1
v -9.47832 -0.677015 11.1
v -9.26179 -0.485181 11.1
v -9.26179 -0.485181 10.6
v -10.5855 -0.811453 11.1
v -10.3046 -0.880685 10.6
v -10.5855 -0.811453 10.6
v -10.3046 -0.880685 11.1
v -10.0154 -0.880685 11.1
v -10.0154 -0.880685 10.6
v -11.2225 -0.247102 11.1
v -11.0582 -0.485181 11.1
v -11.0582 -0.485181 10.6
v -10.8417 -0.677015 10.6
v -10.8417 -0.677015 11.1
v -11.2225 -0.247102 10.6
v -11.3251 0.0233873 11.1
v -11.3251 0.0233873 10.6
v -11.36 0.310566 11.1
v -11.36 0.310566 10.6
v -8.24747 -0.06986 11.1
v -8.35843 -0.435667 11.1
v -8.21 0.310567 11.1
v -8.78114 -1.06829 11.1
v -9.07664 -1.3108 11.1
v -8.53863 -0.772796 11.1
v -9.77957 -1.60197 11.1
v -10.16 -1.63943 11.1
v -9.41377 -1.491 11.1
v -11.2434 -1.3108 11.1
v -10.9062 -1.491 11.1
v -10.5404 -1.60197 11.1
v -11.7814 -0.772796 11.1
v -11.5389 -1.06829 11.1
v -11.9616 -0.435667 11.1
v -12.0725 -0.06986 11.1
v -12.11 0.310567 11.1
v -10.16 2.26055 13.5
v -10.16 2.18509 13.4266
v -9.7943 2.14909 13.4266
v -9.44265 2.04243 13.4266
v -9.11856 1.86919 13.4266
v -8.83449 1.63607 13.4266
v -8.60138 1.352 13.4266
v -8.42816 1.02792 13.4266
v -8.32148 0.676271 13.4266
v -8.24747 0.690993 13.5
v -8.35844 1.0568 13.5
v -8.28546 0.310567 13.4266
v -8.21 0.310565 13.5
v -10.5257 2.14909 13.4266
v -10.8774 2.04243 13.4266
v -11.2014 1.86919 13.4266
v -11.4855 1.63607 13.4266
v -11.7186 1.352 13.4266
v -11.8918 1.02792 13.4266
v -12.11 0.310565 13.5
v -12.0345 0.310567 13.4266
v -11.9985 0.676271 13.4266
v -8.53864 1.39393 13.5
v -8.78113 1.68943 13.5
v -9.07664 1.93193 13.5
v -9.41377 2.11214 13.5
v -9.77957 2.2231 13.5
v -10.5404 2.2231 13.5
v -10.9062 2.11214 13.5
v -11.2434 1.93193 13.5
v -11.5389 1.68943 13.5
v -11.7814 1.39393 13.5
v -11.9616 1.0568 13.5
v -12.0725 0.690993 13.5
v -8.35843 -0.435667 14.0
v -8.24747 -0.0698605 13.5
v -8.35844 -0.435665 13.5
v -8.24747 -0.06986 14.0
v -8.21 0.310567 14.0
v -8.78113 -1.06829 13.5
v -9.07664 -1.3108 13.5
v -9.07664 -1.3108 14.0
v -8.78114 -1.06829 14.0
v -8.53863 -0.772796 14.0
v -8.53864 -0.772796 13.5
v -10.16 -1.63943 14.0
v -9.77957 -1.60197 13.5
v -10.16 -1.63942 13.5
v -9.77957 -1.60197 14.0
v -9.41377 -1.491 14.0
v -9.41377 -1.49101 13.5
v -11.2434 -1.3108 13.5
v -11.2434 -1.3108 14.0
v -10.9062 -1.49101 13.5
v -10.5404 -1.60197 13.5
v -10.9062 -1.491 14.0
v -10.5404 -1.60197 14.0
v -11.7814 -0.772796 13.5
v -11.7814 -0.772796 14.0
v -11.5389 -1.06829 13.5
v -11.5389 -1.06829 14.0
v -11.9616 -0.435667 14.0
v -11.9616 -0.435665 13.5
v -12.0725 -0.0698605 13.5
v -12.0725 -0.06986 14.0
v -12.11 0.310567 14.0
v -12.7 4.60464 7.24806
v -12.7 4.65 7.24992
v -12.7 4.55922 7.24246
v -8.26 -2.26443 -9.01883E-16
v -8.86 -2.91443 -9.81485E-16
v -8.86 -2.26443 -9.01883E-16
v -8.86 3.53557 -1.91588E-16
v -12.1 4.5 -7.34788E-17
v -12.7 5.2 1.22465E-17
v -12.7 4.22022 -1.07743E-16
v -12.7 -3.42022 -1.04343E-15
v -12.06 -4.375 -1.16035E-15
v -12.7 -5.0 -1.23689E-15
v -12.06 -2.26443 -9.01883E-16
v -12.7 -2.97978 -9.89488E-16
v -12.06 2.88557 -2.7119E-16
v -12.1 3.5 -1.95943E-16
v -11.46 3.53557 -1.91588E-16
v -12.7 3.77978 -1.6168E-16
v -12.1 -2.7 -9.55224E-16
v -11.46 -2.26443 -9.01883E-16
v -11.46 -2.91443 -9.81485E-16
v -12.06 -2.91443 -9.81485E-16
v -11.46 2.88557 -2.7119E-16
v -8.26 2.88557 -2.7119E-16
v -8.86 2.88557 -2.7119E-16
v -12.1 -3.7 -1.07769E-15
v -8.26 -2.91443 -9.81485E-16
v -8.26 -4.375 -1.16035E-15
v -12.7 3.77978 6.5
v -12.7 4.22022 6.5
v -12.7 5.2 6.7
v -12.7 3.4284 14.0
v -12.7 5.16628 6.88911
v -12.7 5.12591 6.97567
v -12.7 5.19139 6.79647
v -12.7 5.07029 7.0545
v -12.7 5.00267 7.12195
v -12.7 4.92375 7.17685
v -12.7 4.83748 7.21705
v -12.7 4.74552 7.24153
v -12.7 -2.97978 6.5
v -12.7 -3.42022 6.5
v -12.7 -5.0 4.50223
v -12.7 -2.80727 14.0
v -11.46 -2.91443 6.2
v -12.06 -2.91443 7.2
v -8.86 -2.91443 6.2
v -8.26 -2.91443 7.2
v -11.46 2.88557 6.2
v -12.06 2.88557 12.95
v -8.86 2.88557 6.2
v -8.26 2.88557 12.95
v -8.26 -2.26443 12.95
v -8.86 -2.26443 6.2
v -11.46 -2.26443 6.2
v -12.06 -2.26443 12.95
v -11.8729 5.2 6.42167
v -11.8729 5.2 1.79963
v -8.44706 5.2 1.79963
v -8.44706 5.2 6.42167
v -8.24747 0.690993 14.0
v -9.77957 2.2231 14.0
v -10.16 2.26055 14.0
v -8.53864 1.39393 14.0
v -8.35844 1.0568 14.0
v -9.07664 1.93193 14.0
v -8.78113 1.68943 14.0
v -9.41377 2.11214 14.0
v -10.5404 2.2231 14.0
v -11.2434 1.93193 14.0
v -10.9062 2.11214 14.0
v -11.7814 1.39393 14.0
v -11.5389 1.68943 14.0
v -12.0725 0.690993 14.0
v -11.9616 1.0568 14.0
v -9.16 -3.8 9.7
v -8.39 -5.0 4.50243
v -9.16 -5.0 4.5008
v -11.93 -5.0 4.50243
v -11.16 -3.8 9.7
v -11.16 -5.0 4.5008
v -10.4933 -5.0 4.49984
v -9.82667 -5.0 4.49984
v -8.26 -4.375 1.2
v -12.06 -4.375 1.2
v -8.26 -3.8 1.775
v -12.06 -3.8 1.775
v -9.16 -3.8 4.5
v -8.26 -3.8 7.2
v -11.16 -3.8 4.5
v -12.06 -3.8 7.2
v -11.16 -3.8 7.2
v -9.16 -3.8 7.2
v -10.4933 -3.8 7.2
v -9.82667 -3.8 7.2
v -12.06 -1.91443 12.95
v -8.26 -1.91443 12.95
v -8.26 -1.91443 10.6
v -12.06 -1.91443 10.6
v -12.06 2.53557 10.6
v -11.3251 0.597745 10.6
v -10.0154 1.50181 10.6
v -10.3046 1.50181 10.6
v -11.0582 1.10631 10.6
v -11.2225 0.868233 10.6
v -10.5855 1.43259 10.6
v -10.8417 1.29815 10.6
v -9.73448 1.43259 10.6
v -8.26 2.53557 10.6
v -9.26178 1.10631 10.6
v -9.47832 1.29815 10.6
v -8.99487 0.597745 10.6
v -9.09746 0.868233 10.6
v -8.26 2.53557 12.95
v -12.06 2.53557 12.95
v -11.46 3.53557 6.2
v -8.86 3.53557 6.2
v -8.96 3.53557 2.2
v -11.36 3.53557 5.2
v -8.96 3.53557 5.2
v -11.36 3.53557 2.2
v -10.16 -1.56396 13.4266
v -10.5257 -1.52795 13.4266
v -10.8774 -1.4213 13.4266
v -11.2014 -1.24806 13.4266
v -11.4855 -1.01493 13.4266
v -11.7186 -0.730872 13.4266
v -11.8918 -0.406787 13.4266
v -11.9985 -0.0551387 13.4266
v -9.7943 -1.52795 13.4266
v -9.44265 -1.4213 13.4266
v -9.11856 -1.24806 13.4266
v -8.83449 -1.01493 13.4266
v -8.60138 -0.730872 13.4266
v -8.42816 -0.406787 13.4266
v -8.32148 -0.0551387 13.4266
v -10.16 2.26057 11.1
v -9.77957 2.2231 11.1
v -9.41377 2.11213 11.1
v -9.07664 1.93193 11.1
v -8.78114 1.68942 11.1
v -8.53863 1.39393 11.1
v -8.35843 1.0568 11.1
v -8.24747 0.690992 11.1
v -10.5404 2.2231 11.1
v -10.9062 2.11213 11.1
v -11.2434 1.93193 11.1
v -11.5389 1.68942 11.1
v -11.7814 1.39393 11.1
v -11.9616 1.0568 11.1
v -12.0725 0.690992 11.1
v -9.26178 1.10631 11.1
v -9.09746 0.868233 11.1
v -11.3251 0.597745 11.1
v -11.2225 0.868233 11.1
v -10.8417 1.29815 11.1
v -9.47832 1.29815 11.1
v -10.3046 1.50181 11.1
v -10.0154 1.50181 11.1
v -10.5855 1.43259 11.1
v -9.73448 1.43259 11.1
v -11.0582 1.10631 11.1
v -8.99487 0.597745 11.1
v -11.36 4.1 5.2
v -8.96 4.1 5.2
v -8.96 4.1 2.2
v -11.36 4.1 2.2
v -12.1 3.5 6.5
v -12.1 4.5 6.5
v -12.1 -3.7 6.5
v -12.1 -2.7 6.5
v 3.78 3.53557 -1.91588E-16
v 7.62 5.2 1.22465E-17
v 6.38 3.53557 -1.91588E-16
newmtl 3
Ka 1.0 1.0 1.0
Kd 0.7529411764705882 0.7529411764705882 0.7529411764705882
Ks 0.7529411764705882 0.7529411764705882 0.7529411764705882
d 1.0
endmtl
v 2.54 -5.0 -1.23689E-15
v 2.54 5.2 1.22465E-17
v 3.18 -2.26443 -9.01883E-16
v 6.38 -2.91443 -9.81485E-16
v 6.38 -2.26443 -9.01883E-16
v 6.98 -2.26443 -9.01883E-16
v 3.18 2.88557 -2.7119E-16
v 3.78 2.88557 -2.7119E-16
v 6.98 2.88557 -2.7119E-16
v 6.38 2.88557 -2.7119E-16
v 3.18 -2.91443 -9.81485E-16
v 7.62 -5.0 -1.23689E-15
v 3.78 -2.91443 -9.81485E-16
v 3.78 -2.26443 -9.01883E-16
v 6.98 -2.91443 -9.81485E-16
v 6.98 -4.375 -1.16035E-15
v 3.18 -4.375 -1.16035E-15
v 12.7 0.0196618 1.91308
v 12.7 0.0196618 2.18337
v 12.7 -0.019719 2.18337
newmtl 4
Ka 1.0 1.0 1.0
Kd 0.0 0.0 0.0
Ks 0.7529411764705882 0.7529411764705882 0.7529411764705882
d 1.0
endmtl
v 12.7 0.141158 1.8783
v 12.7 -0.019719 1.8783
v 12.7 0.141158 1.91308
v 12.7 0.297589 1.87316
v 12.7 0.303282 1.90825
v 12.701 0.259475 1.9163
v 12.7 0.382043 1.89094
v 12.7 0.382043 1.92868
v 12.701 0.345616 1.91338
v 12.701 0.344086 1.8776
v 12.7 0.192781 1.9148
v 12.701 0.238576 1.88357
v 12.7 0.22491 1.94038
v 12.701 0.202451 1.97828
v 12.7 0.194965 2.0274
v 12.701 0.16464 2.09153
v 12.7 0.153635 2.02507
v 12.701 0.163412 1.96321
v 12.7 0.197694 2.1436
v 12.701 0.202978 2.07911
v 12.7 0.227016 2.11911
v 12.701 0.247759 2.17729
v 12.701 0.347702 2.14847
v 12.7 0.382043 2.17604
v 12.701 0.3497 2.18538
v 12.701 0.263872 2.14451
v 12.7 0.309754 2.18852
v 12.7 0.310144 2.15296
v 12.7 0.382043 2.13486
v 12.7 0.482484 2.14828
v 12.7 0.600237 2.14828
v 12.7 0.600237 2.18337
v 12.7 0.443103 2.18337
v 12.7 0.482484 2.05064
v 12.7 0.482484 2.01571
v 12.7 0.591581 2.01571
v 12.7 0.591581 2.05064
v 12.7 0.443103 1.8783
v 12.7 0.607177 1.8783
v 12.7 0.482484 1.91308
v 12.7 0.607177 1.91308
v 12.7 0.863406 2.08369
v 12.701 0.871769 2.03364
v 12.701 0.901666 2.0957
v 12.701 0.838315 2.11958
v 12.701 0.867168 2.14297
v 12.7 0.80585 2.1763
v 12.7 0.750991 2.14828
v 12.7 0.797423 2.1418
v 12.7 0.913178 2.03473
v 12.701 0.901666 1.97087
v 12.7 0.735264 2.18337
v 12.701 0.704186 2.14828
v 12.7 0.664806 2.18337
v 12.701 0.664806 1.8783
v 12.701 0.704186 1.91308
v 12.7 0.735547 1.8783
v 12.7 0.751953 1.91311
v 12.7 0.86363 1.9829
v 12.7 0.867168 1.92104
v 12.7 0.806328 1.88625
v 12.7 0.798691 1.92051
v 12.701 0.839173 1.9449
v 12.701 1.1178 1.99621
v 12.7 1.2046 1.8783
v 12.7 1.0884 2.18337
v 12.7 0.9301 1.8783
v 12.7 1.0331 2.04537
v 12.7 1.04629 2.18337
v 12.701 1.06602 2.14438
v 12.7 1.05078 2.09452
v 12.7 1.12997 1.96174
v 12.7 1.16108 1.8783
v 12.7 1.00293 1.96174
v 12.7 0.973614 1.8783
v 12.701 1.07171 2.12301
v 12.701 1.01541 1.99621
v 12.7 0.0196618 1.66432
v 12.7 0.137414 1.66432
v 12.7 0.137414 1.69941
v 12.7 -0.019719 1.69941
v 12.7 0.0196618 1.56669
v 12.7 0.0196618 1.53175
v 12.7 0.128758 1.53175
v 12.7 0.128758 1.56669
v 12.7 -0.019719 1.39435
v 12.7 0.144355 1.39435
v 12.7 0.0196618 1.42913
v 12.7 0.144355 1.42913
v 12.7 0.202217 1.59694
v 12.7 0.202217 1.55983
v 12.701 0.236208 1.57955
v 12.7 0.317786 1.53284
v 12.701 0.336297 1.59659
v 12.701 0.306742 1.57285
v 12.701 0.237182 1.61217
v 12.7 0.273649 1.58618
v 12.7 0.222444 1.44162
v 12.701 0.185607 1.42648
v 12.7 0.199644 1.40636
v 12.7 0.277236 1.61722
v 12.701 0.317786 1.50368
v 12.7 0.317756 1.48046
v 12.7 0.355998 1.53456
v 12.701 0.230759 1.43038
v 12.701 0.221586 1.39351
v 12.7 0.243557 1.42301
v 12.7 0.253217 1.5238
v 12.701 0.199001 1.50099
v 12.701 0.229823 1.4834
v 12.7 0.313581 1.45792
v 12.701 0.30141 1.43833
v 12.7 0.317786 1.42804
v 12.7 0.28289 1.42499
v 12.701 0.288777 1.39891
v 12.7 0.355998 1.39435
v 12.7 0.287657 1.49962
v 12.7 0.256681 1.4951
v 12.7 0.317786 1.39435
v 12.701 0.219685 1.4558
v 12.7 0.180928 1.45268
v 12.7 0.25002 1.3892
v 12.701 0.259924 1.42055
v 12.7 0.222239 1.47159
v 12.7 0.432498 1.59991
v 12.701 0.450307 1.56875
v 12.7 0.459011 1.57807
v 12.701 0.551722 1.47338
v 12.7 0.515704 1.44987
v 12.7 0.554929 1.45361
v 12.701 0.504426 1.42776
v 12.7 0.530365 1.40651
v 12.701 0.414143 1.57954
v 12.7 0.408011 1.55343
v 12.7 0.447392 1.55686
v 12.701 0.54214 1.48964
v 12.701 0.518434 1.58223
v 12.7 0.492856 1.61722
v 12.7 0.489112 1.58618
v 12.7 0.54448 1.57043
v 12.7 0.54448 1.60755
v 12.7 0.407777 1.40199
v 12.701 0.435169 1.39244
v 12.701 0.438093 1.42566
v 12.7 0.466888 1.3892
v 12.7 0.407777 1.44145
v 12.701 0.459869 1.61289
v 12.701 0.472337 1.58418
v 12.701 0.519662 1.61484
v 12.7 0.505879 1.47061
v 12.7 0.484847 1.52136
v 12.7 0.476223 1.48578
v 12.701 0.513248 1.46135
v 12.7 0.516084 1.5079
v 12.7 0.455736 1.53659
v 12.701 0.449488 1.54526
v 12.701 0.418851 1.51896
v 12.7 0.444515 1.4998
v 12.701 0.410711 1.53473
v 12.701 0.548788 1.42685
v 12.7 0.470631 1.42039
v 12.701 0.502252 1.39353
v 12.7 0.711489 1.52162
v 12.701 0.679154 1.43053
v 12.7 0.685081 1.36144
v 12.7 0.574815 1.61223
v 12.7 0.649055 1.52159
v 12.7 0.617549 1.61223
v 12.7 0.660283 1.39482
v 12.7 0.643517 1.3552
v 12.7 0.783962 1.61223
v 12.701 0.744347 1.61223
v 12.701 0.651851 1.30915
v 12.7 0.607333 1.29172
v 12.701 0.627248 1.33212
v 12.7 0.60437 1.32448
v 12.701 0.593959 1.29252
v 12.701 0.593706 1.32555
v 12.7 0.582691 1.29484
v 12.7 0.582691 1.32884
v 12.7 0.864517 1.66432
v 12.7 0.98227 1.66432
v 12.7 0.98227 1.69941
v 12.7 0.825136 1.69941
v 12.7 0.864517 1.56669
v 12.7 0.864517 1.53175
v 12.7 0.973614 1.53175
v 12.7 0.973614 1.56669
v 12.7 0.825136 1.39435
v 12.7 0.98921 1.39435
v 12.7 0.864517 1.42913
v 12.7 0.98921 1.42913
v 12.7 1.24544 1.59973
v 12.701 1.2538 1.54969
v 12.701 1.2837 1.61174
v 12.701 1.22035 1.63562
v 12.7 1.2492 1.65902
v 12.701 1.18788 1.69234
v 12.7 1.13302 1.66432
v 12.7 1.17946 1.65784
v 12.7 1.29521 1.55078
v 12.701 1.2837 1.48691
v 12.701 1.1173 1.69941
v 12.701 1.08622 1.66432
v 12.7 1.04684 1.69941
v 12.701 1.04684 1.39435
v 12.701 1.08622 1.42913
v 12.7 1.11758 1.39435
v 12.7 1.13399 1.42916
v 12.7 1.24566 1.49894
v 12.7 1.2492 1.43708
v 12.7 1.18836 1.40229
v 12.7 1.18072 1.43655
v 12.701 1.22121 1.46094
v 12.701 1.49984 1.51226
v 12.7 1.58663 1.39435
v 12.7 1.47044 1.69941
v 12.7 1.31213 1.39435
v 12.7 1.41513 1.56141
v 12.7 1.42833 1.69941
v 12.701 1.44806 1.66042
v 12.7 1.43282 1.61057
v 12.7 1.512 1.47779
v 12.7 1.54312 1.39435
v 12.7 1.38497 1.47779
v 12.7 1.35565 1.39435
v 12.701 1.45375 1.63906
v 12.701 1.39744 1.51226
v 12.7 -0.670823 1.52777
v 12.701 -0.718269 1.50797
v 12.7 -0.657809 1.5256
v 12.7 -0.48429 1.98108
v 12.7 -0.573219 1.86396
v 12.701 -0.487905 1.84082
v 12.701 -0.719625 1.41471
v 12.7 -0.675161 1.39329
v 12.7 -0.738061 1.46053
v 12.7 -0.547191 1.39329
v 12.7 -1.02003 1.61236
v 12.7 -0.662147 1.64923
v 12.7 -0.729385 1.76419
v 12.7 -0.560205 1.5256
v 12.7 -1.1255 1.52506
v 12.701 -1.18487 1.54946
v 12.701 -0.424764 1.61284
v 12.701 -0.480193 1.55259
v 12.7 -0.349814 1.49089
v 12.701 -0.290167 1.5866
v 12.7 -0.404038 1.69478
v 12.701 -0.439555 1.42338
v 12.7 -0.269561 1.69695
v 12.7 -0.601415 2.15243
v 12.701 -0.783339 2.11407
v 12.701 -0.690344 2.05646
v 12.701 -0.427174 1.78009
v 12.701 -0.623376 1.97037
v 12.7 -0.59057 1.86396
v 12.7 -0.896397 2.26522
v 12.701 -1.03386 2.24326
v 12.7 -0.894228 2.13508
v 12.701 -0.739146 2.23567
v 12.701 -0.532279 2.07327
v 12.701 -1.02115 2.10809
v 12.701 -1.27705 2.08818
v 12.7 -1.302 2.08953
v 12.7 -1.29983 1.95939
v 12.7 -1.25211 2.08519
v 12.701 -1.2391 1.95045
v 12.701 -1.12157 2.03483
v 12.7 -1.18487 1.92686
v 12.701 -1.40908 1.92967
v 12.701 -1.43647 2.06269
v 12.7 -1.55143 1.98542
v 12.7 -1.51673 1.7425
v 12.701 -1.487 1.85175
v 12.701 -1.6268 1.87236
v 12.7 -1.56227 1.50174
v 12.701 -1.45407 1.59035
v 12.701 -1.62978 1.61181
v 12.7 -1.65337 1.73816
v 12.701 -1.49986 1.65895
v 12.701 -1.34096 1.6167
v 12.7 -1.38659 1.54295
v 12.7 -1.24425 1.52506
v 12.701 -1.27026 1.6673
v 12.701 -1.34401 1.32083
v 12.701 -1.27227 1.2691
v 12.701 -1.18487 1.38028
v 12.7 -1.24425 1.40468
v 12.7 -1.38876 1.39763
v 12.701 -1.0916 1.66631
v 12.7 -0.965804 1.48873
v 12.7 -1.10028 1.46487
v 12.7 -0.965804 1.46704
v 12.7 -1.26946 1.46487
v 12.7 -1.1827 1.25014
v 12.701 -1.48283 1.43667
v 12.701 -1.07345 1.27986
v 12.7 -1.15667 2.18063
v 12.701 -1.20765 2.13698
v 12.701 -0.298722 1.81978
v 12.701 -0.374154 1.91899
v 12.701 -0.995527 1.35778
v 12.7 -1.12468 1.40549
v 12.7 -1.1827 1.6861
usemtl 1
f 1// 2// 3//
f 4// 3// 5//
f 2// 5// 3//
f 6// 4// 7//
f 4// 5// 7//
f 6// 8// 9//
f 7// 8// 6//
f 2// 1// 10//
f 11// 12// 13//
f 12// 9// 13//
f 9// 8// 13//
f 11// 14// 12//
f 15// 10// 1//
f 15// 16// 17//
f 17// 10// 15//
f 18// 16// 19//
f 16// 18// 17//
f 20// 21// 19//
f 18// 19// 21//
f 20// 22// 23//
f 23// 21// 20//
f 24// 22// 25//
f 22// 24// 23//
f 24// 25// 26//
f 27// 28// 29//
f 30// 31// 32//
f 33// 34// 35//
f 28// 36// 37//
f 37// 38// 39//
f 40// 41// 42//
f 42// 33// 43//
f 39// 44// 45//
f 46// 47// 48//
f 49// 50// 51//
f 47// 52// 53//
f 41// 51// 54//
f 53// 45// 55//
f 49// 56// 57//
f 58// 49// 57//
f 59// 60// 34//
f 29// 61// 62//
f 56// 63// 57//
f 53// 54// 48//
f 60// 35// 34//
f 64// 61// 65//
f 59// 66// 60//
f 67// 68// 65//
f 69// 66// 70//
f 67// 71// 72//
f 73// 74// 75//
f 76// 71// 77//
f 78// 79// 75//
f 80// 77// 81//
f 82// 83// 78//
f 31// 84// 81//
f 85// 86// 30//
f 75// 79// 73//
f 87// 85// 30//
f 88// 89// 87//
f 82// 90// 83//
f 91// 86// 92//
f 91// 93// 90//
f 91// 92// 93//
f 78// 83// 79//
f 30// 88// 87//
f 92// 86// 85//
f 86// 84// 31//
f 32// 88// 30//
f 91// 82// 84//
f 82// 91// 90//
f 31// 94// 32//
f 91// 84// 86//
f 84// 80// 81//
f 86// 31// 30//
f 78// 80// 82//
f 95// 74// 73//
f 81// 94// 31//
f 82// 80// 84//
f 80// 76// 77//
f 96// 94// 81//
f 75// 76// 78//
f 97// 98// 95//
f 77// 96// 81//
f 78// 76// 80//
f 76// 72// 71//
f 99// 96// 77//
f 74// 72// 75//
f 69// 100// 97//
f 101// 99// 71//
f 75// 72// 76//
f 72// 68// 67//
f 99// 77// 71//
f 74// 98// 68//
f 98// 74// 95//
f 67// 102// 101//
f 74// 68// 72//
f 68// 64// 65//
f 101// 71// 67//
f 98// 100// 64//
f 100// 98// 97//
f 65// 103// 102//
f 98// 64// 68//
f 64// 62// 61//
f 102// 67// 65//
f 100// 70// 62//
f 70// 100// 69//
f 61// 104// 103//
f 100// 62// 64//
f 62// 27// 29//
f 103// 65// 61//
f 70// 59// 27//
f 59// 70// 66//
f 29// 105// 104//
f 70// 27// 62//
f 27// 36// 28//
f 104// 61// 29//
f 34// 36// 59//
f 43// 33// 35//
f 28// 106// 105//
f 59// 36// 27//
f 36// 38// 37//
f 105// 29// 28//
f 33// 38// 34//
f 40// 42// 43//
f 37// 107// 106//
f 34// 38// 36//
f 38// 44// 39//
f 106// 28// 37//
f 42// 44// 33//
f 108// 41// 40//
f 39// 109// 107//
f 33// 44// 38//
f 44// 55// 45//
f 107// 37// 39//
f 41// 55// 42//
f 110// 51// 108//
f 45// 52// 109//
f 42// 55// 44//
f 55// 54// 53//
f 109// 39// 45//
f 108// 51// 41//
f 110// 56// 49//
f 53// 48// 47//
f 41// 54// 55//
f 50// 48// 54//
f 52// 45// 53//
f 110// 49// 51//
f 51// 50// 54//
f 58// 111// 50//
f 49// 58// 50//
f 46// 48// 111//
f 50// 111// 48//
f 112// 104// 105//
f 106// 113// 105//
f 112// 105// 113//
f 106// 107// 114//
f 114// 113// 106//
f 115// 107// 109//
f 107// 115// 114//
f 52// 116// 109//
f 115// 109// 116//
f 117// 52// 118//
f 117// 116// 52//
f 119// 118// 47//
f 52// 47// 118//
f 47// 46// 120//
f 120// 119// 47//
f 46// 121// 120//
f 104// 112// 122//
f 103// 104// 122//
f 123// 103// 124//
f 124// 103// 122//
f 123// 102// 103//
f 101// 102// 125//
f 123// 125// 102//
f 126// 99// 101//
f 101// 125// 126//
f 99// 127// 96//
f 127// 99// 126//
f 94// 96// 128//
f 127// 128// 96//
f 129// 32// 94//
f 94// 128// 129//
f 32// 130// 131//
f 130// 32// 129//
f 88// 132// 133//
f 132// 88// 131//
f 88// 32// 131//
f 88// 133// 89//
f 89// 133// 134//
f 135// 136// 137//
f 138// 139// 140//
f 140// 141// 138//
f 140// 135// 141//
f 139// 136// 142//
f 135// 142// 136//
f 139// 138// 136//
f 135// 137// 141//
f 143// 144// 145//
f 146// 143// 147//
f 147// 148// 149//
f 145// 148// 150//
f 147// 149// 146//
f 144// 143// 146//
f 143// 145// 150//
f 148// 145// 149//
f 151// 152// 153//
f 154// 155// 156//
f 157// 158// 159//
f 160// 161// 162//
f 163// 157// 159//
f 158// 160// 162//
f 159// 158// 162//
f 161// 154// 156//
f 161// 160// 154//
f 152// 155// 153//
f 152// 156// 155//
f 153// 164// 151//
f 165// 166// 167//
f 167// 166// 168//
f 169// 170// 171//
f 172// 173// 174//
f 174// 171// 172//
f 175// 176// 177//
f 178// 179// 180//
f 181// 182// 183//
f 182// 184// 179//
f 185// 186// 187//
f 188// 189// 190//
f 153// 191// 164//
f 192// 193// 194//
f 175// 195// 196//
f 197// 198// 177//
f 176// 194// 199//
f 200// 201// 199//
f 200// 199// 202//
f 155// 198// 197//
f 203// 204// 205//
f 194// 203// 192//
f 206// 207// 196//
f 208// 209// 210//
f 207// 211// 186//
f 212// 185// 213//
f 205// 204// 214//
f 188// 190// 215//
f 183// 212// 216//
f 217// 165// 218//
f 190// 189// 219//
f 220// 219// 221//
f 222// 223// 178//
f 169// 223// 224//
f 224// 223// 225//
f 225// 222// 151//
f 172// 171// 170//
f 174// 168// 171//
f 222// 178// 180//
f 170// 169// 224//
f 226// 169// 166//
f 226// 178// 223//
f 151// 222// 152//
f 225// 223// 222//
f 169// 171// 166//
f 168// 166// 171//
f 180// 179// 184//
f 169// 226// 223//
f 227// 226// 165//
f 222// 180// 152//
f 178// 227// 179//
f 156// 152// 180//
f 166// 165// 226//
f 167// 218// 165//
f 184// 182// 181//
f 226// 227// 178//
f 227// 217// 228//
f 180// 184// 156//
f 179// 228// 182//
f 161// 156// 184//
f 165// 217// 227//
f 218// 220// 217//
f 181// 183// 216//
f 227// 228// 179//
f 228// 221// 229//
f 184// 181// 161//
f 182// 229// 183//
f 162// 161// 181//
f 228// 217// 221//
f 220// 221// 217//
f 216// 212// 213//
f 228// 229// 182//
f 229// 189// 230//
f 181// 216// 162//
f 183// 230// 212//
f 159// 162// 216//
f 229// 221// 189//
f 219// 189// 221//
f 213// 185// 187//
f 229// 230// 183//
f 208// 215// 209//
f 216// 213// 159//
f 212// 231// 185//
f 163// 159// 213//
f 230// 188// 231//
f 188// 230// 189//
f 187// 186// 211//
f 230// 231// 212//
f 231// 208// 232//
f 213// 187// 163//
f 185// 232// 186//
f 157// 163// 187//
f 231// 188// 208//
f 215// 208// 188//
f 211// 207// 206//
f 231// 232// 185//
f 232// 210// 233//
f 187// 211// 157//
f 186// 233// 207//
f 158// 157// 211//
f 208// 210// 232//
f 209// 214// 210//
f 160// 206// 195//
f 232// 233// 186//
f 204// 234// 233//
f 211// 206// 158//
f 207// 234// 196//
f 160// 158// 206//
f 233// 210// 204//
f 214// 204// 210//
f 154// 195// 198//
f 233// 234// 207//
f 235// 234// 203//
f 235// 175// 196//
f 160// 195// 154//
f 206// 196// 195//
f 204// 203// 234//
f 205// 192// 203//
f 197// 191// 153//
f 234// 235// 196//
f 194// 176// 235//
f 198// 175// 177//
f 154// 198// 155//
f 195// 175// 198//
f 194// 235// 203//
f 201// 200// 236//
f 201// 237// 177//
f 235// 176// 175//
f 177// 176// 201//
f 191// 197// 237//
f 177// 237// 197//
f 155// 197// 153//
f 194// 193// 199//
f 202// 199// 193//
f 236// 238// 237//
f 176// 199// 201//
f 236// 237// 201//
f 238// 239// 191//
f 238// 191// 237//
f 191// 239// 164//
f 240// 241// 242//
f 243// 244// 245//
f 246// 247// 248//
f 249// 240// 242//
f 250// 251// 252//
f 251// 250// 241//
f 241// 250// 242//
f 251// 245// 252//
f 243// 247// 244//
f 245// 244// 252//
f 246// 248// 253//
f 243// 248// 247//
f 130// 129// 254//
f 255// 256// 257//
f 253// 248// 258//
f 255// 243// 256//
f 259// 115// 260//
f 112// 261// 262//
f 116// 260// 115//
f 263// 264// 265//
f 113// 114// 266//
f 123// 124// 267//
f 268// 269// 264//
f 254// 129// 270//
f 271// 272// 273//
f 274// 275// 276//
f 270// 277// 278//
f 274// 279// 246//
f 276// 275// 277//
f 278// 254// 270//
f 275// 278// 277//
f 280// 257// 281//
f 127// 282// 283//
f 279// 276// 271//
f 266// 114// 259//
f 126// 284// 282//
f 285// 272// 286//
f 124// 122// 287//
f 288// 286// 269//
f 124// 287// 267//
f 280// 260// 289//
f 290// 291// 292//
f 265// 291// 293//
f 292// 294// 295//
f 296// 289// 297//
f 294// 281// 298//
f 297// 289// 117//
f 129// 128// 270//
f 128// 127// 283//
f 299// 125// 123//
f 279// 271// 273//
f 300// 277// 283//
f 300// 271// 276//
f 246// 279// 247//
f 274// 276// 279//
f 277// 270// 283//
f 128// 283// 270//
f 273// 272// 285//
f 277// 300// 276//
f 301// 300// 282//
f 279// 273// 247//
f 271// 301// 272//
f 244// 247// 273//
f 283// 282// 300//
f 127// 126// 282//
f 285// 286// 288//
f 300// 301// 271//
f 301// 284// 302//
f 273// 285// 244//
f 272// 302// 286//
f 252// 244// 285//
f 282// 284// 301//
f 126// 125// 284//
f 288// 269// 268//
f 301// 302// 272//
f 302// 299// 303//
f 285// 288// 252//
f 286// 303// 269//
f 250// 252// 288//
f 302// 284// 299//
f 125// 299// 284//
f 268// 264// 263//
f 302// 303// 286//
f 303// 267// 304//
f 288// 268// 250//
f 269// 304// 264//
f 242// 250// 268//
f 303// 299// 267//
f 123// 267// 299//
f 263// 265// 293//
f 303// 304// 269//
f 262// 122// 112//
f 268// 263// 242//
f 264// 305// 265//
f 249// 242// 263//
f 304// 287// 305//
f 287// 304// 267//
f 293// 291// 290//
f 304// 305// 264//
f 305// 262// 306//
f 263// 293// 249//
f 265// 306// 291//
f 240// 249// 293//
f 305// 287// 262//
f 122// 262// 287//
f 290// 292// 295//
f 305// 306// 265//
f 306// 261// 307//
f 293// 290// 240//
f 291// 307// 292//
f 241// 240// 290//
f 262// 261// 306//
f 112// 113// 261//
f 251// 295// 298//
f 306// 307// 291//
f 266// 308// 307//
f 290// 295// 241//
f 292// 308// 294//
f 251// 241// 295//
f 307// 261// 266//
f 113// 266// 261//
f 245// 298// 256//
f 307// 308// 292//
f 309// 308// 259//
f 309// 281// 294//
f 251// 298// 245//
f 295// 294// 298//
f 266// 259// 308//
f 114// 115// 259//
f 255// 258// 248//
f 308// 309// 294//
f 260// 280// 309//
f 256// 281// 257//
f 245// 256// 243//
f 298// 281// 256//
f 260// 309// 259//
f 296// 297// 310//
f 296// 311// 257//
f 309// 280// 281//
f 257// 280// 296//
f 258// 255// 311//
f 257// 311// 255//
f 243// 255// 248//
f 260// 116// 289//
f 117// 289// 116//
f 310// 312// 311//
f 280// 289// 296//
f 310// 311// 296//
f 312// 313// 258//
f 312// 258// 311//
f 258// 313// 253//
f 314// 46// 315//
f 167// 168// 316//
f 317// 174// 318//
f 319// 320// 219//
f 321// 322// 218//
f 323// 214// 209//
f 324// 215// 320//
f 193// 192// 325//
f 205// 326// 327//
f 328// 202// 193//
f 193// 325// 328//
f 329// 328// 330//
f 328// 329// 202//
f 89// 331// 330//
f 329// 330// 331//
f 134// 331// 89//
f 327// 192// 205//
f 192// 327// 325//
f 214// 326// 205//
f 214// 323// 326//
f 324// 323// 209//
f 215// 190// 320//
f 209// 215// 324//
f 219// 220// 319//
f 190// 219// 320//
f 218// 322// 220//
f 319// 220// 322//
f 167// 316// 321//
f 218// 167// 321//
f 168// 174// 317//
f 316// 168// 317//
f 318// 173// 332//
f 318// 174// 173//
f 332// 314// 315//
f 315// 318// 332//
f 46// 314// 121//
f 333// 334// 335//
f 336// 337// 63//
f 338// 336// 339//
f 334// 339// 335//
f 340// 341// 342//
f 343// 344// 345//
f 346// 347// 348//
f 349// 333// 350//
f 346// 351// 347//
f 352// 353// 354//
f 355// 356// 357//
f 358// 359// 360//
f 361// 355// 362//
f 362// 363// 364//
f 365// 366// 367//
f 365// 330// 328//
f 368// 92// 363//
f 85// 363// 92//
f 93// 92// 368//
f 369// 89// 330//
f 370// 371// 360//
f 366// 371// 372//
f 351// 373// 374//
f 356// 374// 375//
f 376// 352// 377//
f 358// 376// 378//
f 351// 346// 373//
f 365// 361// 369//
f 379// 380// 341//
f 381// 353// 380//
f 342// 345// 382//
f 383// 348// 384//
f 318// 385// 343//
f 334// 338// 339//
f 386// 385// 58//
f 333// 335// 350//
f 46// 111// 315//
f 111// 58// 385//
f 57// 337// 386//
f 337// 57// 63//
f 385// 315// 111//
f 57// 386// 58//
f 386// 344// 343//
f 318// 315// 385//
f 337// 338// 344//
f 338// 337// 336//
f 343// 317// 318//
f 337// 344// 386//
f 344// 382// 345//
f 386// 343// 385//
f 334// 382// 338//
f 387// 349// 350//
f 345// 317// 343//
f 338// 382// 344//
f 382// 340// 342//
f 316// 317// 345//
f 333// 340// 334//
f 388// 389// 387//
f 342// 316// 345//
f 334// 340// 382//
f 340// 379// 341//
f 321// 316// 342//
f 349// 379// 333//
f 383// 390// 388//
f 322// 321// 341//
f 333// 379// 340//
f 379// 381// 380//
f 321// 342// 341//
f 349// 389// 381//
f 389// 349// 387//
f 380// 319// 322//
f 349// 381// 379//
f 381// 354// 353//
f 322// 341// 380//
f 389// 390// 354//
f 390// 389// 388//
f 353// 320// 319//
f 389// 354// 381//
f 354// 377// 352//
f 319// 380// 353//
f 390// 384// 377//
f 384// 390// 383//
f 352// 324// 320//
f 390// 377// 354//
f 377// 378// 376//
f 320// 353// 352//
f 384// 347// 378//
f 347// 384// 348//
f 376// 323// 324//
f 384// 378// 377//
f 378// 359// 358//
f 324// 352// 376//
f 351// 359// 347//
f 375// 374// 373//
f 358// 326// 323//
f 347// 359// 378//
f 359// 370// 360//
f 323// 376// 358//
f 374// 370// 351//
f 357// 356// 375//
f 360// 327// 326//
f 351// 370// 359//
f 370// 372// 371//
f 326// 358// 360//
f 356// 372// 374//
f 391// 355// 357//
f 371// 325// 327//
f 374// 372// 370//
f 372// 367// 366//
f 327// 360// 371//
f 355// 367// 356//
f 392// 362// 391//
f 366// 328// 325//
f 356// 367// 372//
f 367// 361// 365//
f 325// 371// 366//
f 391// 362// 355//
f 392// 368// 363//
f 365// 369// 330//
f 355// 361// 367//
f 364// 369// 361//
f 328// 366// 365//
f 392// 363// 362//
f 362// 364// 361//
f 85// 87// 364//
f 363// 85// 364//
f 89// 369// 87//
f 364// 87// 369//
f 19// 79// 20//
f 69// 15// 1//
f 1// 60// 66//
f 15// 69// 97//
f 35// 3// 4//
f 97// 95// 16//
f 6// 43// 4//
f 19// 95// 73//
f 108// 6// 9//
f 90// 22// 83//
f 12// 110// 9//
f 393// 339// 336//
f 60// 3// 35//
f 368// 392// 394//
f 375// 395// 396//
f 397// 346// 348//
f 398// 383// 388//
f 373// 346// 399//
f 383// 398// 397//
f 373// 395// 375//
f 400// 387// 350//
f 388// 387// 401//
f 402// 392// 391//
f 357// 396// 391//
f 339// 393// 403//
f 339// 403// 335//
f 90// 93// 25//
f 394// 25// 368//
f 56// 14// 63//
f 14// 393// 336//
f 63// 14// 336//
f 83// 20// 79//
f 400// 350// 335//
f 400// 335// 403//
f 400// 401// 387//
f 401// 398// 388//
f 397// 348// 383//
f 397// 399// 346//
f 399// 395// 373//
f 396// 357// 375//
f 396// 402// 391//
f 402// 394// 392//
f 25// 93// 368//
f 25// 22// 90//
f 22// 20// 83//
f 19// 73// 79//
f 19// 16// 95//
f 16// 15// 97//
f 1// 66// 69//
f 1// 3// 60//
f 4// 43// 35//
f 6// 40// 43//
f 108// 9// 110//
f 40// 6// 108//
f 110// 12// 56//
f 14// 56// 12//
f 404// 14// 11//
f 405// 400// 406//
f 407// 403// 393//
f 397// 408// 409//
f 401// 410// 398//
f 411// 412// 396//
f 413// 395// 399//
f 402// 412// 414//
f 412// 402// 396//
f 26// 394// 414//
f 402// 414// 394//
f 25// 394// 26//
f 413// 411// 395//
f 411// 396// 395//
f 397// 409// 399//
f 409// 413// 399//
f 398// 410// 408//
f 398// 408// 397//
f 401// 400// 405//
f 401// 405// 410//
f 406// 403// 407//
f 400// 403// 406//
f 404// 393// 14//
f 407// 393// 404//
f 224// 151// 170//
f 151// 224// 225//
f 173// 172// 200//
f 170// 151// 164//
f 202// 332// 173//
f 329// 332// 202//
f 202// 173// 200//
f 172// 170// 236//
f 172// 236// 200//
f 238// 236// 164//
f 170// 164// 236//
f 164// 239// 238//
f 246// 275// 274//
f 246// 253// 278//
f 278// 275// 246//
f 131// 130// 117//
f 297// 130// 254//
f 118// 131// 117//
f 130// 297// 117//
f 254// 278// 310//
f 254// 310// 297//
f 312// 310// 253//
f 278// 253// 310//
f 253// 313// 312//
f 331// 314// 332//
f 119// 131// 118//
f 133// 121// 134//
f 132// 119// 120//
f 119// 132// 131//
f 133// 132// 120//
f 133// 120// 121//
f 314// 134// 121//
f 332// 329// 331//
f 134// 314// 331//
f 415// 416// 417//
f 418// 419// 417//
f 415// 417// 419//
f 420// 419// 418//
f 421// 416// 415//
f 422// 421// 150//
f 421// 422// 416//
f 422// 150// 148//
f 26// 423// 420//
f 10// 418// 2//
f 418// 424// 11//
f 423// 414// 412//
f 8// 418// 13//
f 418// 11// 13//
f 5// 418// 7//
f 418// 8// 7//
f 418// 5// 2//
f 17// 420// 10//
f 418// 10// 420//
f 21// 420// 18//
f 420// 17// 18//
f 24// 420// 23//
f 420// 21// 23//
f 420// 24// 26//
f 409// 408// 423//
f 423// 26// 414//
f 413// 423// 411//
f 423// 412// 411//
f 423// 413// 409//
f 410// 424// 408//
f 423// 408// 424//
f 406// 424// 405//
f 424// 410// 405//
f 404// 424// 407//
f 424// 406// 407//
f 11// 424// 404//
f 425// 426// 427//
f 139// 428// 427//
f 425// 427// 428//
f 142// 428// 139//
f 429// 426// 425//
f 430// 429// 423//
f 429// 430// 426//
f 430// 423// 424//
f 431// 432// 433//
f 434// 435// 433//
f 431// 433// 435//
f 436// 435// 434//
f 437// 432// 431//
f 438// 437// 135//
f 437// 438// 432//
f 438// 135// 140//
f 439// 440// 436//
f 436// 434// 439//
f 441// 442// 443//
f 147// 444// 443//
f 441// 443// 444//
f 143// 444// 147//
f 445// 442// 441//
f 446// 445// 440//
f 445// 446// 442//
f 446// 440// 439//
f 143// 441// 444//
f 425// 142// 429//
f 143// 445// 441//
f 440// 445// 143//
f 420// 440// 143//
f 142// 436// 423//
f 435// 135// 431//
f 437// 431// 135//
f 436// 135// 435//
f 135// 436// 142//
f 425// 428// 142//
f 440// 423// 436//
f 423// 429// 142//
f 440// 420// 423//
f 150// 420// 143//
f 415// 419// 150//
f 150// 419// 420//
f 150// 421// 415//
f 147// 443// 442//
f 148// 417// 416//
f 416// 422// 148//
f 148// 418// 417//
f 148// 147// 418//
f 442// 446// 147//
f 439// 147// 446//
f 439// 418// 147//
f 139// 424// 434//
f 433// 432// 140//
f 438// 140// 432//
f 434// 433// 140//
f 140// 139// 434//
f 426// 139// 427//
f 439// 434// 424//
f 139// 430// 424//
f 426// 430// 139//
f 424// 418// 439//
f 145// 138// 149//
f 138// 145// 136//
f 144// 146// 141//
f 141// 137// 144//
f 149// 141// 146//
f 141// 149// 138//
f 137// 145// 144//
f 137// 136// 145//
f 447// 448// 449//
f 447// 449// 450//
f 451// 452// 453//
f 451// 453// 454//
f 455// 456// 457//
f 455// 457// 458//
f 459// 460// 461//
f 459// 461// 462//
f 463// 464// 465//
f 463// 465// 466//
f 467// 468// 469//
f 467// 469// 470//
f 471// 472// 473//
f 471// 473// 474//
f 475// 476// 477//
f 475// 477// 478//
f 479// 480// 481//
f 479// 481// 482//
f 483// 484// 485//
f 483// 485// 486//
f 487// 488// 489//
f 487// 489// 490//
f 491// 492// 493//
f 491// 493// 494//
f 495// 496// 497//
f 495// 497// 498//
f 499// 500// 501//
f 499// 501// 502//
f 503// 504// 505//
f 503// 505// 506//
f 507// 508// 509//
f 507// 509// 510//
f 511// 512// 513//
f 511// 513// 514//
f 515// 516// 517//
f 518// 516// 515//
f 516// 518// 519//
f 518// 520// 519//
f 521// 519// 520//
f 521// 520// 522//
f 521// 522// 523//
f 524// 521// 523//
f 525// 524// 523//
f 524// 525// 526//
f 527// 528// 529//
f 530// 528// 531//
f 528// 530// 529//
f 532// 533// 531//
f 530// 531// 533//
f 534// 533// 532//
f 535// 527// 529//
f 535// 536// 537//
f 537// 527// 535//
f 538// 536// 526//
f 536// 538// 537//
f 538// 526// 525//
f 539// 540// 541//
f 542// 543// 539//
f 544// 540// 539//
f 541// 542// 539//
f 542// 534// 532//
f 541// 534// 542//
f 545// 544// 539//
f 546// 547// 548//
f 549// 550// 547//
f 545// 550// 549//
f 546// 549// 547//
f 539// 550// 545//
f 546// 551// 552//
f 551// 546// 548//
f 553// 552// 551//
f 513// 554// 514//
f 555// 556// 554//
f 553// 556// 555//
f 513// 555// 554//
f 551// 556// 553//
f 557// 558// 559//
f 558// 557// 560//
f 561// 562// 563//
f 562// 561// 564//
f 562// 565// 563//
f 562// 566// 565//
f 567// 568// 569//
f 570// 568// 571//
f 568// 570// 569//
f 572// 573// 571//
f 570// 571// 573//
f 574// 573// 572//
f 575// 567// 569//
f 575// 576// 577//
f 577// 567// 575//
f 578// 576// 565//
f 576// 578// 577//
f 578// 565// 566//
f 572// 579// 574//
f 572// 580// 579//
f 581// 582// 583//
f 584// 582// 585//
f 582// 584// 583//
f 586// 587// 585//
f 584// 585// 587//
f 588// 587// 586//
f 589// 581// 583//
f 589// 590// 591//
f 591// 581// 589//
f 592// 590// 579//
f 590// 592// 591//
f 592// 579// 580//
f 593// 588// 586//
f 593// 586// 594//
f 595// 596// 597//
f 594// 586// 596//
f 595// 594// 596//
f 586// 598// 596//
f 599// 600// 601//
f 517// 599// 601//
f 517// 601// 515//
f 599// 602// 600//
f 600// 602// 597//
f 602// 595// 597//
f 589// 583// 545//
f 557// 561// 603//
f 544// 584// 587//
f 559// 561// 557//
f 587// 588// 544//
f 561// 563// 603//
f 569// 570// 555//
f 553// 570// 573//
f 570// 553// 555//
f 552// 553// 573//
f 574// 552// 573//
f 545// 584// 544//
f 545// 583// 584//
f 588// 540// 544//
f 593// 540// 588//
f 590// 589// 549//
f 545// 549// 589//
f 549// 546// 590//
f 579// 546// 552//
f 590// 546// 579//
f 569// 555// 575//
f 552// 574// 579//
f 575// 513// 576//
f 513// 575// 555//
f 513// 512// 604//
f 576// 513// 565//
f 509// 508// 605//
f 565// 604// 605//
f 513// 604// 565//
f 606// 505// 504//
f 605// 606// 565//
f 509// 605// 604//
f 500// 607// 501//
f 606// 607// 565//
f 505// 606// 605//
f 496// 608// 497//
f 607// 608// 565//
f 501// 607// 606//
f 492// 609// 493//
f 608// 609// 565//
f 497// 608// 607//
f 610// 489// 488//
f 609// 610// 565//
f 493// 609// 608//
f 611// 485// 484//
f 610// 611// 565//
f 489// 610// 609//
f 611// 612// 563//
f 612// 481// 480//
f 565// 611// 563//
f 485// 611// 610//
f 613// 477// 476//
f 477// 613// 612//
f 481// 612// 611//
f 472// 614// 473//
f 563// 613// 614//
f 563// 612// 613//
f 468// 615// 469//
f 614// 615// 563//
f 473// 614// 613//
f 464// 616// 465//
f 615// 616// 563//
f 469// 615// 614//
f 617// 461// 460//
f 616// 617// 563//
f 465// 616// 615//
f 618// 457// 456//
f 617// 618// 563//
f 461// 617// 616//
f 619// 453// 452//
f 618// 619// 563//
f 457// 618// 617//
f 449// 603// 619//
f 563// 619// 603//
f 453// 619// 618//
f 603// 449// 448//
f 560// 564// 558//
f 550// 581// 591//
f 586// 585// 539//
f 620// 562// 621//
f 567// 554// 568//
f 556// 571// 568//
f 568// 554// 556//
f 551// 571// 556//
f 572// 571// 551//
f 539// 585// 582//
f 543// 586// 539//
f 539// 582// 550//
f 543// 598// 586//
f 550// 582// 581//
f 592// 547// 591//
f 550// 591// 547//
f 547// 592// 548//
f 580// 551// 548//
f 592// 580// 548//
f 567// 577// 554//
f 551// 580// 572//
f 577// 578// 514//
f 514// 554// 577//
f 514// 622// 511//
f 578// 566// 514//
f 510// 623// 507//
f 566// 623// 622//
f 514// 566// 622//
f 624// 503// 506//
f 623// 566// 624//
f 510// 622// 623//
f 499// 502// 625//
f 624// 566// 625//
f 506// 623// 624//
f 495// 498// 626//
f 625// 566// 626//
f 502// 624// 625//
f 491// 494// 627//
f 626// 566// 627//
f 498// 625// 626//
f 628// 487// 490//
f 627// 566// 628//
f 494// 626// 627//
f 629// 483// 486//
f 628// 566// 629//
f 490// 627// 628//
f 630// 479// 482//
f 566// 562// 629//
f 486// 628// 629//
f 562// 630// 629//
f 482// 629// 630//
f 478// 631// 475//
f 562// 631// 630//
f 478// 630// 631//
f 474// 632// 471//
f 562// 632// 631//
f 474// 631// 632//
f 470// 633// 467//
f 562// 633// 632//
f 470// 632// 633//
f 466// 634// 463//
f 562// 634// 633//
f 466// 633// 634//
f 462// 620// 459//
f 562// 620// 634//
f 462// 634// 620//
f 458// 621// 455//
f 621// 562// 635//
f 458// 620// 621//
f 454// 635// 451//
f 450// 635// 636//
f 454// 621// 635//
f 450// 636// 447//
f 560// 636// 564//
f 564// 636// 562//
f 562// 636// 635//
f 597// 532// 600//
f 537// 515// 527//
f 525// 537// 538//
f 532// 597// 542//
f 601// 600// 531//
f 600// 532// 531//
f 597// 596// 542//
f 527// 515// 528//
f 601// 528// 515//
f 528// 601// 531//
f 515// 537// 525//
f 518// 515// 523//
f 515// 525// 523//
f 543// 542// 596//
f 596// 598// 543//
f 530// 533// 599//
f 602// 599// 533//
f 516// 524// 526//
f 595// 602// 534//
f 594// 595// 534//
f 594// 534// 541//
f 530// 599// 517//
f 534// 602// 533//
f 517// 535// 529//
f 530// 517// 529//
f 535// 526// 536//
f 535// 517// 526//
f 526// 517// 516//
f 541// 540// 593//
f 593// 594// 541//
f 516// 519// 521//
f 516// 521// 524//
f 523// 522// 520//
f 523// 520// 518//
f 561// 559// 558//
f 558// 564// 561//
f 509// 604// 622//
f 622// 510// 509//
f 604// 511// 622//
f 604// 512// 511//
f 505// 605// 623//
f 623// 506// 505//
f 605// 507// 623//
f 605// 508// 507//
f 501// 606// 624//
f 624// 502// 501//
f 606// 503// 624//
f 606// 504// 503//
f 497// 607// 625//
f 625// 498// 497//
f 607// 499// 625//
f 607// 500// 499//
f 493// 608// 626//
f 626// 494// 493//
f 608// 495// 626//
f 608// 496// 495//
f 489// 609// 627//
f 627// 490// 489//
f 609// 491// 627//
f 609// 492// 491//
f 485// 610// 628//
f 628// 486// 485//
f 610// 487// 628//
f 610// 488// 487//
f 481// 611// 629//
f 629// 482// 481//
f 611// 483// 629//
f 611// 484// 483//
f 477// 612// 630//
f 630// 478// 477//
f 612// 479// 630//
f 612// 480// 479//
f 473// 613// 631//
f 631// 474// 473//
f 613// 475// 631//
f 613// 476// 475//
f 469// 614// 632//
f 632// 470// 469//
f 614// 471// 632//
f 614// 472// 471//
f 465// 615// 633//
f 633// 466// 465//
f 615// 467// 633//
f 615// 468// 467//
f 461// 616// 634//
f 634// 462// 461//
f 616// 463// 634//
f 616// 464// 463//
f 457// 617// 620//
f 620// 458// 457//
f 617// 459// 620//
f 617// 460// 459//
f 453// 618// 621//
f 621// 454// 453//
f 618// 455// 621//
f 618// 456// 455//
f 449// 619// 635//
f 635// 450// 449//
f 619// 451// 635//
f 619// 452// 451//
f 603// 447// 636//
f 603// 448// 447//
f 557// 603// 636//
f 636// 560// 557//
f 637// 638// 639//
f 637// 639// 640//
f 641// 642// 643//
f 641// 643// 644//
f 645// 646// 647//
f 645// 647// 648//
f 649// 650// 651//
f 649// 651// 652//
f 653// 654// 655//
f 653// 655// 656//
f 657// 658// 659//
f 657// 659// 660//
f 661// 662// 663//
f 661// 663// 664//
f 665// 666// 667//
f 665// 667// 668//
f 669// 670// 671//
f 669// 671// 672//
f 673// 674// 675//
f 673// 675// 676//
f 677// 678// 679//
f 677// 679// 680//
f 681// 682// 683//
f 681// 683// 684//
f 685// 686// 687//
f 685// 687// 688//
f 689// 690// 691//
f 689// 691// 692//
f 693// 694// 695//
f 693// 695// 696//
f 697// 698// 699//
f 697// 699// 700//
f 701// 702// 703//
f 701// 703// 704//
f 705// 706// 707//
f 708// 706// 705//
f 706// 708// 709//
f 708// 710// 709//
f 711// 709// 710//
f 711// 710// 712//
f 711// 712// 713//
f 714// 711// 713//
f 715// 714// 713//
f 714// 715// 716//
f 717// 718// 719//
f 720// 718// 721//
f 718// 720// 719//
f 722// 723// 721//
f 720// 721// 723//
f 724// 723// 722//
f 725// 717// 719//
f 725// 726// 727//
f 727// 717// 725//
f 728// 726// 716//
f 726// 728// 727//
f 728// 716// 715//
f 729// 730// 731//
f 732// 733// 729//
f 734// 730// 729//
f 731// 732// 729//
f 732// 724// 722//
f 731// 724// 732//
f 735// 734// 729//
f 736// 737// 738//
f 739// 740// 737//
f 735// 740// 739//
f 736// 739// 737//
f 729// 740// 735//
f 736// 741// 742//
f 741// 736// 738//
f 743// 742// 741//
f 703// 744// 704//
f 745// 746// 744//
f 743// 746// 745//
f 703// 745// 744//
f 741// 746// 743//
f 747// 748// 749//
f 748// 747// 750//
f 751// 752// 753//
f 752// 751// 754//
f 752// 755// 753//
f 752// 756// 755//
f 757// 758// 759//
f 760// 758// 761//
f 758// 760// 759//
f 762// 763// 761//
f 760// 761// 763//
f 764// 763// 762//
f 765// 757// 759//
f 765// 766// 767//
f 767// 757// 765//
f 768// 766// 755//
f 766// 768// 767//
f 768// 755// 756//
f 762// 769// 764//
f 762// 770// 769//
f 771// 772// 773//
f 774// 772// 775//
f 772// 774// 773//
f 776// 777// 775//
f 774// 775// 777//
f 778// 777// 776//
f 779// 771// 773//
f 779// 780// 781//
f 781// 771// 779//
f 782// 780// 769//
f 780// 782// 781//
f 782// 769// 770//
f 783// 778// 776//
f 783// 776// 784//
f 785// 786// 787//
f 784// 776// 786//
f 785// 784// 786//
f 776// 788// 786//
f 789// 790// 791//
f 707// 789// 791//
f 707// 791// 705//
f 789// 792// 790//
f 790// 792// 787//
f 792// 785// 787//
f 779// 773// 735//
f 747// 751// 793//
f 734// 774// 777//
f 749// 751// 747//
f 777// 778// 734//
f 751// 753// 793//
f 759// 760// 745//
f 743// 760// 763//
f 760// 743// 745//
f 742// 743// 763//
f 764// 742// 763//
f 735// 774// 734//
f 735// 773// 774//
f 778// 730// 734//
f 783// 730// 778//
f 780// 779// 739//
f 735// 739// 779//
f 739// 736// 780//
f 769// 736// 742//
f 780// 736// 769//
f 759// 745// 765//
f 742// 764// 769//
f 765// 703// 766//
f 703// 765// 745//
f 703// 702// 794//
f 766// 703// 755//
f 699// 698// 795//
f 755// 794// 795//
f 703// 794// 755//
f 796// 695// 694//
f 795// 796// 755//
f 699// 795// 794//
f 690// 797// 691//
f 796// 797// 755//
f 695// 796// 795//
f 686// 798// 687//
f 797// 798// 755//
f 691// 797// 796//
f 682// 799// 683//
f 798// 799// 755//
f 687// 798// 797//
f 800// 679// 678//
f 799// 800// 755//
f 683// 799// 798//
f 801// 675// 674//
f 800// 801// 755//
f 679// 800// 799//
f 801// 802// 753//
f 802// 671// 670//
f 755// 801// 753//
f 675// 801// 800//
f 803// 667// 666//
f 667// 803// 802//
f 671// 802// 801//
f 662// 804// 663//
f 753// 803// 804//
f 753// 802// 803//
f 658// 805// 659//
f 804// 805// 753//
f 663// 804// 803//
f 654// 806// 655//
f 805// 806// 753//
f 659// 805// 804//
f 807// 651// 650//
f 806// 807// 753//
f 655// 806// 805//
f 808// 647// 646//
f 807// 808// 753//
f 651// 807// 806//
f 809// 643// 642//
f 808// 809// 753//
f 647// 808// 807//
f 639// 793// 809//
f 753// 809// 793//
f 643// 809// 808//
f 793// 639// 638//
f 750// 754// 748//
f 740// 771// 781//
f 776// 775// 729//
f 810// 752// 811//
f 757// 744// 758//
f 746// 761// 758//
f 758// 744// 746//
f 741// 761// 746//
f 762// 761// 741//
f 729// 775// 772//
f 733// 776// 729//
f 729// 772// 740//
f 733// 788// 776//
f 740// 772// 771//
f 782// 737// 781//
f 740// 781// 737//
f 737// 782// 738//
f 770// 741// 738//
f 782// 770// 738//
f 757// 767// 744//
f 741// 770// 762//
f 767// 768// 704//
f 704// 744// 767//
f 704// 812// 701//
f 768// 756// 704//
f 700// 813// 697//
f 756// 813// 812//
f 704// 756// 812//
f 814// 693// 696//
f 813// 756// 814//
f 700// 812// 813//
f 689// 692// 815//
f 814// 756// 815//
f 696// 813// 814//
f 685// 688// 816//
f 815// 756// 816//
f 692// 814// 815//
f 681// 684// 817//
f 816// 756// 817//
f 688// 815// 816//
f 818// 677// 680//
f 817// 756// 818//
f 684// 816// 817//
f 819// 673// 676//
f 818// 756// 819//
f 680// 817// 818//
f 820// 669// 672//
f 756// 752// 819//
f 676// 818// 819//
f 752// 820// 819//
f 672// 819// 820//
f 668// 821// 665//
f 752// 821// 820//
f 668// 820// 821//
f 664// 822// 661//
f 752// 822// 821//
f 664// 821// 822//
f 660// 823// 657//
f 752// 823// 822//
f 660// 822// 823//
f 656// 824// 653//
f 752// 824// 823//
f 656// 823// 824//
f 652// 810// 649//
f 752// 810// 824//
f 652// 824// 810//
f 648// 811// 645//
f 811// 752// 825//
f 648// 810// 811//
f 644// 825// 641//
f 640// 825// 826//
f 644// 811// 825//
f 640// 826// 637//
f 750// 826// 754//
f 754// 826// 752//
f 752// 826// 825//
f 787// 722// 790//
f 727// 705// 717//
f 715// 727// 728//
f 722// 787// 732//
f 791// 790// 721//
f 790// 722// 721//
f 787// 786// 732//
f 717// 705// 718//
f 791// 718// 705//
f 718// 791// 721//
f 705// 727// 715//
f 708// 705// 713//
f 705// 715// 713//
f 733// 732// 786//
f 786// 788// 733//
f 720// 723// 789//
f 792// 789// 723//
f 706// 714// 716//
f 785// 792// 724//
f 784// 785// 724//
f 784// 724// 731//
f 720// 789// 707//
f 724// 792// 723//
f 707// 725// 719//
f 720// 707// 719//
f 725// 716// 726//
f 725// 707// 716//
f 716// 707// 706//
f 731// 730// 783//
f 783// 784// 731//
f 706// 709// 711//
f 706// 711// 714//
f 713// 712// 710//
f 713// 710// 708//
f 751// 749// 748//
f 748// 754// 751//
f 699// 794// 812//
f 812// 700// 699//
f 794// 701// 812//
f 794// 702// 701//
f 695// 795// 813//
f 813// 696// 695//
f 795// 697// 813//
f 795// 698// 697//
f 691// 796// 814//
f 814// 692// 691//
f 796// 693// 814//
f 796// 694// 693//
f 687// 797// 815//
f 815// 688// 687//
f 797// 689// 815//
f 797// 690// 689//
f 683// 798// 816//
f 816// 684// 683//
f 798// 685// 816//
f 798// 686// 685//
f 679// 799// 817//
f 817// 680// 679//
f 799// 681// 817//
f 799// 682// 681//
f 675// 800// 818//
f 818// 676// 675//
f 800// 677// 818//
f 800// 678// 677//
f 671// 801// 819//
f 819// 672// 671//
f 801// 673// 819//
f 801// 674// 673//
f 667// 802// 820//
f 820// 668// 667//
f 802// 669// 820//
f 802// 670// 669//
f 663// 803// 821//
f 821// 664// 663//
f 803// 665// 821//
f 803// 666// 665//
f 659// 804// 822//
f 822// 660// 659//
f 804// 661// 822//
f 804// 662// 661//
f 655// 805// 823//
f 823// 656// 655//
f 805// 657// 823//
f 805// 658// 657//
f 651// 806// 824//
f 824// 652// 651//
f 806// 653// 824//
f 806// 654// 653//
f 647// 807// 810//
f 810// 648// 647//
f 807// 649// 810//
f 807// 650// 649//
f 643// 808// 811//
f 811// 644// 643//
f 808// 645// 811//
f 808// 646// 645//
f 639// 809// 825//
f 825// 640// 639//
f 809// 641// 825//
f 809// 642// 641//
f 793// 637// 826//
f 793// 638// 637//
f 747// 793// 826//
f 826// 750// 747//
f 827// 828// 829//
f 827// 829// 830//
f 831// 832// 833//
f 831// 833// 834//
f 835// 836// 837//
f 835// 837// 838//
f 839// 840// 841//
f 839// 841// 842//
f 843// 844// 845//
f 843// 845// 846//
f 847// 848// 849//
f 847// 849// 850//
f 851// 852// 853//
f 851// 853// 854//
f 855// 856// 857//
f 855// 857// 858//
f 859// 860// 861//
f 859// 861// 862//
f 863// 864// 865//
f 863// 865// 866//
f 867// 868// 869//
f 867// 869// 870//
f 871// 872// 873//
f 871// 873// 874//
f 875// 876// 877//
f 875// 877// 878//
f 879// 880// 881//
f 879// 881// 882//
f 883// 884// 885//
f 883// 885// 886//
f 887// 888// 889//
f 887// 889// 890//
f 891// 892// 893//
f 891// 893// 894//
f 895// 896// 897//
f 898// 896// 895//
f 896// 898// 899//
f 898// 900// 899//
f 901// 899// 900//
f 901// 900// 902//
f 901// 902// 903//
f 904// 901// 903//
f 905// 904// 903//
f 904// 905// 906//
f 907// 908// 909//
f 910// 908// 911//
f 908// 910// 909//
f 912// 913// 911//
f 910// 911// 913//
f 914// 913// 912//
f 915// 907// 909//
f 915// 916// 917//
f 917// 907// 915//
f 918// 916// 906//
f 916// 918// 917//
f 918// 906// 905//
f 919// 920// 921//
f 922// 923// 919//
f 924// 920// 919//
f 921// 922// 919//
f 922// 914// 912//
f 921// 914// 922//
f 925// 924// 919//
f 926// 927// 928//
f 929// 930// 927//
f 925// 930// 929//
f 926// 929// 927//
f 919// 930// 925//
f 926// 931// 932//
f 931// 926// 928//
f 933// 932// 931//
f 893// 934// 894//
f 935// 936// 934//
f 933// 936// 935//
f 893// 935// 934//
f 931// 936// 933//
f 937// 938// 939//
f 938// 937// 940//
f 941// 942// 943//
f 942// 941// 944//
f 942// 945// 943//
f 942// 946// 945//
f 947// 948// 949//
f 950// 948// 951//
f 948// 950// 949//
f 952// 953// 951//
f 950// 951// 953//
f 954// 953// 952//
f 955// 947// 949//
f 955// 956// 957//
f 957// 947// 955//
f 958// 956// 945//
f 956// 958// 957//
f 958// 945// 946//
f 952// 959// 954//
f 952// 960// 959//
f 961// 962// 963//
f 964// 962// 965//
f 962// 964// 963//
f 966// 967// 965//
f 964// 965// 967//
f 968// 967// 966//
f 969// 961// 963//
f 969// 970// 971//
f 971// 961// 969//
f 972// 970// 959//
f 970// 972// 971//
f 972// 959// 960//
f 973// 968// 966//
f 973// 966// 974//
f 975// 976// 977//
f 974// 966// 976//
f 975// 974// 976//
f 966// 978// 976//
f 979// 980// 981//
f 897// 981// 895//
f 979// 981// 897//
f 982// 980// 979//
f 980// 982// 977//
f 982// 975// 977//
f 969// 963// 925//
f 937// 941// 983//
f 924// 964// 967//
f 939// 941// 937//
f 967// 968// 924//
f 941// 943// 983//
f 949// 950// 935//
f 933// 950// 953//
f 950// 933// 935//
f 932// 933// 953//
f 954// 932// 953//
f 925// 964// 924//
f 925// 963// 964//
f 968// 920// 924//
f 973// 920// 968//
f 970// 969// 929//
f 925// 929// 969//
f 929// 926// 970//
f 959// 926// 932//
f 970// 926// 959//
f 949// 935// 955//
f 932// 954// 959//
f 955// 893// 956//
f 893// 955// 935//
f 893// 892// 984//
f 956// 893// 945//
f 889// 888// 985//
f 945// 984// 985//
f 893// 984// 945//
f 986// 885// 884//
f 985// 986// 945//
f 889// 985// 984//
f 880// 987// 881//
f 986// 987// 945//
f 885// 986// 985//
f 876// 988// 877//
f 987// 988// 945//
f 881// 987// 986//
f 872// 989// 873//
f 988// 989// 945//
f 877// 988// 987//
f 990// 869// 868//
f 989// 990// 945//
f 873// 989// 988//
f 991// 865// 864//
f 990// 991// 945//
f 869// 990// 989//
f 991// 992// 943//
f 992// 861// 860//
f 945// 991// 943//
f 865// 991// 990//
f 993// 857// 856//
f 857// 993// 992//
f 861// 992// 991//
f 852// 994// 853//
f 943// 993// 994//
f 943// 992// 993//
f 848// 995// 849//
f 994// 995// 943//
f 853// 994// 993//
f 844// 996// 845//
f 995// 996// 943//
f 849// 995// 994//
f 997// 841// 840//
f 996// 997// 943//
f 845// 996// 995//
f 998// 837// 836//
f 997// 998// 943//
f 841// 997// 996//
f 999// 833// 832//
f 998// 999// 943//
f 837// 998// 997//
f 829// 983// 999//
f 943// 999// 983//
f 833// 999// 998//
f 983// 829// 828//
f 940// 944// 938//
f 930// 961// 971//
f 966// 965// 919//
f 1000// 942// 1001//
f 947// 934// 948//
f 936// 951// 948//
f 948// 934// 936//
f 931// 951// 936//
f 952// 951// 931//
f 919// 965// 962//
f 923// 966// 919//
f 919// 962// 930//
f 923// 978// 966//
f 930// 962// 961//
f 972// 927// 971//
f 930// 971// 927//
f 927// 972// 928//
f 960// 931// 928//
f 972// 960// 928//
f 947// 957// 934//
f 931// 960// 952//
f 957// 958// 894//
f 894// 934// 957//
f 894// 1002// 891//
f 958// 946// 894//
f 890// 1003// 887//
f 946// 1003// 1002//
f 894// 946// 1002//
f 1004// 883// 886//
f 1003// 946// 1004//
f 890// 1002// 1003//
f 879// 882// 1005//
f 1004// 946// 1005//
f 886// 1003// 1004//
f 875// 878// 1006//
f 1005// 946// 1006//
f 882// 1004// 1005//
f 871// 874// 1007//
f 1006// 946// 1007//
f 878// 1005// 1006//
f 1008// 867// 870//
f 1007// 946// 1008//
f 874// 1006// 1007//
f 1009// 863// 866//
f 1008// 946// 1009//
f 870// 1007// 1008//
f 1010// 859// 862//
f 946// 942// 1009//
f 866// 1008// 1009//
f 942// 1010// 1009//
f 862// 1009// 1010//
f 858// 1011// 855//
f 942// 1011// 1010//
f 858// 1010// 1011//
f 854// 1012// 851//
f 942// 1012// 1011//
f 854// 1011// 1012//
f 850// 1013// 847//
f 942// 1013// 1012//
f 850// 1012// 1013//
f 846// 1014// 843//
f 942// 1014// 1013//
f 846// 1013// 1014//
f 842// 1000// 839//
f 942// 1000// 1014//
f 842// 1014// 1000//
f 838// 1001// 835//
f 1001// 942// 1015//
f 838// 1000// 1001//
f 834// 1015// 831//
f 830// 1015// 1016//
f 834// 1001// 1015//
f 830// 1016// 827//
f 940// 1016// 944//
f 944// 1016// 942//
f 942// 1016// 1015//
f 977// 912// 980//
f 917// 895// 907//
f 905// 917// 918//
f 912// 977// 922//
f 981// 980// 911//
f 980// 912// 911//
f 977// 976// 922//
f 907// 895// 908//
f 981// 908// 895//
f 908// 981// 911//
f 895// 917// 905//
f 898// 895// 903//
f 895// 905// 903//
f 923// 922// 976//
f 976// 978// 923//
f 910// 913// 979//
f 982// 979// 913//
f 896// 904// 906//
f 975// 982// 914//
f 974// 975// 914//
f 974// 914// 921//
f 910// 979// 897//
f 914// 982// 913//
f 897// 915// 909//
f 910// 897// 909//
f 915// 906// 916//
f 915// 897// 906//
f 906// 897// 896//
f 921// 920// 973//
f 973// 974// 921//
f 896// 899// 901//
f 896// 901// 904//
f 903// 902// 900//
f 903// 900// 898//
f 941// 939// 938//
f 938// 944// 941//
f 889// 984// 1002//
f 1002// 890// 889//
f 984// 891// 1002//
f 984// 892// 891//
f 885// 985// 1003//
f 1003// 886// 885//
f 985// 887// 1003//
f 985// 888// 887//
f 881// 986// 1004//
f 1004// 882// 881//
f 986// 883// 1004//
f 986// 884// 883//
f 877// 987// 1005//
f 1005// 878// 877//
f 987// 879// 1005//
f 987// 880// 879//
f 873// 988// 1006//
f 1006// 874// 873//
f 988// 875// 1006//
f 988// 876// 875//
f 869// 989// 1007//
f 1007// 870// 869//
f 989// 871// 1007//
f 989// 872// 871//
f 865// 990// 1008//
f 1008// 866// 865//
f 990// 867// 1008//
f 990// 868// 867//
f 861// 991// 1009//
f 1009// 862// 861//
f 991// 863// 1009//
f 991// 864// 863//
f 857// 992// 1010//
f 1010// 858// 857//
f 992// 859// 1010//
f 992// 860// 859//
f 853// 993// 1011//
f 1011// 854// 853//
f 993// 855// 1011//
f 993// 856// 855//
f 849// 994// 1012//
f 1012// 850// 849//
f 994// 851// 1012//
f 994// 852// 851//
f 845// 995// 1013//
f 1013// 846// 845//
f 995// 847// 1013//
f 995// 848// 847//
f 841// 996// 1014//
f 1014// 842// 841//
f 996// 843// 1014//
f 996// 844// 843//
f 837// 997// 1000//
f 1000// 838// 837//
f 997// 839// 1000//
f 997// 840// 839//
f 833// 998// 1001//
f 1001// 834// 833//
f 998// 835// 1001//
f 998// 836// 835//
f 829// 999// 1015//
f 1015// 830// 829//
f 999// 831// 1015//
f 999// 832// 831//
f 983// 827// 1016//
f 983// 828// 827//
f 937// 983// 1016//
f 1016// 940// 937//
f 1017// 1018// 1019//
f 1020// 1019// 1021//
f 1018// 1021// 1019//
f 1022// 1020// 1023//
f 1020// 1021// 1023//
f 1022// 1024// 1025//
f 1023// 1024// 1022//
f 1018// 1017// 1026//
f 1027// 1028// 1029//
f 1028// 1025// 1029//
f 1025// 1024// 1029//
f 1027// 1030// 1028//
f 1031// 1026// 1017//
f 1031// 1032// 1033//
f 1033// 1026// 1031//
f 1034// 1032// 1035//
f 1032// 1034// 1033//
f 1036// 1037// 1035//
f 1034// 1035// 1037//
f 1036// 1038// 1039//
f 1039// 1037// 1036//
f 1040// 1038// 1041//
f 1038// 1040// 1039//
f 1040// 1041// 1042//
f 1043// 1044// 1045//
f 1046// 1047// 1048//
f 1049// 1050// 1051//
f 1052// 1050// 1053//
f 1049// 1054// 1055//
f 1056// 1057// 1058//
f 1058// 1059// 1060//
f 1061// 1062// 1055//
f 1063// 1064// 1065//
f 1066// 1060// 1063//
f 1067// 1068// 1069//
f 1070// 1071// 1062//
f 1072// 1071// 1067//
f 1073// 1056// 1045//
f 1074// 1075// 1064//
f 1076// 1074// 1064//
f 1053// 1077// 1078//
f 1076// 1079// 1074//
f 1071// 1066// 1068//
f 1044// 1073// 1045//
f 1080// 1077// 1081//
f 1043// 1082// 1044//
f 1083// 1084// 1081//
f 1085// 1082// 1086//
f 1083// 1087// 1088//
f 1089// 1090// 1091//
f 1092// 1087// 1093//
f 1094// 1095// 1091//
f 1096// 1093// 1097//
f 1098// 1099// 1094//
f 1047// 1100// 1097//
f 1101// 1102// 1046//
f 1091// 1095// 1089//
f 1103// 1101// 1046//
f 1104// 1105// 1103//
f 1098// 1106// 1099//
f 1107// 1102// 1108//
f 1106// 1107// 1109//
f 1107// 1108// 1109//
f 1094// 1099// 1095//
f 1046// 1104// 1103//
f 1108// 1102// 1101//
f 1102// 1100// 1047//
f 1048// 1104// 1046//
f 1107// 1098// 1100//
f 1098// 1107// 1106//
f 1047// 1110// 1048//
f 1107// 1100// 1102//
f 1100// 1096// 1097//
f 1102// 1047// 1046//
f 1094// 1096// 1098//
f 1111// 1090// 1089//
f 1097// 1110// 1047//
f 1098// 1096// 1100//
f 1096// 1092// 1093//
f 1112// 1110// 1097//
f 1091// 1092// 1094//
f 1113// 1114// 1111//
f 1093// 1112// 1097//
f 1094// 1092// 1096//
f 1092// 1088// 1087//
f 1115// 1112// 1093//
f 1090// 1088// 1091//
f 1085// 1116// 1113//
f 1117// 1115// 1087//
f 1091// 1088// 1092//
f 1088// 1084// 1083//
f 1115// 1093// 1087//
f 1090// 1114// 1084//
f 1114// 1090// 1111//
f 1083// 1118// 1117//
f 1090// 1084// 1088//
f 1084// 1080// 1081//
f 1117// 1087// 1083//
f 1114// 1116// 1080//
f 1116// 1114// 1113//
f 1081// 1119// 1118//
f 1114// 1080// 1084//
f 1080// 1078// 1077//
f 1118// 1083// 1081//
f 1116// 1086// 1078//
f 1086// 1116// 1085//
f 1077// 1120// 1119//
f 1116// 1078// 1080//
f 1078// 1052// 1053//
f 1119// 1081// 1077//
f 1086// 1043// 1052//
f 1043// 1086// 1082//
f 1053// 1121// 1120//
f 1086// 1052// 1078//
f 1052// 1051// 1050//
f 1120// 1077// 1053//
f 1045// 1051// 1043//
f 1057// 1056// 1073//
f 1050// 1122// 1121//
f 1043// 1051// 1052//
f 1051// 1054// 1049//
f 1121// 1053// 1050//
f 1056// 1054// 1045//
f 1059// 1058// 1057//
f 1049// 1123// 1122//
f 1045// 1054// 1051//
f 1054// 1061// 1055//
f 1122// 1050// 1049//
f 1058// 1061// 1056//
f 1124// 1060// 1059//
f 1055// 1125// 1123//
f 1056// 1061// 1054//
f 1061// 1070// 1062//
f 1123// 1049// 1055//
f 1060// 1070// 1058//
f 1126// 1063// 1124//
f 1062// 1072// 1125//
f 1058// 1070// 1061//
f 1070// 1066// 1071//
f 1125// 1055// 1062//
f 1124// 1063// 1060//
f 1126// 1076// 1064//
f 1071// 1068// 1067//
f 1060// 1066// 1070//
f 1065// 1068// 1066//
f 1072// 1062// 1071//
f 1126// 1064// 1063//
f 1063// 1065// 1066//
f 1075// 1127// 1065//
f 1064// 1075// 1065//
f 1069// 1068// 1127//
f 1065// 1127// 1068//
f 1128// 1120// 1121//
f 1122// 1129// 1121//
f 1128// 1121// 1129//
f 1122// 1123// 1130//
f 1130// 1129// 1122//
f 1131// 1123// 1125//
f 1123// 1131// 1130//
f 1072// 1132// 1125//
f 1131// 1125// 1132//
f 1133// 1072// 1134//
f 1133// 1132// 1072//
f 1135// 1134// 1067//
f 1072// 1067// 1134//
f 1067// 1069// 1136//
f 1136// 1135// 1067//
f 1069// 1137// 1136//
f 1120// 1128// 1138//
f 1119// 1120// 1138//
f 1139// 1119// 1140//
f 1140// 1119// 1138//
f 1139// 1118// 1119//
f 1117// 1118// 1141//
f 1139// 1141// 1118//
f 1142// 1115// 1117//
f 1117// 1141// 1142//
f 1115// 1143// 1112//
f 1143// 1115// 1142//
f 1110// 1112// 1144//
f 1143// 1144// 1112//
f 1145// 1048// 1110//
f 1110// 1144// 1145//
f 1048// 1146// 1147//
f 1146// 1048// 1145//
f 1104// 1148// 1149//
f 1148// 1104// 1147//
f 1104// 1048// 1147//
f 1104// 1149// 1105//
f 1105// 1149// 1150//
f 1151// 1152// 1153//
f 1154// 1155// 1156//
f 1156// 1157// 1154//
f 1156// 1151// 1157//
f 1155// 1152// 1158//
f 1151// 1158// 1152//
f 1155// 1154// 1152//
f 1151// 1153// 1157//
f 1159// 1160// 1161//
f 1162// 1159// 1163//
f 1163// 1164// 1165//
f 1161// 1164// 1166//
f 1163// 1165// 1162//
f 1160// 1159// 1162//
f 1159// 1161// 1166//
f 1164// 1161// 1165//
f 1167// 1168// 1169//
f 1170// 1171// 1172//
f 1173// 1174// 1175//
f 1176// 1177// 1178//
f 1179// 1173// 1175//
f 1174// 1176// 1178//
f 1175// 1174// 1178//
f 1177// 1170// 1172//
f 1177// 1176// 1170//
f 1168// 1171// 1169//
f 1168// 1172// 1171//
f 1169// 1180// 1167//
f 1181// 1182// 1183//
f 1183// 1182// 1184//
f 1185// 1186// 1187//
f 1188// 1189// 1190//
f 1190// 1187// 1188//
f 1191// 1192// 1193//
f 1194// 1195// 1196//
f 1197// 1198// 1199//
f 1198// 1200// 1195//
f 1201// 1202// 1203//
f 1204// 1205// 1206//
f 1169// 1207// 1180//
f 1208// 1209// 1210//
f 1191// 1211// 1212//
f 1213// 1214// 1193//
f 1192// 1210// 1215//
f 1216// 1217// 1215//
f 1216// 1215// 1218//
f 1171// 1214// 1213//
f 1219// 1220// 1221//
f 1210// 1219// 1208//
f 1222// 1223// 1212//
f 1224// 1225// 1226//
f 1223// 1227// 1202//
f 1228// 1201// 1229//
f 1221// 1220// 1230//
f 1204// 1206// 1231//
f 1199// 1228// 1232//
f 1233// 1181// 1234//
f 1206// 1205// 1235//
f 1236// 1235// 1237//
f 1238// 1239// 1194//
f 1185// 1239// 1240//
f 1240// 1239// 1241//
f 1241// 1238// 1167//
f 1188// 1187// 1186//
f 1190// 1184// 1187//
f 1238// 1194// 1196//
f 1186// 1185// 1240//
f 1242// 1185// 1182//
f 1242// 1194// 1239//
f 1167// 1238// 1168//
f 1241// 1239// 1238//
f 1185// 1187// 1182//
f 1184// 1182// 1187//
f 1196// 1195// 1200//
f 1185// 1242// 1239//
f 1243// 1242// 1181//
f 1238// 1196// 1168//
f 1194// 1243// 1195//
f 1172// 1168// 1196//
f 1182// 1181// 1242//
f 1183// 1234// 1181//
f 1200// 1198// 1197//
f 1242// 1243// 1194//
f 1243// 1233// 1244//
f 1196// 1200// 1172//
f 1195// 1244// 1198//
f 1177// 1172// 1200//
f 1181// 1233// 1243//
f 1234// 1236// 1233//
f 1197// 1199// 1232//
f 1243// 1244// 1195//
f 1244// 1237// 1245//
f 1200// 1197// 1177//
f 1198// 1245// 1199//
f 1178// 1177// 1197//
f 1244// 1233// 1237//
f 1236// 1237// 1233//
f 1232// 1228// 1229//
f 1244// 1245// 1198//
f 1245// 1205// 1246//
f 1197// 1232// 1178//
f 1199// 1246// 1228//
f 1175// 1178// 1232//
f 1245// 1237// 1205//
f 1235// 1205// 1237//
f 1229// 1201// 1203//
f 1245// 1246// 1199//
f 1224// 1231// 1225//
f 1232// 1229// 1175//
f 1228// 1247// 1201//
f 1179// 1175// 1229//
f 1246// 1204// 1247//
f 1204// 1246// 1205//
f 1203// 1202// 1227//
f 1246// 1247// 1228//
f 1247// 1224// 1248//
f 1229// 1203// 1179//
f 1201// 1248// 1202//
f 1173// 1179// 1203//
f 1247// 1204// 1224//
f 1231// 1224// 1204//
f 1227// 1223// 1222//
f 1247// 1248// 1201//
f 1248// 1226// 1249//
f 1203// 1227// 1173//
f 1202// 1249// 1223//
f 1174// 1173// 1227//
f 1224// 1226// 1248//
f 1225// 1230// 1226//
f 1176// 1222// 1211//
f 1248// 1249// 1202//
f 1220// 1250// 1249//
f 1227// 1222// 1174//
f 1223// 1250// 1212//
f 1176// 1174// 1222//
f 1249// 1226// 1220//
f 1230// 1220// 1226//
f 1170// 1211// 1214//
f 1249// 1250// 1223//
f 1251// 1250// 1219//
f 1251// 1191// 1212//
f 1176// 1211// 1170//
f 1222// 1212// 1211//
f 1220// 1219// 1250//
f 1221// 1208// 1219//
f 1213// 1207// 1169//
f 1250// 1251// 1212//
f 1210// 1192// 1251//
f 1214// 1191// 1193//
f 1170// 1214// 1171//
f 1211// 1191// 1214//
f 1210// 1251// 1219//
f 1217// 1216// 1252//
f 1217// 1253// 1193//
f 1251// 1192// 1191//
f 1193// 1192// 1217//
f 1207// 1213// 1253//
f 1193// 1253// 1213//
f 1171// 1213// 1169//
f 1210// 1209// 1215//
f 1218// 1215// 1209//
f 1252// 1254// 1253//
f 1192// 1215// 1217//
f 1252// 1253// 1217//
f 1254// 1255// 1207//
f 1254// 1207// 1253//
f 1207// 1255// 1180//
f 1256// 1257// 1258//
f 1259// 1260// 1261//
f 1262// 1263// 1264//
f 1265// 1256// 1258//
f 1266// 1267// 1268//
f 1267// 1266// 1257//
f 1257// 1266// 1258//
f 1267// 1261// 1268//
f 1259// 1263// 1260//
f 1261// 1260// 1268//
f 1262// 1264// 1269//
f 1259// 1264// 1263//
f 1146// 1145// 1270//
f 1271// 1272// 1273//
f 1269// 1264// 1274//
f 1271// 1259// 1272//
f 1275// 1131// 1276//
f 1128// 1277// 1278//
f 1132// 1276// 1131//
f 1279// 1280// 1281//
f 1129// 1130// 1282//
f 1139// 1140// 1283//
f 1284// 1285// 1280//
f 1270// 1145// 1286//
f 1287// 1288// 1289//
f 1290// 1291// 1292//
f 1286// 1293// 1294//
f 1290// 1295// 1262//
f 1292// 1291// 1293//
f 1294// 1270// 1286//
f 1291// 1294// 1293//
f 1296// 1273// 1297//
f 1143// 1298// 1299//
f 1295// 1292// 1287//
f 1142// 1300// 1298//
f 1301// 1288// 1302//
f 1130// 1275// 1282//
f 1140// 1138// 1303//
f 1304// 1302// 1285//
f 1140// 1303// 1283//
f 1305// 1306// 1307//
f 1281// 1306// 1308//
f 1307// 1309// 1310//
f 1311// 1296// 1276//
f 1312// 1311// 1313//
f 1309// 1297// 1314//
f 1313// 1311// 1133//
f 1145// 1144// 1286//
f 1144// 1143// 1299//
f 1315// 1141// 1139//
f 1295// 1287// 1289//
f 1316// 1293// 1299//
f 1316// 1287// 1292//
f 1262// 1295// 1263//
f 1290// 1292// 1295//
f 1293// 1286// 1299//
f 1144// 1299// 1286//
f 1289// 1288// 1301//
f 1293// 1316// 1292//
f 1317// 1316// 1298//
f 1295// 1289// 1263//
f 1287// 1317// 1288//
f 1260// 1263// 1289//
f 1299// 1298// 1316//
f 1143// 1142// 1298//
f 1301// 1302// 1304//
f 1316// 1317// 1287//
f 1317// 1300// 1318//
f 1289// 1301// 1260//
f 1288// 1318// 1302//
f 1268// 1260// 1301//
f 1298// 1300// 1317//
f 1142// 1141// 1300//
f 1304// 1285// 1284//
f 1317// 1318// 1288//
f 1318// 1315// 1319//
f 1301// 1304// 1268//
f 1302// 1319// 1285//
f 1266// 1268// 1304//
f 1318// 1300// 1315//
f 1141// 1315// 1300//
f 1284// 1280// 1279//
f 1318// 1319// 1302//
f 1319// 1283// 1320//
f 1304// 1284// 1266//
f 1285// 1320// 1280//
f 1258// 1266// 1284//
f 1319// 1315// 1283//
f 1139// 1283// 1315//
f 1279// 1281// 1308//
f 1319// 1320// 1285//
f 1278// 1138// 1128//
f 1284// 1279// 1258//
f 1280// 1321// 1281//
f 1265// 1258// 1279//
f 1320// 1303// 1321//
f 1303// 1320// 1283//
f 1308// 1306// 1305//
f 1320// 1321// 1280//
f 1321// 1278// 1322//
f 1279// 1308// 1265//
f 1281// 1322// 1306//
f 1256// 1265// 1308//
f 1321// 1303// 1278//
f 1138// 1278// 1303//
f 1305// 1307// 1310//
f 1321// 1322// 1281//
f 1322// 1277// 1323//
f 1308// 1305// 1256//
f 1306// 1323// 1307//
f 1257// 1256// 1305//
f 1278// 1277// 1322//
f 1128// 1129// 1277//
f 1267// 1310// 1314//
f 1322// 1323// 1306//
f 1282// 1324// 1323//
f 1305// 1310// 1257//
f 1307// 1324// 1309//
f 1267// 1257// 1310//
f 1323// 1277// 1282//
f 1129// 1282// 1277//
f 1261// 1314// 1272//
f 1323// 1324// 1307//
f 1325// 1324// 1275//
f 1325// 1297// 1309//
f 1267// 1314// 1261//
f 1310// 1309// 1314//
f 1282// 1275// 1324//
f 1130// 1131// 1275//
f 1271// 1274// 1264//
f 1324// 1325// 1309//
f 1276// 1296// 1325//
f 1272// 1297// 1273//
f 1261// 1272// 1259//
f 1314// 1297// 1272//
f 1276// 1325// 1275//
f 1312// 1313// 1326//
f 1312// 1327// 1273//
f 1325// 1296// 1297//
f 1273// 1296// 1312//
f 1274// 1271// 1327//
f 1273// 1327// 1271//
f 1259// 1271// 1264//
f 1276// 1132// 1311//
f 1133// 1311// 1132//
f 1326// 1328// 1327//
f 1296// 1311// 1312//
f 1326// 1327// 1312//
f 1328// 1329// 1274//
f 1328// 1274// 1327//
f 1274// 1329// 1269//
f 1330// 1069// 1331//
f 1183// 1184// 1332//
f 1333// 1190// 1334//
f 1335// 1336// 1235//
f 1337// 1338// 1234//
f 1339// 1230// 1225//
f 1340// 1231// 1336//
f 1209// 1208// 1341//
f 1221// 1342// 1343//
f 1344// 1218// 1209//
f 1209// 1341// 1344//
f 1345// 1344// 1346//
f 1344// 1345// 1218//
f 1105// 1347// 1346//
f 1345// 1346// 1347//
f 1150// 1347// 1105//
f 1343// 1208// 1221//
f 1208// 1343// 1341//
f 1230// 1342// 1221//
f 1230// 1339// 1342//
f 1340// 1339// 1225//
f 1231// 1206// 1336//
f 1225// 1231// 1340//
f 1235// 1236// 1335//
f 1206// 1235// 1336//
f 1234// 1338// 1236//
f 1335// 1236// 1338//
f 1183// 1332// 1337//
f 1234// 1183// 1337//
f 1184// 1190// 1333//
f 1332// 1184// 1333//
f 1334// 1189// 1348//
f 1334// 1190// 1189//
f 1348// 1330// 1331//
f 1331// 1334// 1348//
f 1069// 1330// 1137//
f 1349// 1350// 1351//
f 1352// 1353// 1079//
f 1354// 1352// 1355//
f 1350// 1355// 1351//
f 1356// 1357// 1358//
f 1359// 1360// 1361//
f 1362// 1363// 1364//
f 1365// 1349// 1366//
f 1362// 1367// 1363//
f 1368// 1369// 1370//
f 1371// 1372// 1373//
f 1374// 1375// 1376//
f 1377// 1371// 1378//
f 1378// 1379// 1380//
f 1381// 1382// 1383//
f 1381// 1346// 1344//
f 1384// 1108// 1379//
f 1101// 1379// 1108//
f 1109// 1108// 1384//
f 1385// 1105// 1346//
f 1386// 1387// 1376//
f 1382// 1387// 1388//
f 1367// 1389// 1390//
f 1372// 1390// 1391//
f 1392// 1368// 1393//
f 1374// 1392// 1394//
f 1367// 1362// 1389//
f 1381// 1377// 1385//
f 1395// 1396// 1357//
f 1397// 1369// 1396//
f 1358// 1361// 1398//
f 1399// 1364// 1400//
f 1334// 1401// 1359//
f 1350// 1354// 1355//
f 1402// 1401// 1075//
f 1349// 1351// 1366//
f 1069// 1127// 1331//
f 1127// 1075// 1401//
f 1074// 1353// 1402//
f 1353// 1074// 1079//
f 1401// 1331// 1127//
f 1074// 1402// 1075//
f 1402// 1360// 1359//
f 1334// 1331// 1401//
f 1353// 1354// 1360//
f 1354// 1353// 1352//
f 1359// 1333// 1334//
f 1353// 1360// 1402//
f 1360// 1398// 1361//
f 1402// 1359// 1401//
f 1350// 1398// 1354//
f 1403// 1365// 1366//
f 1361// 1333// 1359//
f 1354// 1398// 1360//
f 1398// 1356// 1358//
f 1332// 1333// 1361//
f 1349// 1356// 1350//
f 1404// 1405// 1403//
f 1358// 1332// 1361//
f 1350// 1356// 1398//
f 1356// 1395// 1357//
f 1337// 1332// 1358//
f 1365// 1395// 1349//
f 1399// 1406// 1404//
f 1338// 1337// 1357//
f 1349// 1395// 1356//
f 1395// 1397// 1396//
f 1337// 1358// 1357//
f 1365// 1405// 1397//
f 1405// 1365// 1403//
f 1396// 1335// 1338//
f 1365// 1397// 1395//
f 1397// 1370// 1369//
f 1338// 1357// 1396//
f 1405// 1406// 1370//
f 1406// 1405// 1404//
f 1369// 1336// 1335//
f 1405// 1370// 1397//
f 1370// 1393// 1368//
f 1335// 1396// 1369//
f 1406// 1400// 1393//
f 1400// 1406// 1399//
f 1368// 1340// 1336//
f 1406// 1393// 1370//
f 1393// 1394// 1392//
f 1336// 1369// 1368//
f 1400// 1363// 1394//
f 1363// 1400// 1364//
f 1392// 1339// 1340//
f 1400// 1394// 1393//
f 1394// 1375// 1374//
f 1340// 1368// 1392//
f 1367// 1375// 1363//
f 1391// 1390// 1389//
f 1374// 1342// 1339//
f 1363// 1375// 1394//
f 1375// 1386// 1376//
f 1339// 1392// 1374//
f 1390// 1386// 1367//
f 1373// 1372// 1391//
f 1376// 1343// 1342//
f 1367// 1386// 1375//
f 1386// 1388// 1387//
f 1342// 1374// 1376//
f 1372// 1388// 1390//
f 1407// 1371// 1373//
f 1387// 1341// 1343//
f 1390// 1388// 1386//
f 1388// 1383// 1382//
f 1343// 1376// 1387//
f 1371// 1383// 1372//
f 1408// 1378// 1407//
f 1382// 1344// 1341//
f 1372// 1383// 1388//
f 1383// 1377// 1381//
f 1341// 1387// 1382//
f 1407// 1378// 1371//
f 1408// 1384// 1379//
f 1381// 1385// 1346//
f 1371// 1377// 1383//
f 1380// 1385// 1377//
f 1344// 1382// 1381//
f 1408// 1379// 1378//
f 1378// 1380// 1377//
f 1101// 1103// 1380//
f 1379// 1101// 1380//
f 1105// 1385// 1103//
f 1380// 1103// 1385//
f 1035// 1095// 1036//
f 1085// 1031// 1017//
f 1017// 1044// 1082//
f 1031// 1085// 1113//
f 1073// 1019// 1020//
f 1113// 1111// 1032//
f 1022// 1057// 1020//
f 1035// 1111// 1089//
f 1124// 1022// 1025//
f 1106// 1038// 1099//
f 1028// 1126// 1025//
f 1409// 1355// 1352//
f 1044// 1019// 1073//
f 1384// 1408// 1410//
f 1391// 1411// 1412//
f 1413// 1362// 1364//
f 1414// 1399// 1404//
f 1389// 1362// 1415//
f 1399// 1414// 1413//
f 1389// 1411// 1391//
f 1416// 1403// 1366//
f 1404// 1403// 1417//
f 1418// 1408// 1407//
f 1373// 1412// 1407//
f 1355// 1409// 1419//
f 1355// 1419// 1351//
f 1106// 1109// 1041//
f 1410// 1041// 1384//
f 1076// 1030// 1079//
f 1030// 1409// 1352//
f 1079// 1030// 1352//
f 1099// 1036// 1095//
f 1416// 1366// 1351//
f 1416// 1351// 1419//
f 1416// 1417// 1403//
f 1417// 1414// 1404//
f 1413// 1364// 1399//
f 1413// 1415// 1362//
f 1415// 1411// 1389//
f 1412// 1373// 1391//
f 1412// 1418// 1407//
f 1418// 1410// 1408//
f 1041// 1109// 1384//
f 1041// 1038// 1106//
f 1038// 1036// 1099//
f 1035// 1089// 1095//
f 1035// 1032// 1111//
f 1032// 1031// 1113//
f 1017// 1082// 1085//
f 1017// 1019// 1044//
f 1020// 1057// 1073//
f 1022// 1059// 1057//
f 1124// 1025// 1126//
f 1059// 1022// 1124//
f 1126// 1028// 1076//
f 1030// 1076// 1028//
f 1420// 1030// 1027//
f 1421// 1416// 1422//
f 1423// 1419// 1409//
f 1413// 1424// 1425//
f 1417// 1426// 1414//
f 1427// 1428// 1412//
f 1429// 1411// 1415//
f 1418// 1428// 1430//
f 1428// 1418// 1412//
f 1042// 1410// 1430//
f 1418// 1430// 1410//
f 1041// 1410// 1042//
f 1429// 1427// 1411//
f 1427// 1412// 1411//
f 1413// 1425// 1415//
f 1425// 1429// 1415//
f 1414// 1426// 1424//
f 1414// 1424// 1413//
f 1417// 1416// 1421//
f 1417// 1421// 1426//
f 1422// 1419// 1423//
f 1416// 1419// 1422//
f 1420// 1409// 1030//
f 1423// 1409// 1420//
f 1240// 1167// 1186//
f 1167// 1240// 1241//
f 1189// 1188// 1216//
f 1186// 1167// 1180//
f 1218// 1348// 1189//
f 1345// 1348// 1218//
f 1218// 1189// 1216//
f 1188// 1186// 1252//
f 1188// 1252// 1216//
f 1254// 1252// 1180//
f 1186// 1180// 1252//
f 1180// 1255// 1254//
f 1262// 1291// 1290//
f 1262// 1269// 1294//
f 1294// 1291// 1262//
f 1147// 1146// 1133//
f 1313// 1146// 1270//
f 1134// 1147// 1133//
f 1146// 1313// 1133//
f 1270// 1294// 1326//
f 1270// 1326// 1313//
f 1328// 1326// 1269//
f 1294// 1269// 1326//
f 1269// 1329// 1328//
f 1347// 1330// 1348//
f 1135// 1147// 1134//
f 1149// 1137// 1150//
f 1148// 1135// 1136//
f 1135// 1148// 1147//
f 1149// 1148// 1136//
f 1149// 1136// 1137//
f 1330// 1150// 1137//
f 1348// 1345// 1347//
f 1150// 1330// 1347//
f 1431// 1432// 1433//
f 1434// 1435// 1433//
f 1431// 1433// 1435//
f 1436// 1435// 1434//
f 1437// 1432// 1431//
f 1438// 1437// 1166//
f 1437// 1438// 1432//
f 1438// 1166// 1164//
f 1042// 1439// 1436//
f 1026// 1434// 1018//
f 1434// 1440// 1027//
f 1439// 1430// 1428//
f 1024// 1434// 1029//
f 1434// 1027// 1029//
f 1021// 1434// 1023//
f 1434// 1024// 1023//
f 1434// 1021// 1018//
f 1033// 1436// 1026//
f 1434// 1026// 1436//
f 1037// 1436// 1034//
f 1436// 1033// 1034//
f 1040// 1436// 1039//
f 1436// 1037// 1039//
f 1436// 1040// 1042//
f 1425// 1424// 1439//
f 1439// 1042// 1430//
f 1429// 1439// 1427//
f 1439// 1428// 1427//
f 1439// 1429// 1425//
f 1426// 1440// 1424//
f 1439// 1424// 1440//
f 1422// 1440// 1421//
f 1440// 1426// 1421//
f 1420// 1440// 1423//
f 1440// 1422// 1423//
f 1027// 1440// 1420//
f 1441// 1442// 1443//
f 1155// 1444// 1443//
f 1441// 1443// 1444//
f 1158// 1444// 1155//
f 1445// 1442// 1441//
f 1446// 1445// 1439//
f 1445// 1446// 1442//
f 1446// 1439// 1440//
f 1447// 1448// 1449//
f 1450// 1451// 1449//
f 1447// 1449// 1451//
f 1452// 1451// 1450//
f 1453// 1448// 1447//
f 1454// 1453// 1151//
f 1453// 1454// 1448//
f 1454// 1151// 1156//
f 1455// 1456// 1452//
f 1452// 1450// 1455//
f 1457// 1458// 1459//
f 1163// 1460// 1459//
f 1457// 1459// 1460//
f 1159// 1460// 1163//
f 1461// 1458// 1457//
f 1462// 1461// 1456//
f 1461// 1462// 1458//
f 1462// 1456// 1455//
f 1159// 1457// 1460//
f 1441// 1158// 1445//
f 1159// 1461// 1457//
f 1456// 1461// 1159//
f 1436// 1456// 1159//
f 1158// 1452// 1439//
f 1451// 1151// 1447//
f 1453// 1447// 1151//
f 1452// 1151// 1451//
f 1151// 1452// 1158//
f 1441// 1444// 1158//
f 1456// 1439// 1452//
f 1439// 1445// 1158//
f 1456// 1436// 1439//
f 1166// 1436// 1159//
f 1431// 1435// 1166//
f 1166// 1435// 1436//
f 1166// 1437// 1431//
f 1163// 1459// 1458//
f 1164// 1433// 1432//
f 1432// 1438// 1164//
f 1164// 1434// 1433//
f 1164// 1163// 1434//
f 1458// 1462// 1163//
f 1455// 1163// 1462//
f 1455// 1434// 1163//
f 1155// 1440// 1450//
f 1449// 1448// 1156//
f 1454// 1156// 1448//
f 1450// 1449// 1156//
f 1156// 1155// 1450//
f 1442// 1155// 1443//
f 1455// 1450// 1440//
f 1155// 1446// 1440//
f 1442// 1446// 1155//
f 1440// 1434// 1455//
f 1161// 1154// 1165//
f 1154// 1161// 1152//
f 1160// 1162// 1157//
f 1157// 1153// 1160//
f 1165// 1157// 1162//
f 1157// 1165// 1154//
f 1153// 1161// 1160//
f 1153// 1152// 1161//
f 1463// 1464// 1465//
f 1466// 1465// 1467//
f 1464// 1467// 1465//
f 1468// 1466// 1469//
f 1466// 1467// 1469//
f 1468// 1470// 1471//
f 1469// 1470// 1468//
f 1464// 1463// 1472//
f 1473// 1474// 1475//
f 1474// 1471// 1475//
f 1471// 1470// 1475//
f 1473// 1476// 1474//
f 1477// 1472// 1463//
f 1477// 1478// 1479//
f 1479// 1472// 1477//
f 1480// 1478// 1481//
f 1478// 1480// 1479//
f 1482// 1483// 1481//
f 1480// 1481// 1483//
f 1482// 1484// 1485//
f 1485// 1483// 1482//
f 1486// 1484// 1487//
f 1484// 1486// 1485//
f 1486// 1487// 1488//
f 1489// 1490// 1491//
f 1492// 1493// 1494//
f 1495// 1490// 1496//
f 1497// 1498// 1499//
f 1499// 1500// 1501//
f 1502// 1503// 1504//
f 1505// 1495// 1506//
f 1504// 1498// 1507//
f 1508// 1509// 1510//
f 1511// 1512// 1513//
f 1514// 1515// 1516//
f 1503// 1511// 1517//
f 1518// 1516// 1510//
f 1514// 1505// 1519//
f 1520// 1512// 1521//
f 1522// 1521// 1512//
f 1491// 1523// 1524//
f 1522// 1525// 1521//
f 1516// 1517// 1508//
f 1501// 1497// 1499//
f 1526// 1523// 1527//
f 1500// 1528// 1501//
f 1529// 1530// 1527//
f 1531// 1528// 1532//
f 1529// 1533// 1534//
f 1535// 1536// 1537//
f 1538// 1533// 1539//
f 1540// 1541// 1537//
f 1542// 1539// 1543//
f 1544// 1545// 1540//
f 1493// 1546// 1543//
f 1547// 1548// 1492//
f 1537// 1541// 1535//
f 1549// 1547// 1492//
f 1550// 1551// 1549//
f 1552// 1548// 1553//
f 1554// 1552// 1555//
f 1554// 1545// 1544//
f 1552// 1553// 1555//
f 1540// 1545// 1541//
f 1492// 1550// 1549//
f 1553// 1548// 1547//
f 1548// 1546// 1493//
f 1494// 1550// 1492//
f 1552// 1544// 1546//
f 1544// 1552// 1554//
f 1493// 1556// 1494//
f 1552// 1546// 1548//
f 1546// 1542// 1543//
f 1548// 1493// 1492//
f 1540// 1542// 1544//
f 1557// 1536// 1535//
f 1543// 1556// 1493//
f 1544// 1542// 1546//
f 1542// 1538// 1539//
f 1558// 1556// 1543//
f 1537// 1538// 1540//
f 1559// 1560// 1557//
f 1539// 1558// 1543//
f 1540// 1538// 1542//
f 1538// 1534// 1533//
f 1561// 1558// 1539//
f 1536// 1534// 1537//
f 1531// 1562// 1559//
f 1563// 1561// 1533//
f 1537// 1534// 1538//
f 1534// 1530// 1529//
f 1561// 1539// 1533//
f 1536// 1560// 1530//
f 1560// 1536// 1557//
f 1529// 1564// 1563//
f 1536// 1530// 1534//
f 1530// 1526// 1527//
f 1563// 1533// 1529//
f 1560// 1562// 1526//
f 1562// 1560// 1559//
f 1527// 1565// 1564//
f 1560// 1526// 1530//
f 1526// 1524// 1523//
f 1564// 1529// 1527//
f 1562// 1532// 1524//
f 1532// 1562// 1531//
f 1523// 1566// 1565//
f 1562// 1524// 1526//
f 1524// 1489// 1491//
f 1565// 1527// 1523//
f 1532// 1500// 1489//
f 1500// 1532// 1528//
f 1491// 1567// 1566//
f 1532// 1489// 1524//
f 1489// 1496// 1490//
f 1566// 1523// 1491//
f 1499// 1496// 1500//
f 1507// 1498// 1497//
f 1490// 1568// 1567//
f 1500// 1496// 1489//
f 1496// 1506// 1495//
f 1567// 1491// 1490//
f 1498// 1506// 1499//
f 1502// 1504// 1507//
f 1495// 1569// 1568//
f 1499// 1506// 1496//
f 1506// 1519// 1505//
f 1568// 1490// 1495//
f 1504// 1519// 1498//
f 1570// 1503// 1502//
f 1505// 1571// 1569//
f 1498// 1519// 1506//
f 1519// 1515// 1514//
f 1569// 1495// 1505//
f 1503// 1515// 1504//
f 1572// 1511// 1570//
f 1514// 1518// 1571//
f 1504// 1515// 1519//
f 1515// 1517// 1516//
f 1571// 1505// 1514//
f 1570// 1511// 1503//
f 1572// 1522// 1512//
f 1516// 1508// 1510//
f 1503// 1517// 1515//
f 1513// 1508// 1517//
f 1518// 1514// 1516//
f 1572// 1512// 1511//
f 1511// 1513// 1517//
f 1520// 1573// 1513//
f 1512// 1520// 1513//
f 1509// 1508// 1573//
f 1513// 1573// 1508//
f 1574// 1566// 1567//
f 1568// 1575// 1567//
f 1574// 1567// 1575//
f 1568// 1569// 1576//
f 1576// 1575// 1568//
f 1577// 1569// 1571//
f 1569// 1577// 1576//
f 1518// 1578// 1571//
f 1577// 1571// 1578//
f 1579// 1518// 1580//
f 1579// 1578// 1518//
f 1581// 1580// 1510//
f 1518// 1510// 1580//
f 1510// 1509// 1582//
f 1582// 1581// 1510//
f 1509// 1583// 1582//
f 1566// 1574// 1584//
f 1565// 1566// 1584//
f 1585// 1565// 1586//
f 1586// 1565// 1584//
f 1585// 1564// 1565//
f 1563// 1564// 1587//
f 1585// 1587// 1564//
f 1588// 1561// 1563//
f 1563// 1587// 1588//
f 1561// 1589// 1558//
f 1589// 1561// 1588//
f 1556// 1558// 1590//
f 1589// 1590// 1558//
f 1591// 1494// 1556//
f 1556// 1590// 1591//
f 1494// 1592// 1593//
f 1592// 1494// 1591//
f 1550// 1594// 1595//
f 1594// 1550// 1593//
f 1550// 1494// 1593//
f 1550// 1595// 1551//
f 1551// 1595// 1596//
f 1597// 1598// 1599//
f 1600// 1601// 1602//
f 1602// 1603// 1600//
f 1602// 1597// 1603//
f 1601// 1598// 1604//
f 1597// 1604// 1598//
f 1601// 1600// 1598//
f 1597// 1599// 1603//
f 1605// 1606// 1607//
f 1608// 1605// 1609//
f 1609// 1610// 1611//
f 1607// 1610// 1612//
f 1609// 1611// 1608//
f 1606// 1605// 1608//
f 1605// 1607// 1612//
f 1610// 1607// 1611//
f 1613// 1614// 1615//
f 1616// 1617// 1618//
f 1619// 1620// 1621//
f 1622// 1623// 1624//
f 1625// 1619// 1621//
f 1620// 1622// 1624//
f 1621// 1620// 1624//
f 1623// 1616// 1618//
f 1623// 1622// 1616//
f 1614// 1617// 1615//
f 1614// 1618// 1617//
f 1615// 1626// 1613//
f 1627// 1628// 1629//
f 1629// 1628// 1630//
f 1631// 1632// 1633//
f 1634// 1635// 1636//
f 1636// 1633// 1634//
f 1637// 1638// 1639//
f 1640// 1641// 1642//
f 1643// 1644// 1645//
f 1644// 1646// 1641//
f 1647// 1648// 1649//
f 1650// 1651// 1652//
f 1615// 1653// 1626//
f 1654// 1655// 1656//
f 1637// 1657// 1658//
f 1659// 1660// 1639//
f 1638// 1656// 1661//
f 1662// 1663// 1661//
f 1662// 1661// 1664//
f 1617// 1660// 1659//
f 1665// 1666// 1667//
f 1656// 1665// 1654//
f 1668// 1669// 1658//
f 1670// 1671// 1672//
f 1669// 1673// 1648//
f 1674// 1647// 1675//
f 1667// 1666// 1676//
f 1650// 1652// 1677//
f 1645// 1674// 1678//
f 1679// 1627// 1680//
f 1652// 1651// 1681//
f 1682// 1681// 1683//
f 1684// 1685// 1640//
f 1631// 1685// 1686//
f 1686// 1685// 1687//
f 1687// 1684// 1613//
f 1634// 1633// 1632//
f 1636// 1630// 1633//
f 1684// 1640// 1642//
f 1632// 1631// 1686//
f 1688// 1631// 1628//
f 1688// 1640// 1685//
f 1613// 1684// 1614//
f 1687// 1685// 1684//
f 1631// 1633// 1628//
f 1630// 1628// 1633//
f 1642// 1641// 1646//
f 1631// 1688// 1685//
f 1689// 1688// 1627//
f 1684// 1642// 1614//
f 1640// 1689// 1641//
f 1618// 1614// 1642//
f 1628// 1627// 1688//
f 1629// 1680// 1627//
f 1646// 1644// 1643//
f 1688// 1689// 1640//
f 1689// 1679// 1690//
f 1642// 1646// 1618//
f 1641// 1690// 1644//
f 1623// 1618// 1646//
f 1627// 1679// 1689//
f 1680// 1682// 1679//
f 1643// 1645// 1678//
f 1689// 1690// 1641//
f 1690// 1683// 1691//
f 1646// 1643// 1623//
f 1644// 1691// 1645//
f 1624// 1623// 1643//
f 1690// 1679// 1683//
f 1682// 1683// 1679//
f 1678// 1674// 1675//
f 1690// 1691// 1644//
f 1691// 1651// 1692//
f 1643// 1678// 1624//
f 1645// 1692// 1674//
f 1621// 1624// 1678//
f 1691// 1683// 1651//
f 1681// 1651// 1683//
f 1675// 1647// 1649//
f 1691// 1692// 1645//
f 1670// 1677// 1671//
f 1678// 1675// 1621//
f 1674// 1693// 1647//
f 1625// 1621// 1675//
f 1692// 1650// 1693//
f 1650// 1692// 1651//
f 1649// 1648// 1673//
f 1692// 1693// 1674//
f 1693// 1670// 1694//
f 1675// 1649// 1625//
f 1647// 1694// 1648//
f 1619// 1625// 1649//
f 1693// 1650// 1670//
f 1677// 1670// 1650//
f 1673// 1669// 1668//
f 1693// 1694// 1647//
f 1694// 1672// 1695//
f 1649// 1673// 1619//
f 1648// 1695// 1669//
f 1620// 1619// 1673//
f 1670// 1672// 1694//
f 1671// 1676// 1672//
f 1622// 1668// 1657//
f 1694// 1695// 1648//
f 1666// 1696// 1695//
f 1673// 1668// 1620//
f 1669// 1696// 1658//
f 1622// 1620// 1668//
f 1695// 1672// 1666//
f 1676// 1666// 1672//
f 1616// 1657// 1660//
f 1695// 1696// 1669//
f 1697// 1696// 1665//
f 1697// 1637// 1658//
f 1622// 1657// 1616//
f 1668// 1658// 1657//
f 1666// 1665// 1696//
f 1667// 1654// 1665//
f 1659// 1653// 1615//
f 1696// 1697// 1658//
f 1656// 1638// 1697//
f 1660// 1637// 1639//
f 1616// 1660// 1617//
f 1657// 1637// 1660//
f 1656// 1697// 1665//
f 1663// 1662// 1698//
f 1663// 1699// 1639//
f 1697// 1638// 1637//
f 1639// 1638// 1663//
f 1653// 1659// 1699//
f 1639// 1699// 1659//
f 1617// 1659// 1615//
f 1656// 1655// 1661//
f 1664// 1661// 1655//
f 1698// 1700// 1699//
f 1638// 1661// 1663//
f 1698// 1699// 1663//
f 1700// 1701// 1653//
f 1700// 1653// 1699//
f 1653// 1701// 1626//
f 1702// 1703// 1704//
f 1705// 1706// 1707//
f 1708// 1709// 1710//
f 1711// 1702// 1704//
f 1712// 1713// 1714//
f 1713// 1712// 1703//
f 1703// 1712// 1704//
f 1713// 1707// 1714//
f 1705// 1709// 1706//
f 1707// 1706// 1714//
f 1708// 1710// 1715//
f 1705// 1710// 1709//
f 1592// 1591// 1716//
f 1717// 1718// 1719//
f 1715// 1710// 1720//
f 1717// 1705// 1718//
f 1721// 1577// 1722//
f 1574// 1723// 1724//
f 1578// 1722// 1577//
f 1725// 1726// 1727//
f 1575// 1576// 1728//
f 1585// 1586// 1729//
f 1730// 1731// 1726//
f 1716// 1591// 1732//
f 1733// 1734// 1735//
f 1736// 1737// 1738//
f 1732// 1739// 1740//
f 1736// 1741// 1708//
f 1738// 1737// 1739//
f 1590// 1732// 1591//
f 1737// 1740// 1739//
f 1742// 1719// 1743//
f 1589// 1744// 1745//
f 1741// 1738// 1733//
f 1588// 1746// 1744//
f 1729// 1586// 1747//
f 1748// 1734// 1749//
f 1584// 1747// 1586//
f 1750// 1749// 1731//
f 1751// 1727// 1752//
f 1753// 1754// 1755//
f 1752// 1753// 1756//
f 1757// 1754// 1743//
f 1728// 1576// 1721//
f 1758// 1759// 1760//
f 1760// 1759// 1579//
f 1759// 1742// 1722//
f 1590// 1589// 1745//
f 1716// 1732// 1740//
f 1761// 1587// 1585//
f 1741// 1733// 1735//
f 1762// 1739// 1745//
f 1762// 1733// 1738//
f 1708// 1741// 1709//
f 1736// 1738// 1741//
f 1739// 1732// 1745//
f 1590// 1745// 1732//
f 1735// 1734// 1748//
f 1739// 1762// 1738//
f 1763// 1762// 1744//
f 1741// 1735// 1709//
f 1733// 1763// 1734//
f 1706// 1709// 1735//
f 1745// 1744// 1762//
f 1589// 1588// 1744//
f 1748// 1749// 1750//
f 1762// 1763// 1733//
f 1763// 1746// 1764//
f 1735// 1748// 1706//
f 1734// 1764// 1749//
f 1714// 1706// 1748//
f 1744// 1746// 1763//
f 1588// 1587// 1746//
f 1750// 1731// 1730//
f 1763// 1764// 1734//
f 1764// 1761// 1765//
f 1748// 1750// 1714//
f 1749// 1765// 1731//
f 1712// 1714// 1750//
f 1764// 1746// 1761//
f 1587// 1761// 1746//
f 1730// 1726// 1725//
f 1764// 1765// 1749//
f 1765// 1729// 1766//
f 1750// 1730// 1712//
f 1731// 1766// 1726//
f 1704// 1712// 1730//
f 1765// 1761// 1729//
f 1585// 1729// 1761//
f 1725// 1727// 1751//
f 1765// 1766// 1731//
f 1724// 1584// 1574//
f 1730// 1725// 1704//
f 1726// 1767// 1727//
f 1711// 1704// 1725//
f 1766// 1747// 1767//
f 1747// 1766// 1729//
f 1751// 1752// 1756//
f 1766// 1767// 1726//
f 1767// 1724// 1768//
f 1725// 1751// 1711//
f 1727// 1768// 1752//
f 1702// 1711// 1751//
f 1767// 1747// 1724//
f 1584// 1724// 1747//
f 1756// 1753// 1755//
f 1767// 1768// 1727//
f 1768// 1723// 1769//
f 1751// 1756// 1702//
f 1752// 1769// 1753//
f 1703// 1702// 1756//
f 1724// 1723// 1768//
f 1574// 1575// 1723//
f 1713// 1755// 1757//
f 1768// 1769// 1752//
f 1728// 1770// 1769//
f 1756// 1755// 1703//
f 1753// 1770// 1754//
f 1713// 1703// 1755//
f 1769// 1723// 1728//
f 1575// 1728// 1723//
f 1707// 1757// 1718//
f 1769// 1770// 1753//
f 1771// 1770// 1721//
f 1771// 1743// 1754//
f 1713// 1757// 1707//
f 1755// 1754// 1757//
f 1728// 1721// 1770//
f 1576// 1577// 1721//
f 1717// 1720// 1710//
f 1770// 1771// 1754//
f 1722// 1742// 1771//
f 1718// 1743// 1719//
f 1707// 1718// 1705//
f 1757// 1743// 1718//
f 1722// 1771// 1721//
f 1758// 1760// 1772//
f 1758// 1773// 1719//
f 1771// 1742// 1743//
f 1719// 1742// 1758//
f 1720// 1717// 1773//
f 1719// 1773// 1717//
f 1705// 1717// 1710//
f 1722// 1578// 1759//
f 1579// 1759// 1578//
f 1772// 1774// 1773//
f 1742// 1759// 1758//
f 1772// 1773// 1758//
f 1774// 1775// 1720//
f 1774// 1720// 1773//
f 1720// 1775// 1715//
f 1776// 1509// 1777//
f 1629// 1630// 1778//
f 1779// 1636// 1780//
f 1781// 1782// 1681//
f 1783// 1784// 1680//
f 1785// 1676// 1671//
f 1786// 1677// 1782//
f 1655// 1654// 1787//
f 1667// 1788// 1789//
f 1790// 1664// 1655//
f 1655// 1787// 1790//
f 1791// 1790// 1792//
f 1790// 1791// 1664//
f 1551// 1793// 1792//
f 1791// 1792// 1793//
f 1596// 1793// 1551//
f 1789// 1654// 1667//
f 1654// 1789// 1787//
f 1676// 1788// 1667//
f 1676// 1785// 1788//
f 1786// 1785// 1671//
f 1677// 1652// 1782//
f 1671// 1677// 1786//
f 1681// 1682// 1781//
f 1652// 1681// 1782//
f 1680// 1784// 1682//
f 1781// 1682// 1784//
f 1629// 1778// 1783//
f 1680// 1629// 1783//
f 1630// 1636// 1779//
f 1778// 1630// 1779//
f 1780// 1635// 1794//
f 1780// 1636// 1635//
f 1794// 1776// 1777//
f 1777// 1780// 1794//
f 1509// 1776// 1583//
f 1795// 1796// 1797//
f 1798// 1799// 1525//
f 1800// 1798// 1801//
f 1796// 1801// 1797//
f 1802// 1803// 1804//
f 1805// 1806// 1807//
f 1808// 1809// 1810//
f 1811// 1795// 1812//
f 1813// 1814// 1815//
f 1816// 1817// 1818//
f 1819// 1820// 1821//
f 1822// 1823// 1824//
f 1825// 1819// 1826//
f 1826// 1827// 1828//
f 1829// 1830// 1831//
f 1829// 1792// 1790//
f 1832// 1553// 1827//
f 1547// 1827// 1553//
f 1555// 1553// 1832//
f 1833// 1551// 1792//
f 1834// 1835// 1824//
f 1830// 1835// 1836//
f 1814// 1837// 1838//
f 1820// 1838// 1839//
f 1840// 1816// 1841//
f 1822// 1840// 1842//
f 1815// 1808// 1813//
f 1814// 1813// 1837//
f 1843// 1844// 1803//
f 1845// 1817// 1844//
f 1804// 1807// 1846//
f 1847// 1848// 1811//
f 1780// 1849// 1805//
f 1797// 1812// 1795//
f 1850// 1849// 1520//
f 1799// 1798// 1800//
f 1509// 1573// 1777//
f 1573// 1520// 1849//
f 1521// 1799// 1850//
f 1799// 1521// 1525//
f 1849// 1777// 1573//
f 1521// 1850// 1520//
f 1850// 1806// 1805//
f 1780// 1777// 1849//
f 1799// 1800// 1806//
f 1800// 1801// 1796//
f 1805// 1779// 1780//
f 1799// 1806// 1850//
f 1806// 1846// 1807//
f 1850// 1805// 1849//
f 1796// 1846// 1800//
f 1847// 1811// 1812//
f 1807// 1779// 1805//
f 1800// 1846// 1806//
f 1846// 1802// 1804//
f 1778// 1779// 1807//
f 1795// 1802// 1796//
f 1851// 1848// 1847//
f 1804// 1778// 1807//
f 1796// 1802// 1846//
f 1802// 1843// 1803//
f 1783// 1778// 1804//
f 1811// 1843// 1795//
f 1810// 1852// 1851//
f 1784// 1783// 1803//
f 1795// 1843// 1802//
f 1843// 1845// 1844//
f 1783// 1804// 1803//
f 1811// 1848// 1845//
f 1852// 1848// 1851//
f 1844// 1781// 1784//
f 1811// 1845// 1843//
f 1845// 1818// 1817//
f 1784// 1803// 1844//
f 1848// 1852// 1818//
f 1809// 1852// 1810//
f 1817// 1782// 1781//
f 1848// 1818// 1845//
f 1818// 1841// 1816//
f 1781// 1844// 1817//
f 1852// 1809// 1841//
f 1833// 1829// 1825//
f 1816// 1786// 1782//
f 1852// 1841// 1818//
f 1841// 1842// 1840//
f 1782// 1817// 1816//
f 1809// 1815// 1842//
f 1815// 1809// 1808//
f 1840// 1785// 1786//
f 1809// 1842// 1841//
f 1842// 1823// 1822//
f 1786// 1816// 1840//
f 1814// 1823// 1815//
f 1839// 1838// 1837//
f 1822// 1788// 1785//
f 1815// 1823// 1842//
f 1823// 1834// 1824//
f 1785// 1840// 1822//
f 1838// 1834// 1814//
f 1821// 1820// 1839//
f 1824// 1789// 1788//
f 1814// 1834// 1823//
f 1834// 1836// 1835//
f 1788// 1822// 1824//
f 1820// 1836// 1838//
f 1853// 1819// 1821//
f 1835// 1787// 1789//
f 1838// 1836// 1834//
f 1836// 1831// 1830//
f 1789// 1824// 1835//
f 1819// 1831// 1820//
f 1854// 1826// 1853//
f 1830// 1790// 1787//
f 1820// 1831// 1836//
f 1831// 1825// 1829//
f 1787// 1835// 1830//
f 1853// 1826// 1819//
f 1854// 1832// 1827//
f 1829// 1833// 1792//
f 1819// 1825// 1831//
f 1828// 1833// 1825//
f 1790// 1830// 1829//
f 1854// 1827// 1826//
f 1826// 1828// 1825//
f 1547// 1549// 1828//
f 1827// 1547// 1828//
f 1551// 1833// 1549//
f 1828// 1549// 1833//
f 1481// 1541// 1482//
f 1531// 1477// 1463//
f 1463// 1501// 1528//
f 1477// 1531// 1559//
f 1497// 1465// 1466//
f 1559// 1557// 1478//
f 1468// 1507// 1466//
f 1481// 1557// 1535//
f 1570// 1468// 1471//
f 1554// 1484// 1545//
f 1474// 1572// 1471//
f 1855// 1801// 1798//
f 1501// 1465// 1497//
f 1832// 1854// 1856//
f 1839// 1857// 1858//
f 1859// 1813// 1808//
f 1860// 1810// 1851//
f 1837// 1813// 1861//
f 1810// 1860// 1859//
f 1837// 1857// 1839//
f 1862// 1847// 1812//
f 1851// 1847// 1863//
f 1864// 1854// 1853//
f 1821// 1858// 1853//
f 1801// 1855// 1865//
f 1801// 1865// 1797//
f 1554// 1555// 1487//
f 1856// 1487// 1832//
f 1522// 1476// 1525//
f 1476// 1855// 1798//
f 1525// 1476// 1798//
f 1545// 1482// 1541//
f 1862// 1812// 1797//
f 1862// 1797// 1865//
f 1862// 1863// 1847//
f 1863// 1860// 1851//
f 1859// 1808// 1810//
f 1859// 1861// 1813//
f 1861// 1857// 1837//
f 1858// 1821// 1839//
f 1858// 1864// 1853//
f 1864// 1856// 1854//
f 1487// 1555// 1832//
f 1487// 1484// 1554//
f 1484// 1482// 1545//
f 1481// 1535// 1541//
f 1481// 1478// 1557//
f 1478// 1477// 1559//
f 1463// 1528// 1531//
f 1463// 1465// 1501//
f 1466// 1507// 1497//
f 1468// 1502// 1507//
f 1570// 1471// 1572//
f 1502// 1468// 1570//
f 1572// 1474// 1522//
f 1476// 1522// 1474//
f 1866// 1476// 1473//
f 1867// 1862// 1868//
f 1869// 1865// 1855//
f 1859// 1870// 1871//
f 1863// 1872// 1860//
f 1873// 1874// 1858//
f 1875// 1857// 1861//
f 1864// 1874// 1876//
f 1874// 1864// 1858//
f 1488// 1856// 1876//
f 1864// 1876// 1856//
f 1487// 1856// 1488//
f 1875// 1873// 1857//
f 1873// 1858// 1857//
f 1859// 1871// 1861//
f 1871// 1875// 1861//
f 1860// 1872// 1870//
f 1860// 1870// 1859//
f 1863// 1862// 1867//
f 1863// 1867// 1872//
f 1868// 1865// 1869//
f 1862// 1865// 1868//
f 1866// 1855// 1476//
f 1869// 1855// 1866//
f 1686// 1613// 1632//
f 1613// 1686// 1687//
f 1635// 1634// 1662//
f 1632// 1613// 1626//
f 1664// 1794// 1635//
f 1791// 1794// 1664//
f 1664// 1635// 1662//
f 1634// 1632// 1698//
f 1634// 1698// 1662//
f 1700// 1698// 1626//
f 1632// 1626// 1698//
f 1626// 1701// 1700//
f 1708// 1737// 1736//
f 1708// 1715// 1740//
f 1740// 1737// 1708//
f 1593// 1592// 1579//
f 1760// 1592// 1716//
f 1580// 1593// 1579//
f 1592// 1760// 1579//
f 1716// 1740// 1772//
f 1716// 1772// 1760//
f 1774// 1772// 1715//
f 1740// 1715// 1772//
f 1715// 1775// 1774//
f 1793// 1776// 1794//
f 1581// 1593// 1580//
f 1595// 1583// 1596//
f 1594// 1581// 1582//
f 1581// 1594// 1593//
f 1595// 1594// 1582//
f 1595// 1582// 1583//
f 1776// 1596// 1583//
f 1794// 1791// 1793//
f 1596// 1776// 1793//
f 1877// 1878// 1879//
f 1880// 1881// 1879//
f 1877// 1879// 1881//
f 1882// 1881// 1880//
f 1883// 1878// 1877//
f 1884// 1883// 1612//
f 1883// 1884// 1878//
f 1884// 1612// 1610//
f 1488// 1885// 1882//
f 1472// 1880// 1464//
f 1880// 1886// 1473//
f 1885// 1876// 1874//
f 1470// 1880// 1475//
f 1880// 1473// 1475//
f 1467// 1880// 1469//
f 1880// 1470// 1469//
f 1880// 1467// 1464//
f 1479// 1882// 1472//
f 1880// 1472// 1882//
f 1483// 1882// 1480//
f 1882// 1479// 1480//
f 1486// 1882// 1485//
f 1882// 1483// 1485//
f 1882// 1486// 1488//
f 1871// 1870// 1885//
f 1885// 1488// 1876//
f 1875// 1885// 1873//
f 1885// 1874// 1873//
f 1885// 1875// 1871//
f 1872// 1886// 1870//
f 1885// 1870// 1886//
f 1868// 1886// 1867//
f 1886// 1872// 1867//
f 1866// 1886// 1869//
f 1886// 1868// 1869//
f 1473// 1886// 1866//
f 1887// 1888// 1889//
f 1601// 1890// 1889//
f 1887// 1889// 1890//
f 1604// 1890// 1601//
f 1891// 1888// 1887//
f 1892// 1891// 1885//
f 1891// 1892// 1888//
f 1892// 1885// 1886//
f 1893// 1894// 1895//
f 1896// 1897// 1895//
f 1893// 1895// 1897//
f 1898// 1897// 1896//
f 1899// 1894// 1893//
f 1900// 1899// 1597//
f 1899// 1900// 1894//
f 1900// 1597// 1602//
f 1901// 1902// 1898//
f 1898// 1896// 1901//
f 1903// 1904// 1905//
f 1609// 1906// 1905//
f 1903// 1905// 1906//
f 1605// 1906// 1609//
f 1907// 1904// 1903//
f 1908// 1907// 1902//
f 1907// 1908// 1904//
f 1908// 1902// 1901//
f 1605// 1903// 1906//
f 1887// 1604// 1891//
f 1605// 1907// 1903//
f 1902// 1907// 1605//
f 1882// 1902// 1605//
f 1604// 1898// 1885//
f 1897// 1597// 1893//
f 1899// 1893// 1597//
f 1898// 1597// 1897//
f 1597// 1898// 1604//
f 1887// 1890// 1604//
f 1902// 1885// 1898//
f 1885// 1891// 1604//
f 1902// 1882// 1885//
f 1612// 1882// 1605//
f 1877// 1881// 1612//
f 1612// 1881// 1882//
f 1612// 1883// 1877//
f 1609// 1905// 1904//
f 1610// 1879// 1878//
f 1878// 1884// 1610//
f 1610// 1880// 1879//
f 1610// 1609// 1880//
f 1904// 1908// 1609//
f 1901// 1609// 1908//
f 1901// 1880// 1609//
f 1601// 1886// 1896//
f 1895// 1894// 1602//
f 1900// 1602// 1894//
f 1896// 1895// 1602//
f 1602// 1601// 1896//
f 1888// 1601// 1889//
f 1901// 1896// 1886//
f 1601// 1892// 1886//
f 1888// 1892// 1601//
f 1886// 1880// 1901//
f 1607// 1600// 1611//
f 1600// 1607// 1598//
f 1606// 1608// 1603//
f 1603// 1599// 1606//
f 1611// 1603// 1608//
f 1603// 1611// 1600//
f 1599// 1607// 1606//
f 1599// 1598// 1607//
f 1909// 1910// 1911//
f 1909// 1911// 1912//
f 1913// 1914// 1915//
f 1913// 1915// 1916//
f 1917// 1918// 1919//
f 1917// 1919// 1920//
f 1921// 1922// 1923//
f 1921// 1923// 1924//
f 1925// 1926// 1927//
f 1925// 1927// 1928//
f 1929// 1930// 1931//
f 1929// 1931// 1932//
f 1933// 1934// 1935//
f 1933// 1935// 1936//
f 1937// 1938// 1939//
f 1937// 1939// 1940//
f 1941// 1942// 1943//
f 1941// 1943// 1944//
f 1945// 1946// 1947//
f 1945// 1947// 1948//
f 1949// 1950// 1951//
f 1949// 1951// 1952//
f 1953// 1954// 1955//
f 1953// 1955// 1956//
f 1957// 1958// 1959//
f 1957// 1959// 1960//
f 1961// 1962// 1963//
f 1961// 1963// 1964//
f 1965// 1966// 1967//
f 1965// 1967// 1968//
f 1969// 1970// 1971//
f 1969// 1971// 1972//
f 1973// 1974// 1975//
f 1973// 1975// 1976//
f 1977// 1978// 1979//
f 1980// 1978// 1977//
f 1978// 1980// 1981//
f 1980// 1982// 1981//
f 1983// 1981// 1982//
f 1983// 1982// 1984//
f 1983// 1984// 1985//
f 1986// 1983// 1985//
f 1987// 1986// 1985//
f 1986// 1987// 1988//
f 1989// 1990// 1991//
f 1992// 1990// 1993//
f 1990// 1992// 1991//
f 1994// 1995// 1993//
f 1992// 1993// 1995//
f 1996// 1995// 1994//
f 1997// 1989// 1991//
f 1997// 1998// 1999//
f 1999// 1989// 1997//
f 2000// 1998// 1988//
f 1998// 2000// 1999//
f 2000// 1988// 1987//
f 2001// 2002// 2003//
f 2004// 2005// 2001//
f 2006// 2002// 2001//
f 2003// 2004// 2001//
f 2004// 1996// 1994//
f 2003// 1996// 2004//
f 2007// 2006// 2001//
f 2008// 2009// 2010//
f 2011// 2012// 2009//
f 2007// 2012// 2011//
f 2008// 2011// 2009//
f 2001// 2012// 2007//
f 2008// 2013// 2014//
f 2013// 2008// 2010//
f 2015// 2014// 2013//
f 1975// 2016// 1976//
f 2017// 2018// 2016//
f 2015// 2018// 2017//
f 1975// 2017// 2016//
f 2013// 2018// 2015//
f 2019// 2020// 2021//
f 2020// 2019// 2022//
f 2023// 2024// 2025//
f 2024// 2023// 2026//
f 2024// 2027// 2025//
f 2024// 2028// 2027//
f 2029// 2030// 2031//
f 2032// 2030// 2033//
f 2030// 2032// 2031//
f 2034// 2035// 2033//
f 2032// 2033// 2035//
f 2036// 2035// 2034//
f 2037// 2029// 2031//
f 2037// 2038// 2039//
f 2039// 2029// 2037//
f 2040// 2038// 2027//
f 2038// 2040// 2039//
f 2040// 2027// 2028//
f 2034// 2041// 2036//
f 2034// 2042// 2041//
f 2043// 2044// 2045//
f 2046// 2044// 2047//
f 2044// 2046// 2045//
f 2048// 2049// 2047//
f 2046// 2047// 2049//
f 2050// 2049// 2048//
f 2051// 2043// 2045//
f 2051// 2052// 2053//
f 2053// 2043// 2051//
f 2054// 2052// 2041//
f 2052// 2054// 2053//
f 2054// 2041// 2042//
f 2055// 2050// 2048//
f 2055// 2048// 2056//
f 2057// 2058// 2059//
f 2056// 2048// 2058//
f 2057// 2056// 2058//
f 2048// 2060// 2058//
f 2061// 2062// 2063//
f 1979// 2061// 2063//
f 1979// 2063// 1977//
f 2061// 2064// 2062//
f 2062// 2064// 2059//
f 2064// 2057// 2059//
f 2051// 2045// 2007//
f 2019// 2023// 2065//
f 2006// 2046// 2049//
f 2021// 2023// 2019//
f 2049// 2050// 2006//
f 2023// 2025// 2065//
f 2031// 2032// 2017//
f 2015// 2032// 2035//
f 2032// 2015// 2017//
f 2014// 2015// 2035//
f 2036// 2014// 2035//
f 2007// 2046// 2006//
f 2007// 2045// 2046//
f 2050// 2002// 2006//
f 2055// 2002// 2050//
f 2052// 2051// 2011//
f 2007// 2011// 2051//
f 2011// 2008// 2052//
f 2041// 2008// 2014//
f 2052// 2008// 2041//
f 2031// 2017// 2037//
f 2014// 2036// 2041//
f 2037// 1975// 2038//
f 1975// 2037// 2017//
f 1975// 1974// 2066//
f 2038// 1975// 2027//
f 1971// 1970// 2067//
f 2027// 2066// 2067//
f 1975// 2066// 2027//
f 2068// 1967// 1966//
f 2067// 2068// 2027//
f 1971// 2067// 2066//
f 1962// 2069// 1963//
f 2068// 2069// 2027//
f 1967// 2068// 2067//
f 1958// 2070// 1959//
f 2069// 2070// 2027//
f 1963// 2069// 2068//
f 1954// 2071// 1955//
f 2070// 2071// 2027//
f 1959// 2070// 2069//
f 2072// 1951// 1950//
f 2071// 2072// 2027//
f 1955// 2071// 2070//
f 2073// 1947// 1946//
f 2072// 2073// 2027//
f 1951// 2072// 2071//
f 2073// 2074// 2025//
f 2074// 1943// 1942//
f 2027// 2073// 2025//
f 1947// 2073// 2072//
f 2075// 1939// 1938//
f 1939// 2075// 2074//
f 1943// 2074// 2073//
f 1934// 2076// 1935//
f 2025// 2075// 2076//
f 2025// 2074// 2075//
f 1930// 2077// 1931//
f 2076// 2077// 2025//
f 1935// 2076// 2075//
f 1926// 2078// 1927//
f 2077// 2078// 2025//
f 1931// 2077// 2076//
f 2079// 1923// 1922//
f 2078// 2079// 2025//
f 1927// 2078// 2077//
f 2080// 1919// 1918//
f 2079// 2080// 2025//
f 1923// 2079// 2078//
f 2081// 1915// 1914//
f 2080// 2081// 2025//
f 1919// 2080// 2079//
f 1911// 2065// 2081//
f 2025// 2081// 2065//
f 1915// 2081// 2080//
f 2065// 1911// 1910//
f 2022// 2026// 2020//
f 2012// 2043// 2053//
f 2048// 2047// 2001//
f 2082// 2024// 2083//
f 2029// 2016// 2030//
f 2018// 2033// 2030//
f 2030// 2016// 2018//
f 2013// 2033// 2018//
f 2034// 2033// 2013//
f 2001// 2047// 2044//
f 2005// 2048// 2001//
f 2001// 2044// 2012//
f 2005// 2060// 2048//
f 2012// 2044// 2043//
f 2054// 2009// 2053//
f 2012// 2053// 2009//
f 2009// 2054// 2010//
f 2042// 2013// 2010//
f 2054// 2042// 2010//
f 2029// 2039// 2016//
f 2013// 2042// 2034//
f 2039// 2040// 1976//
f 1976// 2016// 2039//
f 1976// 2084// 1973//
f 2040// 2028// 1976//
f 1972// 2085// 1969//
f 2028// 2085// 2084//
f 1976// 2028// 2084//
f 2086// 1965// 1968//
f 2085// 2028// 2086//
f 1972// 2084// 2085//
f 1961// 1964// 2087//
f 2086// 2028// 2087//
f 1968// 2085// 2086//
f 1957// 1960// 2088//
f 2087// 2028// 2088//
f 1964// 2086// 2087//
f 1953// 1956// 2089//
f 2088// 2028// 2089//
f 1960// 2087// 2088//
f 2090// 1949// 1952//
f 2089// 2028// 2090//
f 1956// 2088// 2089//
f 2091// 1945// 1948//
f 2090// 2028// 2091//
f 1952// 2089// 2090//
f 2092// 1941// 1944//
f 2028// 2024// 2091//
f 1948// 2090// 2091//
f 2024// 2092// 2091//
f 1944// 2091// 2092//
f 1940// 2093// 1937//
f 2024// 2093// 2092//
f 1940// 2092// 2093//
f 1936// 2094// 1933//
f 2024// 2094// 2093//
f 1936// 2093// 2094//
f 1932// 2095// 1929//
f 2024// 2095// 2094//
f 1932// 2094// 2095//
f 1928// 2096// 1925//
f 2024// 2096// 2095//
f 1928// 2095// 2096//
f 1924// 2082// 1921//
f 2024// 2082// 2096//
f 1924// 2096// 2082//
f 1920// 2083// 1917//
f 2083// 2024// 2097//
f 1920// 2082// 2083//
f 1916// 2097// 1913//
f 1912// 2097// 2098//
f 1916// 2083// 2097//
f 1912// 2098// 1909//
f 2022// 2098// 2026//
f 2026// 2098// 2024//
f 2024// 2098// 2097//
f 2059// 1994// 2062//
f 1999// 1977// 1989//
f 1987// 1999// 2000//
f 1994// 2059// 2004//
f 2063// 2062// 1993//
f 2062// 1994// 1993//
f 2059// 2058// 2004//
f 1989// 1977// 1990//
f 2063// 1990// 1977//
f 1990// 2063// 1993//
f 1977// 1999// 1987//
f 1980// 1977// 1985//
f 1977// 1987// 1985//
f 2005// 2004// 2058//
f 2058// 2060// 2005//
f 1992// 1995// 2061//
f 2064// 2061// 1995//
f 1978// 1986// 1988//
f 2057// 2064// 1996//
f 2056// 2057// 1996//
f 2056// 1996// 2003//
f 1992// 2061// 1979//
f 1996// 2064// 1995//
f 1979// 1997// 1991//
f 1992// 1979// 1991//
f 1997// 1988// 1998//
f 1997// 1979// 1988//
f 1988// 1979// 1978//
f 2003// 2002// 2055//
f 2055// 2056// 2003//
f 1978// 1981// 1983//
f 1978// 1983// 1986//
f 1985// 1984// 1982//
f 1985// 1982// 1980//
f 2023// 2021// 2020//
f 2020// 2026// 2023//
f 1971// 2066// 2084//
f 2084// 1972// 1971//
f 2066// 1973// 2084//
f 2066// 1974// 1973//
f 1967// 2067// 2085//
f 2085// 1968// 1967//
f 2067// 1969// 2085//
f 2067// 1970// 1969//
f 1963// 2068// 2086//
f 2086// 1964// 1963//
f 2068// 1965// 2086//
f 2068// 1966// 1965//
f 1959// 2069// 2087//
f 2087// 1960// 1959//
f 2069// 1961// 2087//
f 2069// 1962// 1961//
f 1955// 2070// 2088//
f 2088// 1956// 1955//
f 2070// 1957// 2088//
f 2070// 1958// 1957//
f 1951// 2071// 2089//
f 2089// 1952// 1951//
f 2071// 1953// 2089//
f 2071// 1954// 1953//
f 1947// 2072// 2090//
f 2090// 1948// 1947//
f 2072// 1949// 2090//
f 2072// 1950// 1949//
f 1943// 2073// 2091//
f 2091// 1944// 1943//
f 2073// 1945// 2091//
f 2073// 1946// 1945//
f 1939// 2074// 2092//
f 2092// 1940// 1939//
f 2074// 1941// 2092//
f 2074// 1942// 1941//
f 1935// 2075// 2093//
f 2093// 1936// 1935//
f 2075// 1937// 2093//
f 2075// 1938// 1937//
f 1931// 2076// 2094//
f 2094// 1932// 1931//
f 2076// 1933// 2094//
f 2076// 1934// 1933//
f 1927// 2077// 2095//
f 2095// 1928// 1927//
f 2077// 1929// 2095//
f 2077// 1930// 1929//
f 1923// 2078// 2096//
f 2096// 1924// 1923//
f 2078// 1925// 2096//
f 2078// 1926// 1925//
f 1919// 2079// 2082//
f 2082// 1920// 1919//
f 2079// 1921// 2082//
f 2079// 1922// 1921//
f 1915// 2080// 2083//
f 2083// 1916// 1915//
f 2080// 1917// 2083//
f 2080// 1918// 1917//
f 1911// 2081// 2097//
f 2097// 1912// 1911//
f 2081// 1913// 2097//
f 2081// 1914// 1913//
f 2065// 1909// 2098//
f 2065// 1910// 1909//
f 2019// 2065// 2098//
f 2098// 2022// 2019//
f 2099// 2100// 2101//
f 2099// 2101// 2102//
f 2103// 2104// 2105//
f 2103// 2105// 2106//
f 2107// 2108// 2109//
f 2107// 2109// 2110//
f 2111// 2112// 2113//
f 2111// 2113// 2114//
f 2115// 2116// 2117//
f 2115// 2117// 2118//
f 2119// 2120// 2121//
f 2119// 2121// 2122//
f 2123// 2124// 2125//
f 2123// 2125// 2126//
f 2127// 2128// 2129//
f 2127// 2129// 2130//
f 2131// 2132// 2133//
f 2131// 2133// 2134//
f 2135// 2136// 2137//
f 2135// 2137// 2138//
f 2139// 2140// 2141//
f 2139// 2141// 2142//
f 2143// 2144// 2145//
f 2143// 2145// 2146//
f 2147// 2148// 2149//
f 2147// 2149// 2150//
f 2151// 2152// 2153//
f 2151// 2153// 2154//
f 2155// 2156// 2157//
f 2155// 2157// 2158//
f 2159// 2160// 2161//
f 2159// 2161// 2162//
f 2163// 2164// 2165//
f 2163// 2165// 2166//
f 2167// 2168// 2169//
f 2170// 2168// 2167//
f 2168// 2170// 2171//
f 2170// 2172// 2171//
f 2173// 2171// 2172//
f 2173// 2172// 2174//
f 2173// 2174// 2175//
f 2176// 2173// 2175//
f 2177// 2176// 2175//
f 2176// 2177// 2178//
f 2179// 2180// 2181//
f 2182// 2180// 2183//
f 2180// 2182// 2181//
f 2184// 2185// 2183//
f 2182// 2183// 2185//
f 2186// 2185// 2184//
f 2187// 2179// 2181//
f 2187// 2188// 2189//
f 2189// 2179// 2187//
f 2190// 2188// 2178//
f 2188// 2190// 2189//
f 2190// 2178// 2177//
f 2191// 2192// 2193//
f 2194// 2195// 2191//
f 2196// 2192// 2191//
f 2193// 2194// 2191//
f 2194// 2186// 2184//
f 2193// 2186// 2194//
f 2197// 2196// 2191//
f 2198// 2199// 2200//
f 2201// 2202// 2199//
f 2197// 2202// 2201//
f 2198// 2201// 2199//
f 2191// 2202// 2197//
f 2198// 2203// 2204//
f 2203// 2198// 2200//
f 2205// 2204// 2203//
f 2165// 2206// 2166//
f 2207// 2208// 2206//
f 2205// 2208// 2207//
f 2165// 2207// 2206//
f 2203// 2208// 2205//
f 2209// 2210// 2211//
f 2210// 2209// 2212//
f 2213// 2214// 2215//
f 2214// 2213// 2216//
f 2214// 2217// 2215//
f 2214// 2218// 2217//
f 2219// 2220// 2221//
f 2222// 2220// 2223//
f 2220// 2222// 2221//
f 2224// 2225// 2223//
f 2222// 2223// 2225//
f 2226// 2225// 2224//
f 2227// 2219// 2221//
f 2227// 2228// 2229//
f 2229// 2219// 2227//
f 2230// 2228// 2217//
f 2228// 2230// 2229//
f 2230// 2217// 2218//
f 2224// 2231// 2226//
f 2224// 2232// 2231//
f 2233// 2234// 2235//
f 2236// 2234// 2237//
f 2234// 2236// 2235//
f 2238// 2239// 2237//
f 2236// 2237// 2239//
f 2240// 2239// 2238//
f 2241// 2233// 2235//
f 2241// 2242// 2243//
f 2243// 2233// 2241//
f 2244// 2242// 2231//
f 2242// 2244// 2243//
f 2244// 2231// 2232//
f 2245// 2240// 2238//
f 2245// 2238// 2246//
f 2247// 2248// 2249//
f 2246// 2238// 2248//
f 2247// 2246// 2248//
f 2238// 2250// 2248//
f 2251// 2252// 2253//
f 2169// 2251// 2253//
f 2169// 2253// 2167//
f 2251// 2254// 2252//
f 2252// 2254// 2249//
f 2254// 2247// 2249//
f 2241// 2235// 2197//
f 2209// 2213// 2255//
f 2196// 2236// 2239//
f 2211// 2213// 2209//
f 2239// 2240// 2196//
f 2213// 2215// 2255//
f 2221// 2222// 2207//
f 2205// 2222// 2225//
f 2222// 2205// 2207//
f 2204// 2205// 2225//
f 2226// 2204// 2225//
f 2197// 2236// 2196//
f 2197// 2235// 2236//
f 2240// 2192// 2196//
f 2245// 2192// 2240//
f 2242// 2241// 2201//
f 2197// 2201// 2241//
f 2201// 2198// 2242//
f 2231// 2198// 2204//
f 2242// 2198// 2231//
f 2221// 2207// 2227//
f 2204// 2226// 2231//
f 2227// 2165// 2228//
f 2165// 2227// 2207//
f 2165// 2164// 2256//
f 2228// 2165// 2217//
f 2161// 2160// 2257//
f 2217// 2256// 2257//
f 2165// 2256// 2217//
f 2258// 2157// 2156//
f 2257// 2258// 2217//
f 2161// 2257// 2256//
f 2152// 2259// 2153//
f 2258// 2259// 2217//
f 2157// 2258// 2257//
f 2148// 2260// 2149//
f 2259// 2260// 2217//
f 2153// 2259// 2258//
f 2144// 2261// 2145//
f 2260// 2261// 2217//
f 2149// 2260// 2259//
f 2262// 2141// 2140//
f 2261// 2262// 2217//
f 2145// 2261// 2260//
f 2263// 2137// 2136//
f 2262// 2263// 2217//
f 2141// 2262// 2261//
f 2263// 2264// 2215//
f 2264// 2133// 2132//
f 2217// 2263// 2215//
f 2137// 2263// 2262//
f 2265// 2129// 2128//
f 2129// 2265// 2264//
f 2133// 2264// 2263//
f 2124// 2266// 2125//
f 2215// 2265// 2266//
f 2215// 2264// 2265//
f 2120// 2267// 2121//
f 2266// 2267// 2215//
f 2125// 2266// 2265//
f 2116// 2268// 2117//
f 2267// 2268// 2215//
f 2121// 2267// 2266//
f 2269// 2113// 2112//
f 2268// 2269// 2215//
f 2117// 2268// 2267//
f 2270// 2109// 2108//
f 2269// 2270// 2215//
f 2113// 2269// 2268//
f 2271// 2105// 2104//
f 2270// 2271// 2215//
f 2109// 2270// 2269//
f 2101// 2255// 2271//
f 2215// 2271// 2255//
f 2105// 2271// 2270//
f 2255// 2101// 2100//
f 2212// 2216// 2210//
f 2202// 2233// 2243//
f 2238// 2237// 2191//
f 2272// 2214// 2273//
f 2219// 2206// 2220//
f 2208// 2223// 2220//
f 2220// 2206// 2208//
f 2203// 2223// 2208//
f 2224// 2223// 2203//
f 2191// 2237// 2234//
f 2195// 2238// 2191//
f 2191// 2234// 2202//
f 2195// 2250// 2238//
f 2202// 2234// 2233//
f 2244// 2199// 2243//
f 2202// 2243// 2199//
f 2199// 2244// 2200//
f 2232// 2203// 2200//
f 2244// 2232// 2200//
f 2219// 2229// 2206//
f 2203// 2232// 2224//
f 2229// 2230// 2166//
f 2166// 2206// 2229//
f 2166// 2274// 2163//
f 2230// 2218// 2166//
f 2162// 2275// 2159//
f 2218// 2275// 2274//
f 2166// 2218// 2274//
f 2276// 2155// 2158//
f 2275// 2218// 2276//
f 2162// 2274// 2275//
f 2151// 2154// 2277//
f 2276// 2218// 2277//
f 2158// 2275// 2276//
f 2147// 2150// 2278//
f 2277// 2218// 2278//
f 2154// 2276// 2277//
f 2143// 2146// 2279//
f 2278// 2218// 2279//
f 2150// 2277// 2278//
f 2280// 2139// 2142//
f 2279// 2218// 2280//
f 2146// 2278// 2279//
f 2281// 2135// 2138//
f 2280// 2218// 2281//
f 2142// 2279// 2280//
f 2282// 2131// 2134//
f 2218// 2214// 2281//
f 2138// 2280// 2281//
f 2214// 2282// 2281//
f 2134// 2281// 2282//
f 2130// 2283// 2127//
f 2214// 2283// 2282//
f 2130// 2282// 2283//
f 2126// 2284// 2123//
f 2214// 2284// 2283//
f 2126// 2283// 2284//
f 2122// 2285// 2119//
f 2214// 2285// 2284//
f 2122// 2284// 2285//
f 2118// 2286// 2115//
f 2214// 2286// 2285//
f 2118// 2285// 2286//
f 2114// 2272// 2111//
f 2214// 2272// 2286//
f 2114// 2286// 2272//
f 2110// 2273// 2107//
f 2273// 2214// 2287//
f 2110// 2272// 2273//
f 2106// 2287// 2103//
f 2102// 2287// 2288//
f 2106// 2273// 2287//
f 2102// 2288// 2099//
f 2212// 2288// 2216//
f 2216// 2288// 2214//
f 2214// 2288// 2287//
f 2249// 2184// 2252//
f 2189// 2167// 2179//
f 2177// 2189// 2190//
f 2184// 2249// 2194//
f 2253// 2252// 2183//
f 2252// 2184// 2183//
f 2249// 2248// 2194//
f 2179// 2167// 2180//
f 2253// 2180// 2167//
f 2180// 2253// 2183//
f 2167// 2189// 2177//
f 2170// 2167// 2175//
f 2167// 2177// 2175//
f 2195// 2194// 2248//
f 2248// 2250// 2195//
f 2182// 2185// 2251//
f 2254// 2251// 2185//
f 2168// 2176// 2178//
f 2247// 2254// 2186//
f 2246// 2247// 2186//
f 2246// 2186// 2193//
f 2182// 2251// 2169//
f 2186// 2254// 2185//
f 2169// 2187// 2181//
f 2182// 2169// 2181//
f 2187// 2178// 2188//
f 2187// 2169// 2178//
f 2178// 2169// 2168//
f 2193// 2192// 2245//
f 2245// 2246// 2193//
f 2168// 2171// 2173//
f 2168// 2173// 2176//
f 2175// 2174// 2172//
f 2175// 2172// 2170//
f 2213// 2211// 2210//
f 2210// 2216// 2213//
f 2161// 2256// 2274//
f 2274// 2162// 2161//
f 2256// 2163// 2274//
f 2256// 2164// 2163//
f 2157// 2257// 2275//
f 2275// 2158// 2157//
f 2257// 2159// 2275//
f 2257// 2160// 2159//
f 2153// 2258// 2276//
f 2276// 2154// 2153//
f 2258// 2155// 2276//
f 2258// 2156// 2155//
f 2149// 2259// 2277//
f 2277// 2150// 2149//
f 2259// 2151// 2277//
f 2259// 2152// 2151//
f 2145// 2260// 2278//
f 2278// 2146// 2145//
f 2260// 2147// 2278//
f 2260// 2148// 2147//
f 2141// 2261// 2279//
f 2279// 2142// 2141//
f 2261// 2143// 2279//
f 2261// 2144// 2143//
f 2137// 2262// 2280//
f 2280// 2138// 2137//
f 2262// 2139// 2280//
f 2262// 2140// 2139//
f 2133// 2263// 2281//
f 2281// 2134// 2133//
f 2263// 2135// 2281//
f 2263// 2136// 2135//
f 2129// 2264// 2282//
f 2282// 2130// 2129//
f 2264// 2131// 2282//
f 2264// 2132// 2131//
f 2125// 2265// 2283//
f 2283// 2126// 2125//
f 2265// 2127// 2283//
f 2265// 2128// 2127//
f 2121// 2266// 2284//
f 2284// 2122// 2121//
f 2266// 2123// 2284//
f 2266// 2124// 2123//
f 2117// 2267// 2285//
f 2285// 2118// 2117//
f 2267// 2119// 2285//
f 2267// 2120// 2119//
f 2113// 2268// 2286//
f 2286// 2114// 2113//
f 2268// 2115// 2286//
f 2268// 2116// 2115//
f 2109// 2269// 2272//
f 2272// 2110// 2109//
f 2269// 2111// 2272//
f 2269// 2112// 2111//
f 2105// 2270// 2273//
f 2273// 2106// 2105//
f 2270// 2107// 2273//
f 2270// 2108// 2107//
f 2101// 2271// 2287//
f 2287// 2102// 2101//
f 2271// 2103// 2287//
f 2271// 2104// 2103//
f 2255// 2099// 2288//
f 2255// 2100// 2099//
f 2209// 2255// 2288//
f 2288// 2212// 2209//
f 2289// 2290// 2291//
f 2292// 2291// 2293//
f 2290// 2293// 2291//
f 2294// 2292// 2295//
f 2292// 2293// 2295//
f 2294// 2296// 2297//
f 2295// 2296// 2294//
f 2290// 2289// 2298//
f 2299// 2300// 2301//
f 2300// 2297// 2301//
f 2297// 2296// 2301//
f 2299// 2302// 2300//
f 2303// 2298// 2289//
f 2303// 2304// 2305//
f 2305// 2298// 2303//
f 2306// 2304// 2307//
f 2304// 2306// 2305//
f 2308// 2309// 2307//
f 2306// 2307// 2309//
f 2308// 2310// 2311//
f 2311// 2309// 2308//
f 2312// 2310// 2313//
f 2310// 2312// 2311//
f 2312// 2313// 2314//
f 2315// 2316// 2317//
f 2318// 2319// 2320//
f 2321// 2322// 2323//
f 2324// 2325// 2326//
f 2317// 2327// 2328//
f 2329// 2330// 2328//
f 2324// 2331// 2332//
f 2333// 2334// 2330//
f 2335// 2336// 2337//
f 2338// 2339// 2340//
f 2338// 2341// 2342//
f 2334// 2343// 2340//
f 2344// 2332// 2335//
f 2345// 2325// 2323//
f 2346// 2347// 2336//
f 2348// 2346// 2336//
f 2349// 2315// 2350//
f 2348// 2351// 2346//
f 2340// 2344// 2341//
f 2322// 2345// 2323//
f 2352// 2350// 2353//
f 2321// 2354// 2322//
f 2355// 2356// 2353//
f 2357// 2354// 2358//
f 2355// 2359// 2360//
f 2361// 2362// 2363//
f 2364// 2359// 2365//
f 2366// 2367// 2363//
f 2368// 2365// 2369//
f 2370// 2371// 2366//
f 2319// 2372// 2369//
f 2373// 2374// 2318//
f 2363// 2367// 2361//
f 2375// 2373// 2318//
f 2376// 2377// 2375//
f 2378// 2374// 2379//
f 2380// 2378// 2381//
f 2380// 2371// 2370//
f 2378// 2379// 2381//
f 2366// 2371// 2367//
f 2318// 2376// 2375//
f 2379// 2374// 2373//
f 2374// 2372// 2319//
f 2320// 2376// 2318//
f 2378// 2370// 2372//
f 2370// 2378// 2380//
f 2319// 2382// 2320//
f 2378// 2372// 2374//
f 2372// 2368// 2369//
f 2374// 2319// 2318//
f 2366// 2368// 2370//
f 2383// 2362// 2361//
f 2369// 2382// 2319//
f 2370// 2368// 2372//
f 2368// 2364// 2365//
f 2384// 2382// 2369//
f 2363// 2364// 2366//
f 2385// 2386// 2383//
f 2365// 2384// 2369//
f 2366// 2364// 2368//
f 2364// 2360// 2359//
f 2387// 2384// 2365//
f 2362// 2360// 2363//
f 2357// 2388// 2385//
f 2389// 2387// 2359//
f 2363// 2360// 2364//
f 2360// 2356// 2355//
f 2387// 2365// 2359//
f 2362// 2386// 2356//
f 2386// 2362// 2383//
f 2355// 2390// 2389//
f 2362// 2356// 2360//
f 2356// 2352// 2353//
f 2389// 2359// 2355//
f 2386// 2388// 2352//
f 2388// 2386// 2385//
f 2353// 2391// 2390//
f 2386// 2352// 2356//
f 2352// 2349// 2350//
f 2390// 2355// 2353//
f 2388// 2358// 2349//
f 2358// 2388// 2357//
f 2350// 2392// 2391//
f 2388// 2349// 2352//
f 2349// 2316// 2315//
f 2391// 2353// 2350//
f 2358// 2321// 2316//
f 2321// 2358// 2354//
f 2315// 2393// 2392//
f 2358// 2316// 2349//
f 2316// 2327// 2317//
f 2392// 2350// 2315//
f 2323// 2327// 2321//
f 2326// 2325// 2345//
f 2317// 2394// 2393//
f 2321// 2327// 2316//
f 2327// 2329// 2328//
f 2393// 2315// 2317//
f 2325// 2329// 2323//
f 2331// 2324// 2326//
f 2328// 2395// 2394//
f 2323// 2329// 2327//
f 2329// 2333// 2330//
f 2394// 2317// 2328//
f 2324// 2333// 2325//
f 2396// 2332// 2331//
f 2330// 2397// 2395//
f 2325// 2333// 2329//
f 2333// 2343// 2334//
f 2395// 2328// 2330//
f 2332// 2343// 2324//
f 2398// 2335// 2396//
f 2334// 2339// 2397//
f 2324// 2343// 2333//
f 2343// 2344// 2340//
f 2397// 2330// 2334//
f 2396// 2335// 2332//
f 2398// 2348// 2336//
f 2340// 2341// 2338//
f 2332// 2344// 2343//
f 2337// 2341// 2344//
f 2339// 2334// 2340//
f 2398// 2336// 2335//
f 2335// 2337// 2344//
f 2347// 2399// 2337//
f 2336// 2347// 2337//
f 2342// 2341// 2399//
f 2337// 2399// 2341//
f 2400// 2392// 2393//
f 2394// 2401// 2393//
f 2400// 2393// 2401//
f 2394// 2395// 2402//
f 2402// 2401// 2394//
f 2403// 2395// 2397//
f 2395// 2403// 2402//
f 2339// 2404// 2397//
f 2403// 2397// 2404//
f 2405// 2339// 2406//
f 2405// 2404// 2339//
f 2407// 2406// 2338//
f 2339// 2338// 2406//
f 2338// 2342// 2408//
f 2408// 2407// 2338//
f 2342// 2409// 2408//
f 2392// 2400// 2410//
f 2391// 2392// 2410//
f 2411// 2391// 2412//
f 2412// 2391// 2410//
f 2411// 2390// 2391//
f 2389// 2390// 2413//
f 2411// 2413// 2390//
f 2414// 2387// 2389//
f 2389// 2413// 2414//
f 2387// 2415// 2384//
f 2415// 2387// 2414//
f 2382// 2384// 2416//
f 2415// 2416// 2384//
f 2417// 2320// 2382//
f 2382// 2416// 2417//
f 2320// 2418// 2419//
f 2418// 2320// 2417//
f 2376// 2420// 2421//
f 2420// 2376// 2419//
f 2376// 2320// 2419//
f 2376// 2421// 2377//
f 2377// 2421// 2422//
f 2423// 2424// 2425//
f 2426// 2427// 2428//
f 2428// 2429// 2426//
f 2428// 2423// 2429//
f 2427// 2424// 2430//
f 2423// 2430// 2424//
f 2427// 2426// 2424//
f 2423// 2425// 2429//
f 2431// 2432// 2433//
f 2434// 2431// 2435//
f 2435// 2436// 2437//
f 2433// 2436// 2438//
f 2435// 2437// 2434//
f 2432// 2431// 2434//
f 2431// 2433// 2438//
f 2436// 2433// 2437//
f 2439// 2440// 2441//
f 2442// 2443// 2444//
f 2445// 2446// 2447//
f 2448// 2449// 2450//
f 2451// 2445// 2447//
f 2446// 2448// 2450//
f 2447// 2446// 2450//
f 2449// 2442// 2444//
f 2449// 2448// 2442//
f 2440// 2443// 2441//
f 2440// 2444// 2443//
f 2441// 2452// 2439//
f 2453// 2454// 2455//
f 2455// 2454// 2456//
f 2457// 2458// 2459//
f 2460// 2461// 2462//
f 2462// 2459// 2460//
f 2463// 2464// 2465//
f 2466// 2467// 2468//
f 2469// 2470// 2471//
f 2470// 2472// 2467//
f 2473// 2474// 2475//
f 2476// 2477// 2478//
f 2441// 2479// 2452//
f 2480// 2481// 2482//
f 2463// 2483// 2484//
f 2485// 2486// 2465//
f 2464// 2482// 2487//
f 2488// 2489// 2487//
f 2488// 2487// 2490//
f 2443// 2486// 2485//
f 2491// 2492// 2493//
f 2482// 2491// 2480//
f 2494// 2495// 2484//
f 2496// 2497// 2498//
f 2495// 2499// 2474//
f 2500// 2473// 2501//
f 2493// 2492// 2502//
f 2476// 2478// 2503//
f 2471// 2500// 2504//
f 2505// 2453// 2506//
f 2478// 2477// 2507//
f 2508// 2507// 2509//
f 2510// 2511// 2466//
f 2457// 2511// 2512//
f 2512// 2511// 2513//
f 2513// 2510// 2439//
f 2460// 2459// 2458//
f 2462// 2456// 2459//
f 2510// 2466// 2468//
f 2458// 2457// 2512//
f 2514// 2457// 2454//
f 2514// 2466// 2511//
f 2439// 2510// 2440//
f 2513// 2511// 2510//
f 2457// 2459// 2454//
f 2456// 2454// 2459//
f 2468// 2467// 2472//
f 2457// 2514// 2511//
f 2515// 2514// 2453//
f 2510// 2468// 2440//
f 2466// 2515// 2467//
f 2444// 2440// 2468//
f 2454// 2453// 2514//
f 2455// 2506// 2453//
f 2472// 2470// 2469//
f 2514// 2515// 2466//
f 2515// 2505// 2516//
f 2468// 2472// 2444//
f 2467// 2516// 2470//
f 2449// 2444// 2472//
f 2453// 2505// 2515//
f 2506// 2508// 2505//
f 2469// 2471// 2504//
f 2515// 2516// 2467//
f 2516// 2509// 2517//
f 2472// 2469// 2449//
f 2470// 2517// 2471//
f 2450// 2449// 2469//
f 2516// 2505// 2509//
f 2508// 2509// 2505//
f 2504// 2500// 2501//
f 2516// 2517// 2470//
f 2517// 2477// 2518//
f 2469// 2504// 2450//
f 2471// 2518// 2500//
f 2447// 2450// 2504//
f 2517// 2509// 2477//
f 2507// 2477// 2509//
f 2501// 2473// 2475//
f 2517// 2518// 2471//
f 2496// 2503// 2497//
f 2504// 2501// 2447//
f 2500// 2519// 2473//
f 2451// 2447// 2501//
f 2518// 2476// 2519//
f 2476// 2518// 2477//
f 2475// 2474// 2499//
f 2518// 2519// 2500//
f 2519// 2496// 2520//
f 2501// 2475// 2451//
f 2473// 2520// 2474//
f 2445// 2451// 2475//
f 2519// 2476// 2496//
f 2503// 2496// 2476//
f 2499// 2495// 2494//
f 2519// 2520// 2473//
f 2520// 2498// 2521//
f 2475// 2499// 2445//
f 2474// 2521// 2495//
f 2446// 2445// 2499//
f 2496// 2498// 2520//
f 2497// 2502// 2498//
f 2448// 2494// 2483//
f 2520// 2521// 2474//
f 2492// 2522// 2521//
f 2499// 2494// 2446//
f 2495// 2522// 2484//
f 2448// 2446// 2494//
f 2521// 2498// 2492//
f 2502// 2492// 2498//
f 2442// 2483// 2486//
f 2521// 2522// 2495//
f 2523// 2522// 2491//
f 2523// 2463// 2484//
f 2448// 2483// 2442//
f 2494// 2484// 2483//
f 2492// 2491// 2522//
f 2493// 2480// 2491//
f 2485// 2479// 2441//
f 2522// 2523// 2484//
f 2482// 2464// 2523//
f 2486// 2463// 2465//
f 2442// 2486// 2443//
f 2483// 2463// 2486//
f 2482// 2523// 2491//
f 2489// 2488// 2524//
f 2489// 2525// 2465//
f 2523// 2464// 2463//
f 2465// 2464// 2489//
f 2479// 2485// 2525//
f 2465// 2525// 2485//
f 2443// 2485// 2441//
f 2482// 2481// 2487//
f 2490// 2487// 2481//
f 2524// 2526// 2525//
f 2464// 2487// 2489//
f 2524// 2525// 2489//
f 2526// 2527// 2479//
f 2526// 2479// 2525//
f 2479// 2527// 2452//
f 2528// 2529// 2530//
f 2531// 2532// 2533//
f 2534// 2535// 2536//
f 2537// 2528// 2530//
f 2538// 2539// 2540//
f 2539// 2538// 2529//
f 2529// 2538// 2530//
f 2539// 2533// 2540//
f 2531// 2535// 2532//
f 2533// 2532// 2540//
f 2534// 2536// 2541//
f 2531// 2536// 2535//
f 2418// 2417// 2542//
f 2543// 2544// 2545//
f 2541// 2536// 2546//
f 2543// 2531// 2544//
f 2547// 2403// 2548//
f 2400// 2549// 2550//
f 2404// 2548// 2403//
f 2551// 2552// 2553//
f 2554// 2410// 2550//
f 2411// 2412// 2555//
f 2556// 2557// 2552//
f 2542// 2417// 2558//
f 2559// 2560// 2561//
f 2562// 2563// 2564//
f 2558// 2565// 2566//
f 2562// 2567// 2534//
f 2564// 2563// 2565//
f 2416// 2558// 2417//
f 2563// 2566// 2565//
f 2568// 2545// 2569//
f 2415// 2570// 2571//
f 2567// 2564// 2559//
f 2568// 2548// 2572//
f 2414// 2573// 2570//
f 2574// 2560// 2575//
f 2412// 2410// 2554//
f 2576// 2575// 2557//
f 2412// 2554// 2555//
f 2577// 2578// 2579//
f 2553// 2578// 2580//
f 2579// 2581// 2582//
f 2583// 2581// 2569//
f 2584// 2402// 2547//
f 2585// 2572// 2586//
f 2586// 2572// 2405//
f 2416// 2415// 2571//
f 2542// 2558// 2566//
f 2587// 2413// 2411//
f 2567// 2559// 2561//
f 2588// 2565// 2571//
f 2588// 2559// 2564//
f 2534// 2567// 2535//
f 2562// 2564// 2567//
f 2565// 2558// 2571//
f 2416// 2571// 2558//
f 2561// 2560// 2574//
f 2565// 2588// 2564//
f 2589// 2588// 2570//
f 2567// 2561// 2535//
f 2559// 2589// 2560//
f 2532// 2535// 2561//
f 2571// 2570// 2588//
f 2415// 2414// 2570//
f 2574// 2575// 2576//
f 2588// 2589// 2559//
f 2589// 2573// 2590//
f 2561// 2574// 2532//
f 2560// 2590// 2575//
f 2540// 2532// 2574//
f 2570// 2573// 2589//
f 2414// 2413// 2573//
f 2576// 2557// 2556//
f 2589// 2590// 2560//
f 2590// 2587// 2591//
f 2574// 2576// 2540//
f 2575// 2591// 2557//
f 2538// 2540// 2576//
f 2590// 2573// 2587//
f 2413// 2587// 2573//
f 2556// 2552// 2551//
f 2590// 2591// 2575//
f 2591// 2555// 2592//
f 2576// 2556// 2538//
f 2557// 2592// 2552//
f 2530// 2538// 2556//
f 2591// 2587// 2555//
f 2411// 2555// 2587//
f 2551// 2553// 2580//
f 2591// 2592// 2557//
f 2550// 2410// 2400//
f 2556// 2551// 2530//
f 2552// 2593// 2553//
f 2537// 2530// 2551//
f 2592// 2554// 2593//
f 2554// 2592// 2555//
f 2580// 2578// 2577//
f 2592// 2593// 2552//
f 2402// 2584// 2401//
f 2551// 2580// 2537//
f 2553// 2594// 2578//
f 2528// 2537// 2580//
f 2593// 2554// 2550//
f 2593// 2550// 2594//
f 2577// 2579// 2582//
f 2593// 2594// 2553//
f 2594// 2549// 2595//
f 2580// 2577// 2528//
f 2578// 2595// 2579//
f 2529// 2528// 2577//
f 2550// 2549// 2594//
f 2400// 2401// 2549//
f 2539// 2582// 2583//
f 2594// 2595// 2578//
f 2584// 2596// 2595//
f 2577// 2582// 2529//
f 2579// 2596// 2581//
f 2539// 2529// 2582//
f 2595// 2549// 2584//
f 2401// 2584// 2549//
f 2533// 2583// 2544//
f 2595// 2596// 2579//
f 2597// 2596// 2547//
f 2597// 2569// 2581//
f 2539// 2583// 2533//
f 2582// 2581// 2583//
f 2584// 2547// 2596//
f 2402// 2403// 2547//
f 2543// 2546// 2536//
f 2596// 2597// 2581//
f 2548// 2568// 2597//
f 2544// 2569// 2545//
f 2533// 2544// 2531//
f 2583// 2569// 2544//
f 2548// 2597// 2547//
f 2585// 2586// 2598//
f 2585// 2599// 2545//
f 2597// 2568// 2569//
f 2545// 2568// 2585//
f 2546// 2543// 2599//
f 2545// 2599// 2543//
f 2531// 2543// 2536//
f 2548// 2404// 2572//
f 2405// 2572// 2404//
f 2598// 2600// 2599//
f 2568// 2572// 2585//
f 2598// 2599// 2585//
f 2600// 2601// 2546//
f 2600// 2546// 2599//
f 2546// 2601// 2541//
f 2602// 2342// 2603//
f 2455// 2456// 2604//
f 2605// 2462// 2606//
f 2607// 2608// 2507//
f 2609// 2610// 2506//
f 2611// 2502// 2497//
f 2612// 2503// 2608//
f 2481// 2480// 2613//
f 2493// 2614// 2615//
f 2616// 2490// 2481//
f 2481// 2613// 2616//
f 2617// 2616// 2618//
f 2616// 2617// 2490//
f 2377// 2619// 2618//
f 2617// 2618// 2619//
f 2422// 2619// 2377//
f 2615// 2480// 2493//
f 2480// 2615// 2613//
f 2502// 2614// 2493//
f 2502// 2611// 2614//
f 2612// 2611// 2497//
f 2503// 2478// 2608//
f 2497// 2503// 2612//
f 2507// 2508// 2607//
f 2478// 2507// 2608//
f 2506// 2610// 2508//
f 2607// 2508// 2610//
f 2455// 2604// 2609//
f 2506// 2455// 2609//
f 2456// 2462// 2605//
f 2604// 2456// 2605//
f 2606// 2461// 2620//
f 2606// 2462// 2461//
f 2620// 2602// 2603//
f 2603// 2606// 2620//
f 2342// 2602// 2409//
f 2621// 2622// 2623//
f 2624// 2625// 2351//
f 2626// 2624// 2627//
f 2622// 2627// 2623//
f 2628// 2629// 2630//
f 2631// 2632// 2633//
f 2634// 2635// 2636//
f 2637// 2621// 2638//
f 2634// 2639// 2635//
f 2640// 2641// 2642//
f 2643// 2644// 2645//
f 2646// 2647// 2648//
f 2649// 2643// 2650//
f 2650// 2651// 2652//
f 2653// 2654// 2655//
f 2653// 2618// 2616//
f 2656// 2379// 2651//
f 2373// 2651// 2379//
f 2381// 2379// 2656//
f 2657// 2377// 2618//
f 2658// 2659// 2648//
f 2654// 2659// 2660//
f 2639// 2661// 2662//
f 2644// 2662// 2663//
f 2664// 2640// 2665//
f 2646// 2664// 2666//
f 2639// 2634// 2661//
f 2653// 2649// 2657//
f 2667// 2668// 2629//
f 2669// 2641// 2668//
f 2630// 2633// 2670//
f 2671// 2636// 2672//
f 2606// 2673// 2631//
f 2622// 2626// 2627//
f 2674// 2673// 2347//
f 2621// 2623// 2638//
f 2342// 2399// 2603//
f 2399// 2347// 2673//
f 2346// 2625// 2674//
f 2625// 2346// 2351//
f 2673// 2603// 2399//
f 2346// 2674// 2347//
f 2674// 2632// 2631//
f 2606// 2603// 2673//
f 2625// 2626// 2632//
f 2626// 2625// 2624//
f 2631// 2605// 2606//
f 2625// 2632// 2674//
f 2632// 2670// 2633//
f 2674// 2631// 2673//
f 2622// 2670// 2626//
f 2675// 2637// 2638//
f 2633// 2605// 2631//
f 2626// 2670// 2632//
f 2670// 2628// 2630//
f 2604// 2605// 2633//
f 2621// 2628// 2622//
f 2676// 2677// 2675//
f 2630// 2604// 2633//
f 2622// 2628// 2670//
f 2628// 2667// 2629//
f 2609// 2604// 2630//
f 2637// 2667// 2621//
f 2671// 2678// 2676//
f 2610// 2609// 2629//
f 2621// 2667// 2628//
f 2667// 2669// 2668//
f 2609// 2630// 2629//
f 2637// 2677// 2669//
f 2677// 2637// 2675//
f 2668// 2607// 2610//
f 2637// 2669// 2667//
f 2669// 2642// 2641//
f 2610// 2629// 2668//
f 2677// 2678// 2642//
f 2678// 2677// 2676//
f 2641// 2608// 2607//
f 2677// 2642// 2669//
f 2642// 2665// 2640//
f 2607// 2668// 2641//
f 2678// 2672// 2665//
f 2672// 2678// 2671//
f 2640// 2612// 2608//
f 2678// 2665// 2642//
f 2665// 2666// 2664//
f 2608// 2641// 2640//
f 2672// 2635// 2666//
f 2635// 2672// 2636//
f 2664// 2611// 2612//
f 2672// 2666// 2665//
f 2666// 2647// 2646//
f 2612// 2640// 2664//
f 2639// 2647// 2635//
f 2663// 2662// 2661//
f 2646// 2614// 2611//
f 2635// 2647// 2666//
f 2647// 2658// 2648//
f 2611// 2664// 2646//
f 2662// 2658// 2639//
f 2645// 2644// 2663//
f 2648// 2615// 2614//
f 2639// 2658// 2647//
f 2658// 2660// 2659//
f 2614// 2646// 2648//
f 2644// 2660// 2662//
f 2679// 2643// 2645//
f 2659// 2613// 2615//
f 2662// 2660// 2658//
f 2660// 2655// 2654//
f 2615// 2648// 2659//
f 2643// 2655// 2644//
f 2680// 2650// 2679//
f 2654// 2616// 2613//
f 2644// 2655// 2660//
f 2655// 2649// 2653//
f 2613// 2659// 2654//
f 2679// 2650// 2643//
f 2680// 2656// 2651//
f 2653// 2657// 2618//
f 2643// 2649// 2655//
f 2652// 2657// 2649//
f 2616// 2654// 2653//
f 2680// 2651// 2650//
f 2650// 2652// 2649//
f 2373// 2375// 2652//
f 2651// 2373// 2652//
f 2377// 2657// 2375//
f 2652// 2375// 2657//
f 2307// 2367// 2308//
f 2357// 2303// 2289//
f 2289// 2322// 2354//
f 2303// 2357// 2385//
f 2345// 2291// 2292//
f 2385// 2383// 2304//
f 2294// 2326// 2292//
f 2307// 2383// 2361//
f 2396// 2294// 2297//
f 2380// 2310// 2371//
f 2300// 2398// 2297//
f 2681// 2627// 2624//
f 2322// 2291// 2345//
f 2656// 2680// 2682//
f 2663// 2683// 2684//
f 2685// 2634// 2636//
f 2686// 2671// 2676//
f 2661// 2634// 2687//
f 2671// 2686// 2685//
f 2661// 2683// 2663//
f 2688// 2675// 2638//
f 2676// 2675// 2689//
f 2690// 2680// 2679//
f 2645// 2684// 2679//
f 2627// 2681// 2691//
f 2627// 2691// 2623//
f 2380// 2381// 2313//
f 2682// 2313// 2656//
f 2348// 2302// 2351//
f 2302// 2681// 2624//
f 2351// 2302// 2624//
f 2371// 2308// 2367//
f 2688// 2638// 2623//
f 2688// 2623// 2691//
f 2688// 2689// 2675//
f 2689// 2686// 2676//
f 2685// 2636// 2671//
f 2685// 2687// 2634//
f 2687// 2683// 2661//
f 2684// 2645// 2663//
f 2684// 2690// 2679//
f 2690// 2682// 2680//
f 2313// 2381// 2656//
f 2313// 2310// 2380//
f 2310// 2308// 2371//
f 2307// 2361// 2367//
f 2307// 2304// 2383//
f 2304// 2303// 2385//
f 2289// 2354// 2357//
f 2289// 2291// 2322//
f 2292// 2326// 2345//
f 2294// 2331// 2326//
f 2396// 2297// 2398//
f 2331// 2294// 2396//
f 2398// 2300// 2348//
f 2302// 2348// 2300//
f 2692// 2302// 2299//
f 2693// 2688// 2694//
f 2695// 2691// 2681//
f 2685// 2696// 2697//
f 2689// 2698// 2686//
f 2699// 2700// 2684//
f 2701// 2683// 2687//
f 2690// 2700// 2702//
f 2700// 2690// 2684//
f 2314// 2682// 2702//
f 2690// 2702// 2682//
f 2313// 2682// 2314//
f 2701// 2699// 2683//
f 2699// 2684// 2683//
f 2685// 2697// 2687//
f 2697// 2701// 2687//
f 2686// 2698// 2696//
f 2686// 2696// 2685//
f 2689// 2688// 2693//
f 2689// 2693// 2698//
f 2694// 2691// 2695//
f 2688// 2691// 2694//
f 2692// 2681// 2302//
f 2695// 2681// 2692//
f 2512// 2439// 2458//
f 2439// 2512// 2513//
f 2461// 2460// 2488//
f 2458// 2439// 2452//
f 2490// 2620// 2461//
f 2617// 2620// 2490//
f 2490// 2461// 2488//
f 2460// 2458// 2524//
f 2460// 2524// 2488//
f 2526// 2524// 2452//
f 2458// 2452// 2524//
f 2452// 2527// 2526//
f 2534// 2563// 2562//
f 2534// 2541// 2566//
f 2566// 2563// 2534//
f 2419// 2418// 2405//
f 2586// 2418// 2542//
f 2406// 2419// 2405//
f 2418// 2586// 2405//
f 2542// 2566// 2598//
f 2542// 2598// 2586//
f 2600// 2598// 2541//
f 2566// 2541// 2598//
f 2541// 2601// 2600//
f 2619// 2602// 2620//
f 2407// 2419// 2406//
f 2421// 2409// 2422//
f 2420// 2407// 2408//
f 2407// 2420// 2419//
f 2421// 2420// 2408//
f 2421// 2408// 2409//
f 2602// 2422// 2409//
f 2620// 2617// 2619//
f 2422// 2602// 2619//
f 2703// 2704// 2705//
f 2706// 2707// 2705//
f 2703// 2705// 2707//
f 2708// 2707// 2706//
f 2709// 2704// 2703//
f 2710// 2709// 2438//
f 2709// 2710// 2704//
f 2710// 2438// 2436//
f 2314// 2711// 2708//
f 2298// 2706// 2290//
f 2706// 2712// 2299//
f 2711// 2702// 2700//
f 2296// 2706// 2301//
f 2706// 2299// 2301//
f 2293// 2706// 2295//
f 2706// 2296// 2295//
f 2706// 2293// 2290//
f 2305// 2708// 2298//
f 2706// 2298// 2708//
f 2309// 2708// 2306//
f 2708// 2305// 2306//
f 2312// 2708// 2311//
f 2708// 2309// 2311//
f 2708// 2312// 2314//
f 2697// 2696// 2711//
f 2711// 2314// 2702//
f 2701// 2711// 2699//
f 2711// 2700// 2699//
f 2711// 2701// 2697//
f 2698// 2712// 2696//
f 2711// 2696// 2712//
f 2694// 2712// 2693//
f 2712// 2698// 2693//
f 2692// 2712// 2695//
f 2712// 2694// 2695//
f 2299// 2712// 2692//
f 2713// 2714// 2715//
f 2427// 2716// 2715//
f 2713// 2715// 2716//
f 2430// 2716// 2427//
f 2717// 2714// 2713//
f 2718// 2717// 2711//
f 2717// 2718// 2714//
f 2718// 2711// 2712//
f 2719// 2720// 2721//
f 2722// 2723// 2721//
f 2719// 2721// 2723//
f 2724// 2723// 2722//
f 2725// 2720// 2719//
f 2726// 2725// 2423//
f 2725// 2726// 2720//
f 2726// 2423// 2428//
f 2727// 2728// 2724//
f 2724// 2722// 2727//
f 2729// 2730// 2731//
f 2435// 2732// 2731//
f 2729// 2731// 2732//
f 2431// 2732// 2435//
f 2733// 2730// 2729//
f 2734// 2733// 2728//
f 2733// 2734// 2730//
f 2734// 2728// 2727//
f 2431// 2729// 2732//
f 2713// 2430// 2717//
f 2431// 2733// 2729//
f 2728// 2733// 2431//
f 2708// 2728// 2431//
f 2430// 2724// 2711//
f 2723// 2423// 2719//
f 2725// 2719// 2423//
f 2724// 2423// 2723//
f 2423// 2724// 2430//
f 2713// 2716// 2430//
f 2728// 2711// 2724//
f 2711// 2717// 2430//
f 2728// 2708// 2711//
f 2438// 2708// 2431//
f 2703// 2707// 2438//
f 2438// 2707// 2708//
f 2438// 2709// 2703//
f 2435// 2731// 2730//
f 2436// 2705// 2704//
f 2704// 2710// 2436//
f 2436// 2706// 2705//
f 2436// 2435// 2706//
f 2730// 2734// 2435//
f 2727// 2435// 2734//
f 2727// 2706// 2435//
f 2427// 2712// 2722//
f 2721// 2720// 2428//
f 2726// 2428// 2720//
f 2722// 2721// 2428//
f 2428// 2427// 2722//
f 2714// 2427// 2715//
f 2727// 2722// 2712//
f 2427// 2718// 2712//
f 2714// 2718// 2427//
f 2712// 2706// 2727//
f 2433// 2426// 2437//
f 2426// 2433// 2424//
f 2432// 2434// 2429//
f 2429// 2425// 2432//
f 2437// 2429// 2434//
f 2429// 2437// 2426//
f 2425// 2433// 2432//
f 2425// 2424// 2433//
f 2735// 2736// 2737//
f 2738// 2737// 2739//
f 2736// 2739// 2737//
f 2740// 2738// 2741//
f 2738// 2739// 2741//
f 2740// 2742// 2743//
f 2741// 2742// 2740//
f 2736// 2735// 2744//
f 2745// 2746// 2747//
f 2746// 2743// 2747//
f 2743// 2742// 2747//
f 2745// 2748// 2746//
f 2749// 2744// 2735//
f 2749// 2750// 2751//
f 2751// 2744// 2749//
f 2752// 2750// 2753//
f 2750// 2752// 2751//
f 2754// 2755// 2753//
f 2752// 2753// 2755//
f 2754// 2756// 2757//
f 2757// 2755// 2754//
f 2758// 2756// 2759//
f 2756// 2758// 2757//
f 2758// 2759// 2760//
f 2761// 2762// 2763//
f 2764// 2765// 2766//
f 2767// 2768// 2769//
f 2762// 2770// 2771//
f 2771// 2772// 2773//
f 2774// 2775// 2776//
f 2776// 2767// 2777//
f 2773// 2778// 2779//
f 2780// 2781// 2782//
f 2783// 2784// 2785//
f 2781// 2786// 2787//
f 2775// 2785// 2788//
f 2787// 2779// 2789//
f 2783// 2790// 2791//
f 2792// 2783// 2791//
f 2793// 2794// 2768//
f 2763// 2795// 2796//
f 2790// 2797// 2791//
f 2787// 2788// 2782//
f 2794// 2769// 2768//
f 2798// 2795// 2799//
f 2793// 2800// 2794//
f 2801// 2802// 2799//
f 2803// 2800// 2804//
f 2801// 2805// 2806//
f 2807// 2808// 2809//
f 2810// 2805// 2811//
f 2812// 2813// 2809//
f 2814// 2811// 2815//
f 2816// 2817// 2812//
f 2765// 2818// 2815//
f 2819// 2820// 2764//
f 2809// 2813// 2807//
f 2821// 2819// 2764//
f 2822// 2823// 2821//
f 2816// 2824// 2817//
f 2825// 2820// 2826//
f 2825// 2827// 2824//
f 2825// 2826// 2827//
f 2812// 2817// 2813//
f 2764// 2822// 2821//
f 2826// 2820// 2819//
f 2820// 2818// 2765//
f 2766// 2822// 2764//
f 2825// 2816// 2818//
f 2816// 2825// 2824//
f 2765// 2828// 2766//
f 2825// 2818// 2820//
f 2818// 2814// 2815//
f 2820// 2765// 2764//
f 2812// 2814// 2816//
f 2829// 2808// 2807//
f 2815// 2828// 2765//
f 2816// 2814// 2818//
f 2814// 2810// 2811//
f 2830// 2828// 2815//
f 2809// 2810// 2812//
f 2831// 2832// 2829//
f 2811// 2830// 2815//
f 2812// 2810// 2814//
f 2810// 2806// 2805//
f 2833// 2830// 2811//
f 2808// 2806// 2809//
f 2803// 2834// 2831//
f 2835// 2833// 2805//
f 2809// 2806// 2810//
f 2806// 2802// 2801//
f 2833// 2811// 2805//
f 2808// 2832// 2802//
f 2832// 2808// 2829//
f 2801// 2836// 2835//
f 2808// 2802// 2806//
f 2802// 2798// 2799//
f 2835// 2805// 2801//
f 2832// 2834// 2798//
f 2834// 2832// 2831//
f 2799// 2837// 2836//
f 2832// 2798// 2802//
f 2798// 2796// 2795//
f 2836// 2801// 2799//
f 2834// 2804// 2796//
f 2804// 2834// 2803//
f 2795// 2838// 2837//
f 2834// 2796// 2798//
f 2796// 2761// 2763//
f 2837// 2799// 2795//
f 2804// 2793// 2761//
f 2793// 2804// 2800//
f 2763// 2839// 2838//
f 2804// 2761// 2796//
f 2761// 2770// 2762//
f 2838// 2795// 2763//
f 2768// 2770// 2793//
f 2777// 2767// 2769//
f 2762// 2840// 2839//
f 2793// 2770// 2761//
f 2770// 2772// 2771//
f 2839// 2763// 2762//
f 2767// 2772// 2768//
f 2774// 2776// 2777//
f 2771// 2841// 2840//
f 2768// 2772// 2770//
f 2772// 2778// 2773//
f 2840// 2762// 2771//
f 2776// 2778// 2767//
f 2842// 2775// 2774//
f 2773// 2843// 2841//
f 2767// 2778// 2772//
f 2778// 2789// 2779//
f 2841// 2771// 2773//
f 2775// 2789// 2776//
f 2844// 2785// 2842//
f 2779// 2786// 2843//
f 2776// 2789// 2778//
f 2789// 2788// 2787//
f 2843// 2773// 2779//
f 2842// 2785// 2775//
f 2844// 2790// 2783//
f 2787// 2782// 2781//
f 2775// 2788// 2789//
f 2784// 2782// 2788//
f 2786// 2779// 2787//
f 2844// 2783// 2785//
f 2785// 2784// 2788//
f 2792// 2845// 2784//
f 2783// 2792// 2784//
f 2780// 2782// 2845//
f 2784// 2845// 2782//
f 2846// 2838// 2839//
f 2840// 2847// 2839//
f 2846// 2839// 2847//
f 2840// 2841// 2848//
f 2848// 2847// 2840//
f 2849// 2841// 2843//
f 2841// 2849// 2848//
f 2786// 2850// 2843//
f 2849// 2843// 2850//
f 2851// 2786// 2852//
f 2851// 2850// 2786//
f 2853// 2852// 2781//
f 2786// 2781// 2852//
f 2781// 2780// 2854//
f 2854// 2853// 2781//
f 2780// 2855// 2854//
f 2838// 2846// 2856//
f 2837// 2838// 2856//
f 2857// 2837// 2858//
f 2858// 2837// 2856//
f 2857// 2836// 2837//
f 2835// 2836// 2859//
f 2857// 2859// 2836//
f 2860// 2833// 2835//
f 2835// 2859// 2860//
f 2833// 2861// 2830//
f 2861// 2833// 2860//
f 2828// 2830// 2862//
f 2861// 2862// 2830//
f 2863// 2766// 2828//
f 2828// 2862// 2863//
f 2766// 2864// 2865//
f 2864// 2766// 2863//
f 2822// 2866// 2867//
f 2866// 2822// 2865//
f 2822// 2766// 2865//
f 2822// 2867// 2823//
f 2823// 2867// 2868//
f 2869// 2870// 2871//
f 2872// 2873// 2874//
f 2874// 2875// 2872//
f 2874// 2869// 2875//
f 2873// 2870// 2876//
f 2869// 2876// 2870//
f 2873// 2872// 2870//
f 2869// 2871// 2875//
f 2877// 2878// 2879//
f 2880// 2877// 2881//
f 2881// 2882// 2883//
f 2879// 2882// 2884//
f 2881// 2883// 2880//
f 2878// 2877// 2880//
f 2877// 2879// 2884//
f 2882// 2879// 2883//
f 2885// 2886// 2887//
f 2888// 2889// 2890//
f 2891// 2892// 2893//
f 2894// 2895// 2896//
f 2897// 2891// 2893//
f 2892// 2894// 2896//
f 2893// 2892// 2896//
f 2895// 2888// 2890//
f 2895// 2894// 2888//
f 2886// 2889// 2887//
f 2886// 2890// 2889//
f 2887// 2898// 2885//
f 2899// 2900// 2901//
f 2901// 2900// 2902//
f 2903// 2904// 2905//
f 2906// 2907// 2908//
f 2908// 2905// 2906//
f 2909// 2910// 2911//
f 2912// 2913// 2914//
f 2915// 2916// 2917//
f 2916// 2918// 2913//
f 2919// 2920// 2921//
f 2922// 2923// 2924//
f 2887// 2925// 2898//
f 2926// 2927// 2928//
f 2909// 2929// 2930//
f 2931// 2932// 2911//
f 2910// 2928// 2933//
f 2934// 2935// 2933//
f 2934// 2933// 2936//
f 2889// 2932// 2931//
f 2937// 2938// 2939//
f 2928// 2937// 2926//
f 2940// 2941// 2930//
f 2942// 2943// 2944//
f 2941// 2945// 2920//
f 2946// 2919// 2947//
f 2939// 2938// 2948//
f 2922// 2924// 2949//
f 2917// 2946// 2950//
f 2951// 2899// 2952//
f 2924// 2923// 2953//
f 2954// 2953// 2955//
f 2956// 2957// 2912//
f 2903// 2957// 2958//
f 2958// 2957// 2959//
f 2959// 2956// 2885//
f 2906// 2905// 2904//
f 2908// 2902// 2905//
f 2956// 2912// 2914//
f 2904// 2903// 2958//
f 2960// 2903// 2900//
f 2960// 2912// 2957//
f 2885// 2956// 2886//
f 2959// 2957// 2956//
f 2903// 2905// 2900//
f 2902// 2900// 2905//
f 2914// 2913// 2918//
f 2903// 2960// 2957//
f 2961// 2960// 2899//
f 2956// 2914// 2886//
f 2912// 2961// 2913//
f 2890// 2886// 2914//
f 2900// 2899// 2960//
f 2901// 2952// 2899//
f 2918// 2916// 2915//
f 2960// 2961// 2912//
f 2961// 2951// 2962//
f 2914// 2918// 2890//
f 2913// 2962// 2916//
f 2895// 2890// 2918//
f 2899// 2951// 2961//
f 2952// 2954// 2951//
f 2915// 2917// 2950//
f 2961// 2962// 2913//
f 2962// 2955// 2963//
f 2918// 2915// 2895//
f 2916// 2963// 2917//
f 2896// 2895// 2915//
f 2962// 2951// 2955//
f 2954// 2955// 2951//
f 2950// 2946// 2947//
f 2962// 2963// 2916//
f 2963// 2923// 2964//
f 2915// 2950// 2896//
f 2917// 2964// 2946//
f 2893// 2896// 2950//
f 2963// 2955// 2923//
f 2953// 2923// 2955//
f 2947// 2919// 2921//
f 2963// 2964// 2917//
f 2942// 2949// 2943//
f 2950// 2947// 2893//
f 2946// 2965// 2919//
f 2897// 2893// 2947//
f 2964// 2922// 2965//
f 2922// 2964// 2923//
f 2921// 2920// 2945//
f 2964// 2965// 2946//
f 2965// 2942// 2966//
f 2947// 2921// 2897//
f 2919// 2966// 2920//
f 2891// 2897// 2921//
f 2965// 2922// 2942//
f 2949// 2942// 2922//
f 2945// 2941// 2940//
f 2965// 2966// 2919//
f 2966// 2944// 2967//
f 2921// 2945// 2891//
f 2920// 2967// 2941//
f 2892// 2891// 2945//
f 2942// 2944// 2966//
f 2943// 2948// 2944//
f 2894// 2940// 2929//
f 2966// 2967// 2920//
f 2938// 2968// 2967//
f 2945// 2940// 2892//
f 2941// 2968// 2930//
f 2894// 2892// 2940//
f 2967// 2944// 2938//
f 2948// 2938// 2944//
f 2888// 2929// 2932//
f 2967// 2968// 2941//
f 2969// 2968// 2937//
f 2969// 2909// 2930//
f 2894// 2929// 2888//
f 2940// 2930// 2929//
f 2938// 2937// 2968//
f 2939// 2926// 2937//
f 2931// 2925// 2887//
f 2968// 2969// 2930//
f 2928// 2910// 2969//
f 2932// 2909// 2911//
f 2888// 2932// 2889//
f 2929// 2909// 2932//
f 2928// 2969// 2937//
f 2935// 2934// 2970//
f 2935// 2971// 2911//
f 2969// 2910// 2909//
f 2911// 2910// 2935//
f 2925// 2931// 2971//
f 2911// 2971// 2931//
f 2889// 2931// 2887//
f 2928// 2927// 2933//
f 2936// 2933// 2927//
f 2970// 2972// 2971//
f 2910// 2933// 2935//
f 2970// 2971// 2935//
f 2972// 2973// 2925//
f 2972// 2925// 2971//
f 2925// 2973// 2898//
f 2974// 2975// 2976//
f 2977// 2978// 2979//
f 2980// 2981// 2982//
f 2983// 2974// 2976//
f 2984// 2985// 2986//
f 2985// 2984// 2975//
f 2975// 2984// 2976//
f 2985// 2979// 2986//
f 2977// 2981// 2978//
f 2979// 2978// 2986//
f 2980// 2982// 2987//
f 2977// 2982// 2981//
f 2864// 2863// 2988//
f 2989// 2990// 2991//
f 2987// 2982// 2992//
f 2989// 2977// 2990//
f 2993// 2849// 2994//
f 2846// 2995// 2996//
f 2850// 2994// 2849//
f 2997// 2998// 2999//
f 2847// 2848// 3000//
f 2857// 2858// 3001//
f 3002// 3003// 2998//
f 2988// 2863// 3004//
f 3005// 3006// 3007//
f 3008// 3009// 3010//
f 3004// 3011// 3012//
f 3008// 3013// 2980//
f 3010// 3009// 3011//
f 3012// 2988// 3004//
f 3009// 3012// 3011//
f 3014// 2991// 3015//
f 2861// 3016// 3017//
f 3013// 3010// 3005//
f 3000// 2848// 2993//
f 2860// 3018// 3016//
f 3019// 3006// 3020//
f 2858// 2856// 3021//
f 3022// 3020// 3003//
f 2858// 3021// 3001//
f 3014// 2994// 3023//
f 3024// 3025// 3026//
f 2999// 3025// 3027//
f 3026// 3028// 3029//
f 3030// 3023// 3031//
f 3028// 3015// 3032//
f 3031// 3023// 2851//
f 2863// 2862// 3004//
f 2862// 2861// 3017//
f 3033// 2859// 2857//
f 3013// 3005// 3007//
f 3034// 3011// 3017//
f 3034// 3005// 3010//
f 2980// 3013// 2981//
f 3008// 3010// 3013//
f 3011// 3004// 3017//
f 2862// 3017// 3004//
f 3007// 3006// 3019//
f 3011// 3034// 3010//
f 3035// 3034// 3016//
f 3013// 3007// 2981//
f 3005// 3035// 3006//
f 2978// 2981// 3007//
f 3017// 3016// 3034//
f 2861// 2860// 3016//
f 3019// 3020// 3022//
f 3034// 3035// 3005//
f 3035// 3018// 3036//
f 3007// 3019// 2978//
f 3006// 3036// 3020//
f 2986// 2978// 3019//
f 3016// 3018// 3035//
f 2860// 2859// 3018//
f 3022// 3003// 3002//
f 3035// 3036// 3006//
f 3036// 3033// 3037//
f 3019// 3022// 2986//
f 3020// 3037// 3003//
f 2984// 2986// 3022//
f 3036// 3018// 3033//
f 2859// 3033// 3018//
f 3002// 2998// 2997//
f 3036// 3037// 3020//
f 3037// 3001// 3038//
f 3022// 3002// 2984//
f 3003// 3038// 2998//
f 2976// 2984// 3002//
f 3037// 3033// 3001//
f 2857// 3001// 3033//
f 2997// 2999// 3027//
f 3037// 3038// 3003//
f 2996// 2856// 2846//
f 3002// 2997// 2976//
f 2998// 3039// 2999//
f 2983// 2976// 2997//
f 3038// 3021// 3039//
f 3021// 3038// 3001//
f 3027// 3025// 3024//
f 3038// 3039// 2998//
f 3039// 2996// 3040//
f 2997// 3027// 2983//
f 2999// 3040// 3025//
f 2974// 2983// 3027//
f 3039// 3021// 2996//
f 2856// 2996// 3021//
f 3024// 3026// 3029//
f 3039// 3040// 2999//
f 3040// 2995// 3041//
f 3027// 3024// 2974//
f 3025// 3041// 3026//
f 2975// 2974// 3024//
f 2996// 2995// 3040//
f 2846// 2847// 2995//
f 2985// 3029// 3032//
f 3040// 3041// 3025//
f 3000// 3042// 3041//
f 3024// 3029// 2975//
f 3026// 3042// 3028//
f 2985// 2975// 3029//
f 3041// 2995// 3000//
f 2847// 3000// 2995//
f 2979// 3032// 2990//
f 3041// 3042// 3026//
f 3043// 3042// 2993//
f 3043// 3015// 3028//
f 2985// 3032// 2979//
f 3029// 3028// 3032//
f 3000// 2993// 3042//
f 2848// 2849// 2993//
f 2989// 2992// 2982//
f 3042// 3043// 3028//
f 2994// 3014// 3043//
f 2990// 3015// 2991//
f 2979// 2990// 2977//
f 3032// 3015// 2990//
f 2994// 3043// 2993//
f 3030// 3031// 3044//
f 3030// 3045// 2991//
f 3043// 3014// 3015//
f 2991// 3014// 3030//
f 2992// 2989// 3045//
f 2991// 3045// 2989//
f 2977// 2989// 2982//
f 2994// 2850// 3023//
f 2851// 3023// 2850//
f 3044// 3046// 3045//
f 3014// 3023// 3030//
f 3044// 3045// 3030//
f 3046// 3047// 2992//
f 3046// 2992// 3045//
f 2992// 3047// 2987//
f 3048// 2780// 3049//
f 2901// 2902// 3050//
f 3051// 2908// 3052//
f 3053// 3054// 2953//
f 3055// 3056// 2952//
f 3057// 2948// 2943//
f 3058// 2949// 3054//
f 2927// 2926// 3059//
f 2939// 3060// 3061//
f 3062// 2936// 2927//
f 2927// 3059// 3062//
f 3063// 3062// 3064//
f 3062// 3063// 2936//
f 2823// 3065// 3064//
f 3063// 3064// 3065//
f 2868// 3065// 2823//
f 3061// 2926// 2939//
f 2926// 3061// 3059//
f 2948// 3060// 2939//
f 2948// 3057// 3060//
f 3058// 3057// 2943//
f 2949// 2924// 3054//
f 2943// 2949// 3058//
f 2953// 2954// 3053//
f 2924// 2953// 3054//
f 2952// 3056// 2954//
f 3053// 2954// 3056//
f 2901// 3050// 3055//
f 2952// 2901// 3055//
f 2902// 2908// 3051//
f 3050// 2902// 3051//
f 3052// 2907// 3066//
f 3052// 2908// 2907//
f 3066// 3048// 3049//
f 3049// 3052// 3066//
f 2780// 3048// 2855//
f 3067// 3068// 3069//
f 3070// 3071// 2797//
f 3072// 3070// 3073//
f 3068// 3073// 3069//
f 3074// 3075// 3076//
f 3077// 3078// 3079//
f 3080// 3081// 3082//
f 3083// 3067// 3084//
f 3080// 3085// 3081//
f 3086// 3087// 3088//
f 3089// 3090// 3091//
f 3092// 3093// 3094//
f 3095// 3089// 3096//
f 3096// 3097// 3098//
f 3099// 3100// 3101//
f 3099// 3064// 3062//
f 3102// 2826// 3097//
f 2819// 3097// 2826//
f 2827// 2826// 3102//
f 3103// 2823// 3064//
f 3104// 3105// 3094//
f 3100// 3105// 3106//
f 3085// 3107// 3108//
f 3090// 3108// 3109//
f 3110// 3086// 3111//
f 3092// 3110// 3112//
f 3085// 3080// 3107//
f 3099// 3095// 3103//
f 3113// 3114// 3075//
f 3115// 3087// 3114//
f 3076// 3079// 3116//
f 3117// 3082// 3118//
f 3052// 3119// 3077//
f 3068// 3072// 3073//
f 3120// 3119// 2792//
f 3067// 3069// 3084//
f 2780// 2845// 3049//
f 2845// 2792// 3119//
f 2791// 3071// 3120//
f 3071// 2791// 2797//
f 3119// 3049// 2845//
f 2791// 3120// 2792//
f 3120// 3078// 3077//
f 3052// 3049// 3119//
f 3071// 3072// 3078//
f 3072// 3071// 3070//
f 3077// 3051// 3052//
f 3071// 3078// 3120//
f 3078// 3116// 3079//
f 3120// 3077// 3119//
f 3068// 3116// 3072//
f 3121// 3083// 3084//
f 3079// 3051// 3077//
f 3072// 3116// 3078//
f 3116// 3074// 3076//
f 3050// 3051// 3079//
f 3067// 3074// 3068//
f 3122// 3123// 3121//
f 3076// 3050// 3079//
f 3068// 3074// 3116//
f 3074// 3113// 3075//
f 3055// 3050// 3076//
f 3083// 3113// 3067//
f 3117// 3124// 3122//
f 3056// 3055// 3075//
f 3067// 3113// 3074//
f 3113// 3115// 3114//
f 3055// 3076// 3075//
f 3083// 3123// 3115//
f 3123// 3083// 3121//
f 3114// 3053// 3056//
f 3083// 3115// 3113//
f 3115// 3088// 3087//
f 3056// 3075// 3114//
f 3123// 3124// 3088//
f 3124// 3123// 3122//
f 3087// 3054// 3053//
f 3123// 3088// 3115//
f 3088// 3111// 3086//
f 3053// 3114// 3087//
f 3124// 3118// 3111//
f 3118// 3124// 3117//
f 3086// 3058// 3054//
f 3124// 3111// 3088//
f 3111// 3112// 3110//
f 3054// 3087// 3086//
f 3118// 3081// 3112//
f 3081// 3118// 3082//
f 3110// 3057// 3058//
f 3118// 3112// 3111//
f 3112// 3093// 3092//
f 3058// 3086// 3110//
f 3085// 3093// 3081//
f 3109// 3108// 3107//
f 3092// 3060// 3057//
f 3081// 3093// 3112//
f 3093// 3104// 3094//
f 3057// 3110// 3092//
f 3108// 3104// 3085//
f 3091// 3090// 3109//
f 3094// 3061// 3060//
f 3085// 3104// 3093//
f 3104// 3106// 3105//
f 3060// 3092// 3094//
f 3090// 3106// 3108//
f 3125// 3089// 3091//
f 3105// 3059// 3061//
f 3108// 3106// 3104//
f 3106// 3101// 3100//
f 3061// 3094// 3105//
f 3089// 3101// 3090//
f 3126// 3096// 3125//
f 3100// 3062// 3059//
f 3090// 3101// 3106//
f 3101// 3095// 3099//
f 3059// 3105// 3100//
f 3125// 3096// 3089//
f 3126// 3102// 3097//
f 3099// 3103// 3064//
f 3089// 3095// 3101//
f 3098// 3103// 3095//
f 3062// 3100// 3099//
f 3126// 3097// 3096//
f 3096// 3098// 3095//
f 2819// 2821// 3098//
f 3097// 2819// 3098//
f 2823// 3103// 2821//
f 3098// 2821// 3103//
f 2753// 2813// 2754//
f 2803// 2749// 2735//
f 2735// 2794// 2800//
f 2749// 2803// 2831//
f 2769// 2737// 2738//
f 2831// 2829// 2750//
f 2740// 2777// 2738//
f 2753// 2829// 2807//
f 2842// 2740// 2743//
f 2824// 2756// 2817//
f 2746// 2844// 2743//
f 3127// 3073// 3070//
f 2794// 2737// 2769//
f 3102// 3126// 3128//
f 3109// 3129// 3130//
f 3131// 3080// 3082//
f 3132// 3117// 3122//
f 3107// 3080// 3133//
f 3117// 3132// 3131//
f 3107// 3129// 3109//
f 3134// 3121// 3084//
f 3122// 3121// 3135//
f 3136// 3126// 3125//
f 3091// 3130// 3125//
f 3073// 3127// 3137//
f 3073// 3137// 3069//
f 2824// 2827// 2759//
f 3128// 2759// 3102//
f 2790// 2748// 2797//
f 2748// 3127// 3070//
f 2797// 2748// 3070//
f 2817// 2754// 2813//
f 3134// 3084// 3069//
f 3134// 3069// 3137//
f 3134// 3135// 3121//
f 3135// 3132// 3122//
f 3131// 3082// 3117//
f 3131// 3133// 3080//
f 3133// 3129// 3107//
f 3130// 3091// 3109//
f 3130// 3136// 3125//
f 3136// 3128// 3126//
f 2759// 2827// 3102//
f 2759// 2756// 2824//
f 2756// 2754// 2817//
f 2753// 2807// 2813//
f 2753// 2750// 2829//
f 2750// 2749// 2831//
f 2735// 2800// 2803//
f 2735// 2737// 2794//
f 2738// 2777// 2769//
f 2740// 2774// 2777//
f 2842// 2743// 2844//
f 2774// 2740// 2842//
f 2844// 2746// 2790//
f 2748// 2790// 2746//
f 3138// 2748// 2745//
f 3139// 3134// 3140//
f 3141// 3137// 3127//
f 3131// 3142// 3143//
f 3135// 3144// 3132//
f 3145// 3146// 3130//
f 3147// 3129// 3133//
f 3136// 3146// 3148//
f 3146// 3136// 3130//
f 2760// 3128// 3148//
f 3136// 3148// 3128//
f 2759// 3128// 2760//
f 3147// 3145// 3129//
f 3145// 3130// 3129//
f 3131// 3143// 3133//
f 3143// 3147// 3133//
f 3132// 3144// 3142//
f 3132// 3142// 3131//
f 3135// 3134// 3139//
f 3135// 3139// 3144//
f 3140// 3137// 3141//
f 3134// 3137// 3140//
f 3138// 3127// 2748//
f 3141// 3127// 3138//
f 2958// 2885// 2904//
f 2885// 2958// 2959//
f 2907// 2906// 2934//
f 2904// 2885// 2898//
f 2936// 3066// 2907//
f 3063// 3066// 2936//
f 2936// 2907// 2934//
f 2906// 2904// 2970//
f 2906// 2970// 2934//
f 2972// 2970// 2898//
f 2904// 2898// 2970//
f 2898// 2973// 2972//
f 2980// 3009// 3008//
f 2980// 2987// 3012//
f 3012// 3009// 2980//
f 2865// 2864// 2851//
f 3031// 2864// 2988//
f 2852// 2865// 2851//
f 2864// 3031// 2851//
f 2988// 3012// 3044//
f 2988// 3044// 3031//
f 3046// 3044// 2987//
f 3012// 2987// 3044//
f 2987// 3047// 3046//
f 3065// 3048// 3066//
f 2853// 2865// 2852//
f 2867// 2855// 2868//
f 2866// 2853// 2854//
f 2853// 2866// 2865//
f 2867// 2866// 2854//
f 2867// 2854// 2855//
f 3048// 2868// 2855//
f 3066// 3063// 3065//
f 2868// 3048// 3065//
f 3149// 3150// 3151//
f 3152// 3153// 3151//
f 3149// 3151// 3153//
f 3154// 3153// 3152//
f 3155// 3150// 3149//
f 3156// 3155// 2884//
f 3155// 3156// 3150//
f 3156// 2884// 2882//
f 2760// 3157// 3154//
f 2744// 3152// 2736//
f 3152// 3158// 2745//
f 3157// 3148// 3146//
f 2742// 3152// 2747//
f 3152// 2745// 2747//
f 2739// 3152// 2741//
f 3152// 2742// 2741//
f 3152// 2739// 2736//
f 2751// 3154// 2744//
f 3152// 2744// 3154//
f 2755// 3154// 2752//
f 3154// 2751// 2752//
f 2758// 3154// 2757//
f 3154// 2755// 2757//
f 3154// 2758// 2760//
f 3143// 3142// 3157//
f 3157// 2760// 3148//
f 3147// 3157// 3145//
f 3157// 3146// 3145//
f 3157// 3147// 3143//
f 3144// 3158// 3142//
f 3157// 3142// 3158//
f 3140// 3158// 3139//
f 3158// 3144// 3139//
f 3138// 3158// 3141//
f 3158// 3140// 3141//
f 2745// 3158// 3138//
f 3159// 3160// 3161//
f 2873// 3162// 3161//
f 3159// 3161// 3162//
f 2876// 3162// 2873//
f 3163// 3160// 3159//
f 3164// 3163// 3157//
f 3163// 3164// 3160//
f 3164// 3157// 3158//
f 3165// 3166// 3167//
f 3168// 3169// 3167//
f 3165// 3167// 3169//
f 3170// 3169// 3168//
f 3171// 3166// 3165//
f 3172// 3171// 2869//
f 3171// 3172// 3166//
f 3172// 2869// 2874//
f 3173// 3174// 3170//
f 3170// 3168// 3173//
f 3175// 3176// 3177//
f 2881// 3178// 3177//
f 3175// 3177// 3178//
f 2877// 3178// 2881//
f 3179// 3176// 3175//
f 3180// 3179// 3174//
f 3179// 3180// 3176//
f 3180// 3174// 3173//
f 2877// 3175// 3178//
f 3159// 2876// 3163//
f 2877// 3179// 3175//
f 3174// 3179// 2877//
f 3154// 3174// 2877//
f 2876// 3170// 3157//
f 3169// 2869// 3165//
f 3171// 3165// 2869//
f 3170// 2869// 3169//
f 2869// 3170// 2876//
f 3159// 3162// 2876//
f 3174// 3157// 3170//
f 3157// 3163// 2876//
f 3174// 3154// 3157//
f 2884// 3154// 2877//
f 3149// 3153// 2884//
f 2884// 3153// 3154//
f 2884// 3155// 3149//
f 2881// 3177// 3176//
f 2882// 3151// 3150//
f 3150// 3156// 2882//
f 2882// 3152// 3151//
f 2882// 2881// 3152//
f 3176// 3180// 2881//
f 3173// 2881// 3180//
f 3173// 3152// 2881//
f 2873// 3158// 3168//
f 3167// 3166// 2874//
f 3172// 2874// 3166//
f 3168// 3167// 2874//
f 2874// 2873// 3168//
f 3160// 2873// 3161//
f 3173// 3168// 3158//
f 2873// 3164// 3158//
f 3160// 3164// 2873//
f 3158// 3152// 3173//
f 2879// 2872// 2883//
f 2872// 2879// 2870//
f 2878// 2880// 2875//
f 2875// 2871// 2878//
f 2883// 2875// 2880//
f 2875// 2883// 2872//
f 2871// 2879// 2878//
f 2871// 2870// 2879//
usemtl 2
f 3181// 3182// 3183//
f 3184// 3185// 3186//
f 3187// 3188// 3189//
f 3183// 3182// 3186//
f 3190// 3191// 3192//
f 3189// 3193// 3194//
f 3195// 3196// 3197//
f 3198// 3199// 3190//
f 3200// 3201// 3202//
f 3203// 3204// 3201//
f 3205// 3206// 3207//
f 3200// 3207// 3206//
f 3208// 3209// 3210//
f 3211// 3206// 3205//
f 3212// 3209// 3208//
f 3211// 3209// 3212//
f 3213// 3208// 3210//
f 3202// 3207// 3200//
f 3204// 3203// 3195//
f 3201// 3204// 3202//
f 3196// 3214// 3197//
f 3203// 3196// 3195//
f 3190// 3215// 3198//
f 3197// 3214// 3198//
f 3193// 3191// 3216//
f 3191// 3190// 3217//
f 3193// 3189// 3218//
f 3191// 3193// 3219//
f 3184// 3188// 3187//
f 3187// 3189// 3194//
f 3182// 3220// 3186//
f 3184// 3186// 3188//
f 3221// 3222// 3223//
f 3222// 3181// 3183//
f 3185// 3223// 3183//
f 3222// 3183// 3223//
f 3220// 3224// 3188//
f 3185// 3183// 3186//
f 3220// 3188// 3186//
f 3224// 3218// 3189//
f 3224// 3189// 3188//
f 3218// 3219// 3193//
f 3191// 3219// 3192//
f 3216// 3194// 3193//
f 3190// 3192// 3215//
f 3217// 3216// 3191//
f 3198// 3215// 3225//
f 3199// 3217// 3190//
f 3197// 3225// 3226//
f 3214// 3199// 3198//
f 3225// 3197// 3198//
f 3226// 3227// 3195//
f 3226// 3195// 3197//
f 3227// 3228// 3204//
f 3227// 3204// 3195//
f 3228// 3229// 3202//
f 3228// 3202// 3204//
f 3229// 3230// 3207//
f 3229// 3207// 3202//
f 3230// 3231// 3205//
f 3230// 3205// 3207//
f 3231// 3210// 3209//
f 3231// 3209// 3205//
f 3211// 3205// 3209//
f 3213// 3232// 3233//
f 3234// 3235// 3236//
f 3237// 3238// 3239//
f 3233// 3232// 3236//
f 3240// 3241// 3242//
f 3239// 3243// 3244//
f 3245// 3246// 3247//
f 3248// 3249// 3240//
f 3250// 3251// 3252//
f 3253// 3254// 3251//
f 3255// 3256// 3257//
f 3250// 3257// 3256//
f 3222// 3258// 3259//
f 3260// 3256// 3255//
f 3221// 3258// 3222//
f 3260// 3258// 3221//
f 3181// 3222// 3259//
f 3252// 3257// 3250//
f 3254// 3253// 3245//
f 3251// 3254// 3252//
f 3246// 3261// 3247//
f 3253// 3246// 3245//
f 3240// 3262// 3248//
f 3247// 3261// 3248//
f 3243// 3241// 3263//
f 3241// 3240// 3264//
f 3243// 3239// 3265//
f 3241// 3243// 3266//
f 3234// 3238// 3237//
f 3237// 3239// 3244//
f 3232// 3267// 3236//
f 3234// 3236// 3238//
f 3212// 3208// 3268//
f 3208// 3213// 3233//
f 3235// 3268// 3233//
f 3208// 3233// 3268//
f 3267// 3269// 3238//
f 3235// 3233// 3236//
f 3267// 3238// 3236//
f 3269// 3265// 3239//
f 3269// 3239// 3238//
f 3265// 3266// 3243//
f 3241// 3266// 3242//
f 3263// 3244// 3243//
f 3240// 3242// 3262//
f 3264// 3263// 3241//
f 3248// 3262// 3270//
f 3249// 3264// 3240//
f 3247// 3270// 3271//
f 3261// 3249// 3248//
f 3270// 3247// 3248//
f 3271// 3272// 3245//
f 3271// 3245// 3247//
f 3272// 3273// 3254//
f 3272// 3254// 3245//
f 3273// 3274// 3252//
f 3273// 3252// 3254//
f 3274// 3275// 3257//
f 3274// 3257// 3252//
f 3275// 3276// 3255//
f 3275// 3255// 3257//
f 3276// 3259// 3258//
f 3276// 3258// 3255//
f 3260// 3255// 3258//
f 3277// 3278// 3279//
f 3280// 3281// 3282//
f 3283// 3284// 3285//
f 3286// 3287// 3288//
f 3289// 3290// 3291//
f 3292// 3293// 3294//
f 3295// 3296// 3297//
f 3298// 3296// 3299//
f 3295// 3300// 3301//
f 3300// 3295// 3297//
f 3302// 3303// 3301//
f 3301// 3300// 3302//
f 3298// 3299// 3291//
f 3302// 3304// 3303//
f 3296// 3298// 3297//
f 3292// 3290// 3289//
f 3289// 3291// 3299//
f 3284// 3294// 3293//
f 3294// 3290// 3292//
f 3283// 3285// 3286//
f 3284// 3293// 3285//
f 3288// 3287// 3279//
f 3283// 3286// 3288//
f 3277// 3281// 3278//
f 3287// 3277// 3279//
f 3280// 3278// 3281//
f 3206// 3305// 3306//
f 3307// 3211// 3212//
f 3308// 3309// 3203//
f 3201// 3200// 3310//
f 3199// 3311// 3312//
f 3214// 3196// 3313//
f 3314// 3194// 3315//
f 3316// 3216// 3217//
f 3317// 3184// 3318//
f 3187// 3318// 3184//
f 3185// 3317// 3319//
f 3317// 3185// 3184//
f 3319// 3320// 3223//
f 3223// 3185// 3319//
f 3321// 3221// 3320//
f 3223// 3320// 3221//
f 3187// 3194// 3314//
f 3318// 3187// 3314//
f 3216// 3316// 3315//
f 3194// 3216// 3315//
f 3199// 3312// 3217//
f 3217// 3312// 3316//
f 3313// 3311// 3214//
f 3214// 3311// 3199//
f 3309// 3196// 3203//
f 3309// 3313// 3196//
f 3308// 3201// 3310//
f 3308// 3203// 3201//
f 3200// 3206// 3306//
f 3310// 3200// 3306//
f 3211// 3307// 3305//
f 3206// 3211// 3305//
f 3322// 3323// 3324//
f 3242// 3324// 3262//
f 3325// 3324// 3242//
f 3242// 3266// 3325//
f 3266// 3326// 3325//
f 3326// 3266// 3265//
f 3326// 3265// 3327//
f 3269// 3267// 3328//
f 3328// 3327// 3269//
f 3329// 3267// 3232//
f 3267// 3329// 3328//
f 3330// 3331// 3332//
f 3329// 3232// 3330//
f 3333// 3331// 3330//
f 3334// 3331// 3333//
f 3333// 3330// 3213//
f 3323// 3262// 3324//
f 3262// 3323// 3270//
f 3335// 3271// 3270//
f 3270// 3323// 3335//
f 3271// 3336// 3272//
f 3336// 3271// 3335//
f 3273// 3272// 3337//
f 3336// 3337// 3272//
f 3338// 3274// 3273//
f 3273// 3337// 3338//
f 3274// 3339// 3275//
f 3339// 3274// 3338//
f 3276// 3275// 3340//
f 3339// 3340// 3275//
f 3341// 3342// 3343//
f 3276// 3340// 3343//
f 3342// 3259// 3343//
f 3181// 3259// 3342//
f 3330// 3332// 3329//
f 3330// 3232// 3213//
f 3332// 3344// 3329//
f 3329// 3344// 3328//
f 3344// 3345// 3328//
f 3269// 3327// 3265//
f 3328// 3345// 3327//
f 3346// 3327// 3345//
f 3327// 3346// 3326//
f 3347// 3326// 3346//
f 3326// 3347// 3325//
f 3348// 3325// 3347//
f 3325// 3348// 3324//
f 3322// 3324// 3348//
f 3322// 3349// 3323//
f 3323// 3349// 3335//
f 3349// 3350// 3335//
f 3335// 3350// 3336//
f 3350// 3351// 3336//
f 3336// 3351// 3337//
f 3351// 3352// 3337//
f 3337// 3352// 3338//
f 3352// 3353// 3338//
f 3338// 3353// 3339//
f 3353// 3354// 3339//
f 3339// 3354// 3340//
f 3354// 3355// 3340//
f 3355// 3341// 3343//
f 3340// 3355// 3343//
f 3276// 3343// 3259//
f 3356// 3357// 3358//
f 3334// 3359// 3360//
f 3361// 3362// 3363//
f 3364// 3365// 3366//
f 3367// 3368// 3369//
f 3370// 3371// 3372//
f 3373// 3374// 3375//
f 3376// 3377// 3378//
f 3379// 3380// 3381//
f 3382// 3381// 3380//
f 3383// 3379// 3384//
f 3379// 3383// 3380//
f 3384// 3385// 3386//
f 3386// 3383// 3384//
f 3341// 3387// 3385//
f 3386// 3385// 3387//
f 3381// 3382// 3373//
f 3374// 3377// 3375//
f 3382// 3374// 3373//
f 3368// 3367// 3370//
f 3377// 3376// 3375//
f 3367// 3369// 3378//
f 3378// 3369// 3376//
f 3362// 3372// 3371//
f 3372// 3368// 3370//
f 3361// 3363// 3364//
f 3362// 3371// 3363//
f 3366// 3365// 3358//
f 3361// 3364// 3366//
f 3356// 3359// 3357//
f 3365// 3356// 3358//
f 3334// 3357// 3359//
f 3388// 3389// 3390//
f 3389// 3391// 3390//
f 3392// 3388// 3390//
f 3388// 3392// 3393//
f 3394// 3395// 3396//
f 3395// 3397// 3398//
f 3394// 3399// 3395//
f 3397// 3400// 3401//
f 3398// 3396// 3395//
f 3397// 3401// 3398//
f 3402// 3403// 3404//
f 3403// 3405// 3406//
f 3402// 3407// 3403//
f 3405// 3408// 3409//
f 3405// 3409// 3406//
f 3403// 3406// 3404//
f 3410// 3411// 3412//
f 3413// 3410// 3412//
f 3414// 3415// 3413//
f 3411// 3416// 3412//
f 3413// 3415// 3410//
f 3413// 3417// 3414//
f 3418// 3419// 3420//
f 3420// 3421// 3418//
f 3422// 3419// 3418//
f 3422// 3423// 3424//
f 3422// 3424// 3419//
f 3421// 3423// 3425//
f 3422// 3425// 3423//
f 3421// 3420// 3423//
f 3426// 3391// 3389//
f 3427// 3428// 3429//
f 3430// 3431// 3432//
f 3433// 3434// 3435//
f 3436// 3437// 3438//
f 3439// 3440// 3441//
f 3435// 3441// 3440//
f 3422// 3418// 3439//
f 3439// 3441// 3422//
f 3433// 3438// 3434//
f 3433// 3435// 3440//
f 3436// 3427// 3437//
f 3438// 3437// 3434//
f 3428// 3431// 3429//
f 3436// 3428// 3427//
f 3430// 3432// 3426//
f 3429// 3431// 3430//
f 3391// 3426// 3432//
f 3392// 3442// 3393//
f 3392// 3443// 3442//
f 3383// 3386// 3444//
f 3360// 3442// 3445//
f 3446// 3442// 3447//
f 3442// 3360// 3448//
f 3449// 3450// 3442//
f 3442// 3450// 3445//
f 3451// 3452// 3442//
f 3442// 3452// 3449//
f 3442// 3446// 3453//
f 3442// 3453// 3451//
f 3454// 3447// 3443//
f 3442// 3443// 3447//
f 3455// 3456// 3443//
f 3443// 3456// 3454//
f 3457// 3458// 3443//
f 3443// 3458// 3455//
f 3459// 3460// 3443//
f 3443// 3460// 3457//
f 3443// 3387// 3459//
f 3443// 3444// 3387//
f 3444// 3367// 3378//
f 3444// 3386// 3387//
f 3382// 3380// 3444//
f 3444// 3380// 3383//
f 3377// 3374// 3444//
f 3444// 3374// 3382//
f 3444// 3378// 3377//
f 3370// 3367// 3448//
f 3444// 3448// 3367//
f 3363// 3371// 3448//
f 3448// 3371// 3370//
f 3365// 3364// 3448//
f 3448// 3364// 3363//
f 3359// 3356// 3448//
f 3448// 3356// 3365//
f 3360// 3359// 3448//
f 3461// 3462// 3463//
f 3464// 3463// 3462//
f 3465// 3466// 3467//
f 3444// 3462// 3448//
f 3462// 3461// 3448//
f 3466// 3465// 3468//
f 3462// 3444// 3466//
f 3467// 3466// 3444//
f 3465// 3469// 3468//
f 3465// 3467// 3469//
f 3470// 3468// 3469//
f 3470// 3469// 3471//
f 3471// 3464// 3472//
f 3470// 3471// 3472//
f 3464// 3471// 3463//
f 3463// 3471// 3461//
f 3461// 3425// 3393//
f 3435// 3422// 3441//
f 3448// 3393// 3442//
f 3471// 3425// 3461//
f 3422// 3435// 3434//
f 3437// 3427// 3422//
f 3437// 3422// 3434//
f 3422// 3429// 3430//
f 3427// 3429// 3422//
f 3389// 3422// 3426//
f 3422// 3430// 3426//
f 3388// 3393// 3422//
f 3388// 3422// 3389//
f 3422// 3393// 3425//
f 3393// 3448// 3461//
f 3392// 3444// 3443//
f 3392// 3421// 3467//
f 3467// 3444// 3392//
f 3440// 3418// 3433//
f 3439// 3418// 3440//
f 3418// 3438// 3433//
f 3436// 3418// 3428//
f 3436// 3438// 3418//
f 3418// 3432// 3431//
f 3428// 3418// 3431//
f 3390// 3391// 3418//
f 3418// 3391// 3432//
f 3418// 3421// 3392//
f 3392// 3390// 3418//
f 3469// 3467// 3421//
f 3473// 3474// 3475//
f 3475// 3476// 3473//
f 3477// 3473// 3476//
f 3476// 3478// 3477//
f 3477// 3479// 3480//
f 3479// 3477// 3478//
f 3481// 3482// 3483//
f 3478// 3482// 3481//
f 3479// 3478// 3481//
f 3479// 3484// 3480//
f 3396// 3483// 3482//
f 3483// 3396// 3485//
f 3398// 3486// 3396//
f 3485// 3396// 3486//
f 3398// 3484// 3486//
f 3398// 3480// 3484//
f 3396// 3482// 3478//
f 3396// 3478// 3394//
f 3478// 3476// 3475//
f 3478// 3475// 3394//
f 3398// 3401// 3477//
f 3477// 3480// 3398//
f 3473// 3477// 3474//
f 3474// 3477// 3401//
f 3487// 3410// 3415//
f 3487// 3488// 3410//
f 3489// 3488// 3487//
f 3487// 3490// 3489//
f 3279// 3278// 3489//
f 3304// 3491// 3492//
f 3491// 3493// 3494//
f 3491// 3304// 3490//
f 3495// 3496// 3491//
f 3491// 3496// 3492//
f 3497// 3498// 3491//
f 3491// 3498// 3495//
f 3491// 3494// 3497//
f 3499// 3493// 3500//
f 3491// 3500// 3493//
f 3501// 3502// 3500//
f 3500// 3502// 3499//
f 3503// 3504// 3500//
f 3500// 3504// 3501//
f 3500// 3280// 3503//
f 3500// 3489// 3280//
f 3290// 3294// 3489//
f 3489// 3278// 3280//
f 3283// 3288// 3489//
f 3489// 3288// 3279//
f 3489// 3294// 3284//
f 3489// 3284// 3283//
f 3291// 3290// 3490//
f 3489// 3490// 3290//
f 3297// 3298// 3490//
f 3490// 3298// 3291//
f 3302// 3300// 3490//
f 3490// 3300// 3297//
f 3304// 3302// 3490//
f 3505// 3500// 3491//
f 3491// 3506// 3505//
f 3404// 3505// 3506//
f 3404// 3406// 3505//
f 3404// 3506// 3491//
f 3415// 3490// 3487//
f 3404// 3491// 3402//
f 3491// 3490// 3414//
f 3491// 3414// 3402//
f 3415// 3414// 3490//
f 3409// 3500// 3406//
f 3488// 3489// 3410//
f 3505// 3406// 3500//
f 3500// 3409// 3411//
f 3411// 3489// 3500//
f 3410// 3489// 3411//
f 3413// 3397// 3395//
f 3413// 3412// 3397//
f 3413// 3395// 3399//
f 3413// 3399// 3417//
f 3412// 3416// 3400//
f 3400// 3397// 3412//
f 3507// 3405// 3403//
f 3507// 3508// 3405//
f 3509// 3508// 3510//
f 3511// 3512// 3507//
f 3513// 3514// 3509//
f 3512// 3510// 3508//
f 3507// 3512// 3508//
f 3507// 3513// 3511//
f 3509// 3510// 3513//
f 3507// 3514// 3513//
f 3507// 3407// 3514//
f 3407// 3507// 3403//
f 3508// 3509// 3408//
f 3408// 3405// 3508//
f 3322// 3446// 3447//
f 3453// 3446// 3348//
f 3322// 3348// 3446//
f 3453// 3347// 3451//
f 3347// 3453// 3348//
f 3346// 3452// 3451//
f 3451// 3347// 3346//
f 3449// 3452// 3345//
f 3346// 3345// 3452//
f 3449// 3344// 3450//
f 3344// 3449// 3345//
f 3332// 3445// 3450//
f 3450// 3344// 3332//
f 3360// 3445// 3331//
f 3332// 3331// 3445//
f 3334// 3360// 3331//
f 3349// 3322// 3447//
f 3454// 3350// 3349//
f 3349// 3447// 3454//
f 3351// 3350// 3456//
f 3454// 3456// 3350//
f 3351// 3455// 3352//
f 3455// 3351// 3456//
f 3458// 3353// 3352//
f 3352// 3455// 3458//
f 3354// 3353// 3457//
f 3458// 3457// 3353//
f 3354// 3460// 3355//
f 3460// 3354// 3457//
f 3459// 3341// 3355//
f 3355// 3460// 3459//
f 3459// 3387// 3341//
f 3369// 3515// 3516//
f 3192// 3516// 3215//
f 3517// 3516// 3192//
f 3192// 3219// 3517//
f 3219// 3518// 3517//
f 3518// 3219// 3218//
f 3518// 3218// 3519//
f 3224// 3220// 3520//
f 3520// 3519// 3224//
f 3521// 3220// 3182//
f 3220// 3521// 3520//
f 3522// 3385// 3384//
f 3521// 3182// 3522//
f 3522// 3342// 3385//
f 3341// 3385// 3342//
f 3342// 3522// 3181//
f 3515// 3215// 3516//
f 3215// 3515// 3225//
f 3523// 3226// 3225//
f 3225// 3515// 3523//
f 3226// 3524// 3227//
f 3524// 3226// 3523//
f 3228// 3227// 3525//
f 3524// 3525// 3227//
f 3526// 3229// 3228//
f 3228// 3525// 3526//
f 3229// 3527// 3230//
f 3527// 3229// 3526//
f 3231// 3230// 3528//
f 3527// 3528// 3230//
f 3334// 3333// 3529//
f 3231// 3528// 3529//
f 3333// 3210// 3529//
f 3213// 3210// 3333//
f 3181// 3522// 3182//
f 3522// 3384// 3521//
f 3384// 3379// 3521//
f 3521// 3379// 3520//
f 3379// 3381// 3520//
f 3224// 3519// 3218//
f 3520// 3381// 3519//
f 3373// 3519// 3381//
f 3519// 3373// 3518//
f 3375// 3518// 3373//
f 3518// 3375// 3517//
f 3376// 3517// 3375//
f 3517// 3376// 3516//
f 3369// 3516// 3376//
f 3369// 3368// 3515//
f 3515// 3368// 3523//
f 3368// 3372// 3523//
f 3523// 3372// 3524//
f 3372// 3362// 3524//
f 3524// 3362// 3525//
f 3362// 3361// 3525//
f 3525// 3361// 3526//
f 3361// 3366// 3526//
f 3526// 3366// 3527//
f 3366// 3358// 3527//
f 3527// 3358// 3528//
f 3358// 3357// 3528//
f 3357// 3334// 3529//
f 3528// 3357// 3529//
f 3231// 3529// 3210//
f 3530// 3264// 3249//
f 3263// 3264// 3531//
f 3530// 3531// 3264//
f 3263// 3532// 3244//
f 3532// 3263// 3531//
f 3533// 3237// 3244//
f 3244// 3532// 3533//
f 3234// 3237// 3534//
f 3533// 3534// 3237//
f 3234// 3535// 3235//
f 3535// 3234// 3534//
f 3536// 3268// 3235//
f 3235// 3535// 3536//
f 3212// 3268// 3537//
f 3536// 3537// 3268//
f 3307// 3212// 3537//
f 3538// 3530// 3249//
f 3261// 3539// 3538//
f 3538// 3249// 3261//
f 3540// 3539// 3246//
f 3261// 3246// 3539//
f 3540// 3253// 3541//
f 3253// 3540// 3246//
f 3251// 3542// 3541//
f 3541// 3253// 3251//
f 3543// 3542// 3250//
f 3251// 3250// 3542//
f 3543// 3256// 3544//
f 3256// 3543// 3250//
f 3260// 3321// 3544//
f 3544// 3256// 3260//
f 3260// 3221// 3321//
f 3313// 3285// 3311//
f 3545// 3546// 3535//
f 3286// 3309// 3308//
f 3293// 3312// 3311//
f 3308// 3310// 3287//
f 3292// 3316// 3312//
f 3289// 3315// 3316//
f 3314// 3315// 3299//
f 3281// 3277// 3306//
f 3319// 3301// 3320//
f 3307// 3537// 3282//
f 3547// 3548// 3543//
f 3536// 3535// 3546//
f 3540// 3541// 3549//
f 3532// 3550// 3533//
f 3530// 3551// 3552//
f 3549// 3553// 3539//
f 3538// 3553// 3551//
f 3554// 3532// 3531//
f 3531// 3530// 3552//
f 3542// 3548// 3555//
f 3541// 3542// 3555//
f 3547// 3544// 3303//
f 3550// 3545// 3534//
f 3536// 3546// 3556//
f 3321// 3320// 3303//
f 3537// 3536// 3556//
f 3299// 3296// 3318//
f 3305// 3307// 3282//
f 3317// 3296// 3295//
f 3537// 3556// 3282//
f 3292// 3312// 3293//
f 3545// 3535// 3534//
f 3550// 3534// 3533//
f 3550// 3532// 3554//
f 3554// 3531// 3552//
f 3551// 3530// 3538//
f 3553// 3538// 3539//
f 3549// 3539// 3540//
f 3549// 3541// 3555//
f 3548// 3542// 3543//
f 3547// 3543// 3544//
f 3303// 3544// 3321//
f 3303// 3320// 3301//
f 3295// 3319// 3317//
f 3295// 3301// 3319//
f 3296// 3317// 3318//
f 3299// 3318// 3314//
f 3299// 3315// 3289//
f 3289// 3316// 3292//
f 3285// 3293// 3311//
f 3286// 3285// 3313//
f 3286// 3308// 3287//
f 3286// 3313// 3309//
f 3287// 3310// 3277//
f 3306// 3305// 3281//
f 3310// 3306// 3277//
f 3282// 3281// 3305//
f 3552// 3494// 3493//
f 3493// 3499// 3554//
f 3554// 3552// 3493//
f 3502// 3550// 3499//
f 3554// 3499// 3550//
f 3545// 3502// 3501//
f 3502// 3545// 3550//
f 3501// 3504// 3546//
f 3546// 3545// 3501//
f 3503// 3556// 3504//
f 3546// 3504// 3556//
f 3282// 3503// 3280//
f 3503// 3282// 3556//
f 3552// 3551// 3494//
f 3497// 3551// 3553//
f 3551// 3497// 3494//
f 3553// 3549// 3498//
f 3498// 3497// 3553//
f 3555// 3495// 3549//
f 3498// 3549// 3495//
f 3496// 3555// 3548//
f 3555// 3496// 3495//
f 3548// 3547// 3492//
f 3492// 3496// 3548//
f 3492// 3547// 3304//
f 3547// 3303// 3304//
f 3464// 3484// 3479//
f 3484// 3464// 3462//
f 3466// 3468// 3483//
f 3481// 3483// 3468//
f 3462// 3486// 3484//
f 3486// 3462// 3485//
f 3462// 3466// 3485//
f 3466// 3483// 3485//
f 3481// 3468// 3470//
f 3470// 3472// 3481//
f 3481// 3472// 3479//
f 3479// 3472// 3464//
f 3557// 3558// 3512//
f 3512// 3511// 3557//
f 3558// 3559// 3510//
f 3510// 3512// 3558//
f 3559// 3560// 3513//
f 3513// 3510// 3559//
f 3560// 3557// 3511//
f 3511// 3513// 3560//
f 3558// 3419// 3424//
f 3558// 3557// 3419//
f 3560// 3423// 3420//
f 3560// 3559// 3423//
f 3423// 3559// 3558//
f 3558// 3424// 3423//
f 3420// 3419// 3557//
f 3557// 3560// 3420//
f 3561// 3562// 3563//
f 3564// 3565// 3566//
f 3567// 3568// 3569//
f 3563// 3562// 3566//
f 3570// 3571// 3572//
f 3569// 3573// 3574//
f 3575// 3576// 3577//
f 3578// 3579// 3570//
f 3580// 3581// 3582//
f 3583// 3584// 3581//
f 3585// 3586// 3587//
f 3580// 3587// 3586//
f 3588// 3589// 3590//
f 3591// 3586// 3585//
f 3592// 3589// 3588//
f 3591// 3589// 3592//
f 3593// 3588// 3590//
f 3582// 3587// 3580//
f 3584// 3583// 3575//
f 3581// 3584// 3582//
f 3576// 3594// 3577//
f 3583// 3576// 3575//
f 3570// 3595// 3578//
f 3577// 3594// 3578//
f 3573// 3571// 3596//
f 3571// 3570// 3597//
f 3573// 3569// 3598//
f 3571// 3573// 3599//
f 3564// 3568// 3567//
f 3567// 3569// 3574//
f 3562// 3600// 3566//
f 3564// 3566// 3568//
f 3601// 3602// 3603//
f 3602// 3561// 3563//
f 3565// 3603// 3563//
f 3602// 3563// 3603//
f 3600// 3604// 3568//
f 3565// 3563// 3566//
f 3600// 3568// 3566//
f 3604// 3598// 3569//
f 3604// 3569// 3568//
f 3598// 3599// 3573//
f 3571// 3599// 3572//
f 3596// 3574// 3573//
f 3570// 3572// 3595//
f 3597// 3596// 3571//
f 3578// 3595// 3605//
f 3579// 3597// 3570//
f 3577// 3605// 3606//
f 3594// 3579// 3578//
f 3605// 3577// 3578//
f 3606// 3607// 3575//
f 3606// 3575// 3577//
f 3607// 3608// 3584//
f 3607// 3584// 3575//
f 3608// 3609// 3582//
f 3608// 3582// 3584//
f 3609// 3610// 3587//
f 3609// 3587// 3582//
f 3610// 3611// 3585//
f 3610// 3585// 3587//
f 3611// 3590// 3589//
f 3611// 3589// 3585//
f 3591// 3585// 3589//
f 3593// 3612// 3613//
f 3614// 3615// 3616//
f 3617// 3618// 3619//
f 3613// 3612// 3616//
f 3620// 3621// 3622//
f 3619// 3623// 3624//
f 3625// 3626// 3627//
f 3628// 3629// 3620//
f 3630// 3631// 3632//
f 3633// 3634// 3631//
f 3635// 3636// 3637//
f 3630// 3637// 3636//
f 3602// 3638// 3639//
f 3640// 3636// 3635//
f 3601// 3638// 3602//
f 3640// 3638// 3601//
f 3561// 3602// 3639//
f 3632// 3637// 3630//
f 3634// 3633// 3625//
f 3631// 3634// 3632//
f 3626// 3641// 3627//
f 3633// 3626// 3625//
f 3620// 3642// 3628//
f 3627// 3641// 3628//
f 3623// 3621// 3643//
f 3621// 3620// 3644//
f 3623// 3619// 3645//
f 3621// 3623// 3646//
f 3614// 3618// 3617//
f 3617// 3619// 3624//
f 3612// 3647// 3616//
f 3614// 3616// 3618//
f 3592// 3588// 3648//
f 3588// 3593// 3613//
f 3615// 3648// 3613//
f 3588// 3613// 3648//
f 3647// 3649// 3618//
f 3615// 3613// 3616//
f 3647// 3618// 3616//
f 3649// 3645// 3619//
f 3649// 3619// 3618//
f 3645// 3646// 3623//
f 3621// 3646// 3622//
f 3643// 3624// 3623//
f 3620// 3622// 3642//
f 3644// 3643// 3621//
f 3628// 3642// 3650//
f 3629// 3644// 3620//
f 3627// 3650// 3651//
f 3641// 3629// 3628//
f 3650// 3627// 3628//
f 3651// 3652// 3625//
f 3651// 3625// 3627//
f 3652// 3653// 3634//
f 3652// 3634// 3625//
f 3653// 3654// 3632//
f 3653// 3632// 3634//
f 3654// 3655// 3637//
f 3654// 3637// 3632//
f 3655// 3656// 3635//
f 3655// 3635// 3637//
f 3656// 3639// 3638//
f 3656// 3638// 3635//
f 3640// 3635// 3638//
f 3657// 3658// 3659//
f 3660// 3661// 3662//
f 3663// 3664// 3665//
f 3666// 3667// 3668//
f 3669// 3670// 3671//
f 3672// 3673// 3674//
f 3675// 3676// 3677//
f 3678// 3676// 3679//
f 3675// 3680// 3681//
f 3680// 3675// 3677//
f 3682// 3683// 3681//
f 3681// 3680// 3682//
f 3678// 3679// 3671//
f 3682// 3684// 3683//
f 3676// 3678// 3677//
f 3672// 3670// 3669//
f 3669// 3671// 3679//
f 3664// 3674// 3673//
f 3674// 3670// 3672//
f 3663// 3665// 3666//
f 3664// 3673// 3665//
f 3668// 3667// 3659//
f 3663// 3666// 3668//
f 3657// 3661// 3658//
f 3667// 3657// 3659//
f 3660// 3658// 3661//
f 3586// 3685// 3686//
f 3687// 3591// 3592//
f 3688// 3689// 3583//
f 3581// 3580// 3690//
f 3579// 3691// 3692//
f 3594// 3576// 3693//
f 3694// 3574// 3695//
f 3696// 3596// 3597//
f 3697// 3564// 3698//
f 3567// 3698// 3564//
f 3565// 3697// 3699//
f 3697// 3565// 3564//
f 3699// 3700// 3603//
f 3603// 3565// 3699//
f 3701// 3601// 3700//
f 3603// 3700// 3601//
f 3567// 3574// 3694//
f 3698// 3567// 3694//
f 3596// 3696// 3695//
f 3574// 3596// 3695//
f 3579// 3692// 3597//
f 3597// 3692// 3696//
f 3693// 3691// 3594//
f 3594// 3691// 3579//
f 3689// 3576// 3583//
f 3689// 3693// 3576//
f 3688// 3581// 3690//
f 3688// 3583// 3581//
f 3580// 3586// 3686//
f 3690// 3580// 3686//
f 3591// 3687// 3685//
f 3586// 3591// 3685//
f 3702// 3703// 3704//
f 3622// 3704// 3642//
f 3705// 3704// 3622//
f 3622// 3646// 3705//
f 3646// 3706// 3705//
f 3706// 3646// 3645//
f 3706// 3645// 3707//
f 3649// 3647// 3708//
f 3708// 3707// 3649//
f 3709// 3647// 3612//
f 3647// 3709// 3708//
f 3710// 3711// 3712//
f 3709// 3612// 3710//
f 3713// 3711// 3710//
f 3714// 3711// 3713//
f 3713// 3710// 3593//
f 3703// 3642// 3704//
f 3642// 3703// 3650//
f 3715// 3651// 3650//
f 3650// 3703// 3715//
f 3651// 3716// 3652//
f 3716// 3651// 3715//
f 3653// 3652// 3717//
f 3716// 3717// 3652//
f 3718// 3654// 3653//
f 3653// 3717// 3718//
f 3654// 3719// 3655//
f 3719// 3654// 3718//
f 3656// 3655// 3720//
f 3719// 3720// 3655//
f 3721// 3722// 3723//
f 3656// 3720// 3723//
f 3722// 3639// 3723//
f 3561// 3639// 3722//
f 3710// 3712// 3709//
f 3710// 3612// 3593//
f 3712// 3724// 3709//
f 3709// 3724// 3708//
f 3724// 3725// 3708//
f 3649// 3707// 3645//
f 3708// 3725// 3707//
f 3726// 3707// 3725//
f 3707// 3726// 3706//
f 3727// 3706// 3726//
f 3706// 3727// 3705//
f 3728// 3705// 3727//
f 3705// 3728// 3704//
f 3702// 3704// 3728//
f 3702// 3729// 3703//
f 3703// 3729// 3715//
f 3729// 3730// 3715//
f 3715// 3730// 3716//
f 3730// 3731// 3716//
f 3716// 3731// 3717//
f 3731// 3732// 3717//
f 3717// 3732// 3718//
f 3732// 3733// 3718//
f 3718// 3733// 3719//
f 3733// 3734// 3719//
f 3719// 3734// 3720//
f 3734// 3735// 3720//
f 3735// 3721// 3723//
f 3720// 3735// 3723//
f 3656// 3723// 3639//
f 3736// 3737// 3738//
f 3714// 3739// 3740//
f 3741// 3742// 3743//
f 3744// 3745// 3746//
f 3747// 3748// 3749//
f 3750// 3751// 3752//
f 3753// 3754// 3755//
f 3756// 3757// 3758//
f 3759// 3760// 3761//
f 3762// 3761// 3760//
f 3763// 3759// 3764//
f 3759// 3763// 3760//
f 3764// 3765// 3766//
f 3766// 3763// 3764//
f 3721// 3767// 3765//
f 3766// 3765// 3767//
f 3761// 3762// 3753//
f 3754// 3757// 3755//
f 3762// 3754// 3753//
f 3748// 3747// 3750//
f 3757// 3756// 3755//
f 3747// 3749// 3758//
f 3758// 3749// 3756//
f 3742// 3752// 3751//
f 3752// 3748// 3750//
f 3741// 3743// 3744//
f 3742// 3751// 3743//
f 3746// 3745// 3738//
f 3741// 3744// 3746//
f 3736// 3739// 3737//
f 3745// 3736// 3738//
f 3714// 3737// 3739//
f 3390// 3391// 3768//
f 3391// 3769// 3768//
f 3770// 3390// 3768//
f 3390// 3770// 3392//
f 3771// 3421// 3772//
f 3773// 3774// 3775//
f 3776// 3777// 3778//
f 3779// 3775// 3774//
f 3779// 3771// 3780//
f 3779// 3774// 3771//
f 3421// 3771// 3774//
f 3772// 3781// 3782//
f 3783// 3773// 3775//
f 3421// 3778// 3781//
f 3772// 3421// 3781//
f 3778// 3421// 3469//
f 3784// 3783// 3785//
f 3469// 3786// 3778//
f 3778// 3786// 3776//
f 3773// 3787// 3469//
f 3786// 3469// 3787//
f 3787// 3773// 3788//
f 3773// 3783// 3788//
f 3783// 3775// 3785//
f 3783// 3789// 3790//
f 3789// 3791// 3792//
f 3783// 3784// 3789//
f 3791// 3776// 3786//
f 3792// 3790// 3789//
f 3791// 3786// 3792//
f 3779// 3793// 3794//
f 3793// 3795// 3796//
f 3779// 3780// 3793//
f 3795// 3782// 3781//
f 3795// 3781// 3796//
f 3793// 3796// 3794//
f 3797// 3778// 3798//
f 3799// 3797// 3798//
f 3775// 3800// 3799//
f 3778// 3777// 3798//
f 3799// 3800// 3797//
f 3799// 3785// 3775//
f 3801// 3802// 3803//
f 3803// 3774// 3801//
f 3418// 3802// 3801//
f 3418// 3804// 3805//
f 3418// 3805// 3802//
f 3774// 3804// 3421//
f 3418// 3421// 3804//
f 3774// 3803// 3804//
f 3432// 3769// 3391//
f 3436// 3806// 3428//
f 3431// 3807// 3808//
f 3809// 3433// 3440//
f 3810// 3438// 3811//
f 3812// 3813// 3439//
f 3440// 3439// 3813//
f 3418// 3801// 3812//
f 3812// 3439// 3418//
f 3809// 3811// 3433//
f 3809// 3440// 3813//
f 3810// 3436// 3438//
f 3811// 3438// 3433//
f 3806// 3807// 3428//
f 3810// 3806// 3436//
f 3431// 3808// 3432//
f 3428// 3807// 3431//
f 3769// 3432// 3808//
f 3770// 3443// 3392//
f 3770// 3814// 3443//
f 3763// 3766// 3815//
f 3740// 3443// 3816//
f 3817// 3443// 3818//
f 3443// 3740// 3444//
f 3819// 3820// 3443//
f 3443// 3820// 3816//
f 3821// 3822// 3443//
f 3443// 3822// 3819//
f 3443// 3817// 3823//
f 3443// 3823// 3821//
f 3824// 3818// 3814//
f 3443// 3814// 3818//
f 3825// 3826// 3814//
f 3814// 3826// 3824//
f 3827// 3828// 3814//
f 3814// 3828// 3825//
f 3829// 3830// 3814//
f 3814// 3830// 3827//
f 3814// 3767// 3829//
f 3814// 3815// 3767//
f 3815// 3747// 3758//
f 3815// 3766// 3767//
f 3762// 3760// 3815//
f 3815// 3760// 3763//
f 3757// 3754// 3815//
f 3815// 3754// 3762//
f 3815// 3758// 3757//
f 3750// 3747// 3444//
f 3815// 3444// 3747//
f 3743// 3751// 3444//
f 3444// 3751// 3750//
f 3745// 3744// 3444//
f 3444// 3744// 3743//
f 3739// 3736// 3444//
f 3444// 3736// 3745//
f 3740// 3739// 3444//
f 3467// 3831// 3832//
f 3833// 3832// 3831//
f 3834// 3835// 3836//
f 3815// 3831// 3444//
f 3831// 3467// 3444//
f 3835// 3834// 3837//
f 3831// 3815// 3835//
f 3836// 3835// 3815//
f 3834// 3773// 3837//
f 3834// 3836// 3773//
f 3838// 3837// 3773//
f 3838// 3773// 3469//
f 3469// 3833// 3839//
f 3838// 3469// 3839//
f 3833// 3469// 3832//
f 3832// 3469// 3467//
f 3467// 3421// 3392//
f 3440// 3418// 3439//
f 3444// 3392// 3443//
f 3469// 3421// 3467//
f 3418// 3440// 3433//
f 3438// 3436// 3418//
f 3438// 3418// 3433//
f 3418// 3428// 3431//
f 3436// 3428// 3418//
f 3391// 3418// 3432//
f 3418// 3431// 3432//
f 3390// 3392// 3418//
f 3390// 3418// 3391//
f 3418// 3392// 3421//
f 3392// 3444// 3467//
f 3770// 3815// 3814//
f 3770// 3774// 3836//
f 3836// 3815// 3770//
f 3813// 3801// 3809//
f 3812// 3801// 3813//
f 3801// 3811// 3809//
f 3810// 3801// 3806//
f 3810// 3811// 3801//
f 3801// 3808// 3807//
f 3806// 3801// 3807//
f 3768// 3769// 3801//
f 3801// 3769// 3808//
f 3801// 3774// 3770//
f 3770// 3768// 3801//
f 3773// 3836// 3774//
f 3840// 3787// 3788//
f 3788// 3841// 3840//
f 3842// 3840// 3841//
f 3841// 3843// 3842//
f 3842// 3844// 3845//
f 3844// 3842// 3843//
f 3846// 3847// 3848//
f 3843// 3847// 3846//
f 3844// 3843// 3846//
f 3844// 3849// 3845//
f 3790// 3848// 3847//
f 3848// 3790// 3850//
f 3792// 3851// 3790//
f 3850// 3790// 3851//
f 3792// 3849// 3851//
f 3792// 3845// 3849//
f 3790// 3847// 3843//
f 3790// 3843// 3783//
f 3843// 3841// 3788//
f 3843// 3788// 3783//
f 3792// 3786// 3842//
f 3842// 3845// 3792//
f 3840// 3842// 3787//
f 3787// 3842// 3786//
f 3852// 3797// 3800//
f 3852// 3853// 3797//
f 3854// 3853// 3852//
f 3852// 3855// 3854//
f 3659// 3658// 3854//
f 3684// 3856// 3857//
f 3856// 3858// 3859//
f 3856// 3684// 3855//
f 3860// 3861// 3856//
f 3856// 3861// 3857//
f 3862// 3863// 3856//
f 3856// 3863// 3860//
f 3856// 3859// 3862//
f 3864// 3858// 3865//
f 3856// 3865// 3858//
f 3866// 3867// 3865//
f 3865// 3867// 3864//
f 3868// 3869// 3865//
f 3865// 3869// 3866//
f 3865// 3660// 3868//
f 3865// 3854// 3660//
f 3670// 3674// 3854//
f 3854// 3658// 3660//
f 3663// 3668// 3854//
f 3854// 3668// 3659//
f 3854// 3674// 3664//
f 3854// 3664// 3663//
f 3671// 3670// 3855//
f 3854// 3855// 3670//
f 3677// 3678// 3855//
f 3855// 3678// 3671//
f 3682// 3680// 3855//
f 3855// 3680// 3677//
f 3684// 3682// 3855//
f 3870// 3865// 3856//
f 3856// 3871// 3870//
f 3794// 3870// 3871//
f 3794// 3796// 3870//
f 3794// 3871// 3856//
f 3800// 3855// 3852//
f 3794// 3856// 3779//
f 3856// 3855// 3775//
f 3856// 3775// 3779//
f 3800// 3775// 3855//
f 3781// 3865// 3796//
f 3853// 3854// 3797//
f 3870// 3796// 3865//
f 3865// 3781// 3778//
f 3778// 3854// 3865//
f 3797// 3854// 3778//
f 3799// 3791// 3789//
f 3799// 3798// 3791//
f 3799// 3789// 3784//
f 3799// 3784// 3785//
f 3798// 3777// 3776//
f 3776// 3791// 3798//
f 3872// 3795// 3793//
f 3872// 3873// 3795//
f 3772// 3873// 3874//
f 3875// 3876// 3872//
f 3877// 3771// 3772//
f 3876// 3874// 3873//
f 3872// 3876// 3873//
f 3872// 3877// 3875//
f 3772// 3874// 3877//
f 3872// 3771// 3877//
f 3872// 3780// 3771//
f 3780// 3872// 3793//
f 3873// 3772// 3782//
f 3782// 3795// 3873//
f 3702// 3817// 3818//
f 3823// 3817// 3728//
f 3702// 3728// 3817//
f 3823// 3727// 3821//
f 3727// 3823// 3728//
f 3726// 3822// 3821//
f 3821// 3727// 3726//
f 3819// 3822// 3725//
f 3726// 3725// 3822//
f 3819// 3724// 3820//
f 3724// 3819// 3725//
f 3712// 3816// 3820//
f 3820// 3724// 3712//
f 3740// 3816// 3711//
f 3712// 3711// 3816//
f 3714// 3740// 3711//
f 3729// 3702// 3818//
f 3824// 3730// 3729//
f 3729// 3818// 3824//
f 3731// 3730// 3826//
f 3824// 3826// 3730//
f 3731// 3825// 3732//
f 3825// 3731// 3826//
f 3828// 3733// 3732//
f 3732// 3825// 3828//
f 3734// 3733// 3827//
f 3828// 3827// 3733//
f 3734// 3830// 3735//
f 3830// 3734// 3827//
f 3829// 3721// 3735//
f 3735// 3830// 3829//
f 3829// 3767// 3721//
f 3749// 3878// 3879//
f 3572// 3879// 3595//
f 3880// 3879// 3572//
f 3572// 3599// 3880//
f 3599// 3881// 3880//
f 3881// 3599// 3598//
f 3881// 3598// 3882//
f 3604// 3600// 3883//
f 3883// 3882// 3604//
f 3884// 3600// 3562//
f 3600// 3884// 3883//
f 3885// 3765// 3764//
f 3884// 3562// 3885//
f 3722// 3765// 3885//
f 3721// 3765// 3722//
f 3722// 3885// 3561//
f 3878// 3595// 3879//
f 3595// 3878// 3605//
f 3886// 3606// 3605//
f 3605// 3878// 3886//
f 3606// 3887// 3607//
f 3887// 3606// 3886//
f 3608// 3607// 3888//
f 3887// 3888// 3607//
f 3889// 3609// 3608//
f 3608// 3888// 3889//
f 3609// 3890// 3610//
f 3890// 3609// 3889//
f 3611// 3610// 3891//
f 3890// 3891// 3610//
f 3714// 3713// 3892//
f 3611// 3891// 3892//
f 3713// 3590// 3892//
f 3593// 3590// 3713//
f 3885// 3764// 3884//
f 3885// 3562// 3561//
f 3764// 3759// 3884//
f 3884// 3759// 3883//
f 3759// 3761// 3883//
f 3604// 3882// 3598//
f 3883// 3761// 3882//
f 3753// 3882// 3761//
f 3882// 3753// 3881//
f 3755// 3881// 3753//
f 3881// 3755// 3880//
f 3756// 3880// 3755//
f 3880// 3756// 3879//
f 3749// 3879// 3756//
f 3749// 3748// 3878//
f 3878// 3748// 3886//
f 3748// 3752// 3886//
f 3886// 3752// 3887//
f 3752// 3742// 3887//
f 3887// 3742// 3888//
f 3742// 3741// 3888//
f 3888// 3741// 3889//
f 3741// 3746// 3889//
f 3889// 3746// 3890//
f 3746// 3738// 3890//
f 3890// 3738// 3891//
f 3738// 3737// 3891//
f 3737// 3714// 3892//
f 3891// 3737// 3892//
f 3611// 3892// 3590//
f 3893// 3644// 3629//
f 3643// 3644// 3894//
f 3893// 3894// 3644//
f 3643// 3895// 3624//
f 3895// 3643// 3894//
f 3896// 3617// 3624//
f 3624// 3895// 3896//
f 3614// 3617// 3897//
f 3896// 3897// 3617//
f 3614// 3898// 3615//
f 3898// 3614// 3897//
f 3899// 3648// 3615//
f 3615// 3898// 3899//
f 3592// 3648// 3900//
f 3899// 3900// 3648//
f 3687// 3592// 3900//
f 3901// 3893// 3629//
f 3641// 3902// 3901//
f 3901// 3629// 3641//
f 3903// 3902// 3626//
f 3641// 3626// 3902//
f 3903// 3633// 3904//
f 3633// 3903// 3626//
f 3631// 3905// 3904//
f 3904// 3633// 3631//
f 3906// 3905// 3630//
f 3631// 3630// 3905//
f 3906// 3636// 3907//
f 3636// 3906// 3630//
f 3640// 3701// 3907//
f 3907// 3636// 3640//
f 3640// 3601// 3701//
f 3693// 3665// 3691//
f 3908// 3909// 3898//
f 3666// 3689// 3688//
f 3673// 3692// 3691//
f 3688// 3690// 3667//
f 3672// 3696// 3692//
f 3669// 3695// 3696//
f 3694// 3695// 3679//
f 3661// 3657// 3686//
f 3699// 3681// 3700//
f 3687// 3900// 3662//
f 3910// 3911// 3906//
f 3899// 3898// 3909//
f 3903// 3904// 3912//
f 3895// 3913// 3896//
f 3893// 3914// 3915//
f 3912// 3916// 3902//
f 3901// 3916// 3914//
f 3917// 3895// 3894//
f 3894// 3893// 3915//
f 3905// 3911// 3918//
f 3904// 3905// 3918//
f 3910// 3907// 3683//
f 3913// 3908// 3897//
f 3899// 3909// 3919//
f 3701// 3700// 3683//
f 3900// 3899// 3919//
f 3679// 3676// 3698//
f 3685// 3687// 3662//
f 3697// 3676// 3675//
f 3900// 3919// 3662//
f 3672// 3692// 3673//
f 3908// 3898// 3897//
f 3913// 3897// 3896//
f 3913// 3895// 3917//
f 3917// 3894// 3915//
f 3914// 3893// 3901//
f 3916// 3901// 3902//
f 3912// 3902// 3903//
f 3912// 3904// 3918//
f 3911// 3905// 3906//
f 3910// 3906// 3907//
f 3683// 3907// 3701//
f 3683// 3700// 3681//
f 3675// 3699// 3697//
f 3675// 3681// 3699//
f 3676// 3697// 3698//
f 3679// 3698// 3694//
f 3679// 3695// 3669//
f 3669// 3696// 3672//
f 3665// 3673// 3691//
f 3666// 3665// 3693//
f 3666// 3688// 3667//
f 3666// 3693// 3689//
f 3667// 3690// 3657//
f 3686// 3685// 3661//
f 3690// 3686// 3657//
f 3662// 3661// 3685//
f 3915// 3859// 3858//
f 3858// 3864// 3917//
f 3917// 3915// 3858//
f 3867// 3913// 3864//
f 3917// 3864// 3913//
f 3908// 3867// 3866//
f 3867// 3908// 3913//
f 3866// 3869// 3909//
f 3909// 3908// 3866//
f 3868// 3919// 3869//
f 3909// 3869// 3919//
f 3662// 3868// 3660//
f 3868// 3662// 3919//
f 3915// 3914// 3859//
f 3862// 3914// 3916//
f 3914// 3862// 3859//
f 3916// 3912// 3863//
f 3863// 3862// 3916//
f 3918// 3860// 3912//
f 3863// 3912// 3860//
f 3861// 3918// 3911//
f 3918// 3861// 3860//
f 3911// 3910// 3857//
f 3857// 3861// 3911//
f 3857// 3910// 3684//
f 3910// 3683// 3684//
f 3833// 3849// 3844//
f 3849// 3833// 3831//
f 3835// 3837// 3848//
f 3846// 3848// 3837//
f 3831// 3851// 3849//
f 3851// 3831// 3850//
f 3831// 3835// 3850//
f 3835// 3848// 3850//
f 3846// 3837// 3838//
f 3838// 3839// 3846//
f 3846// 3839// 3844//
f 3844// 3839// 3833//
f 3920// 3921// 3876//
f 3876// 3875// 3920//
f 3921// 3922// 3874//
f 3874// 3876// 3921//
f 3922// 3923// 3877//
f 3877// 3874// 3922//
f 3923// 3920// 3875//
f 3875// 3877// 3923//
f 3921// 3802// 3805//
f 3921// 3920// 3802//
f 3923// 3804// 3803//
f 3923// 3922// 3804//
f 3804// 3922// 3921//
f 3921// 3805// 3804//
f 3803// 3802// 3920//
f 3920// 3923// 3803//
f 3924// 3925// 3926//
f 3927// 3928// 3929//
f 3930// 3931// 3932//
f 3927// 3926// 3928//
f 3933// 3934// 3935//
f 3932// 3936// 3937//
f 3938// 3939// 3940//
f 3941// 3942// 3933//
f 3943// 3944// 3945//
f 3946// 3947// 3944//
f 3948// 3949// 3950//
f 3943// 3950// 3949//
f 3951// 3952// 3953//
f 3954// 3949// 3948//
f 3955// 3952// 3951//
f 3954// 3952// 3955//
f 3956// 3951// 3953//
f 3945// 3950// 3943//
f 3947// 3946// 3938//
f 3944// 3947// 3945//
f 3939// 3957// 3940//
f 3946// 3939// 3938//
f 3933// 3958// 3941//
f 3940// 3957// 3941//
f 3936// 3934// 3959//
f 3934// 3933// 3960//
f 3936// 3932// 3961//
f 3934// 3936// 3962//
f 3924// 3931// 3930//
f 3930// 3932// 3937//
f 3927// 3963// 3926//
f 3924// 3926// 3931//
f 3964// 3965// 3966//
f 3965// 3929// 3928//
f 3925// 3966// 3928//
f 3965// 3928// 3966//
f 3963// 3967// 3931//
f 3925// 3928// 3926//
f 3963// 3931// 3926//
f 3967// 3961// 3932//
f 3967// 3932// 3931//
f 3961// 3962// 3936//
f 3934// 3962// 3935//
f 3959// 3937// 3936//
f 3933// 3935// 3958//
f 3960// 3959// 3934//
f 3941// 3958// 3968//
f 3942// 3960// 3933//
f 3940// 3968// 3969//
f 3957// 3942// 3941//
f 3968// 3940// 3941//
f 3969// 3970// 3938//
f 3969// 3938// 3940//
f 3970// 3971// 3947//
f 3970// 3947// 3938//
f 3971// 3972// 3945//
f 3971// 3945// 3947//
f 3972// 3973// 3950//
f 3972// 3950// 3945//
f 3973// 3974// 3948//
f 3973// 3948// 3950//
f 3974// 3953// 3952//
f 3974// 3952// 3948//
f 3954// 3948// 3952//
f 3975// 3976// 3977//
f 3978// 3979// 3956//
f 3980// 3981// 3982//
f 3978// 3977// 3979//
f 3983// 3984// 3985//
f 3982// 3986// 3987//
f 3988// 3989// 3990//
f 3991// 3992// 3983//
f 3993// 3994// 3995//
f 3996// 3997// 3994//
f 3998// 3999// 4000//
f 3993// 4000// 3999//
f 3965// 4001// 4002//
f 4003// 3999// 3998//
f 3964// 4001// 3965//
f 4003// 4001// 3964//
f 3929// 3965// 4002//
f 3995// 4000// 3993//
f 3997// 3996// 3988//
f 3994// 3997// 3995//
f 3989// 4004// 3990//
f 3996// 3989// 3988//
f 3983// 4005// 3991//
f 3990// 4004// 3991//
f 3986// 3984// 4006//
f 3984// 3983// 4007//
f 3986// 3982// 4008//
f 3984// 3986// 4009//
f 3975// 3981// 3980//
f 3980// 3982// 3987//
f 3978// 4010// 3977//
f 3975// 3977// 3981//
f 3955// 3951// 4011//
f 3951// 3956// 3979//
f 3976// 4011// 3979//
f 3951// 3979// 4011//
f 4010// 4012// 3981//
f 3976// 3979// 3977//
f 4010// 3981// 3977//
f 4012// 4008// 3982//
f 4012// 3982// 3981//
f 4008// 4009// 3986//
f 3984// 4009// 3985//
f 4006// 3987// 3986//
f 3983// 3985// 4005//
f 4007// 4006// 3984//
f 3991// 4005// 4013//
f 3992// 4007// 3983//
f 3990// 4013// 4014//
f 4004// 3992// 3991//
f 4013// 3990// 3991//
f 4014// 4015// 3988//
f 4014// 3988// 3990//
f 4015// 4016// 3997//
f 4015// 3997// 3988//
f 4016// 4017// 3995//
f 4016// 3995// 3997//
f 4017// 4018// 4000//
f 4017// 4000// 3995//
f 4018// 4019// 3998//
f 4018// 3998// 4000//
f 4019// 4002// 4001//
f 4019// 4001// 3998//
f 4003// 3998// 4001//
f 4020// 4021// 4022//
f 4023// 4024// 4025//
f 4026// 4027// 4028//
f 4029// 4030// 4031//
f 4032// 4033// 4034//
f 4035// 4036// 4037//
f 4038// 4039// 4040//
f 4041// 4039// 4042//
f 4038// 4043// 4044//
f 4043// 4038// 4040//
f 4045// 4046// 4044//
f 4044// 4043// 4045//
f 4041// 4042// 4034//
f 4045// 4047// 4046//
f 4039// 4041// 4040//
f 4035// 4033// 4032//
f 4032// 4034// 4042//
f 4027// 4037// 4036//
f 4037// 4033// 4035//
f 4026// 4028// 4029//
f 4027// 4036// 4028//
f 4031// 4030// 4022//
f 4026// 4029// 4031//
f 4020// 4024// 4021//
f 4030// 4020// 4022//
f 4023// 4021// 4024//
f 3949// 4048// 4049//
f 4050// 3954// 3955//
f 4051// 4052// 3946//
f 3944// 3943// 4053//
f 3942// 4054// 4055//
f 3957// 3939// 4056//
f 4057// 3937// 4058//
f 4059// 3959// 3960//
f 4060// 3924// 4061//
f 3930// 4061// 3924//
f 3925// 4060// 4062//
f 4060// 3925// 3924//
f 4062// 4063// 3966//
f 3966// 3925// 4062//
f 4064// 3964// 4063//
f 3966// 4063// 3964//
f 3930// 3937// 4057//
f 4061// 3930// 4057//
f 3959// 4059// 4058//
f 3937// 3959// 4058//
f 3942// 4055// 3960//
f 3960// 4055// 4059//
f 4056// 4054// 3957//
f 3957// 4054// 3942//
f 4052// 3939// 3946//
f 4052// 4056// 3939//
f 4051// 3944// 4053//
f 4051// 3946// 3944//
f 3943// 3949// 4049//
f 4053// 3943// 4049//
f 3954// 4050// 4048//
f 3949// 3954// 4048//
f 4065// 4066// 4067//
f 3985// 4067// 4005//
f 4068// 4067// 3985//
f 3985// 4009// 4068//
f 4009// 4069// 4068//
f 4069// 4009// 4008//
f 4069// 4008// 4070//
f 4012// 4010// 4071//
f 4071// 4070// 4012//
f 4072// 4010// 3978//
f 4010// 4072// 4071//
f 4073// 4074// 4075//
f 4072// 3978// 4073//
f 4076// 4074// 4073//
f 4077// 4074// 4076//
f 4076// 4073// 3956//
f 4066// 4005// 4067//
f 4005// 4066// 4013//
f 4078// 4014// 4013//
f 4013// 4066// 4078//
f 4014// 4079// 4015//
f 4079// 4014// 4078//
f 4016// 4015// 4080//
f 4079// 4080// 4015//
f 4081// 4017// 4016//
f 4016// 4080// 4081//
f 4017// 4082// 4018//
f 4082// 4017// 4081//
f 4019// 4018// 4083//
f 4082// 4083// 4018//
f 4084// 4085// 4086//
f 4019// 4083// 4086//
f 4085// 4002// 4086//
f 3929// 4002// 4085//
f 4073// 4075// 4072//
f 4073// 3978// 3956//
f 4075// 4087// 4072//
f 4072// 4087// 4071//
f 4087// 4088// 4071//
f 4012// 4070// 4008//
f 4071// 4088// 4070//
f 4089// 4070// 4088//
f 4070// 4089// 4069//
f 4090// 4069// 4089//
f 4069// 4090// 4068//
f 4091// 4068// 4090//
f 4068// 4091// 4067//
f 4065// 4067// 4091//
f 4065// 4092// 4066//
f 4066// 4092// 4078//
f 4092// 4093// 4078//
f 4078// 4093// 4079//
f 4093// 4094// 4079//
f 4079// 4094// 4080//
f 4094// 4095// 4080//
f 4080// 4095// 4081//
f 4095// 4096// 4081//
f 4081// 4096// 4082//
f 4096// 4097// 4082//
f 4082// 4097// 4083//
f 4097// 4098// 4083//
f 4098// 4084// 4086//
f 4083// 4098// 4086//
f 4019// 4086// 4002//
f 4099// 4100// 4101//
f 4077// 4102// 4103//
f 4104// 4105// 4106//
f 4107// 4108// 4109//
f 4110// 4111// 4112//
f 4113// 4114// 4115//
f 4116// 4117// 4118//
f 4119// 4120// 4121//
f 4122// 4123// 4124//
f 4125// 4124// 4123//
f 4126// 4122// 4127//
f 4122// 4126// 4123//
f 4127// 4128// 4129//
f 4129// 4126// 4127//
f 4084// 4130// 4128//
f 4129// 4128// 4130//
f 4124// 4125// 4116//
f 4117// 4120// 4118//
f 4125// 4117// 4116//
f 4111// 4110// 4113//
f 4120// 4119// 4118//
f 4110// 4112// 4121//
f 4121// 4112// 4119//
f 4105// 4115// 4114//
f 4115// 4111// 4113//
f 4104// 4106// 4107//
f 4105// 4114// 4106//
f 4109// 4108// 4101//
f 4104// 4107// 4109//
f 4099// 4102// 4100//
f 4108// 4099// 4101//
f 4077// 4100// 4102//
f 4131// 4132// 3388//
f 4132// 3389// 3388//
f 3393// 4131// 3388//
f 4131// 3393// 4133//
f 4134// 4131// 4133//
f 4135// 4136// 4137//
f 4133// 4138// 4134//
f 4136// 4134// 4139//
f 4136// 4135// 4140//
f 4141// 4142// 4136//
f 4141// 4136// 4140//
f 4136// 4143// 4144//
f 4142// 4143// 4136//
f 4144// 4145// 4134//
f 4134// 4136// 4144//
f 4134// 4132// 4131//
f 4145// 4132// 4134//
f 4146// 4139// 4134//
f 4147// 4148// 4149//
f 4138// 4133// 4150//
f 4138// 4150// 4151//
f 4152// 4153// 4154//
f 4155// 4156// 4157//
f 4151// 4150// 4158//
f 4158// 4159// 4151//
f 4157// 4156// 4159//
f 4157// 4159// 4158//
f 4160// 4161// 4162//
f 4163// 4162// 4161//
f 4151// 4164// 4165//
f 4166// 4167// 4168//
f 4169// 4170// 4171//
f 4151// 4172// 4164//
f 4151// 4173// 4172//
f 4174// 4175// 4176//
f 4174// 4176// 4177//
f 4170// 4169// 4178//
f 4179// 4180// 4181//
f 4173// 4175// 4174//
f 4175// 4173// 4182//
f 4180// 4183// 4171//
f 4151// 4147// 4184//
f 4173// 4151// 4182//
f 4151// 4184// 4182//
f 4151// 4148// 4147//
f 4185// 4186// 4187//
f 4188// 4185// 4189//
f 4190// 4191// 4148//
f 4148// 4191// 4149//
f 4187// 4192// 4185//
f 4193// 4194// 4148//
f 4195// 4196// 4197//
f 4148// 4197// 4190//
f 4197// 4148// 4195//
f 4148// 4194// 4198//
f 4148// 4198// 4195//
f 4199// 4193// 4200//
f 4168// 4167// 4201//
f 4202// 4203// 4204//
f 4205// 4206// 4207//
f 4207// 4208// 4205//
f 4203// 4209// 4204//
f 4183// 4169// 4171//
f 4169// 4210// 4178//
f 4186// 4185// 4188//
f 4185// 4192// 4211//
f 4185// 4179// 4189//
f 4179// 4183// 4180//
f 4179// 4181// 4189//
f 4178// 4210// 4212//
f 4213// 4212// 4207//
f 4210// 4207// 4212//
f 4207// 4206// 4213//
f 4167// 4208// 4207//
f 4167// 4214// 4208//
f 4214// 4167// 4202//
f 4202// 4167// 4203//
f 4204// 4209// 4215//
f 4216// 4217// 4218//
f 4217// 4168// 4201//
f 4199// 4216// 4218//
f 4167// 4219// 4203//
f 4167// 4220// 4219//
f 4217// 4221// 4218//
f 4167// 4166// 4220//
f 4201// 4221// 4217//
f 4193// 4199// 4218//
f 4222// 4200// 4193//
f 4223// 4224// 4222//
f 4225// 4226// 4227//
f 4228// 4229// 4230//
f 4222// 4224// 4200//
f 4231// 4222// 4193//
f 4232// 4233// 4234//
f 4232// 4235// 4236//
f 4237// 4238// 4239//
f 4233// 4240// 4234//
f 4241// 4242// 4243//
f 4239// 4244// 4237//
f 4242// 4245// 4153//
f 4245// 4246// 4247//
f 4243// 4248// 4249//
f 4245// 4250// 4246//
f 4242// 4250// 4245//
f 4242// 4241// 4250//
f 4242// 4138// 4243//
f 4153// 4251// 4252//
f 4153// 4252// 4253//
f 4153// 4249// 4251//
f 4249// 4254// 4251//
f 4240// 4233// 4255//
f 4249// 4256// 4254//
f 4232// 4234// 4235//
f 4257// 4226// 4258//
f 4152// 4259// 4153//
f 4259// 4260// 4148//
f 4253// 4154// 4153//
f 4261// 4262// 4263//
f 4234// 4230// 4264//
f 4234// 4265// 4230//
f 4266// 4265// 4267//
f 4234// 4268// 4265//
f 4265// 4268// 4267//
f 4269// 4270// 4271//
f 4268// 4234// 4240//
f 4152// 4264// 4272//
f 4273// 4230// 4229//
f 4272// 4259// 4152//
f 4230// 4273// 4264//
f 4264// 4273// 4274//
f 4222// 4227// 4223//
f 4231// 4275// 4276//
f 4277// 4278// 4279//
f 4280// 4281// 4282//
f 4283// 4284// 4285//
f 4286// 4287// 4279//
f 4279// 4287// 4263//
f 4288// 4289// 4290//
f 4291// 4292// 4293//
f 4294// 4295// 4296//
f 4297// 4298// 4299//
f 4300// 4271// 4301//
f 4302// 4303// 4304//
f 4304// 4305// 4302//
f 4303// 4302// 4306//
f 4293// 4304// 4291//
f 4304// 4293// 4305//
f 4292// 4291// 4307//
f 4271// 4308// 4269//
f 4294// 4296// 4307//
f 4307// 4291// 4294//
f 4295// 4278// 4296//
f 4289// 4309// 4290//
f 4269// 4310// 4277//
f 4270// 4269// 4277//
f 4237// 4244// 4311//
f 4257// 4258// 4244//
f 4257// 4244// 4239//
f 4285// 4281// 4280//
f 4282// 4312// 4280//
f 4283// 4299// 4313//
f 4298// 4313// 4299//
f 4313// 4284// 4283//
f 4284// 4281// 4285//
f 4314// 4315// 4316//
f 4161// 4317// 4138//
f 4300// 4308// 4271//
f 4240// 4255// 4318//
f 4319// 4233// 4232//
f 4233// 4319// 4320//
f 4256// 4248// 4236//
f 4236// 4248// 4232//
f 4256// 4249// 4248//
f 4138// 4317// 4243//
f 4248// 4243// 4317//
f 4321// 4322// 4318//
f 4318// 4255// 4323//
f 4255// 4324// 4325//
f 4255// 4325// 4326//
f 4255// 4161// 4324//
f 4327// 4328// 4329//
f 4161// 4330// 4324//
f 4161// 4160// 4330//
f 4138// 4331// 4163//
f 4138// 4163// 4161//
f 4331// 4138// 4332//
f 4333// 4322// 4321//
f 4255// 4326// 4323//
f 4318// 4323// 4321//
f 4334// 4335// 4336//
f 4301// 4337// 4338//
f 4331// 4334// 4333//
f 4331// 4339// 4334//
f 4244// 4165// 4311//
f 4340// 4339// 4341//
f 4331// 4342// 4339//
f 4339// 4342// 4341//
f 4332// 4138// 4327//
f 4342// 4331// 4332//
f 4343// 4327// 4329//
f 4344// 4345// 4346//
f 4347// 4334// 4336//
f 4309// 4333// 4270//
f 4334// 4347// 4333//
f 4333// 4347// 4270//
f 4348// 4349// 4350//
f 4351// 4151// 4244//
f 4151// 4165// 4244//
f 4226// 4225// 4258//
f 4352// 4351// 4353//
f 4354// 4355// 4356//
f 4357// 4358// 4348//
f 4359// 4360// 4361//
f 4327// 4362// 4271//
f 4338// 4337// 4363//
f 4364// 4355// 4365//
f 4366// 4367// 4368//
f 4369// 4301// 4370//
f 4351// 4371// 4353//
f 4358// 4359// 4348//
f 4354// 4365// 4355//
f 4356// 4353// 4354//
f 4349// 4348// 4359//
f 4360// 4372// 4361//
f 4359// 4361// 4349//
f 4351// 4352// 4373//
f 4374// 4372// 4360//
f 4362// 4375// 4374//
f 4372// 4374// 4375//
f 4376// 4375// 4362//
f 4327// 4376// 4362//
f 4343// 4376// 4327//
f 4351// 4328// 4151//
f 4328// 4327// 4138//
f 4138// 4151// 4328//
f 4351// 4377// 4328//
f 4351// 4373// 4377//
f 4354// 4353// 4371//
f 4378// 4344// 4379//
f 4362// 4370// 4271//
f 4301// 4271// 4370//
f 4227// 4222// 4225//
f 4380// 4378// 4381//
f 4382// 4383// 4384//
f 4316// 4315// 4385//
f 4378// 4386// 4381//
f 4365// 4258// 4366//
f 4387// 4364// 4388//
f 4388// 4364// 4368//
f 4364// 4365// 4366//
f 4366// 4258// 4225//
f 4344// 4346// 4383//
f 4389// 4390// 4391//
f 4389// 4391// 4392//
f 4379// 4344// 4393//
f 4394// 4316// 4385//
f 4367// 4386// 4378//
f 4382// 4344// 4383//
f 4378// 4379// 4367//
f 4369// 4388// 4337//
f 4363// 4337// 4312//
f 4280// 4312// 4276//
f 4394// 4379// 4316//
f 4393// 4344// 4382//
f 4379// 4393// 4316//
f 4392// 4384// 4389//
f 4383// 4389// 4384//
f 4395// 4396// 4390//
f 4397// 4398// 4231//
f 4276// 4395// 4231//
f 4397// 4399// 4398//
f 4276// 4400// 4280//
f 4395// 4401// 4396//
f 4261// 4287// 4397//
f 4400// 4276// 4275//
f 4397// 4287// 4399//
f 4363// 4312// 4402//
f 4312// 4282// 4402//
f 4369// 4337// 4301//
f 4369// 4387// 4388//
f 4364// 4366// 4368//
f 4366// 4386// 4367//
f 4318// 4322// 4403//
f 4278// 4286// 4279//
f 4263// 4262// 4404//
f 4296// 4278// 4277//
f 4296// 4277// 4310//
f 4333// 4309// 4322//
f 4309// 4289// 4322//
f 4270// 4277// 4309//
f 4272// 4264// 4274//
f 4263// 4287// 4261//
f 4148// 4231// 4193//
f 4395// 4390// 4231//
f 4389// 4222// 4231//
f 4231// 4390// 4389//
f 4405// 4275// 4231//
f 4231// 4398// 4405//
f 4148// 4260// 4231//
f 4242// 4259// 4148//
f 4153// 4259// 4242//
f 4406// 4272// 4274//
f 4406// 4407// 4272//
f 4318// 4403// 4406//
f 4403// 4407// 4406//
f 4156// 4408// 4409//
f 4410// 4411// 4412//
f 4242// 4413// 4414//
f 4415// 4416// 3425//
f 4411// 4148// 4417//
f 4156// 4148// 4408//
f 3425// 4418// 4415//
f 4419// 4415// 4418//
f 4242// 4146// 4413//
f 3471// 3425// 4416//
f 4139// 4420// 4418//
f 4421// 4420// 4422//
f 4146// 4420// 4139//
f 4139// 4418// 3425//
f 4420// 4146// 4422//
f 4423// 4424// 4425//
f 4148// 4422// 4242//
f 4422// 4146// 4242//
f 4422// 4148// 4411//
f 3471// 4416// 4424//
f 4426// 4417// 4156//
f 4148// 4156// 4417//
f 4411// 4417// 4412//
f 3471// 4426// 4155//
f 4426// 4156// 4155//
f 4426// 3471// 4427//
f 3471// 4424// 4427//
f 4424// 4416// 4425//
f 4424// 4428// 4429//
f 4428// 4430// 4431//
f 4424// 4423// 4428//
f 4430// 4412// 4417//
f 4431// 4429// 4428//
f 4430// 4417// 4431//
f 4415// 4432// 4433//
f 4432// 4434// 4435//
f 4415// 4419// 4432//
f 4434// 4421// 4422//
f 4434// 4422// 4435//
f 4432// 4435// 4433//
f 4436// 4411// 4437//
f 4438// 4436// 4437//
f 4416// 4439// 4438//
f 4411// 4410// 4437//
f 4438// 4439// 4436//
f 4438// 4425// 4416//
f 3422// 4440// 4441//
f 4441// 3425// 3422//
f 4136// 4440// 3422//
f 4136// 4442// 4443//
f 4136// 4443// 4440//
f 3425// 4442// 4139//
f 4136// 4139// 4442//
f 3425// 4441// 4442//
f 4145// 3389// 4132//
f 4142// 3429// 4143//
f 4144// 3430// 3426//
f 3434// 4140// 4135//
f 3427// 4141// 3437//
f 3441// 3435// 4137//
f 4135// 4137// 3435//
f 4136// 3422// 3441//
f 3441// 4137// 4136//
f 3434// 3437// 4140//
f 3434// 4135// 3435//
f 3427// 4142// 4141//
f 3437// 4141// 4140//
f 3429// 3430// 4143//
f 3427// 3429// 4142//
f 4144// 3426// 4145//
f 4143// 3430// 4144//
f 3389// 4145// 3426//
f 3393// 4150// 4133//
f 3393// 3442// 4150//
f 4126// 4129// 3448//
f 4103// 4150// 4444//
f 4445// 4150// 4446//
f 4150// 4103// 4158//
f 4447// 4448// 4150//
f 4150// 4448// 4444//
f 4449// 4450// 4150//
f 4150// 4450// 4447//
f 4150// 4445// 4451//
f 4150// 4451// 4449//
f 4452// 4446// 3442//
f 4150// 3442// 4446//
f 4453// 4454// 3442//
f 3442// 4454// 4452//
f 4455// 4456// 3442//
f 3442// 4456// 4453//
f 4457// 4458// 3442//
f 3442// 4458// 4455//
f 3442// 4130// 4457//
f 3442// 3448// 4130//
f 3448// 4110// 4121//
f 3448// 4129// 4130//
f 4125// 4123// 3448//
f 3448// 4123// 4126//
f 4120// 4117// 3448//
f 3448// 4117// 4125//
f 3448// 4121// 4120//
f 4113// 4110// 4158//
f 3448// 4158// 4110//
f 4106// 4114// 4158//
f 4158// 4114// 4113//
f 4108// 4107// 4158//
f 4158// 4107// 4106//
f 4102// 4099// 4158//
f 4158// 4099// 4108//
f 4103// 4102// 4158//
f 4157// 4459// 4460//
f 4461// 4460// 4459//
f 4462// 4463// 3461//
f 3448// 4459// 4158//
f 4459// 4157// 4158//
f 4463// 4462// 4464//
f 4459// 3448// 4463//
f 3461// 4463// 3448//
f 4462// 3471// 4464//
f 4462// 3461// 3471//
f 4465// 4464// 3471//
f 4465// 3471// 4155//
f 4155// 4461// 4466//
f 4465// 4155// 4466//
f 4461// 4155// 4460//
f 4460// 4155// 4157//
f 3393// 3448// 3442//
f 3393// 3425// 3461//
f 3461// 3448// 3393//
f 3435// 3422// 3434//
f 3441// 3422// 3435//
f 3422// 3437// 3434//
f 3427// 3422// 3429//
f 3427// 3437// 3422//
f 3422// 3426// 3430//
f 3429// 3422// 3430//
f 3388// 3389// 3422//
f 3422// 3389// 3426//
f 3422// 3425// 3393//
f 3393// 3388// 3422//
f 3471// 3461// 3425//
f 4467// 4426// 4427//
f 4427// 4468// 4467//
f 4469// 4467// 4468//
f 4468// 4470// 4469//
f 4469// 4471// 4472//
f 4471// 4469// 4470//
f 4473// 4474// 4475//
f 4470// 4474// 4473//
f 4471// 4470// 4473//
f 4471// 4476// 4472//
f 4429// 4475// 4474//
f 4475// 4429// 4477//
f 4431// 4478// 4429//
f 4477// 4429// 4478//
f 4431// 4476// 4478//
f 4431// 4472// 4476//
f 4429// 4474// 4470//
f 4429// 4470// 4424//
f 4470// 4468// 4427//
f 4470// 4427// 4424//
f 4431// 4417// 4469//
f 4469// 4472// 4431//
f 4467// 4469// 4426//
f 4426// 4469// 4417//
f 4479// 4436// 4439//
f 4479// 4480// 4436//
f 4481// 4480// 4479//
f 4479// 4482// 4481//
f 4022// 4021// 4481//
f 4047// 4483// 4484//
f 4483// 4485// 4486//
f 4483// 4047// 4482//
f 4487// 4488// 4483//
f 4483// 4488// 4484//
f 4489// 4490// 4483//
f 4483// 4490// 4487//
f 4483// 4486// 4489//
f 4491// 4485// 4492//
f 4483// 4492// 4485//
f 4493// 4494// 4492//
f 4492// 4494// 4491//
f 4495// 4496// 4492//
f 4492// 4496// 4493//
f 4492// 4023// 4495//
f 4492// 4481// 4023//
f 4033// 4037// 4481//
f 4481// 4021// 4023//
f 4026// 4031// 4481//
f 4481// 4031// 4022//
f 4481// 4037// 4027//
f 4481// 4027// 4026//
f 4034// 4033// 4482//
f 4481// 4482// 4033//
f 4040// 4041// 4482//
f 4482// 4041// 4034//
f 4045// 4043// 4482//
f 4482// 4043// 4040//
f 4047// 4045// 4482//
f 4497// 4492// 4483//
f 4483// 4498// 4497//
f 4433// 4497// 4498//
f 4433// 4435// 4497//
f 4433// 4498// 4483//
f 4439// 4482// 4479//
f 4433// 4483// 4415//
f 4483// 4482// 4416//
f 4483// 4416// 4415//
f 4439// 4416// 4482//
f 4422// 4492// 4435//
f 4480// 4481// 4436//
f 4497// 4435// 4492//
f 4492// 4422// 4411//
f 4411// 4481// 4492//
f 4436// 4481// 4411//
f 4438// 4430// 4428//
f 4438// 4437// 4430//
f 4438// 4428// 4423//
f 4438// 4423// 4425//
f 4437// 4410// 4412//
f 4412// 4430// 4437//
f 4499// 4434// 4432//
f 4499// 4500// 4434//
f 4420// 4500// 4501//
f 4502// 4503// 4499//
f 4504// 4418// 4420//
f 4503// 4501// 4500//
f 4499// 4503// 4500//
f 4499// 4504// 4502//
f 4420// 4501// 4504//
f 4499// 4418// 4504//
f 4499// 4419// 4418//
f 4419// 4499// 4432//
f 4500// 4420// 4421//
f 4421// 4434// 4500//
f 4065// 4445// 4446//
f 4451// 4445// 4091//
f 4065// 4091// 4445//
f 4451// 4090// 4449//
f 4090// 4451// 4091//
f 4089// 4450// 4449//
f 4449// 4090// 4089//
f 4447// 4450// 4088//
f 4089// 4088// 4450//
f 4447// 4087// 4448//
f 4087// 4447// 4088//
f 4075// 4444// 4448//
f 4448// 4087// 4075//
f 4103// 4444// 4074//
f 4075// 4074// 4444//
f 4077// 4103// 4074//
f 4092// 4065// 4446//
f 4452// 4093// 4092//
f 4092// 4446// 4452//
f 4094// 4093// 4454//
f 4452// 4454// 4093//
f 4094// 4453// 4095//
f 4453// 4094// 4454//
f 4456// 4096// 4095//
f 4095// 4453// 4456//
f 4097// 4096// 4455//
f 4456// 4455// 4096//
f 4097// 4458// 4098//
f 4458// 4097// 4455//
f 4457// 4084// 4098//
f 4098// 4458// 4457//
f 4457// 4130// 4084//
f 4112// 4505// 4506//
f 3935// 4506// 3958//
f 4507// 4506// 3935//
f 3935// 3962// 4507//
f 3962// 4508// 4507//
f 4508// 3962// 3961//
f 4508// 3961// 4509//
f 3967// 3963// 4510//
f 4510// 4509// 3967//
f 4511// 3963// 3927//
f 3963// 4511// 4510//
f 4512// 4128// 4127//
f 4511// 3927// 4512//
f 4085// 4128// 4512//
f 4084// 4128// 4085//
f 4085// 4512// 3929//
f 4505// 3958// 4506//
f 3958// 4505// 3968//
f 4513// 3969// 3968//
f 3968// 4505// 4513//
f 3969// 4514// 3970//
f 4514// 3969// 4513//
f 3971// 3970// 4515//
f 4514// 4515// 3970//
f 4516// 3972// 3971//
f 3971// 4515// 4516//
f 3972// 4517// 3973//
f 4517// 3972// 4516//
f 3974// 3973// 4518//
f 4517// 4518// 3973//
f 4077// 4076// 4519//
f 3974// 4518// 4519//
f 4076// 3953// 4519//
f 3956// 3953// 4076//
f 4512// 4127// 4511//
f 4512// 3927// 3929//
f 4127// 4122// 4511//
f 4511// 4122// 4510//
f 4122// 4124// 4510//
f 3967// 4509// 3961//
f 4510// 4124// 4509//
f 4116// 4509// 4124//
f 4509// 4116// 4508//
f 4118// 4508// 4116//
f 4508// 4118// 4507//
f 4119// 4507// 4118//
f 4507// 4119// 4506//
f 4112// 4506// 4119//
f 4112// 4111// 4505//
f 4505// 4111// 4513//
f 4111// 4115// 4513//
f 4513// 4115// 4514//
f 4115// 4105// 4514//
f 4514// 4105// 4515//
f 4105// 4104// 4515//
f 4515// 4104// 4516//
f 4104// 4109// 4516//
f 4516// 4109// 4517//
f 4109// 4101// 4517//
f 4517// 4101// 4518//
f 4101// 4100// 4518//
f 4100// 4077// 4519//
f 4518// 4100// 4519//
f 3974// 4519// 3953//
f 4520// 4007// 3992//
f 4006// 4007// 4521//
f 4520// 4521// 4007//
f 4006// 4522// 3987//
f 4522// 4006// 4521//
f 4523// 3980// 3987//
f 3987// 4522// 4523//
f 3975// 3980// 4524//
f 4523// 4524// 3980//
f 3975// 4525// 3976//
f 4525// 3975// 4524//
f 4526// 4011// 3976//
f 3976// 4525// 4526//
f 3955// 4011// 4527//
f 4526// 4527// 4011//
f 4050// 3955// 4527//
f 4528// 4520// 3992//
f 4004// 4529// 4528//
f 4528// 3992// 4004//
f 4530// 4529// 3989//
f 4004// 3989// 4529//
f 4530// 3996// 4531//
f 3996// 4530// 3989//
f 3994// 4532// 4531//
f 4531// 3996// 3994//
f 4533// 4532// 3993//
f 3994// 3993// 4532//
f 4533// 3999// 4534//
f 3999// 4533// 3993//
f 4003// 4064// 4534//
f 4534// 3999// 4003//
f 4003// 3964// 4064//
f 4056// 4028// 4054//
f 4535// 4536// 4525//
f 4029// 4052// 4051//
f 4036// 4055// 4054//
f 4051// 4053// 4030//
f 4035// 4059// 4055//
f 4032// 4058// 4059//
f 4057// 4058// 4042//
f 4024// 4020// 4049//
f 4062// 4044// 4063//
f 4050// 4527// 4025//
f 4537// 4538// 4533//
f 4526// 4525// 4536//
f 4530// 4531// 4539//
f 4522// 4540// 4523//
f 4520// 4541// 4542//
f 4539// 4543// 4529//
f 4528// 4543// 4541//
f 4544// 4522// 4521//
f 4521// 4520// 4542//
f 4532// 4538// 4545//
f 4531// 4532// 4545//
f 4537// 4534// 4046//
f 4540// 4535// 4524//
f 4526// 4536// 4546//
f 4064// 4063// 4046//
f 4527// 4526// 4546//
f 4042// 4039// 4061//
f 4048// 4050// 4025//
f 4060// 4039// 4038//
f 4527// 4546// 4025//
f 4035// 4055// 4036//
f 4535// 4525// 4524//
f 4540// 4524// 4523//
f 4540// 4522// 4544//
f 4544// 4521// 4542//
f 4541// 4520// 4528//
f 4543// 4528// 4529//
f 4539// 4529// 4530//
f 4539// 4531// 4545//
f 4538// 4532// 4533//
f 4537// 4533// 4534//
f 4046// 4534// 4064//
f 4046// 4063// 4044//
f 4038// 4062// 4060//
f 4038// 4044// 4062//
f 4039// 4060// 4061//
f 4042// 4061// 4057//
f 4042// 4058// 4032//
f 4032// 4059// 4035//
f 4028// 4036// 4054//
f 4029// 4028// 4056//
f 4029// 4051// 4030//
f 4029// 4056// 4052//
f 4030// 4053// 4020//
f 4049// 4048// 4024//
f 4053// 4049// 4020//
f 4025// 4024// 4048//
f 4542// 4486// 4485//
f 4485// 4491// 4544//
f 4544// 4542// 4485//
f 4494// 4540// 4491//
f 4544// 4491// 4540//
f 4535// 4494// 4493//
f 4494// 4535// 4540//
f 4493// 4496// 4536//
f 4536// 4535// 4493//
f 4495// 4546// 4496//
f 4536// 4496// 4546//
f 4025// 4495// 4023//
f 4495// 4025// 4546//
f 4542// 4541// 4486//
f 4489// 4541// 4543//
f 4541// 4489// 4486//
f 4543// 4539// 4490//
f 4490// 4489// 4543//
f 4545// 4487// 4539//
f 4490// 4539// 4487//
f 4488// 4545// 4538//
f 4545// 4488// 4487//
f 4538// 4537// 4484//
f 4484// 4488// 4538//
f 4484// 4537// 4047//
f 4537// 4046// 4047//
f 4461// 4476// 4471//
f 4476// 4461// 4459//
f 4463// 4464// 4475//
f 4473// 4475// 4464//
f 4459// 4478// 4476//
f 4478// 4459// 4477//
f 4459// 4463// 4477//
f 4463// 4475// 4477//
f 4473// 4464// 4465//
f 4465// 4466// 4473//
f 4473// 4466// 4471//
f 4471// 4466// 4461//
f 4547// 4548// 4503//
f 4503// 4502// 4547//
f 4548// 4549// 4501//
f 4501// 4503// 4548//
f 4549// 4550// 4504//
f 4504// 4501// 4549//
f 4550// 4547// 4502//
f 4502// 4504// 4550//
f 4548// 4440// 4443//
f 4548// 4547// 4440//
f 4550// 4442// 4441//
f 4550// 4549// 4442//
f 4442// 4549// 4548//
f 4548// 4443// 4442//
f 4441// 4440// 4547//
f 4547// 4550// 4441//
f 4413// 4551// 4552//
f 4552// 4414// 4413//
f 4413// 4134// 4551//
f 4413// 4146// 4134//
f 4242// 4552// 4138//
f 4242// 4414// 4552//
f 4552// 4134// 4138//
f 4552// 4551// 4134//
f 4408// 4553// 4554//
f 4554// 4409// 4408//
f 4408// 4151// 4553//
f 4408// 4148// 4151//
f 4156// 4554// 4159//
f 4156// 4409// 4554//
f 4554// 4151// 4159//
f 4554// 4553// 4151//
f 4555// 4556// 4557//
f 4558// 4555// 4559//
f 4555// 4558// 4556//
f 4560// 4556// 4561//
f 4562// 4563// 4564//
f 4562// 4560// 4565//
f 4563// 4562// 4565//
f 4556// 4558// 4561//
f 4561// 4565// 4560//
f 4566// 4567// 4568//
f 4568// 4567// 4569//
f 4569// 4570// 4568//
f 4567// 4566// 4571//
f 4572// 4573// 4574//
f 4575// 4576// 4573//
f 4573// 4572// 4575//
f 4577// 4576// 4575//
f 4578// 4576// 4577//
f 4578// 4579// 4576//
f 4579// 4578// 4580//
f 4578// 4581// 4582//
f 4578// 4577// 4581//
f 4582// 4583// 4584//
f 4584// 4578// 4582//
f 4583// 4585// 4584//
f 4586// 4587// 4588//
f 4589// 4586// 4590//
f 4586// 4589// 4587//
f 4591// 4587// 4592//
f 4593// 4594// 4595//
f 4593// 4591// 4596//
f 4594// 4593// 4596//
f 4587// 4589// 4592//
f 4592// 4596// 4591//
f 4597// 4598// 4599//
f 4599// 4598// 4600//
f 4600// 4601// 4599//
f 4598// 4597// 4602//
f 4603// 4604// 4605//
f 4606// 4607// 4608//
f 4606// 4608// 4609//
f 4603// 4610// 4604//
f 4610// 4603// 4607//
f 4607// 4606// 4610//
f 4611// 4612// 4613//
f 4614// 4615// 4616//
f 4617// 4618// 4619//
f 4614// 4613// 4615//
f 4620// 4621// 4622//
f 4619// 4623// 4624//
f 4625// 4626// 4627//
f 4628// 4629// 4620//
f 4630// 4631// 4632//
f 4633// 4634// 4631//
f 4635// 4636// 4637//
f 4630// 4637// 4636//
f 4638// 4639// 4640//
f 4641// 4636// 4635//
f 4642// 4639// 4638//
f 4641// 4639// 4642//
f 4643// 4638// 4640//
f 4632// 4637// 4630//
f 4634// 4633// 4625//
f 4631// 4634// 4632//
f 4626// 4644// 4627//
f 4633// 4626// 4625//
f 4620// 4645// 4628//
f 4627// 4644// 4628//
f 4623// 4621// 4646//
f 4621// 4620// 4647//
f 4623// 4619// 4648//
f 4621// 4623// 4649//
f 4611// 4618// 4617//
f 4617// 4619// 4624//
f 4614// 4650// 4613//
f 4611// 4613// 4618//
f 4651// 4652// 4653//
f 4652// 4616// 4615//
f 4612// 4653// 4615//
f 4652// 4615// 4653//
f 4650// 4654// 4618//
f 4612// 4615// 4613//
f 4650// 4618// 4613//
f 4654// 4648// 4619//
f 4654// 4619// 4618//
f 4648// 4649// 4623//
f 4621// 4649// 4622//
f 4646// 4624// 4623//
f 4620// 4622// 4645//
f 4647// 4646// 4621//
f 4628// 4645// 4655//
f 4629// 4647// 4620//
f 4627// 4655// 4656//
f 4644// 4629// 4628//
f 4655// 4627// 4628//
f 4656// 4657// 4625//
f 4656// 4625// 4627//
f 4657// 4658// 4634//
f 4657// 4634// 4625//
f 4658// 4659// 4632//
f 4658// 4632// 4634//
f 4659// 4660// 4637//
f 4659// 4637// 4632//
f 4660// 4661// 4635//
f 4660// 4635// 4637//
f 4661// 4640// 4639//
f 4661// 4639// 4635//
f 4641// 4635// 4639//
f 4662// 4663// 4664//
f 4665// 4666// 4643//
f 4667// 4668// 4669//
f 4665// 4664// 4666//
f 4670// 4671// 4672//
f 4669// 4673// 4674//
f 4675// 4676// 4677//
f 4678// 4679// 4670//
f 4680// 4681// 4682//
f 4683// 4684// 4681//
f 4685// 4686// 4687//
f 4680// 4687// 4686//
f 4652// 4688// 4689//
f 4690// 4686// 4685//
f 4651// 4688// 4652//
f 4690// 4688// 4651//
f 4616// 4652// 4689//
f 4682// 4687// 4680//
f 4684// 4683// 4675//
f 4681// 4684// 4682//
f 4676// 4691// 4677//
f 4683// 4676// 4675//
f 4670// 4692// 4678//
f 4677// 4691// 4678//
f 4673// 4671// 4693//
f 4671// 4670// 4694//
f 4673// 4669// 4695//
f 4671// 4673// 4696//
f 4662// 4668// 4667//
f 4667// 4669// 4674//
f 4665// 4697// 4664//
f 4662// 4664// 4668//
f 4642// 4638// 4698//
f 4638// 4643// 4666//
f 4663// 4698// 4666//
f 4638// 4666// 4698//
f 4697// 4699// 4668//
f 4663// 4666// 4664//
f 4697// 4668// 4664//
f 4699// 4695// 4669//
f 4699// 4669// 4668//
f 4695// 4696// 4673//
f 4671// 4696// 4672//
f 4693// 4674// 4673//
f 4670// 4672// 4692//
f 4694// 4693// 4671//
f 4678// 4692// 4700//
f 4679// 4694// 4670//
f 4677// 4700// 4701//
f 4691// 4679// 4678//
f 4700// 4677// 4678//
f 4701// 4702// 4675//
f 4701// 4675// 4677//
f 4702// 4703// 4684//
f 4702// 4684// 4675//
f 4703// 4704// 4682//
f 4703// 4682// 4684//
f 4704// 4705// 4687//
f 4704// 4687// 4682//
f 4705// 4706// 4685//
f 4705// 4685// 4687//
f 4706// 4689// 4688//
f 4706// 4688// 4685//
f 4690// 4685// 4688//
f 4707// 4708// 4709//
f 4710// 4711// 4712//
f 4713// 4714// 4715//
f 4716// 4717// 4718//
f 4719// 4720// 4721//
f 4722// 4723// 4724//
f 4725// 4726// 4727//
f 4728// 4726// 4729//
f 4725// 4730// 4731//
f 4730// 4725// 4727//
f 4732// 4733// 4731//
f 4731// 4730// 4732//
f 4728// 4729// 4721//
f 4732// 4734// 4733//
f 4726// 4728// 4727//
f 4722// 4720// 4719//
f 4719// 4721// 4729//
f 4714// 4724// 4723//
f 4724// 4720// 4722//
f 4713// 4715// 4716//
f 4714// 4723// 4715//
f 4718// 4717// 4709//
f 4713// 4716// 4718//
f 4707// 4711// 4708//
f 4717// 4707// 4709//
f 4710// 4708// 4711//
f 4636// 4735// 4736//
f 4737// 4641// 4642//
f 4738// 4739// 4633//
f 4631// 4630// 4740//
f 4629// 4741// 4742//
f 4644// 4626// 4743//
f 4744// 4624// 4745//
f 4746// 4646// 4647//
f 4747// 4611// 4748//
f 4617// 4748// 4611//
f 4612// 4747// 4749//
f 4747// 4612// 4611//
f 4749// 4750// 4653//
f 4653// 4612// 4749//
f 4751// 4651// 4750//
f 4653// 4750// 4651//
f 4617// 4624// 4744//
f 4748// 4617// 4744//
f 4646// 4746// 4745//
f 4624// 4646// 4745//
f 4629// 4742// 4647//
f 4647// 4742// 4746//
f 4743// 4741// 4644//
f 4644// 4741// 4629//
f 4739// 4626// 4633//
f 4739// 4743// 4626//
f 4738// 4631// 4740//
f 4738// 4633// 4631//
f 4630// 4636// 4736//
f 4740// 4630// 4736//
f 4641// 4737// 4735//
f 4636// 4641// 4735//
f 4752// 4753// 4754//
f 4672// 4754// 4692//
f 4755// 4754// 4672//
f 4672// 4696// 4755//
f 4696// 4756// 4755//
f 4756// 4696// 4695//
f 4756// 4695// 4757//
f 4699// 4697// 4758//
f 4758// 4757// 4699//
f 4759// 4697// 4665//
f 4697// 4759// 4758//
f 4760// 4761// 4762//
f 4759// 4665// 4760//
f 4763// 4761// 4760//
f 4764// 4761// 4763//
f 4763// 4760// 4643//
f 4753// 4692// 4754//
f 4692// 4753// 4700//
f 4765// 4701// 4700//
f 4700// 4753// 4765//
f 4701// 4766// 4702//
f 4766// 4701// 4765//
f 4703// 4702// 4767//
f 4766// 4767// 4702//
f 4768// 4704// 4703//
f 4703// 4767// 4768//
f 4704// 4769// 4705//
f 4769// 4704// 4768//
f 4706// 4705// 4770//
f 4769// 4770// 4705//
f 4771// 4772// 4773//
f 4706// 4770// 4773//
f 4772// 4689// 4773//
f 4616// 4689// 4772//
f 4760// 4762// 4759//
f 4760// 4665// 4643//
f 4762// 4774// 4759//
f 4759// 4774// 4758//
f 4774// 4775// 4758//
f 4699// 4757// 4695//
f 4758// 4775// 4757//
f 4776// 4757// 4775//
f 4757// 4776// 4756//
f 4777// 4756// 4776//
f 4756// 4777// 4755//
f 4778// 4755// 4777//
f 4755// 4778// 4754//
f 4752// 4754// 4778//
f 4752// 4779// 4753//
f 4753// 4779// 4765//
f 4779// 4780// 4765//
f 4765// 4780// 4766//
f 4780// 4781// 4766//
f 4766// 4781// 4767//
f 4781// 4782// 4767//
f 4767// 4782// 4768//
f 4782// 4783// 4768//
f 4768// 4783// 4769//
f 4783// 4784// 4769//
f 4769// 4784// 4770//
f 4784// 4785// 4770//
f 4785// 4771// 4773//
f 4770// 4785// 4773//
f 4706// 4773// 4689//
f 4786// 4787// 4788//
f 4764// 4789// 4790//
f 4791// 4792// 4793//
f 4794// 4795// 4796//
f 4797// 4798// 4799//
f 4800// 4801// 4802//
f 4803// 4804// 4805//
f 4806// 4807// 4808//
f 4809// 4810// 4811//
f 4812// 4811// 4810//
f 4813// 4809// 4814//
f 4809// 4813// 4810//
f 4814// 4815// 4816//
f 4816// 4813// 4814//
f 4771// 4817// 4815//
f 4816// 4815// 4817//
f 4811// 4812// 4803//
f 4804// 4807// 4805//
f 4812// 4804// 4803//
f 4798// 4797// 4800//
f 4807// 4806// 4805//
f 4797// 4799// 4808//
f 4808// 4799// 4806//
f 4792// 4802// 4801//
f 4802// 4798// 4800//
f 4791// 4793// 4794//
f 4792// 4801// 4793//
f 4796// 4795// 4788//
f 4791// 4794// 4796//
f 4786// 4789// 4787//
f 4795// 4786// 4788//
f 4764// 4787// 4789//
f 3768// 3769// 4818//
f 3769// 4819// 4818//
f 4820// 3768// 4818//
f 3768// 4820// 3770//
f 4821// 3774// 4822//
f 4823// 4824// 4825//
f 4826// 4827// 4828//
f 4829// 4825// 4824//
f 4829// 4821// 4830//
f 4829// 4824// 4821//
f 3774// 4821// 4824//
f 4822// 4831// 4832//
f 4833// 4823// 4825//
f 3774// 4828// 4831//
f 4822// 3774// 4831//
f 4828// 3774// 3773//
f 4834// 4833// 4835//
f 3773// 4836// 4828//
f 4828// 4836// 4826//
f 4823// 4837// 3773//
f 4836// 3773// 4837//
f 4837// 4823// 4838//
f 4823// 4833// 4838//
f 4833// 4825// 4835//
f 4833// 4839// 4840//
f 4839// 4841// 4842//
f 4833// 4834// 4839//
f 4841// 4826// 4836//
f 4842// 4840// 4839//
f 4841// 4836// 4842//
f 4829// 4843// 4844//
f 4843// 4845// 4846//
f 4829// 4830// 4843//
f 4845// 4832// 4831//
f 4845// 4831// 4846//
f 4843// 4846// 4844//
f 4847// 4828// 4848//
f 4849// 4847// 4848//
f 4825// 4850// 4849//
f 4828// 4827// 4848//
f 4849// 4850// 4847//
f 4849// 4835// 4825//
f 4851// 4852// 4853//
f 4853// 4824// 4851//
f 3801// 4852// 4851//
f 3801// 4854// 4855//
f 3801// 4855// 4852//
f 4824// 4854// 3774//
f 3801// 3774// 4854//
f 4824// 4853// 4854//
f 3808// 4819// 3769//
f 3810// 4856// 3806//
f 3807// 4857// 4858//
f 4859// 3809// 3813//
f 4860// 3811// 4861//
f 4862// 4863// 3812//
f 3813// 3812// 4863//
f 3801// 4851// 4862//
f 4862// 3812// 3801//
f 4859// 4861// 3809//
f 4859// 3813// 4863//
f 4860// 3810// 3811//
f 4861// 3811// 3809//
f 4856// 4857// 3806//
f 4860// 4856// 3810//
f 3807// 4858// 3808//
f 3806// 4857// 3807//
f 4819// 3808// 4858//
f 4820// 3814// 3770//
f 4820// 4864// 3814//
f 4813// 4816// 4865//
f 4790// 3814// 4866//
f 4867// 3814// 4868//
f 3814// 4790// 3815//
f 4869// 4870// 3814//
f 3814// 4870// 4866//
f 4871// 4872// 3814//
f 3814// 4872// 4869//
f 3814// 4867// 4873//
f 3814// 4873// 4871//
f 4874// 4868// 4864//
f 3814// 4864// 4868//
f 4875// 4876// 4864//
f 4864// 4876// 4874//
f 4877// 4878// 4864//
f 4864// 4878// 4875//
f 4879// 4880// 4864//
f 4864// 4880// 4877//
f 4864// 4817// 4879//
f 4864// 4865// 4817//
f 4865// 4797// 4808//
f 4865// 4816// 4817//
f 4812// 4810// 4865//
f 4865// 4810// 4813//
f 4807// 4804// 4865//
f 4865// 4804// 4812//
f 4865// 4808// 4807//
f 4800// 4797// 3815//
f 4865// 3815// 4797//
f 4793// 4801// 3815//
f 3815// 4801// 4800//
f 4795// 4794// 3815//
f 3815// 4794// 4793//
f 4789// 4786// 3815//
f 3815// 4786// 4795//
f 4790// 4789// 3815//
f 3836// 4881// 4882//
f 4883// 4882// 4881//
f 4884// 4885// 4886//
f 4865// 4881// 3815//
f 4881// 3836// 3815//
f 4885// 4884// 4887//
f 4881// 4865// 4885//
f 4886// 4885// 4865//
f 4884// 4823// 4887//
f 4884// 4886// 4823//
f 4888// 4887// 4823//
f 4888// 4823// 3773//
f 3773// 4883// 4889//
f 4888// 3773// 4889//
f 4883// 3773// 4882//
f 4882// 3773// 3836//
f 3836// 3774// 3770//
f 3813// 3801// 3812//
f 3815// 3770// 3814//
f 3773// 3774// 3836//
f 3801// 3813// 3809//
f 3811// 3810// 3801//
f 3811// 3801// 3809//
f 3801// 3806// 3807//
f 3810// 3806// 3801//
f 3769// 3801// 3808//
f 3801// 3807// 3808//
f 3768// 3770// 3801//
f 3768// 3801// 3769//
f 3801// 3770// 3774//
f 3770// 3815// 3836//
f 4820// 4865// 4864//
f 4820// 4824// 4886//
f 4886// 4865// 4820//
f 4863// 4851// 4859//
f 4862// 4851// 4863//
f 4851// 4861// 4859//
f 4860// 4851// 4856//
f 4860// 4861// 4851//
f 4851// 4858// 4857//
f 4856// 4851// 4857//
f 4818// 4819// 4851//
f 4851// 4819// 4858//
f 4851// 4824// 4820//
f 4820// 4818// 4851//
f 4823// 4886// 4824//
f 4890// 4837// 4838//
f 4838// 4891// 4890//
f 4892// 4890// 4891//
f 4891// 4893// 4892//
f 4892// 4894// 4895//
f 4894// 4892// 4893//
f 4896// 4897// 4898//
f 4893// 4897// 4896//
f 4894// 4893// 4896//
f 4894// 4899// 4895//
f 4840// 4898// 4897//
f 4898// 4840// 4900//
f 4842// 4901// 4840//
f 4900// 4840// 4901//
f 4842// 4899// 4901//
f 4842// 4895// 4899//
f 4840// 4897// 4893//
f 4840// 4893// 4833//
f 4893// 4891// 4838//
f 4893// 4838// 4833//
f 4842// 4836// 4892//
f 4892// 4895// 4842//
f 4890// 4892// 4837//
f 4837// 4892// 4836//
f 4902// 4847// 4850//
f 4902// 4903// 4847//
f 4904// 4903// 4902//
f 4902// 4905// 4904//
f 4709// 4708// 4904//
f 4734// 4906// 4907//
f 4906// 4908// 4909//
f 4906// 4734// 4905//
f 4910// 4911// 4906//
f 4906// 4911// 4907//
f 4912// 4913// 4906//
f 4906// 4913// 4910//
f 4906// 4909// 4912//
f 4914// 4908// 4915//
f 4906// 4915// 4908//
f 4916// 4917// 4915//
f 4915// 4917// 4914//
f 4918// 4919// 4915//
f 4915// 4919// 4916//
f 4915// 4710// 4918//
f 4915// 4904// 4710//
f 4720// 4724// 4904//
f 4904// 4708// 4710//
f 4713// 4718// 4904//
f 4904// 4718// 4709//
f 4904// 4724// 4714//
f 4904// 4714// 4713//
f 4721// 4720// 4905//
f 4904// 4905// 4720//
f 4727// 4728// 4905//
f 4905// 4728// 4721//
f 4732// 4730// 4905//
f 4905// 4730// 4727//
f 4734// 4732// 4905//
f 4920// 4915// 4906//
f 4906// 4921// 4920//
f 4844// 4920// 4921//
f 4844// 4846// 4920//
f 4844// 4921// 4906//
f 4850// 4905// 4902//
f 4844// 4906// 4829//
f 4906// 4905// 4825//
f 4906// 4825// 4829//
f 4850// 4825// 4905//
f 4831// 4915// 4846//
f 4903// 4904// 4847//
f 4920// 4846// 4915//
f 4915// 4831// 4828//
f 4828// 4904// 4915//
f 4847// 4904// 4828//
f 4849// 4841// 4839//
f 4849// 4848// 4841//
f 4849// 4839// 4834//
f 4849// 4834// 4835//
f 4848// 4827// 4826//
f 4826// 4841// 4848//
f 4922// 4845// 4843//
f 4922// 4923// 4845//
f 4822// 4923// 4924//
f 4925// 4926// 4922//
f 4927// 4821// 4822//
f 4926// 4924// 4923//
f 4922// 4926// 4923//
f 4922// 4927// 4925//
f 4822// 4924// 4927//
f 4922// 4821// 4927//
f 4922// 4830// 4821//
f 4830// 4922// 4843//
f 4923// 4822// 4832//
f 4832// 4845// 4923//
f 4752// 4867// 4868//
f 4873// 4867// 4778//
f 4752// 4778// 4867//
f 4873// 4777// 4871//
f 4777// 4873// 4778//
f 4776// 4872// 4871//
f 4871// 4777// 4776//
f 4869// 4872// 4775//
f 4776// 4775// 4872//
f 4869// 4774// 4870//
f 4774// 4869// 4775//
f 4762// 4866// 4870//
f 4870// 4774// 4762//
f 4790// 4866// 4761//
f 4762// 4761// 4866//
f 4764// 4790// 4761//
f 4779// 4752// 4868//
f 4874// 4780// 4779//
f 4779// 4868// 4874//
f 4781// 4780// 4876//
f 4874// 4876// 4780//
f 4781// 4875// 4782//
f 4875// 4781// 4876//
f 4878// 4783// 4782//
f 4782// 4875// 4878//
f 4784// 4783// 4877//
f 4878// 4877// 4783//
f 4784// 4880// 4785//
f 4880// 4784// 4877//
f 4879// 4771// 4785//
f 4785// 4880// 4879//
f 4879// 4817// 4771//
f 4799// 4928// 4929//
f 4622// 4929// 4645//
f 4930// 4929// 4622//
f 4622// 4649// 4930//
f 4649// 4931// 4930//
f 4931// 4649// 4648//
f 4931// 4648// 4932//
f 4654// 4650// 4933//
f 4933// 4932// 4654//
f 4934// 4650// 4614//
f 4650// 4934// 4933//
f 4935// 4815// 4814//
f 4934// 4614// 4935//
f 4772// 4815// 4935//
f 4771// 4815// 4772//
f 4772// 4935// 4616//
f 4928// 4645// 4929//
f 4645// 4928// 4655//
f 4936// 4656// 4655//
f 4655// 4928// 4936//
f 4656// 4937// 4657//
f 4937// 4656// 4936//
f 4658// 4657// 4938//
f 4937// 4938// 4657//
f 4939// 4659// 4658//
f 4658// 4938// 4939//
f 4659// 4940// 4660//
f 4940// 4659// 4939//
f 4661// 4660// 4941//
f 4940// 4941// 4660//
f 4764// 4763// 4942//
f 4661// 4941// 4942//
f 4763// 4640// 4942//
f 4643// 4640// 4763//
f 4935// 4814// 4934//
f 4935// 4614// 4616//
f 4814// 4809// 4934//
f 4934// 4809// 4933//
f 4809// 4811// 4933//
f 4654// 4932// 4648//
f 4933// 4811// 4932//
f 4803// 4932// 4811//
f 4932// 4803// 4931//
f 4805// 4931// 4803//
f 4931// 4805// 4930//
f 4806// 4930// 4805//
f 4930// 4806// 4929//
f 4799// 4929// 4806//
f 4799// 4798// 4928//
f 4928// 4798// 4936//
f 4798// 4802// 4936//
f 4936// 4802// 4937//
f 4802// 4792// 4937//
f 4937// 4792// 4938//
f 4792// 4791// 4938//
f 4938// 4791// 4939//
f 4791// 4796// 4939//
f 4939// 4796// 4940//
f 4796// 4788// 4940//
f 4940// 4788// 4941//
f 4788// 4787// 4941//
f 4787// 4764// 4942//
f 4941// 4787// 4942//
f 4661// 4942// 4640//
f 4943// 4694// 4679//
f 4693// 4694// 4944//
f 4943// 4944// 4694//
f 4693// 4945// 4674//
f 4945// 4693// 4944//
f 4946// 4667// 4674//
f 4674// 4945// 4946//
f 4662// 4667// 4947//
f 4946// 4947// 4667//
f 4662// 4948// 4663//
f 4948// 4662// 4947//
f 4949// 4698// 4663//
f 4663// 4948// 4949//
f 4642// 4698// 4950//
f 4949// 4950// 4698//
f 4737// 4642// 4950//
f 4951// 4943// 4679//
f 4691// 4952// 4951//
f 4951// 4679// 4691//
f 4953// 4952// 4676//
f 4691// 4676// 4952//
f 4953// 4683// 4954//
f 4683// 4953// 4676//
f 4681// 4955// 4954//
f 4954// 4683// 4681//
f 4956// 4955// 4680//
f 4681// 4680// 4955//
f 4956// 4686// 4957//
f 4686// 4956// 4680//
f 4690// 4751// 4957//
f 4957// 4686// 4690//
f 4690// 4651// 4751//
f 4743// 4715// 4741//
f 4958// 4959// 4948//
f 4716// 4739// 4738//
f 4723// 4742// 4741//
f 4738// 4740// 4717//
f 4722// 4746// 4742//
f 4719// 4745// 4746//
f 4744// 4745// 4729//
f 4711// 4707// 4736//
f 4749// 4731// 4750//
f 4737// 4950// 4712//
f 4960// 4961// 4956//
f 4949// 4948// 4959//
f 4953// 4954// 4962//
f 4945// 4963// 4946//
f 4943// 4964// 4965//
f 4962// 4966// 4952//
f 4951// 4966// 4964//
f 4967// 4945// 4944//
f 4944// 4943// 4965//
f 4955// 4961// 4968//
f 4954// 4955// 4968//
f 4960// 4957// 4733//
f 4963// 4958// 4947//
f 4949// 4959// 4969//
f 4751// 4750// 4733//
f 4950// 4949// 4969//
f 4729// 4726// 4748//
f 4735// 4737// 4712//
f 4747// 4726// 4725//
f 4950// 4969// 4712//
f 4722// 4742// 4723//
f 4958// 4948// 4947//
f 4963// 4947// 4946//
f 4963// 4945// 4967//
f 4967// 4944// 4965//
f 4964// 4943// 4951//
f 4966// 4951// 4952//
f 4962// 4952// 4953//
f 4962// 4954// 4968//
f 4961// 4955// 4956//
f 4960// 4956// 4957//
f 4733// 4957// 4751//
f 4733// 4750// 4731//
f 4725// 4749// 4747//
f 4725// 4731// 4749//
f 4726// 4747// 4748//
f 4729// 4748// 4744//
f 4729// 4745// 4719//
f 4719// 4746// 4722//
f 4715// 4723// 4741//
f 4716// 4715// 4743//
f 4716// 4738// 4717//
f 4716// 4743// 4739//
f 4717// 4740// 4707//
f 4736// 4735// 4711//
f 4740// 4736// 4707//
f 4712// 4711// 4735//
f 4965// 4909// 4908//
f 4908// 4914// 4967//
f 4967// 4965// 4908//
f 4917// 4963// 4914//
f 4967// 4914// 4963//
f 4958// 4917// 4916//
f 4917// 4958// 4963//
f 4916// 4919// 4959//
f 4959// 4958// 4916//
f 4918// 4969// 4919//
f 4959// 4919// 4969//
f 4712// 4918// 4710//
f 4918// 4712// 4969//
f 4965// 4964// 4909//
f 4912// 4964// 4966//
f 4964// 4912// 4909//
f 4966// 4962// 4913//
f 4913// 4912// 4966//
f 4968// 4910// 4962//
f 4913// 4962// 4910//
f 4911// 4968// 4961//
f 4968// 4911// 4910//
f 4961// 4960// 4907//
f 4907// 4911// 4961//
f 4907// 4960// 4734//
f 4960// 4733// 4734//
f 4883// 4899// 4894//
f 4899// 4883// 4881//
f 4885// 4887// 4898//
f 4896// 4898// 4887//
f 4881// 4901// 4899//
f 4901// 4881// 4900//
f 4881// 4885// 4900//
f 4885// 4898// 4900//
f 4896// 4887// 4888//
f 4888// 4889// 4896//
f 4896// 4889// 4894//
f 4894// 4889// 4883//
f 4970// 4971// 4926//
f 4926// 4925// 4970//
f 4971// 4972// 4924//
f 4924// 4926// 4971//
f 4972// 4973// 4927//
f 4927// 4924// 4972//
f 4973// 4970// 4925//
f 4925// 4927// 4973//
f 4971// 4852// 4855//
f 4971// 4970// 4852//
f 4973// 4854// 4853//
f 4973// 4972// 4854//
f 4854// 4972// 4971//
f 4971// 4855// 4854//
f 4853// 4852// 4970//
f 4970// 4973// 4853//
f 4974// 4975// 4976//
f 4977// 4978// 4979//
f 4980// 4981// 4982//
f 4976// 4975// 4979//
f 4983// 4984// 4985//
f 4982// 4986// 4987//
f 4988// 4989// 4990//
f 4991// 4992// 4983//
f 4993// 4994// 4995//
f 4996// 4997// 4994//
f 4998// 4999// 5000//
f 4993// 5000// 4999//
f 5001// 5002// 5003//
f 5004// 4999// 4998//
f 5005// 5002// 5001//
f 5004// 5002// 5005//
f 5006// 5001// 5003//
f 4995// 5000// 4993//
f 4997// 4996// 4988//
f 4994// 4997// 4995//
f 4989// 5007// 4990//
f 4996// 4989// 4988//
f 4983// 5008// 4991//
f 4990// 5007// 4991//
f 4986// 4984// 5009//
f 4984// 4983// 5010//
f 4986// 4982// 5011//
f 4984// 4986// 5012//
f 4977// 4981// 4980//
f 4980// 4982// 4987//
f 4975// 5013// 4979//
f 4977// 4979// 4981//
f 5014// 5015// 5016//
f 5015// 4974// 4976//
f 4978// 5016// 4976//
f 5015// 4976// 5016//
f 5013// 5017// 4981//
f 4978// 4976// 4979//
f 5013// 4981// 4979//
f 5017// 5011// 4982//
f 5017// 4982// 4981//
f 5011// 5012// 4986//
f 4984// 5012// 4985//
f 5009// 4987// 4986//
f 4983// 4985// 5008//
f 5010// 5009// 4984//
f 4991// 5008// 5018//
f 4992// 5010// 4983//
f 4990// 5018// 5019//
f 5007// 4992// 4991//
f 5018// 4990// 4991//
f 5019// 5020// 4988//
f 5019// 4988// 4990//
f 5020// 5021// 4997//
f 5020// 4997// 4988//
f 5021// 5022// 4995//
f 5021// 4995// 4997//
f 5022// 5023// 5000//
f 5022// 5000// 4995//
f 5023// 5024// 4998//
f 5023// 4998// 5000//
f 5024// 5003// 5002//
f 5024// 5002// 4998//
f 5004// 4998// 5002//
f 5025// 5026// 5027//
f 5028// 5029// 5006//
f 5030// 5031// 5032//
f 5028// 5027// 5029//
f 5033// 5034// 5035//
f 5032// 5036// 5037//
f 5038// 5039// 5040//
f 5041// 5042// 5033//
f 5043// 5044// 5045//
f 5046// 5047// 5044//
f 5048// 5049// 5050//
f 5043// 5050// 5049//
f 5015// 5051// 5052//
f 5053// 5049// 5048//
f 5014// 5051// 5015//
f 5053// 5051// 5014//
f 4974// 5015// 5052//
f 5045// 5050// 5043//
f 5047// 5046// 5038//
f 5044// 5047// 5045//
f 5039// 5054// 5040//
f 5046// 5039// 5038//
f 5033// 5055// 5041//
f 5040// 5054// 5041//
f 5036// 5034// 5056//
f 5034// 5033// 5057//
f 5036// 5032// 5058//
f 5034// 5036// 5059//
f 5025// 5031// 5030//
f 5030// 5032// 5037//
f 5028// 5060// 5027//
f 5025// 5027// 5031//
f 5005// 5001// 5061//
f 5001// 5006// 5029//
f 5026// 5061// 5029//
f 5001// 5029// 5061//
f 5060// 5062// 5031//
f 5026// 5029// 5027//
f 5060// 5031// 5027//
f 5062// 5058// 5032//
f 5062// 5032// 5031//
f 5058// 5059// 5036//
f 5034// 5059// 5035//
f 5056// 5037// 5036//
f 5033// 5035// 5055//
f 5057// 5056// 5034//
f 5041// 5055// 5063//
f 5042// 5057// 5033//
f 5040// 5063// 5064//
f 5054// 5042// 5041//
f 5063// 5040// 5041//
f 5064// 5065// 5038//
f 5064// 5038// 5040//
f 5065// 5066// 5047//
f 5065// 5047// 5038//
f 5066// 5067// 5045//
f 5066// 5045// 5047//
f 5067// 5068// 5050//
f 5067// 5050// 5045//
f 5068// 5069// 5048//
f 5068// 5048// 5050//
f 5069// 5052// 5051//
f 5069// 5051// 5048//
f 5053// 5048// 5051//
f 5070// 5071// 5072//
f 5073// 5074// 5075//
f 5076// 5077// 5078//
f 5079// 5080// 5081//
f 5082// 5083// 5084//
f 5085// 5086// 5087//
f 5088// 5089// 5090//
f 5091// 5089// 5092//
f 5088// 5093// 5094//
f 5093// 5088// 5090//
f 5095// 5096// 5094//
f 5094// 5093// 5095//
f 5091// 5092// 5084//
f 5095// 5097// 5096//
f 5089// 5091// 5090//
f 5085// 5083// 5082//
f 5082// 5084// 5092//
f 5077// 5087// 5086//
f 5087// 5083// 5085//
f 5076// 5078// 5079//
f 5077// 5086// 5078//
f 5081// 5080// 5072//
f 5076// 5079// 5081//
f 5070// 5074// 5071//
f 5080// 5070// 5072//
f 5073// 5071// 5074//
f 4999// 5098// 5099//
f 5100// 5004// 5005//
f 5101// 5102// 4996//
f 4994// 4993// 5103//
f 4992// 5104// 5105//
f 5007// 4989// 5106//
f 5107// 4987// 5108//
f 5109// 5009// 5010//
f 5110// 4977// 5111//
f 4980// 5111// 4977//
f 4978// 5110// 5112//
f 5110// 4978// 4977//
f 5112// 5113// 5016//
f 5016// 4978// 5112//
f 5114// 5014// 5113//
f 5016// 5113// 5014//
f 4980// 4987// 5107//
f 5111// 4980// 5107//
f 5009// 5109// 5108//
f 4987// 5009// 5108//
f 4992// 5105// 5010//
f 5010// 5105// 5109//
f 5106// 5104// 5007//
f 5007// 5104// 4992//
f 5102// 4989// 4996//
f 5102// 5106// 4989//
f 5101// 4994// 5103//
f 5101// 4996// 4994//
f 4993// 4999// 5099//
f 5103// 4993// 5099//
f 5004// 5100// 5098//
f 4999// 5004// 5098//
f 5115// 5116// 5117//
f 5035// 5117// 5055//
f 5118// 5117// 5035//
f 5035// 5059// 5118//
f 5059// 5119// 5118//
f 5119// 5059// 5058//
f 5119// 5058// 5120//
f 5062// 5060// 5121//
f 5121// 5120// 5062//
f 5122// 5060// 5028//
f 5060// 5122// 5121//
f 5123// 5124// 5125//
f 5122// 5028// 5123//
f 5126// 5124// 5123//
f 5127// 5124// 5126//
f 5126// 5123// 5006//
f 5116// 5055// 5117//
f 5055// 5116// 5063//
f 5128// 5064// 5063//
f 5063// 5116// 5128//
f 5064// 5129// 5065//
f 5129// 5064// 5128//
f 5066// 5065// 5130//
f 5129// 5130// 5065//
f 5131// 5067// 5066//
f 5066// 5130// 5131//
f 5067// 5132// 5068//
f 5132// 5067// 5131//
f 5069// 5068// 5133//
f 5132// 5133// 5068//
f 5134// 5135// 5136//
f 5069// 5133// 5136//
f 5135// 5052// 5136//
f 4974// 5052// 5135//
f 5123// 5125// 5122//
f 5123// 5028// 5006//
f 5125// 5137// 5122//
f 5122// 5137// 5121//
f 5137// 5138// 5121//
f 5062// 5120// 5058//
f 5121// 5138// 5120//
f 5139// 5120// 5138//
f 5120// 5139// 5119//
f 5140// 5119// 5139//
f 5119// 5140// 5118//
f 5141// 5118// 5140//
f 5118// 5141// 5117//
f 5115// 5117// 5141//
f 5115// 5142// 5116//
f 5116// 5142// 5128//
f 5142// 5143// 5128//
f 5128// 5143// 5129//
f 5143// 5144// 5129//
f 5129// 5144// 5130//
f 5144// 5145// 5130//
f 5130// 5145// 5131//
f 5145// 5146// 5131//
f 5131// 5146// 5132//
f 5146// 5147// 5132//
f 5132// 5147// 5133//
f 5147// 5148// 5133//
f 5148// 5134// 5136//
f 5133// 5148// 5136//
f 5069// 5136// 5052//
f 5149// 5150// 5151//
f 5127// 5152// 5153//
f 5154// 5155// 5156//
f 5157// 5158// 5159//
f 5160// 5161// 5162//
f 5163// 5164// 5165//
f 5166// 5167// 5168//
f 5169// 5170// 5171//
f 5172// 5173// 5174//
f 5175// 5174// 5173//
f 5176// 5172// 5177//
f 5172// 5176// 5173//
f 5177// 5178// 5179//
f 5179// 5176// 5177//
f 5134// 5180// 5178//
f 5179// 5178// 5180//
f 5174// 5175// 5166//
f 5167// 5170// 5168//
f 5175// 5167// 5166//
f 5161// 5160// 5163//
f 5170// 5169// 5168//
f 5160// 5162// 5171//
f 5171// 5162// 5169//
f 5155// 5165// 5164//
f 5165// 5161// 5163//
f 5154// 5156// 5157//
f 5155// 5164// 5156//
f 5159// 5158// 5151//
f 5154// 5157// 5159//
f 5149// 5152// 5150//
f 5158// 5149// 5151//
f 5127// 5150// 5152//
f 4818// 4819// 5181//
f 4819// 5182// 5181//
f 5183// 4818// 5181//
f 4818// 5183// 4820//
f 5184// 5185// 5186//
f 5187// 5188// 4824//
f 5189// 5188// 5190//
f 5191// 5192// 5193//
f 5194// 5195// 5196//
f 5197// 5198// 5196//
f 4824// 5188// 5189//
f 5195// 5199// 5196//
f 5200// 5195// 5194//
f 5201// 5202// 5203//
f 5197// 5196// 5199//
f 5196// 5198// 5204//
f 5198// 5197// 5188//
f 5188// 5187// 5198//
f 5187// 5205// 5206//
f 5200// 5194// 5203//
f 4824// 5184// 5205//
f 5187// 4824// 5205//
f 5184// 4824// 4823//
f 5203// 5207// 5200//
f 5207// 5192// 5191//
f 4823// 5208// 5184//
f 5184// 5208// 5185//
f 5193// 5209// 4823//
f 5208// 4823// 5209//
f 5193// 5192// 5209//
f 5192// 5207// 5203//
f 5203// 5194// 5201//
f 5210// 5183// 5211//
f 5212// 5189// 5211//
f 5210// 5213// 5183//
f 5214// 5212// 5215//
f 5216// 5212// 5214//
f 5212// 5217// 5215//
f 5218// 5212// 5219//
f 5218// 5217// 5212//
f 5211// 5220// 5212//
f 5219// 5212// 5220//
f 5221// 5211// 5182//
f 5221// 5220// 5211//
f 5190// 5211// 5189//
f 5182// 5211// 5181//
f 5211// 5183// 5181//
f 5222// 5199// 5195//
f 5210// 5199// 5222//
f 5210// 5222// 5213//
f 5223// 5191// 5224//
f 5213// 5222// 5225//
f 5224// 5225// 5223//
f 5225// 5222// 5223//
f 5191// 5193// 5224//
f 5203// 5226// 5227//
f 5226// 5228// 5229//
f 5203// 5202// 5226//
f 5228// 5185// 5208//
f 5229// 5227// 5226//
f 5228// 5208// 5229//
f 5196// 5230// 5231//
f 5230// 5232// 5233//
f 5196// 5204// 5230//
f 5232// 5206// 5205//
f 5232// 5205// 5233//
f 5230// 5233// 5231//
f 5234// 5184// 5235//
f 5236// 5234// 5235//
f 5194// 5237// 5236//
f 5184// 5186// 5235//
f 5236// 5237// 5234//
f 5236// 5201// 5194//
f 5212// 5238// 5239//
f 5239// 5189// 5212//
f 4851// 5238// 5212//
f 4851// 5240// 5241//
f 4851// 5241// 5238//
f 5189// 5240// 4824//
f 4851// 4824// 5240//
f 5189// 5239// 5240//
f 4858// 5182// 4819//
f 4860// 5219// 4856//
f 4857// 5220// 5221//
f 5215// 4859// 4863//
f 5218// 4861// 5217//
f 5216// 5214// 4862//
f 4863// 4862// 5214//
f 4851// 5212// 5216//
f 5216// 4862// 4851//
f 5215// 5217// 4859//
f 5215// 4863// 5214//
f 5218// 4860// 4861//
f 5217// 4861// 4859//
f 5219// 5220// 4856//
f 5218// 5219// 4860//
f 4857// 5221// 4858//
f 4856// 5220// 4857//
f 5182// 4858// 5221//
f 5183// 4864// 4820//
f 5183// 5213// 4864//
f 5176// 5179// 5225//
f 5153// 4864// 5242//
f 5243// 4864// 5244//
f 4864// 5153// 4865//
f 5245// 5246// 4864//
f 4864// 5246// 5242//
f 5247// 5248// 4864//
f 4864// 5248// 5245//
f 4864// 5243// 5249//
f 4864// 5249// 5247//
f 5250// 5244// 5213//
f 4864// 5213// 5244//
f 5251// 5252// 5213//
f 5213// 5252// 5250//
f 5253// 5254// 5213//
f 5213// 5254// 5251//
f 5255// 5256// 5213//
f 5213// 5256// 5253//
f 5213// 5180// 5255//
f 5213// 5225// 5180//
f 5225// 5160// 5171//
f 5225// 5179// 5180//
f 5175// 5173// 5225//
f 5225// 5173// 5176//
f 5170// 5167// 5225//
f 5225// 5167// 5175//
f 5225// 5171// 5170//
f 5163// 5160// 4865//
f 5225// 4865// 5160//
f 5156// 5164// 4865//
f 4865// 5164// 5163//
f 5158// 5157// 4865//
f 4865// 5157// 5156//
f 5152// 5149// 4865//
f 4865// 5149// 5158//
f 5153// 5152// 4865//
f 4886// 5257// 5258//
f 5259// 5258// 5257//
f 5260// 5261// 5224//
f 5225// 5257// 4865//
f 5257// 4886// 4865//
f 5261// 5260// 5262//
f 5257// 5225// 5261//
f 5224// 5261// 5225//
f 5260// 5193// 5262//
f 5260// 5224// 5193//
f 5263// 5262// 5193//
f 5263// 5193// 4823//
f 4823// 5259// 5264//
f 5263// 4823// 5264//
f 5259// 4823// 5258//
f 5258// 4823// 4886//
f 4886// 4824// 4820//
f 4863// 4851// 4862//
f 4865// 4820// 4864//
f 4823// 4824// 4886//
f 4851// 4863// 4859//
f 4861// 4860// 4851//
f 4861// 4851// 4859//
f 4851// 4856// 4857//
f 4860// 4856// 4851//
f 4819// 4851// 4858//
f 4851// 4857// 4858//
f 4818// 4820// 4851//
f 4818// 4851// 4819//
f 4851// 4820// 4824//
f 4820// 4865// 4886//
f 5265// 5209// 5192//
f 5192// 5266// 5265//
f 5267// 5265// 5266//
f 5266// 5268// 5267//
f 5267// 5269// 5270//
f 5269// 5267// 5268//
f 5271// 5272// 5273//
f 5268// 5272// 5271//
f 5269// 5268// 5271//
f 5269// 5274// 5270//
f 5227// 5273// 5272//
f 5273// 5227// 5275//
f 5229// 5276// 5227//
f 5275// 5227// 5276//
f 5229// 5274// 5276//
f 5229// 5270// 5274//
f 5227// 5272// 5268//
f 5227// 5268// 5203//
f 5268// 5266// 5192//
f 5268// 5192// 5203//
f 5229// 5208// 5267//
f 5267// 5270// 5229//
f 5265// 5267// 5209//
f 5209// 5267// 5208//
f 5277// 5234// 5237//
f 5277// 5278// 5234//
f 5279// 5278// 5277//
f 5277// 5280// 5279//
f 5072// 5071// 5279//
f 5097// 5281// 5282//
f 5281// 5283// 5284//
f 5281// 5097// 5280//
f 5285// 5286// 5281//
f 5281// 5286// 5282//
f 5287// 5288// 5281//
f 5281// 5288// 5285//
f 5281// 5284// 5287//
f 5289// 5283// 5290//
f 5281// 5290// 5283//
f 5291// 5292// 5290//
f 5290// 5292// 5289//
f 5293// 5294// 5290//
f 5290// 5294// 5291//
f 5290// 5073// 5293//
f 5290// 5279// 5073//
f 5083// 5087// 5279//
f 5279// 5071// 5073//
f 5076// 5081// 5279//
f 5279// 5081// 5072//
f 5279// 5087// 5077//
f 5279// 5077// 5076//
f 5084// 5083// 5280//
f 5279// 5280// 5083//
f 5090// 5091// 5280//
f 5280// 5091// 5084//
f 5095// 5093// 5280//
f 5280// 5093// 5090//
f 5097// 5095// 5280//
f 5295// 5290// 5281//
f 5281// 5296// 5295//
f 5231// 5295// 5296//
f 5231// 5233// 5295//
f 5231// 5296// 5281//
f 5237// 5280// 5277//
f 5231// 5281// 5196//
f 5281// 5280// 5194//
f 5281// 5194// 5196//
f 5237// 5194// 5280//
f 5205// 5290// 5233//
f 5278// 5279// 5234//
f 5295// 5233// 5290//
f 5290// 5205// 5184//
f 5184// 5279// 5290//
f 5234// 5279// 5184//
f 5236// 5228// 5226//
f 5236// 5235// 5228//
f 5236// 5226// 5202//
f 5236// 5202// 5201//
f 5235// 5186// 5185//
f 5185// 5228// 5235//
f 5297// 5232// 5230//
f 5297// 5298// 5232//
f 5187// 5298// 5299//
f 5300// 5301// 5297//
f 5302// 5198// 5187//
f 5301// 5299// 5298//
f 5297// 5301// 5298//
f 5297// 5302// 5300//
f 5187// 5299// 5302//
f 5297// 5198// 5302//
f 5297// 5204// 5198//
f 5204// 5297// 5230//
f 5298// 5187// 5206//
f 5206// 5232// 5298//
f 5115// 5243// 5244//
f 5249// 5243// 5141//
f 5115// 5141// 5243//
f 5249// 5140// 5247//
f 5140// 5249// 5141//
f 5139// 5248// 5247//
f 5247// 5140// 5139//
f 5245// 5248// 5138//
f 5139// 5138// 5248//
f 5245// 5137// 5246//
f 5137// 5245// 5138//
f 5125// 5242// 5246//
f 5246// 5137// 5125//
f 5153// 5242// 5124//
f 5125// 5124// 5242//
f 5127// 5153// 5124//
f 5142// 5115// 5244//
f 5250// 5143// 5142//
f 5142// 5244// 5250//
f 5144// 5143// 5252//
f 5250// 5252// 5143//
f 5144// 5251// 5145//
f 5251// 5144// 5252//
f 5254// 5146// 5145//
f 5145// 5251// 5254//
f 5147// 5146// 5253//
f 5254// 5253// 5146//
f 5147// 5256// 5148//
f 5256// 5147// 5253//
f 5255// 5134// 5148//
f 5148// 5256// 5255//
f 5255// 5180// 5134//
f 5162// 5303// 5304//
f 4985// 5304// 5008//
f 5305// 5304// 4985//
f 4985// 5012// 5305//
f 5012// 5306// 5305//
f 5306// 5012// 5011//
f 5306// 5011// 5307//
f 5017// 5013// 5308//
f 5308// 5307// 5017//
f 5309// 5013// 4975//
f 5013// 5309// 5308//
f 5310// 5178// 5177//
f 5309// 4975// 5310//
f 5135// 5178// 5310//
f 5134// 5178// 5135//
f 5135// 5310// 4974//
f 5303// 5008// 5304//
f 5008// 5303// 5018//
f 5311// 5019// 5018//
f 5018// 5303// 5311//
f 5019// 5312// 5020//
f 5312// 5019// 5311//
f 5021// 5020// 5313//
f 5312// 5313// 5020//
f 5314// 5022// 5021//
f 5021// 5313// 5314//
f 5022// 5315// 5023//
f 5315// 5022// 5314//
f 5024// 5023// 5316//
f 5315// 5316// 5023//
f 5127// 5126// 5317//
f 5024// 5316// 5317//
f 5126// 5003// 5317//
f 5006// 5003// 5126//
f 5310// 5177// 5309//
f 5310// 4975// 4974//
f 5177// 5172// 5309//
f 5309// 5172// 5308//
f 5172// 5174// 5308//
f 5017// 5307// 5011//
f 5308// 5174// 5307//
f 5166// 5307// 5174//
f 5307// 5166// 5306//
f 5168// 5306// 5166//
f 5306// 5168// 5305//
f 5169// 5305// 5168//
f 5305// 5169// 5304//
f 5162// 5304// 5169//
f 5162// 5161// 5303//
f 5303// 5161// 5311//
f 5161// 5165// 5311//
f 5311// 5165// 5312//
f 5165// 5155// 5312//
f 5312// 5155// 5313//
f 5155// 5154// 5313//
f 5313// 5154// 5314//
f 5154// 5159// 5314//
f 5314// 5159// 5315//
f 5159// 5151// 5315//
f 5315// 5151// 5316//
f 5151// 5150// 5316//
f 5150// 5127// 5317//
f 5316// 5150// 5317//
f 5024// 5317// 5003//
f 5318// 5057// 5042//
f 5056// 5057// 5319//
f 5318// 5319// 5057//
f 5056// 5320// 5037//
f 5320// 5056// 5319//
f 5321// 5030// 5037//
f 5037// 5320// 5321//
f 5025// 5030// 5322//
f 5321// 5322// 5030//
f 5025// 5323// 5026//
f 5323// 5025// 5322//
f 5324// 5061// 5026//
f 5026// 5323// 5324//
f 5005// 5061// 5325//
f 5324// 5325// 5061//
f 5100// 5005// 5325//
f 5326// 5318// 5042//
f 5054// 5327// 5326//
f 5326// 5042// 5054//
f 5328// 5327// 5039//
f 5054// 5039// 5327//
f 5328// 5046// 5329//
f 5046// 5328// 5039//
f 5044// 5330// 5329//
f 5329// 5046// 5044//
f 5331// 5330// 5043//
f 5044// 5043// 5330//
f 5331// 5049// 5332//
f 5049// 5331// 5043//
f 5053// 5114// 5332//
f 5332// 5049// 5053//
f 5053// 5014// 5114//
f 5106// 5078// 5104//
f 5333// 5334// 5323//
f 5079// 5102// 5101//
f 5086// 5105// 5104//
f 5101// 5103// 5080//
f 5085// 5109// 5105//
f 5082// 5108// 5109//
f 5107// 5108// 5092//
f 5074// 5070// 5099//
f 5112// 5094// 5113//
f 5100// 5325// 5075//
f 5335// 5336// 5331//
f 5324// 5323// 5334//
f 5328// 5329// 5337//
f 5320// 5338// 5321//
f 5318// 5339// 5340//
f 5337// 5341// 5327//
f 5326// 5341// 5339//
f 5342// 5320// 5319//
f 5319// 5318// 5340//
f 5330// 5336// 5343//
f 5329// 5330// 5343//
f 5335// 5332// 5096//
f 5338// 5333// 5322//
f 5324// 5334// 5344//
f 5114// 5113// 5096//
f 5325// 5324// 5344//
f 5092// 5089// 5111//
f 5098// 5100// 5075//
f 5110// 5089// 5088//
f 5325// 5344// 5075//
f 5085// 5105// 5086//
f 5333// 5323// 5322//
f 5338// 5322// 5321//
f 5338// 5320// 5342//
f 5342// 5319// 5340//
f 5339// 5318// 5326//
f 5341// 5326// 5327//
f 5337// 5327// 5328//
f 5337// 5329// 5343//
f 5336// 5330// 5331//
f 5335// 5331// 5332//
f 5096// 5332// 5114//
f 5096// 5113// 5094//
f 5088// 5112// 5110//
f 5088// 5094// 5112//
f 5089// 5110// 5111//
f 5092// 5111// 5107//
f 5092// 5108// 5082//
f 5082// 5109// 5085//
f 5078// 5086// 5104//
f 5079// 5078// 5106//
f 5079// 5101// 5080//
f 5079// 5106// 5102//
f 5080// 5103// 5070//
f 5099// 5098// 5074//
f 5103// 5099// 5070//
f 5075// 5074// 5098//
f 5340// 5284// 5283//
f 5283// 5289// 5342//
f 5342// 5340// 5283//
f 5292// 5338// 5289//
f 5342// 5289// 5338//
f 5333// 5292// 5291//
f 5292// 5333// 5338//
f 5291// 5294// 5334//
f 5334// 5333// 5291//
f 5293// 5344// 5294//
f 5334// 5294// 5344//
f 5075// 5293// 5073//
f 5293// 5075// 5344//
f 5340// 5339// 5284//
f 5287// 5339// 5341//
f 5339// 5287// 5284//
f 5341// 5337// 5288//
f 5288// 5287// 5341//
f 5343// 5285// 5337//
f 5288// 5337// 5285//
f 5286// 5343// 5336//
f 5343// 5286// 5285//
f 5336// 5335// 5282//
f 5282// 5286// 5336//
f 5282// 5335// 5097//
f 5335// 5096// 5097//
f 5259// 5274// 5269//
f 5274// 5259// 5257//
f 5261// 5262// 5273//
f 5271// 5273// 5262//
f 5257// 5276// 5274//
f 5276// 5257// 5275//
f 5257// 5261// 5275//
f 5261// 5273// 5275//
f 5271// 5262// 5263//
f 5263// 5264// 5271//
f 5271// 5264// 5269//
f 5269// 5264// 5259//
f 5345// 5346// 5301//
f 5301// 5300// 5345//
f 5346// 5347// 5299//
f 5299// 5301// 5346//
f 5347// 5348// 5302//
f 5302// 5299// 5347//
f 5348// 5345// 5300//
f 5300// 5302// 5348//
f 5346// 5238// 5241//
f 5346// 5345// 5238//
f 5348// 5240// 5239//
f 5348// 5347// 5240//
f 5240// 5347// 5346//
f 5346// 5241// 5240//
f 5239// 5238// 5345//
f 5345// 5348// 5239//
f 5349// 5350// 5188//
f 5349// 5188// 5197//
f 5211// 5190// 5188//
f 5211// 5188// 5350//
f 5349// 5197// 5199//
f 5349// 5199// 5210//
f 5349// 5210// 5211//
f 5349// 5211// 5350//
f 5351// 5352// 5200//
f 5351// 5200// 5207//
f 5222// 5195// 5200//
f 5222// 5200// 5352//
f 5351// 5207// 5191//
f 5351// 5191// 5223//
f 5351// 5223// 5222//
f 5351// 5222// 5352//
usemtl 3
f 5353// 5354// 5355//
f 5356// 5357// 5358//
f 5359// 5360// 5361//
f 5362// 5358// 5357//
f 5362// 5353// 5363//
f 5362// 5357// 5353//
f 5354// 5353// 5357//
f 5355// 5364// 5365//
f 5366// 5356// 5358//
f 5354// 5361// 5364//
f 5355// 5354// 5364//
f 5361// 5354// 5367//
f 5368// 5366// 5369//
f 5367// 5370// 5361//
f 5361// 5370// 5359//
f 5356// 5371// 5367//
f 5370// 5367// 5371//
f 5371// 5356// 5372//
f 5356// 5366// 5372//
f 5366// 5358// 5369//
usemtl 4
f 5373// 5374// 5375//
f 5376// 5373// 5377//
f 5375// 5377// 5373//
f 5373// 5376// 5378//
f 5379// 5380// 5381//
f 5382// 5383// 5384//
f 5385// 5382// 5384//
f 5384// 5380// 5385//
f 5386// 5387// 5388//
f 5385// 5380// 5379//
f 5386// 5388// 5389//
f 5390// 5391// 5392//
f 5390// 5393// 5389//
f 5394// 5391// 5395//
f 5394// 5396// 5397//
f 5394// 5395// 5396//
f 5398// 5399// 5400//
f 5401// 5402// 5397//
f 5398// 5400// 5403//
f 5404// 5399// 5398//
f 5400// 5402// 5403//
f 5401// 5397// 5396//
f 5403// 5402// 5401//
f 5390// 5395// 5391//
f 5393// 5386// 5389//
f 5392// 5393// 5390//
f 5379// 5381// 5387//
f 5381// 5388// 5387//
f 5405// 5406// 5407//
f 5407// 5408// 5405//
f 5408// 5409// 5405//
f 5410// 5411// 5409//
f 5409// 5408// 5410//
f 5409// 5411// 5412//
f 5408// 5413// 5410//
f 5414// 5415// 5413//
f 5413// 5415// 5410//
f 5414// 5416// 5415//
f 5417// 5418// 5419//
f 5420// 5421// 5422//
f 5422// 5423// 5424//
f 5420// 5422// 5424//
f 5425// 5418// 5426//
f 5427// 5428// 5423//
f 5423// 5422// 5427//
f 5427// 5429// 5428//
f 5429// 5430// 5428//
f 5431// 5432// 5433//
f 5434// 5435// 5426//
f 5433// 5436// 5437//
f 5420// 5417// 5421//
f 5421// 5417// 5419//
f 5419// 5418// 5425//
f 5426// 5418// 5434//
f 5435// 5434// 5438//
f 5436// 5438// 5437//
f 5435// 5438// 5436//
f 5436// 5433// 5432//
f 5428// 5430// 5431//
f 5432// 5431// 5430//
f 5439// 5440// 5441//
f 5442// 5443// 5444//
f 5445// 5444// 5446//
f 5440// 5447// 5448//
f 5449// 5442// 5450//
f 5440// 5439// 5447//
f 5444// 5445// 5441//
f 5441// 5445// 5451//
f 5446// 5444// 5443//
f 5449// 5452// 5442//
f 5452// 5443// 5442//
f 5447// 5452// 5449//
f 5447// 5439// 5452//
f 5451// 5439// 5441//
f 5453// 5454// 5455//
f 5455// 5456// 5453//
f 5456// 5457// 5453//
f 5458// 5459// 5457//
f 5457// 5456// 5458//
f 5457// 5459// 5460//
f 5456// 5461// 5458//
f 5462// 5463// 5461//
f 5461// 5463// 5458//
f 5462// 5464// 5463//
f 5465// 5466// 5467//
f 5468// 5469// 5470//
f 5465// 5467// 5471//
f 5467// 5472// 5471//
f 5473// 5474// 5475//
f 5476// 5472// 5470//
f 5471// 5472// 5476//
f 5477// 5478// 5479//
f 5470// 5469// 5476//
f 5480// 5475// 5481//
f 5482// 5480// 5481//
f 5483// 5484// 5485//
f 5486// 5487// 5488//
f 5487// 5489// 5490//
f 5491// 5479// 5478//
f 5492// 5483// 5493//
f 5488// 5494// 5491//
f 5468// 5479// 5469//
f 5474// 5495// 5496//
f 5482// 5497// 5498//
f 5483// 5492// 5468//
f 5483// 5485// 5493//
f 5468// 5492// 5477//
f 5479// 5468// 5477//
f 5488// 5491// 5486//
f 5486// 5491// 5478//
f 5489// 5498// 5490//
f 5488// 5487// 5490//
f 5497// 5482// 5481//
f 5490// 5498// 5497//
f 5473// 5495// 5474//
f 5480// 5473// 5475//
f 5495// 5499// 5496//
f 5485// 5484// 5499//
f 5496// 5499// 5484//
f 5500// 5501// 5502//
f 5503// 5504// 5505//
f 5504// 5506// 5507//
f 5508// 5509// 5510//
f 5503// 5511// 5504//
f 5512// 5513// 5514//
f 5515// 5516// 5512//
f 5517// 5518// 5519//
f 5510// 5500// 5508//
f 5510// 5501// 5500//
f 5519// 5518// 5520//
f 5521// 5517// 5519//
f 5522// 5502// 5523//
f 5513// 5512// 5524//
f 5512// 5516// 5524//
f 5525// 5526// 5527//
f 5528// 5529// 5525//
f 5511// 5529// 5528//
f 5526// 5525// 5529//
f 5514// 5513// 5523//
f 5527// 5526// 5530//
f 5531// 5532// 5533//
f 5522// 5500// 5502//
f 5513// 5522// 5523//
f 5510// 5509// 5534//
f 5532// 5531// 5510//
f 5534// 5532// 5510//
f 5533// 5530// 5531//
f 5533// 5527// 5530//
f 5511// 5528// 5504//
f 5535// 5505// 5504//
f 5507// 5535// 5504//
f 5536// 5537// 5506//
f 5507// 5506// 5537//
f 5536// 5520// 5537//
f 5520// 5536// 5519//
f 5538// 5539// 5540//
f 5541// 5542// 5543//
f 5540// 5544// 5545//
f 5546// 5547// 5538//
f 5548// 5540// 5545//
f 5542// 5541// 5544//
f 5542// 5544// 5539//
f 5549// 5548// 5550//
f 5539// 5544// 5540//
f 5549// 5551// 5552//
f 5552// 5551// 5553//
f 5554// 5553// 5555//
f 5549// 5550// 5551//
f 5553// 5554// 5552//
f 5550// 5548// 5545//
f 5540// 5546// 5538//
f 5556// 5557// 5558//
f 5558// 5559// 5556//
f 5559// 5560// 5556//
f 5561// 5562// 5560//
f 5560// 5559// 5561//
f 5560// 5562// 5563//
f 5559// 5564// 5561//
f 5565// 5566// 5564//
f 5564// 5566// 5561//
f 5565// 5567// 5566//
f 5568// 5569// 5570//
f 5571// 5572// 5573//
f 5573// 5574// 5575//
f 5571// 5573// 5575//
f 5576// 5569// 5577//
f 5578// 5579// 5574//
f 5574// 5573// 5578//
f 5578// 5580// 5579//
f 5580// 5581// 5579//
f 5582// 5583// 5584//
f 5585// 5586// 5577//
f 5584// 5587// 5588//
f 5571// 5568// 5572//
f 5572// 5568// 5570//
f 5570// 5569// 5576//
f 5577// 5569// 5585//
f 5586// 5585// 5589//
f 5587// 5589// 5588//
f 5586// 5589// 5587//
f 5587// 5584// 5583//
f 5579// 5581// 5582//
f 5583// 5582// 5581//
f 5590// 5591// 5592//
f 5593// 5594// 5595//
f 5596// 5595// 5597//
f 5591// 5598// 5599//
f 5600// 5593// 5601//
f 5591// 5590// 5598//
f 5595// 5596// 5592//
f 5592// 5596// 5602//
f 5597// 5595// 5594//
f 5600// 5603// 5593//
f 5603// 5594// 5593//
f 5598// 5603// 5600//
f 5598// 5590// 5603//
f 5602// 5590// 5592//
f 5604// 5605// 5606//
f 5607// 5608// 5609//
f 5610// 5611// 5612//
f 5612// 5606// 5605//
f 5612// 5611// 5606//
f 5613// 5606// 5611//
f 5614// 5615// 5616//
f 5613// 5617// 5606//
f 5618// 5614// 5619//
f 5620// 5621// 5622//
f 5620// 5623// 5624//
f 5613// 5625// 5617//
f 5625// 5622// 5621//
f 5617// 5625// 5621//
f 5622// 5623// 5620//
f 5626// 5624// 5623//
f 5627// 5628// 5629//
f 5626// 5630// 5624//
f 5608// 5607// 5631//
f 5608// 5631// 5632//
f 5633// 5634// 5635//
f 5636// 5628// 5627//
f 5637// 5627// 5629//
f 5635// 5628// 5636//
f 5638// 5635// 5634//
f 5639// 5640// 5641//
f 5642// 5641// 5643//
f 5644// 5643// 5645//
f 5646// 5641// 5647//
f 5648// 5646// 5647//
f 5649// 5650// 5651//
f 5648// 5650// 5646//
f 5652// 5653// 5654//
f 5655// 5656// 5649//
f 5657// 5658// 5659//
f 5660// 5657// 5619//
f 5661// 5662// 5663//
f 5661// 5664// 5665//
f 5666// 5619// 5614//
f 5618// 5667// 5614//
f 5667// 5618// 5668//
f 5668// 5669// 5667//
f 5614// 5667// 5615//
f 5665// 5670// 5658//
f 5671// 5663// 5662//
f 5665// 5658// 5672//
f 5663// 5671// 5673//
f 5653// 5656// 5654//
f 5652// 5658// 5653//
f 5652// 5672// 5658//
f 5654// 5656// 5655//
f 5651// 5650// 5648//
f 5655// 5649// 5651//
f 5641// 5642// 5639//
f 5647// 5641// 5640//
f 5638// 5674// 5675//
f 5644// 5638// 5675//
f 5644// 5642// 5643//
f 5644// 5675// 5642//
f 5635// 5636// 5633//
f 5674// 5638// 5634//
f 5629// 5631// 5637//
f 5607// 5637// 5631//
f 5676// 5609// 5630//
f 5677// 5609// 5676//
f 5607// 5609// 5677//
f 5630// 5626// 5676//
f 5673// 5678// 5679//
f 5679// 5663// 5673//
f 5678// 5669// 5668//
f 5679// 5678// 5668//
f 5660// 5619// 5680//
f 5666// 5680// 5619//
f 5657// 5659// 5619//
f 5658// 5670// 5659//
f 5661// 5663// 5664//
f 5665// 5664// 5670//
