v 0.24926 0.141868 0.0
v 0.278801 0.138551 0.0
v 0.184382 -0.083366 0.0
newmtl 1
Ka 0.25098039215686274 0.25098039215686274 0.25098039215686274
Kd 0.25098039215686274 0.25098039215686274 0.25098039215686274
Ks 0.12549019607843137 0.12549019607843137 0.12549019607843137
d 0.0
endmtl
v 0.581444 -0.128863 0.0
v 0.279193 -0.130693 0.0
v 0.427786 -0.128863 0.0
v 0.298522 -0.128689 0.0
v 0.327599 -0.11868 0.0
v 0.386343 0.092121 0.0
v 0.368759 0.120169 0.0
v 0.5412 0.171137 0.0
v 0.212797 0.137131 0.0
v 0.179005 -0.080388 0.0
v 0.179005 0.122661 0.0
v 0.149737 1.057644 0.0
v 0.179005 0.162905 0.0
v 0.301256 0.130447 0.0
v 0.32202 0.116556 0.0
v 0.340136 0.096556 0.0
v 0.361932 0.017935 0.0
v 0.358894 -0.014541 0.0
v 0.350744 -0.040346 0.0
v 0.283988 -0.096456 0.0
v 0.256006 -0.099595 0.0
v 0.305847 -0.088409 0.0
v 0.324259 -0.075999 0.0
v 0.338336 -0.061148 0.0
v 0.216184 -0.095175 0.0
v 0.352504 0.073393 0.0
v 0.360501 0.041277 0.0
v 0.35173 -0.10327 0.0
v 0.374264 -0.079547 0.0
v 0.427786 -0.095937 0.0
v 0.390246 -0.051021 0.0
v 0.5412 -0.095937 0.0
v 0.341675 0.146217 0.0
v 0.31318 0.162619 0.0
v 0.279735 0.172335 0.0
v 0.399275 -0.019267 0.0
v 0.402176 0.015477 0.0
v 0.39786 0.058128 0.0
v 0.249603 0.174795 0.0
v 0.21369 0.172317 0.0
v 0.179005 -0.113315 0.0
v 0.210984 -0.126445 0.0
v 0.149737 -0.130693 0.0
v 0.241298 -0.130693 0.0
v 0.149737 -1.057644 0.0
v 0.253348 -0.132381 0.0
v 0.261551 -0.132522 0.0
v 0.581444 0.171137 0.0
v 1.25 1.057644 0.0
v 1.25 -0.130693 0.0
v 1.25 -1.057644 0.0
v -0.362458 -0.128863 0.0
v -0.325527 -0.04664 0.0
v -0.308323 -0.073473 0.0
v -0.040507 -0.128863 0.0
v 0.120469 -0.128863 0.0
v 0.120469 0.171137 0.0
v -0.03319 0.171137 0.0
v -1.25 1.057644 0.0
v -0.03319 0.13821 0.0
v 0.080225 0.13821 0.0
v 0.080225 0.039429 0.0
v -0.28363 -0.097116 0.0
v -0.252306 -0.11532 0.0
v -0.217737 -0.125623 0.0
v -0.099044 0.171137 0.0
v -0.025873 0.039429 0.0
v -0.025873 0.006502 0.0
v 0.080225 0.006502 0.0
v 0.080225 -0.095937 0.0
v -0.040507 -0.095937 0.0
v -0.099044 -0.128863 0.0
v -0.180618 -0.128863 0.0
v -0.227046 0.166504 0.0
v -0.262147 0.154178 0.0
v -0.183704 0.171137 0.0
v -0.558933 -0.044717 0.0
v -0.435 -0.044717 0.0
v -0.589288 -0.128863 0.0
v -0.406361 -0.128863 0.0
v -0.294799 0.132296 0.0
v -0.295113 0.13202 0.0
v -0.316327 0.108496 0.0
v -0.63319 -0.128863 0.0
v -1.25 -0.130693 0.0
v -0.516117 0.171137 0.0
v -0.475873 0.171137 0.0
v -0.330269 0.082696 0.0
v -0.338327 0.053138 0.0
v -0.340507 0.024909 0.0
v -0.336297 -0.015239 0.0
v -1.25 -1.057644 0.0
v 0.162024 -0.128863 2.0
v 0.119341 -0.128863 2.0
v -1.957644 -1.057644 2.0
v -0.305409 0.034997 2.0
v -0.285219 0.016187 2.0
v -0.27761 0.164582 2.0
v 0.442464 -0.030693 2.0
v 0.297876 -0.030693 2.0
v 0.477878 -0.128863 2.0
v 0.264463 -0.128863 2.0
v 0.529097 -0.128863 2.0
v 1.957644 -1.057644 2.0
v 0.392512 0.221137 2.0
v 1.957644 1.057644 2.0
v 0.34556 0.221137 2.0
v -0.315583 0.223744 2.0
v -0.27761 0.215801 2.0
v -0.196513 0.221137 2.0
v -0.196513 -0.128863 2.0
v 0.213243 -0.128863 2.0
v 0.162024 0.221137 2.0
v 0.106536 0.221137 2.0
v -0.154078 0.138447 2.0
v -0.15383 0.102691 2.0
v -0.030049 -0.128863 2.0
v -0.15383 0.174185 2.0
v -0.155164 0.174185 2.0
v -0.149402 0.15521 2.0
v -0.143559 0.136638 2.0
v 0.120361 0.139504 2.0
v 0.122742 0.174185 2.0
v 0.121609 0.174185 2.0
v -0.15383 -0.128863 2.0
v -0.459906 0.078325 2.0
v -0.469944 0.094129 2.0
v -1.957644 1.057644 2.0
v -0.017578 -0.060571 2.0
v -0.015977 -0.060571 2.0
v -0.024615 -0.038921 2.0
v -0.007845 -0.038664 2.0
v -0.033184 -0.017821 2.0
v 6.29E-4 -0.016887 2.0
v -0.136757 0.221137 2.0
v -0.356907 0.065077 2.0
v -0.304072 0.178321 2.0
v -0.389439 0.082316 2.0
v -0.333992 0.185473 2.0
v -0.358174 0.18699 2.0
v 0.117101 0.156203 2.0
v 0.111205 0.138638 2.0
v 0.119341 0.104759 2.0
v -0.004439 -0.128863 2.0
v -0.476212 0.112366 2.0
v -0.47822 0.131502 2.0
v -0.475084 0.155689 2.0
v -0.273586 -0.001314 2.0
v -0.267093 -0.018856 2.0
v -0.264805 -0.038629 2.0
v -0.267561 -0.06322 2.0
v -0.468244 0.172439 2.0
v -0.457243 0.187635 2.0
v -0.442213 0.200676 2.0
v -0.422532 0.211984 2.0
v -0.393131 0.221632 2.0
v -0.354439 0.225405 2.0
v -0.274051 -0.080953 2.0
v -0.285358 -0.097365 2.0
v -0.299996 -0.110144 2.0
v -0.444342 0.063488 2.0
v -0.47822 -0.063772 2.0
v -0.392654 0.032198 2.0
v -0.452634 -0.079494 2.0
v -0.345086 0.006952 2.0
v -0.411204 -0.09223 2.0
v -0.340211 0.003844 2.0
v -0.384918 -0.094717 2.0
v -0.359504 -0.092759 2.0
v -0.426048 0.113098 2.0
v -0.429732 0.122749 2.0
v -0.431269 0.136104 2.0
v -0.42013 0.104416 2.0
v -0.409396 0.095004 2.0
v -0.47822 -0.114992 2.0
v -0.467002 -0.120354 2.0
v -0.435165 -0.12849 2.0
v -0.421974 0.163654 2.0
v -0.427076 0.155713 2.0
v -0.430171 0.14671 2.0
v -0.319775 -0.120968 2.0
v -0.353936 -0.130493 2.0
v -0.39012 -0.133132 2.0
v -0.341741 -0.087956 2.0
v -0.329188 -0.081026 2.0
v -0.3219 -0.074158 2.0
v -0.382676 0.184769 2.0
v -0.401258 0.178826 2.0
v -0.413999 0.171319 2.0
v -0.317266 -0.067219 2.0
v -0.313237 -0.056303 2.0
v -0.311757 -0.042497 2.0
v -0.313279 -0.030077 2.0
v -0.317243 -0.020119 2.0
v -0.325805 -0.00838 2.0
v -2.15 1.2 1.1
v -2.15 1.2 0.9
v -2.15 0.75 1.1
v -2.15 0.75 0.9
v 2.15 1.2 0.9
v 2.15 1.2 1.1
v 2.15 0.75 0.9
v 2.15 0.75 1.1
v -1.32443 -1.123076 0.138456
v -1.312146 -1.12239 0.134339
v -2.1 -1.25 0.9
v -1.337116 -1.123491 0.140947
v 1.97431 -1.12363 0.14178
v 2.100676 -1.249995 0.899973
v 1.35 -1.12363 0.14178
v 2.1 -1.25 0.9
v 1.337089 -1.12349 0.140943
v 1.32442 -1.123075 0.138453
v 1.279775 -1.118829 0.112973
v 1.300513 -1.121446 0.128677
v 1.312162 -1.122391 0.134345
v -1.25 -1.106963 0.04178
v 1.25 -1.106963 0.04178
v -1.253483 -1.111324 0.067942
v 1.253497 -1.111332 0.067995
v -1.263669 -1.115375 0.092248
v 1.263697 -1.115382 0.092295
v -1.279737 -1.118823 0.112936
v -1.300466 -1.121442 0.12865
v -2.100676 -1.249995 0.899973
v -1.97431 -1.12363 0.14178
v -1.35 -1.12363 0.14178
v 1.32443 1.123076 0.138456
v 1.312146 1.12239 0.134339
v 2.1 1.25 0.9
v 1.337116 1.123491 0.140947
v -1.97431 1.12363 0.14178
v -2.100676 1.249995 0.899973
v -1.35 1.12363 0.14178
v -2.1 1.25 0.9
v -1.337089 1.12349 0.140943
v -1.32442 1.123075 0.138453
v -1.279775 1.118829 0.112973
v -1.300513 1.121446 0.128677
v -1.312162 1.122391 0.134345
v 1.25 1.106963 0.04178
v -1.25 1.106963 0.04178
v 1.253483 1.111324 0.067942
v -1.253497 1.111332 0.067995
v 1.263669 1.115375 0.092248
v -1.263697 1.115382 0.092295
v 1.279737 1.118823 0.112936
v 1.300466 1.121442 0.12865
v 2.100676 1.249995 0.899973
v 1.97431 1.12363 0.14178
v 1.35 1.12363 0.14178
v 2.15 -1.2 1.1
v 2.15 -1.2 0.9
v 2.15 -0.75 1.1
v 2.15 -0.75 0.9
v 2.1 -1.25 1.1
v -2.1 -1.25 1.1
v -2.15 -1.2 0.9
v -2.15 -1.2 1.1
v -2.15 -0.75 0.9
v -2.15 -0.75 1.1
v 2.1 1.25 1.1
v -2.1 1.25 1.1
v -2.100676 1.249995 1.100027
v -1.957644 1.106963 1.95822
v 1.957644 1.106963 1.95822
v 2.100676 1.249995 1.100027
v -2.149995 -1.200676 1.100027
v -2.006963 -1.057644 1.95822
v -2.149995 1.200676 1.100027
v -2.006963 1.057644 1.95822
v 2.149995 1.200676 1.100027
v 2.006963 1.057644 1.95822
v 2.149995 -1.200676 1.100027
v 2.006963 -1.057644 1.95822
v 2.100676 -1.249995 1.100027
v 1.957644 -1.106963 1.95822
v -1.957644 -1.106963 1.95822
v -2.100676 -1.249995 1.100027
v 2.149995 -1.200676 0.899973
v 2.02363 -1.07431 0.14178
v 2.149995 1.200676 0.899973
v 2.02363 1.07431 0.14178
v -2.149995 1.200676 0.899973
v -2.02363 1.07431 0.14178
v -2.149995 -1.200676 0.899973
v -2.02363 -1.07431 0.14178
v 1.44103 -0.75 0.1
v 1.97431 -0.75 0.1
v 1.97431 -1.07431 0.1
v 1.35 1.07431 0.1
v 1.97431 1.07431 0.1
v 1.97431 0.75 0.1
v 1.44103 0.75 0.1
v 1.35 -1.07431 0.1
v -1.97431 0.75 0.1
v -1.97431 1.07431 0.1
v -1.44103 0.75 0.1
v -1.35 1.07431 0.1
v -1.44103 -0.75 0.1
v -1.35 -1.07431 0.1
v -1.97431 -0.75 0.1
v -1.97431 -1.07431 0.1
v 1.957644 1.06925 1.998626
v 1.957644 1.103843 1.96912
v -1.957644 1.103843 1.96912
v 1.957644 1.103673 1.969425
v -1.957644 1.103673 1.969425
v 1.957644 1.098102 1.979379
v -1.957644 1.098102 1.979379
v 1.957644 1.097912 1.979585
v -1.957644 1.097912 1.979585
v 1.957644 1.090123 1.988014
v -1.957644 1.090123 1.988014
v 1.957644 1.089949 1.988131
v -1.957644 1.089949 1.988131
v 1.957644 1.080349 1.994548
v -1.957644 1.080349 1.994548
v 1.957644 1.080218 1.994596
v -1.957644 1.080218 1.994596
v 1.957644 1.069319 1.998618
v -1.957644 1.069319 1.998618
v -1.957644 1.06925 1.998626
v 1.969249 -1.057644 1.998626
v 2.003844 -1.057644 1.96912
v 2.003844 1.057644 1.96912
v 2.003673 -1.057644 1.969425
v 2.003673 1.057644 1.969425
v 1.998102 -1.057644 1.979379
v 1.998102 1.057644 1.979379
v 1.997912 -1.057644 1.979585
v 1.997912 1.057644 1.979585
v 1.990123 -1.057644 1.988014
v 1.990123 1.057644 1.988014
v 1.989949 -1.057644 1.988131
v 1.989949 1.057644 1.988131
v 1.980348 -1.057644 1.994548
v 1.980348 1.057644 1.994548
v 1.980218 -1.057644 1.994596
v 1.980218 1.057644 1.994596
v 1.969319 -1.057644 1.998618
v 1.969319 1.057644 1.998618
v 1.969249 1.057644 1.998626
v 1.966646 1.097087 1.979379
v 1.964871 1.089309 1.988014
v 1.962696 1.079779 1.994548
v 1.960242 1.069026 1.998618
v 1.962709 1.068163 1.998618
v 1.968163 1.062709 1.998618
v 1.966772 1.064923 1.998618
v 1.969026 1.060242 1.998618
v 1.968526 1.105262 1.95975
v 1.967924 1.102685 1.96912
v 1.970199 1.105 1.959985
v 1.977689 1.099268 1.96912
v 1.978692 1.101321 1.960788
v 1.981927 1.09992 1.961093
v 1.986449 1.093764 1.96912
v 1.987756 1.095394 1.96131
v 1.992056 1.092056 1.961471
v 1.993764 1.086449 1.96912
v 1.995394 1.087756 1.96131
v 1.99992 1.081926 1.961093
v 1.999268 1.077689 1.96912
v 2.001321 1.078693 1.960788
v 2.005001 1.070198 1.959985
v 2.002685 1.067924 1.96912
v 2.005262 1.068526 1.95975
v 1.9718 1.075395 1.994548
v 1.975395 1.0718 1.994548
v 1.9781 1.067495 1.994548
v 1.979779 1.062696 1.994548
v 1.967495 1.0781 1.994548
v 1.964923 1.066772 1.998618
v 1.971736 1.086907 1.988014
v 1.977894 1.083037 1.988014
v 1.983037 1.077894 1.988014
v 1.986907 1.071736 1.988014
v 1.989309 1.064871 1.988014
v 1.975198 1.094095 1.979379
v 1.982869 1.089275 1.979379
v 1.989275 1.082869 1.979379
v 1.994095 1.075198 1.979379
v 1.997087 1.066646 1.979379
v -2.003673 1.057644 1.969425
v -1.998102 1.057644 1.979379
v -1.997087 1.066646 1.979379
v -1.997912 1.057644 1.979585
v -1.990123 1.057644 1.988014
v -1.989309 1.064871 1.988014
v -1.979779 1.062696 1.994548
v -1.969026 1.060242 1.998618
v -1.968163 1.062709 1.998618
v -1.962709 1.068163 1.998618
v -1.964923 1.066772 1.998618
v -1.960242 1.069026 1.998618
v -1.969249 1.057644 1.998626
v -2.005262 1.068526 1.95975
v -2.002685 1.067924 1.96912
v -2.005001 1.070198 1.959985
v -1.999268 1.077689 1.96912
v -2.001321 1.078693 1.960788
v -1.99992 1.081926 1.961093
v -1.993764 1.086449 1.96912
v -1.995394 1.087756 1.96131
v -1.992056 1.092056 1.961471
v -1.986449 1.093764 1.96912
v -1.987756 1.095394 1.96131
v -1.981927 1.09992 1.961093
v -1.977689 1.099268 1.96912
v -1.978692 1.101321 1.960788
v -1.970199 1.105 1.959985
v -1.967924 1.102685 1.96912
v -1.968526 1.105262 1.95975
v -1.989949 1.057644 1.988131
v -1.980348 1.057644 1.994548
v -1.980218 1.057644 1.994596
v -1.969319 1.057644 1.998618
v -1.975395 1.0718 1.994548
v -1.9718 1.075395 1.994548
v -1.967495 1.0781 1.994548
v -1.962696 1.079779 1.994548
v -1.9781 1.067495 1.994548
v -1.966772 1.064923 1.998618
v -1.986907 1.071736 1.988014
v -1.983037 1.077894 1.988014
v -1.977894 1.083037 1.988014
v -1.971736 1.086907 1.988014
v -1.964871 1.089309 1.988014
v -1.994095 1.075198 1.979379
v -1.989275 1.082869 1.979379
v -1.982869 1.089275 1.979379
v -1.975198 1.094095 1.979379
v -1.966646 1.097087 1.979379
v -2.003844 1.057644 1.96912
v -2.003844 -1.057644 1.96912
v -2.003673 -1.057644 1.969425
v -1.998102 -1.057644 1.979379
v -1.997912 -1.057644 1.979585
v -1.990123 -1.057644 1.988014
v -1.989949 -1.057644 1.988131
v -1.980348 -1.057644 1.994548
v -1.980218 -1.057644 1.994596
v -1.969319 -1.057644 1.998618
v -1.969249 -1.057644 1.998626
v -1.957644 -1.06925 1.998626
v -1.957644 -1.103843 1.96912
v 1.957644 -1.103843 1.96912
v -1.957644 -1.103673 1.969425
v 1.957644 -1.103673 1.969425
v -1.957644 -1.098102 1.979379
v 1.957644 -1.098102 1.979379
v -1.957644 -1.097912 1.979585
v 1.957644 -1.097912 1.979585
v -1.957644 -1.090123 1.988014
v 1.957644 -1.090123 1.988014
v -1.957644 -1.089949 1.988131
v 1.957644 -1.089949 1.988131
v -1.957644 -1.080349 1.994548
v 1.957644 -1.080349 1.994548
v -1.957644 -1.080218 1.994596
v 1.957644 -1.080218 1.994596
v -1.957644 -1.069319 1.998618
v 1.957644 -1.069319 1.998618
v 1.957644 -1.06925 1.998626
v 1.997087 -1.066646 1.979379
v 1.989309 -1.064871 1.988014
v 1.979779 -1.062696 1.994548
v 1.969026 -1.060242 1.998618
v 1.968163 -1.062709 1.998618
v 1.962709 -1.068163 1.998618
v 1.964923 -1.066772 1.998618
v 1.960242 -1.069026 1.998618
v 2.005262 -1.068526 1.95975
v 2.002685 -1.067924 1.96912
v 2.005001 -1.070198 1.959985
v 1.999268 -1.077689 1.96912
v 2.001321 -1.078693 1.960788
v 1.99992 -1.081926 1.961093
v 1.993764 -1.086449 1.96912
v 1.995394 -1.087756 1.96131
v 1.992056 -1.092056 1.961471
v 1.986449 -1.093764 1.96912
v 1.987756 -1.095394 1.96131
v 1.981927 -1.09992 1.961093
v 1.977689 -1.099268 1.96912
v 1.978692 -1.101321 1.960788
v 1.970199 -1.105 1.959985
v 1.967924 -1.102685 1.96912
v 1.968526 -1.105262 1.95975
v 1.975395 -1.0718 1.994548
v 1.9718 -1.075395 1.994548
v 1.967495 -1.0781 1.994548
v 1.962696 -1.079779 1.994548
v 1.9781 -1.067495 1.994548
v 1.966772 -1.064923 1.998618
v 1.986907 -1.071736 1.988014
v 1.983037 -1.077894 1.988014
v 1.977894 -1.083037 1.988014
v 1.971736 -1.086907 1.988014
v 1.964871 -1.089309 1.988014
v 1.994095 -1.075198 1.979379
v 1.989275 -1.082869 1.979379
v 1.982869 -1.089275 1.979379
v 1.975198 -1.094095 1.979379
v 1.966646 -1.097087 1.979379
v 2.148241 1.212933 1.100891
v 2.148178 1.213376 1.100922
v 2.112933 1.248241 1.100891
v 2.113376 1.248178 1.100922
v 2.124989 1.243275 1.101474
v 2.125195 1.243188 1.101483
v 2.135355 1.235355 1.101675
v 2.143188 1.225195 1.101483
v 2.143275 1.224989 1.101474
v -2.111092 1.248505 1.100761
v -2.113376 1.248178 1.100922
v -2.121557 1.244724 1.101311
v -2.125195 1.243188 1.101483
v -2.130926 1.23877 1.101591
v -2.135355 1.235355 1.101675
v -2.13877 1.230926 1.101591
v -2.143188 1.225195 1.101483
v -2.144724 1.221557 1.101311
v -2.148178 1.213376 1.100922
v -2.148504 1.211091 1.100761
v -1.966646 -1.097087 1.979379
v -1.964871 -1.089309 1.988014
v -1.962696 -1.079779 1.994548
v -1.960242 -1.069026 1.998618
v -1.962709 -1.068163 1.998618
v -1.968163 -1.062709 1.998618
v -1.966772 -1.064923 1.998618
v -1.969026 -1.060242 1.998618
v -1.968526 -1.105262 1.95975
v -1.967924 -1.102685 1.96912
v -1.970199 -1.105 1.959985
v -1.977689 -1.099268 1.96912
v -1.978692 -1.101321 1.960788
v -1.981927 -1.09992 1.961093
v -1.986449 -1.093764 1.96912
v -1.987756 -1.095394 1.96131
v -1.992056 -1.092056 1.961471
v -1.993764 -1.086449 1.96912
v -1.995394 -1.087756 1.96131
v -1.99992 -1.081926 1.961093
v -1.999268 -1.077689 1.96912
v -2.001321 -1.078693 1.960788
v -2.005001 -1.070198 1.959985
v -2.002685 -1.067924 1.96912
v -2.005262 -1.068526 1.95975
v -1.9718 -1.075395 1.994548
v -1.975395 -1.0718 1.994548
v -1.9781 -1.067495 1.994548
v -1.979779 -1.062696 1.994548
v -1.967495 -1.0781 1.994548
v -1.964923 -1.066772 1.998618
v -1.971736 -1.086907 1.988014
v -1.977894 -1.083037 1.988014
v -1.983037 -1.077894 1.988014
v -1.986907 -1.071736 1.988014
v -1.989309 -1.064871 1.988014
v -1.975198 -1.094095 1.979379
v -1.982869 -1.089275 1.979379
v -1.989275 -1.082869 1.979379
v -1.994095 -1.075198 1.979379
v -1.997087 -1.066646 1.979379
v 2.112933 -1.248241 1.100891
v 2.113376 -1.248178 1.100922
v 2.148241 -1.212933 1.100891
v 2.148178 -1.213376 1.100922
v 2.143275 -1.224989 1.101474
v 2.143188 -1.225195 1.101483
v 2.135355 -1.235355 1.101675
v 2.125195 -1.243188 1.101483
v 2.124989 -1.243275 1.101474
v 2.143275 1.224989 0.898526
v 2.148178 1.213376 0.899078
v 2.148241 1.212933 0.899109
v 2.112933 1.248241 0.899109
v 2.113376 1.248178 0.899078
v 2.124989 1.243275 0.898526
v 2.125195 1.243188 0.898517
v 2.135355 1.235355 0.898325
v 2.143188 1.225195 0.898517
v -2.111092 1.248505 0.899239
v -2.113376 1.248178 0.899078
v -2.121557 1.244724 0.898689
v -2.125195 1.243188 0.898517
v -2.130926 1.23877 0.898409
v -2.135355 1.235355 0.898325
v -2.13877 1.230926 0.898409
v -2.143188 1.225195 0.898517
v -2.144724 1.221557 0.898689
v -2.148504 1.211091 0.899239
v -2.148178 1.213376 0.899078
v -2.148504 -1.211091 1.100761
v -2.148178 -1.213376 1.100922
v -2.144724 -1.221557 1.101311
v -2.143188 -1.225195 1.101483
v -2.111092 -1.248505 1.100761
v -2.113376 -1.248178 1.100922
v -2.121557 -1.244724 1.101311
v -2.125195 -1.243188 1.101483
v -2.130926 -1.23877 1.101591
v -2.13877 -1.230926 1.101591
v -2.135355 -1.235355 1.101675
v 2.112933 -1.248241 0.899109
v 2.113376 -1.248178 0.899078
v 2.124989 -1.243275 0.898526
v 2.125195 -1.243188 0.898517
v 2.135355 -1.235355 0.898325
v 2.143188 -1.225195 0.898517
v 2.143275 -1.224989 0.898526
v 2.148178 -1.213376 0.899078
v 2.148241 -1.212933 0.899109
v 1.986865 1.121667 0.140015
v 2.021929 1.085193 0.14025
v 2.021667 1.086865 0.140015
v 2.017988 1.095359 0.139212
v 2.016587 1.098593 0.138907
v 2.012061 1.104422 0.13869
v 2.008723 1.108723 0.138529
v 2.004422 1.112061 0.13869
v 1.998593 1.116587 0.138907
v 1.995359 1.117988 0.139212
v 1.985193 1.121929 0.14025
v -1.998593 1.116587 0.138907
v -1.986865 1.121667 0.140015
v -1.986983 1.121616 0.140004
v -1.998678 1.116521 0.138904
v -2.008723 1.108723 0.138529
v -2.016521 1.098678 0.138904
v -2.016587 1.098593 0.138907
v -2.021616 1.086983 0.140004
v -2.021667 1.086865 0.140015
v -2.148504 -1.211091 0.899239
v -2.148178 -1.213376 0.899078
v -2.144724 -1.221557 0.898689
v -2.143188 -1.225195 0.898517
v -2.13877 -1.230926 0.898409
v -2.135355 -1.235355 0.898325
v -2.130926 -1.23877 0.898409
v -2.125195 -1.243188 0.898517
v -2.121557 -1.244724 0.898689
v -2.111092 -1.248505 0.899239
v -2.113376 -1.248178 0.899078
v 1.986865 -1.121667 0.140015
v 1.986983 -1.121616 0.140004
v 1.998593 -1.116587 0.138907
v 1.998678 -1.116521 0.138904
v 2.008723 -1.108723 0.138529
v 2.016521 -1.098678 0.138904
v 2.016587 -1.098593 0.138907
v 2.021616 -1.086983 0.140004
v 2.021667 -1.086865 0.140015
v 1.985916 1.07431 0.101374
v 1.985916 -1.07431 0.101374
v 1.985986 -1.07431 0.101382
v 1.985986 1.07431 0.101382
v 1.996884 -1.07431 0.105404
v 1.996884 1.07431 0.105404
v 1.997015 -1.07431 0.105452
v 1.997015 1.07431 0.105452
v 2.006615 -1.07431 0.111869
v 2.006615 1.07431 0.111869
v 2.00679 -1.07431 0.111986
v 2.00679 1.07431 0.111986
v 2.014579 -1.07431 0.120415
v 2.014579 1.07431 0.120415
v 2.014768 -1.07431 0.120621
v 2.014768 1.07431 0.120621
v 2.02034 -1.07431 0.130575
v 2.02034 1.07431 0.130575
v 2.02051 -1.07431 0.13088
v 2.02051 1.07431 0.13088
v 1.985693 1.076908 0.101382
v 1.98159 1.083438 0.101382
v 1.983438 1.08159 0.101382
v 1.97431 1.096884 0.105404
v 1.97431 1.097015 0.105452
v 1.979363 1.096446 0.105452
v 1.97431 1.106616 0.111869
v 1.97431 1.10679 0.111986
v 1.981538 1.105975 0.111986
v 1.983313 1.113754 0.120621
v 1.984591 1.119352 0.13088
v 1.994356 1.115935 0.13088
v 2.010431 1.103115 0.13088
v 2.015935 1.094356 0.13088
v 2.019352 1.084591 0.13088
v 1.97431 1.12051 0.13088
v 1.97431 1.12034 0.130575
v 1.97431 1.114768 0.120621
v 1.97431 1.114579 0.120415
v 2.013754 1.083313 0.120621
v 1.991864 1.110762 0.120621
v 2.003115 1.110431 0.13088
v 2.005975 1.081538 0.111986
v 1.988403 1.103573 0.111986
v 1.999535 1.105942 0.120621
v 1.996446 1.079363 0.105452
v 2.005942 1.099535 0.120621
v 1.994561 1.099704 0.111986
v 1.984162 1.094767 0.105452
v 1.976908 1.085693 0.101382
v 1.992062 1.088467 0.105452
v 2.010762 1.091864 0.120621
v 2.003573 1.088403 0.111986
v 1.994767 1.084162 0.105452
v 1.984829 1.079376 0.101382
v 1.97431 1.085916 0.101374
v 1.97431 1.085986 0.101382
v 1.999704 1.094561 0.111986
v 1.988467 1.092062 0.105452
v 1.979376 1.084829 0.101382
v -1.97431 1.085916 0.101374
v -1.977332 1.085588 0.101382
v -1.996884 1.07431 0.105404
v -1.997015 1.07431 0.105452
v -1.996242 1.080187 0.105452
v -2.006615 1.07431 0.111869
v -2.00679 1.07431 0.111986
v -2.005683 1.082717 0.111986
v -2.01339 1.084782 0.120621
v -2.018936 1.086268 0.13088
v -2.014321 1.09741 0.13088
v -1.97431 1.12051 0.13088
v -1.986268 1.118936 0.13088
v -2.02051 1.07431 0.13088
v -2.02034 1.07431 0.130575
v -2.014768 1.07431 0.120621
v -2.014579 1.07431 0.120415
v -1.97431 1.12034 0.130575
v -1.984782 1.11339 0.120621
v -2.009348 1.094539 0.120621
v -2.006979 1.106979 0.13088
v -1.97431 1.114768 0.120621
v -1.97431 1.114579 0.120415
v -1.982717 1.105683 0.111986
v -2.002438 1.09055 0.111986
v -2.002918 1.102918 0.120621
v -1.97431 1.10679 0.111986
v -1.97431 1.106616 0.111869
v -1.980187 1.096242 0.105452
v -1.997277 1.097277 0.111986
v -1.993973 1.085663 0.105452
v -1.985588 1.077332 0.101382
v -1.99741 1.114321 0.13088
v -1.994539 1.109348 0.120621
v -1.99055 1.102438 0.111986
v -1.985663 1.093973 0.105452
v -1.980148 1.084421 0.101382
v -1.985916 1.07431 0.101374
v -1.985986 1.07431 0.101382
v -1.990365 1.090365 0.105452
v -1.984421 1.080148 0.101382
v -1.982566 1.082566 0.101382
v -1.97431 1.097015 0.105452
v -1.97431 1.096884 0.105404
v -1.97431 1.085986 0.101382
v -1.985916 -1.07431 0.101374
v -1.985986 -1.07431 0.101382
v -1.996884 -1.07431 0.105404
v -1.997015 -1.07431 0.105452
v -2.006615 -1.07431 0.111869
v -2.00679 -1.07431 0.111986
v -2.014579 -1.07431 0.120415
v -2.014768 -1.07431 0.120621
v -2.02034 -1.07431 0.130575
v -2.02051 -1.07431 0.13088
v -2.021667 -1.086865 0.140015
v -2.021616 -1.086983 0.140004
v -2.016587 -1.098593 0.138907
v -2.016521 -1.098678 0.138904
v -2.008723 -1.108723 0.138529
v -1.998678 -1.116521 0.138904
v -1.998593 -1.116587 0.138907
v -1.986983 -1.121616 0.140004
v -1.986865 -1.121667 0.140015
v 1.97431 -1.085916 0.101374
v 1.977332 -1.085588 0.101382
v 1.996242 -1.080187 0.105452
v 2.005683 -1.082717 0.111986
v 2.01339 -1.084782 0.120621
v 2.018936 -1.086268 0.13088
v 2.014321 -1.09741 0.13088
v 1.97431 -1.12051 0.13088
v 1.986268 -1.118936 0.13088
v 1.97431 -1.12034 0.130575
v 1.984782 -1.11339 0.120621
v 2.009348 -1.094539 0.120621
v 2.006979 -1.106979 0.13088
v 1.97431 -1.114768 0.120621
v 1.97431 -1.114579 0.120415
v 1.982717 -1.105683 0.111986
v 2.002438 -1.09055 0.111986
v 2.002918 -1.102918 0.120621
v 1.97431 -1.10679 0.111986
v 1.97431 -1.106616 0.111869
v 1.980187 -1.096242 0.105452
v 1.997277 -1.097277 0.111986
v 1.993973 -1.085663 0.105452
v 1.985588 -1.077332 0.101382
v 1.99741 -1.114321 0.13088
v 1.994539 -1.109348 0.120621
v 1.99055 -1.102438 0.111986
v 1.985663 -1.093973 0.105452
v 1.980148 -1.084421 0.101382
v 1.990365 -1.090365 0.105452
v 1.984421 -1.080148 0.101382
v 1.982566 -1.082566 0.101382
v 1.97431 -1.097015 0.105452
v 1.97431 -1.096884 0.105404
v 1.97431 -1.085986 0.101382
v 1.35 1.120375 0.130556
v 1.35 1.114602 0.120394
v 1.35 1.106629 0.111849
v 1.35 1.09689 0.105389
v 1.35 1.085917 0.101366
v -1.35 1.120375 0.130556
v -1.35 1.114602 0.120394
v -1.35 1.106629 0.111849
v -1.35 1.09689 0.105389
v -1.35 1.085917 0.101366
v -1.985588 -1.077332 0.101382
v -1.97431 -1.096884 0.105404
v -1.97431 -1.097015 0.105452
v -1.980187 -1.096242 0.105452
v -1.97431 -1.106616 0.111869
v -1.97431 -1.10679 0.111986
v -1.982717 -1.105683 0.111986
v -1.984782 -1.11339 0.120621
v -1.986268 -1.118936 0.13088
v -1.99741 -1.114321 0.13088
v -2.018936 -1.086268 0.13088
v -1.97431 -1.12051 0.13088
v -1.97431 -1.12034 0.130575
v -1.97431 -1.114768 0.120621
v -1.97431 -1.114579 0.120415
v -2.01339 -1.084782 0.120621
v -1.994539 -1.109348 0.120621
v -2.006979 -1.106979 0.13088
v -2.005683 -1.082717 0.111986
v -1.99055 -1.102438 0.111986
v -2.002918 -1.102918 0.120621
v -1.996242 -1.080187 0.105452
v -1.997277 -1.097277 0.111986
v -1.985663 -1.093973 0.105452
v -1.977332 -1.085588 0.101382
v -2.014321 -1.09741 0.13088
v -2.009348 -1.094539 0.120621
v -2.002438 -1.09055 0.111986
v -1.993973 -1.085663 0.105452
v -1.984421 -1.080148 0.101382
v -1.97431 -1.085916 0.101374
v -1.97431 -1.085986 0.101382
v -1.990365 -1.090365 0.105452
v -1.980148 -1.084421 0.101382
v -1.982566 -1.082566 0.101382
v 1.35 -1.120375 0.130556
v 1.35 -1.114602 0.120394
v 1.35 -1.106629 0.111849
v 1.35 -1.09689 0.105389
v 1.35 -1.085917 0.101366
v 1.337062 1.073739 0.098287
v 1.331073 1.07307 0.096279
v 1.329865 1.084754 0.097287
v 1.325021 1.072068 0.093274
v 1.314868 1.069503 0.085578
v 1.31285 1.081416 0.085636
v 1.314677 1.06942 0.085331
v 1.306835 1.066055 0.075234
v 1.304632 1.078201 0.074497
v 1.262774 1.105305 0.042057
v 1.26565 1.109199 0.064998
v 1.262941 1.105283 0.04206
v 1.275 1.100356 0.042881
v 1.277032 1.10403 0.062774
v 1.285086 1.092721 0.044154
v 1.286896 1.096152 0.061414
v 1.285355 1.092518 0.044188
v 1.306731 1.065972 0.074986
v 1.301741 1.062004 0.063081
v 1.299662 1.074438 0.061572
v 1.301723 1.061956 0.062938
v 1.293301 1.082304 0.04589
v 1.294605 1.086071 0.061004
v 1.298231 1.070564 0.047847
v 1.298296 1.070408 0.047873
v 1.3 1.057644 0.05
v 1.299925 1.089604 0.075348
v 1.292999 1.099567 0.077736
v 1.28428 1.10748 0.081515
v 1.2743 1.112859 0.086453
v 1.308897 1.092634 0.087769
v 1.303242 1.1025 0.091852
v 1.296214 1.11044 0.097647
v 1.288223 1.115989 0.104814
v 1.325233 1.072122 0.093435
v 1.323693 1.083866 0.094178
v 1.320845 1.094948 0.097327
v 1.316848 1.104745 0.102703
v 1.311929 1.112703 0.110004
v 1.306364 1.118375 0.118819
v 1.327671 1.095789 0.100811
v 1.324615 1.10556 0.106657
v 1.320865 1.113525 0.114498
v 1.31663 1.119241 0.1239
v 1.337215 1.073756 0.098338
v 1.336384 1.085397 0.099542
v 1.334894 1.096398 0.103341
v 1.332828 1.106151 0.109527
v 1.330299 1.114121 0.117758
v 1.327448 1.119868 0.127581
v 1.343558 1.074171 0.099583
v 1.343134 1.085787 0.100908
v 1.342381 1.096766 0.104875
v 1.34134 1.106509 0.111266
v 1.340068 1.114482 0.119732
v 1.338633 1.120247 0.12981
v -1.25 1.106478 0.039268
v 1.25 1.106478 0.039268
v -1.25 1.103523 0.030619
v 1.25 1.103523 0.030619
v -1.25 1.102837 0.02861
v 1.25 1.102837 0.02861
v -1.25 1.097797 0.02048
v 1.25 1.097797 0.02048
v -1.25 1.096902 0.019036
v 1.25 1.096902 0.019036
v -1.25 1.089872 0.011939
v 1.25 1.089872 0.011939
v -1.25 1.088976 0.011035
v 1.25 1.088976 0.011035
v -1.25 1.080176 0.005464
v 1.25 1.080176 0.005464
v -1.25 1.079459 0.00501
v 1.25 1.079459 0.00501
v -1.25 1.069235 0.001409
v 1.25 1.069235 0.001409
v -1.25 1.068835 0.001269
v 1.25 1.068835 0.001269
v -1.338609 1.120247 0.129807
v -1.340046 1.114481 0.11973
v -1.342365 1.096766 0.104873
v -1.34312 1.085786 0.100906
v -1.329873 1.084755 0.09729
v -1.33721 1.073756 0.098337
v -1.336378 1.085397 0.09954
v -1.33889 1.073866 0.098667
v -1.343544 1.074171 0.099582
v -1.323718 1.08387 0.094193
v -1.328352 1.072628 0.094954
v -1.331081 1.073071 0.096283
v -1.31287 1.081422 0.085657
v -1.319073 1.070566 0.088766
v -1.325256 1.072126 0.093448
v -1.304646 1.078208 0.074522
v -1.311245 1.067948 0.080912
v -1.314888 1.069509 0.085597
v -1.327439 1.119868 0.127579
v -1.316644 1.119242 0.123906
v -1.306405 1.118379 0.118842
v -1.288257 1.115995 0.104848
v -1.274323 1.112866 0.086494
v -1.265662 1.109207 0.065044
v -1.330292 1.11412 0.117756
v -1.320877 1.113526 0.114503
v -1.311965 1.112707 0.110025
v -1.296242 1.110445 0.097676
v -1.2843 1.107486 0.081551
v -1.277042 1.104038 0.062815
v -1.334888 1.096397 0.10334
v -1.327681 1.09579 0.100815
v -1.320872 1.094952 0.097343
v -1.308919 1.092639 0.087792
v -1.29994 1.089611 0.075376
v -1.294612 1.086079 0.061035
v -1.299669 1.074447 0.0616
v -1.30148 1.061342 0.061095
v -1.301749 1.062013 0.063107
v -1.305292 1.064827 0.071551
v -1.306848 1.066063 0.075257
v -1.262774 1.105305 0.042057
v -1.262941 1.105283 0.04206
v -1.275 1.100356 0.042881
v -1.285086 1.092721 0.044154
v -1.341322 1.106509 0.111264
v -1.332821 1.106151 0.109525
v -1.324625 1.105561 0.106661
v -1.316879 1.104748 0.102721
v -1.303267 1.102506 0.091878
v -1.293016 1.099573 0.077768
v -1.286904 1.096159 0.061449
v -1.285355 1.092518 0.044188
v -1.3 1.057644 0.05
v -1.298296 1.070408 0.047873
v -1.298231 1.070564 0.047847
v -1.293301 1.082304 0.04589
v -1.35 -1.120375 0.130556
v -1.35 -1.114602 0.120394
v -1.35 -1.106629 0.111849
v -1.35 -1.09689 0.105389
v -1.35 -1.085917 0.101366
v 1.338609 -1.120247 0.129807
v 1.340046 -1.114481 0.11973
v 1.342365 -1.096766 0.104873
v 1.336378 -1.085397 0.09954
v 1.343544 -1.074171 0.099582
v 1.34312 -1.085786 0.100906
v 1.323718 -1.08387 0.094193
v 1.331081 -1.073071 0.096283
v 1.329873 -1.084755 0.09729
v 1.337062 -1.073739 0.098287
v 1.33721 -1.073756 0.098337
v 1.31287 -1.081422 0.085657
v 1.325023 -1.072067 0.093271
v 1.325256 -1.072126 0.093448
v 1.304646 -1.078208 0.074522
v 1.314679 -1.06942 0.085328
v 1.314888 -1.069509 0.085597
v 1.327439 -1.119868 0.127579
v 1.316644 -1.119242 0.123906
v 1.306405 -1.118379 0.118842
v 1.288257 -1.115995 0.104848
v 1.274323 -1.112866 0.086494
v 1.265662 -1.109207 0.065044
v 1.330292 -1.11412 0.117756
v 1.320877 -1.113526 0.114503
v 1.311965 -1.112707 0.110025
v 1.296242 -1.110445 0.097676
v 1.2843 -1.107486 0.081551
v 1.277042 -1.104038 0.062815
v 1.334888 -1.096397 0.10334
v 1.327681 -1.09579 0.100815
v 1.320872 -1.094952 0.097343
v 1.308919 -1.092639 0.087792
v 1.29994 -1.089611 0.075376
v 1.294612 -1.086079 0.061035
v 1.299669 -1.074447 0.0616
v 1.301726 -1.061956 0.062938
v 1.301749 -1.062013 0.063107
v 1.306734 -1.065972 0.074985
v 1.306848 -1.066063 0.075257
v 1.262774 -1.105305 0.042057
v 1.262941 -1.105283 0.04206
v 1.275 -1.100356 0.042881
v 1.285086 -1.092721 0.044154
v 1.341322 -1.106509 0.111264
v 1.332821 -1.106151 0.109525
v 1.324625 -1.105561 0.106661
v 1.316879 -1.104748 0.102721
v 1.303267 -1.102506 0.091878
v 1.293016 -1.099573 0.077768
v 1.286904 -1.096159 0.061449
v 1.285355 -1.092518 0.044188
v 1.3 -1.057644 0.05
v 1.298296 -1.070408 0.047873
v 1.298231 -1.070564 0.047847
v 1.293301 -1.082304 0.04589
v 1.259692 1.06324 0.001269
v 1.26081 1.06054 0.001269
v 1.255596 1.067336 0.001269
v 1.257914 1.065557 0.001269
v 1.262884 1.057644 0.001865
v 1.261192 1.057644 0.001269
v 1.274852 1.057644 0.006932
v 1.271815 1.057644 0.00501
v 1.271072 1.06329 0.00501
v 1.297171 1.070283 0.039268
v 1.292292 1.082061 0.039268
v 1.284531 1.092175 0.039268
v 1.274417 1.099936 0.039268
v 1.262639 1.104814 0.039268
v 1.261697 1.101297 0.02861
v 1.298103 1.057644 0.037125
v 1.298835 1.057644 0.039268
v 1.293653 1.069341 0.02861
v 1.289139 1.08024 0.02861
v 1.281957 1.0896 0.02861
v 1.272597 1.096782 0.02861
v 1.260161 1.095565 0.019036
v 1.269629 1.091643 0.019036
v 1.27776 1.085404 0.019036
v 1.283999 1.077273 0.019036
v 1.287921 1.067805 0.019036
v 1.258109 1.087908 0.011035
v 1.295193 1.057644 0.02861
v 1.293052 1.057644 0.025155
v 1.289259 1.057644 0.019036
v 1.28513 1.057644 0.014868
v 1.265666 1.084778 0.011035
v 1.272155 1.079799 0.011035
v 1.277134 1.07331 0.011035
v 1.280264 1.065753 0.011035
v 1.281332 1.057644 0.011035
v 1.255646 1.078716 0.00501
v 1.260908 1.076536 0.00501
v 1.265426 1.07307 0.00501
v 1.268893 1.068551 0.00501
v 1.252897 1.068454 0.001269
v -1.252897 1.068454 0.001269
v -1.255646 1.078716 0.00501
v -1.258109 1.087908 0.011035
v -1.260161 1.095565 0.019036
v -1.261697 1.101297 0.02861
v -1.272597 1.096782 0.02861
v -1.274417 1.099936 0.039268
v -1.262639 1.104814 0.039268
v -1.297171 1.070283 0.039268
v -1.284531 1.092175 0.039268
v -1.298835 1.057644 0.039268
v -1.298103 1.057644 0.037125
v -1.293653 1.069341 0.02861
v -1.269629 1.091643 0.019036
v -1.287921 1.067805 0.019036
v -1.293052 1.057644 0.025155
v -1.295193 1.057644 0.02861
v -1.265666 1.084778 0.011035
v -1.280264 1.065753 0.011035
v -1.28513 1.057644 0.014868
v -1.289259 1.057644 0.019036
v -1.260908 1.076536 0.00501
v -1.271072 1.06329 0.00501
v -1.274852 1.057644 0.006932
v -1.281332 1.057644 0.011035
v -1.255596 1.067336 0.001269
v -1.261192 1.057644 0.001269
v -1.26081 1.06054 0.001269
v -1.262884 1.057644 0.001865
v -1.271815 1.057644 0.00501
v -1.292292 1.082061 0.039268
v -1.289139 1.08024 0.02861
v -1.281957 1.0896 0.02861
v -1.283999 1.077273 0.019036
v -1.27776 1.085404 0.019036
v -1.277134 1.07331 0.011035
v -1.272155 1.079799 0.011035
v -1.268893 1.068551 0.00501
v -1.265426 1.07307 0.00501
v -1.259692 1.06324 0.001269
v -1.257914 1.065557 0.001269
v -1.337215 -1.073756 0.098338
v -1.33889 -1.073866 0.098667
v -1.3 -1.057644 0.05
v -1.301477 -1.061342 0.061096
v -1.301741 -1.062004 0.063081
v -1.305291 -1.064827 0.071551
v -1.306835 -1.066055 0.075234
v -1.311245 -1.067948 0.080913
v -1.314868 -1.069503 0.085578
v -1.319073 -1.070565 0.088765
v -1.325233 -1.072122 0.093435
v -1.328352 -1.072628 0.094954
v -1.331073 -1.07307 0.096279
v -1.343558 -1.074171 0.099583
v -1.336384 -1.085397 0.099542
v -1.323693 -1.083866 0.094178
v -1.31285 -1.081416 0.085636
v -1.304632 -1.078201 0.074497
v -1.260954 -1.105541 0.042017
v -1.26565 -1.109199 0.064998
v -1.277032 -1.10403 0.062774
v -1.271318 -1.10186 0.042631
v -1.262941 -1.105283 0.04206
v -1.286896 -1.096152 0.061414
v -1.28066 -1.096072 0.043595
v -1.275 -1.100356 0.042881
v -1.294605 -1.086071 0.061004
v -1.288559 -1.0884 0.044874
v -1.285355 -1.092518 0.044188
v -1.298519 -1.068736 0.048151
v -1.298296 -1.070408 0.047873
v -1.299662 -1.074438 0.061572
v -1.294624 -1.079152 0.046415
v -1.293301 -1.082304 0.04589
v -1.299925 -1.089604 0.075348
v -1.292999 -1.099567 0.077736
v -1.28428 -1.10748 0.081515
v -1.2743 -1.112859 0.086453
v -1.308897 -1.092634 0.087769
v -1.303242 -1.1025 0.091852
v -1.296214 -1.11044 0.097647
v -1.288223 -1.115989 0.104814
v -1.320845 -1.094948 0.097327
v -1.316848 -1.104745 0.102703
v -1.311929 -1.112703 0.110004
v -1.306364 -1.118375 0.118819
v -1.329865 -1.084754 0.097287
v -1.327671 -1.095789 0.100811
v -1.324615 -1.10556 0.106657
v -1.320865 -1.113525 0.114498
v -1.31663 -1.119241 0.1239
v -1.334894 -1.096398 0.103341
v -1.332828 -1.106151 0.109527
v -1.330299 -1.114121 0.117758
v -1.327448 -1.119868 0.127581
v -1.343134 -1.085787 0.100908
v -1.342381 -1.096766 0.104875
v -1.34134 -1.106509 0.111266
v -1.340068 -1.114482 0.119732
v -1.338633 -1.120247 0.12981
v 1.298835 -1.057644 0.039268
v 1.298103 -1.057644 0.037125
v 1.295193 -1.057644 0.02861
v 1.293052 -1.057644 0.025155
v 1.289259 -1.057644 0.019036
v 1.28513 -1.057644 0.014868
v 1.281332 -1.057644 0.011035
v 1.274852 -1.057644 0.006932
v 1.271815 -1.057644 0.00501
v 1.262884 -1.057644 0.001865
v 1.261192 -1.057644 0.001269
v -1.298835 -1.057644 0.039268
v -1.298103 -1.057644 0.037125
v -1.295193 -1.057644 0.02861
v -1.293052 -1.057644 0.025155
v -1.289259 -1.057644 0.019036
v -1.28513 -1.057644 0.014868
v -1.281332 -1.057644 0.011035
v -1.274852 -1.057644 0.006932
v -1.271815 -1.057644 0.00501
v -1.262884 -1.057644 0.001865
v -1.261192 -1.057644 0.001269
v 1.252897 -1.068454 0.001269
v 1.25 -1.068835 0.001269
v 1.25 -1.069235 0.001409
v 1.25 -1.080176 0.005464
v 1.25 -1.079459 0.00501
v 1.255646 -1.078716 0.00501
v 1.25 -1.089872 0.011939
v 1.25 -1.088976 0.011035
v 1.258109 -1.087908 0.011035
v 1.25 -1.097797 0.02048
v 1.25 -1.096902 0.019036
v 1.260161 -1.095565 0.019036
v 1.25 -1.103523 0.030619
v 1.25 -1.102837 0.02861
v 1.261697 -1.101297 0.02861
v 1.272597 -1.096782 0.02861
v 1.274417 -1.099936 0.039268
v 1.262639 -1.104814 0.039268
v 1.297171 -1.070283 0.039268
v 1.284531 -1.092175 0.039268
v 1.25 -1.106478 0.039268
v 1.293653 -1.069341 0.02861
v 1.269629 -1.091643 0.019036
v 1.287921 -1.067805 0.019036
v 1.265666 -1.084778 0.011035
v 1.280264 -1.065753 0.011035
v 1.260908 -1.076536 0.00501
v 1.271072 -1.06329 0.00501
v 1.255596 -1.067336 0.001269
v 1.26081 -1.06054 0.001269
v 1.292292 -1.082061 0.039268
v 1.289139 -1.08024 0.02861
v 1.281957 -1.0896 0.02861
v 1.283999 -1.077273 0.019036
v 1.27776 -1.085404 0.019036
v 1.277134 -1.07331 0.011035
v 1.272155 -1.079799 0.011035
v 1.268893 -1.068551 0.00501
v 1.265426 -1.07307 0.00501
v 1.259692 -1.06324 0.001269
v 1.257914 -1.065557 0.001269
v -1.260083 -1.0625 0.001269
v -1.260911 -1.060134 0.001269
v -1.256978 -1.066394 0.001269
v -1.25875 -1.064621 0.001269
v -1.254856 -1.067727 0.001269
v -1.271268 -1.062498 0.00501
v -1.29761 -1.06851 0.039268
v -1.293999 -1.078832 0.039268
v -1.28818 -1.088091 0.039268
v -1.280448 -1.095824 0.039268
v -1.271189 -1.101642 0.039268
v -1.260867 -1.105254 0.039268
v -1.25 -1.106478 0.039268
v -1.25 -1.097797 0.02048
v -1.25 -1.102837 0.02861
v -1.260056 -1.101704 0.02861
v -1.25 -1.103523 0.030619
v -1.29406 -1.0677 0.02861
v -1.290718 -1.077252 0.02861
v -1.285334 -1.085821 0.02861
v -1.278178 -1.092977 0.02861
v -1.269609 -1.098362 0.02861
v -1.25 -1.089872 0.011939
v -1.25 -1.096902 0.019036
v -1.258736 -1.095918 0.019036
v -1.267034 -1.093015 0.019036
v -1.274478 -1.088338 0.019036
v -1.280694 -1.082121 0.019036
v -1.285371 -1.074677 0.019036
v -1.288275 -1.06638 0.019036
v -1.25 -1.080176 0.005464
v -1.25 -1.088976 0.011035
v -1.256972 -1.08819 0.011035
v -1.263595 -1.085873 0.011035
v -1.269535 -1.08214 0.011035
v -1.274496 -1.077179 0.011035
v -1.278229 -1.071238 0.011035
v -1.280547 -1.064616 0.011035
v -1.25 -1.069235 0.001409
v -1.25 -1.079459 0.00501
v -1.254854 -1.078912 0.00501
v -1.259465 -1.077299 0.00501
v -1.263602 -1.0747 0.00501
v -1.267056 -1.071245 0.00501
v -1.269655 -1.067109 0.00501
v -1.25 -1.068835 0.001269
v -1.25249 -1.068555 0.001269
v 2.4 -0.75 0.1
v 2.4 0.75 0.1
newmtl 2
Ka 0.7803921568627451 0.7803921568627451 0.7803921568627451
Kd 0.7803921568627451 0.7803921568627451 0.7803921568627451
Ks 0.38823529411764707 0.38823529411764707 0.38823529411764707
d 0.0
endmtl
v 1.44103 -0.75 -0.1
v 1.44103 0.75 -0.1
v 2.4 0.75 0.9
v 2.4 -0.75 0.9
v 2.4 0.75 1.1
v 2.4 -0.75 1.1
v 2.593185 0.75 0.951764
v 2.6 0.75 0.9
v 2.5 0.75 1.073205
v 2.451764 0.75 1.093185
v 2.541421 0.75 1.041421
v 2.573205 0.75 1.0
v 2.6 -0.75 0.9
v 2.593185 -0.75 0.951764
v 2.573205 -0.75 1.0
v 2.541421 -0.75 1.041421
v 2.5 -0.75 1.073205
v 2.451764 -0.75 1.093185
v 2.6 0.75 0.1
v 2.6 -0.75 0.1
v 2.451764 0.75 -0.093185
v 2.4 0.75 -0.1
v 2.573205 0.75 0.0
v 2.593185 0.75 0.048236
v 2.541421 0.75 -0.041421
v 2.5 0.75 -0.073205
v 2.4 -0.75 -0.1
v 2.451764 -0.75 -0.093185
v 2.5 -0.75 -0.073205
v 2.541421 -0.75 -0.041421
v 2.573205 -0.75 0.0
v 2.593185 -0.75 0.048236
v -2.4 0.75 0.1
v -2.4 -0.75 0.1
v -1.44103 0.75 -0.1
v -1.44103 -0.75 -0.1
v -2.4 0.75 1.1
v -2.4 -0.75 1.1
v -2.4 0.75 0.9
v -2.4 -0.75 0.9
v -2.6 0.75 0.9
v -2.6 -0.75 0.9
v -2.593185 -0.75 0.951764
v -2.593185 0.75 0.951764
v -2.573205 -0.75 1.0
v -2.573205 0.75 1.0
v -2.541421 -0.75 1.041421
v -2.541421 0.75 1.041421
v -2.5 -0.75 1.073205
v -2.5 0.75 1.073205
v -2.451764 -0.75 1.093185
v -2.451764 0.75 1.093185
v -2.6 -0.75 0.1
v -2.6 0.75 0.1
v -2.4 0.75 -0.1
v -2.4 -0.75 -0.1
v -2.451764 -0.75 -0.093185
v -2.451764 0.75 -0.093185
v -2.5 -0.75 -0.073205
v -2.5 0.75 -0.073205
v -2.541421 -0.75 -0.041421
v -2.541421 0.75 -0.041421
v -2.573205 -0.75 0.0
v -2.573205 0.75 0.0
v -2.593185 -0.75 0.048236
v -2.593185 0.75 0.048236
v 0.392512 0.221137 1.99
v 0.529097 -0.128863 1.99
newmtl 3
Ka 0.6666666666666666 0.6666666666666666 0.6666666666666666
Kd 0.6666666666666666 0.6666666666666666 0.6666666666666666
Ks 0.3333333333333333 0.3333333333333333 0.3333333333333333
d 0.0
endmtl
v 0.477878 -0.128863 1.99
v 0.442464 -0.030693 1.99
v 0.297876 -0.030693 1.99
v 0.264463 -0.128863 1.99
v 0.213243 -0.128863 1.99
v 0.34556 0.221137 1.99
v 0.30968 0.007722 1.99
v 0.426725 0.007722 1.99
v 0.3619 0.153911 1.99
v 0.365268 0.16605 1.99
v 0.367502 0.178454 1.99
v 0.368636 0.178454 1.99
v 0.37092 0.166087 1.99
v 0.374038 0.153911 1.99
v 0.30968 0.007722 2.0
v 0.426725 0.007722 2.0
v 0.3619 0.153911 2.0
v 0.365268 0.16605 2.0
v 0.367502 0.178454 2.0
v 0.368636 0.178454 2.0
v 0.37092 0.166087 2.0
v 0.374038 0.153911 2.0
v 0.162024 -0.128863 1.99
v 0.119341 -0.128863 1.99
v 0.119341 0.104759 1.99
v 0.122742 0.174185 1.99
v 0.120361 0.139504 1.99
v 0.121609 0.174185 1.99
v 0.111205 0.138638 1.99
v 0.117101 0.156203 1.99
v -0.004439 -0.128863 1.99
v -0.030049 -0.128863 1.99
v -0.143559 0.136638 1.99
v -0.15383 0.174185 1.99
v -0.149402 0.15521 1.99
v -0.155164 0.174185 1.99
v -0.15383 0.102691 1.99
v -0.154078 0.138447 1.99
v -0.15383 -0.128863 1.99
v -0.196513 -0.128863 1.99
v -0.196513 0.221137 1.99
v -0.136757 0.221137 1.99
v -0.033184 -0.017821 1.99
v -0.017578 -0.060571 1.99
v -0.024615 -0.038921 1.99
v -0.015977 -0.060571 1.99
v 6.29E-4 -0.016887 1.99
v -0.007845 -0.038664 1.99
v 0.106536 0.221137 1.99
v 0.162024 0.221137 1.99
v -0.47822 -0.114992 1.99
v -0.47822 -0.063772 1.99
v -0.384918 -0.094717 1.99
v -0.411204 -0.09223 1.99
v -0.452634 -0.079494 1.99
v -0.311757 -0.042497 1.99
v -0.313237 -0.056303 1.99
v -0.317266 -0.067219 1.99
v -0.3219 -0.074158 1.99
v -0.329188 -0.081026 1.99
v -0.341741 -0.087956 1.99
v -0.359504 -0.092759 1.99
v -0.392654 0.032198 1.99
v -0.345086 0.006952 1.99
v -0.340211 0.003844 1.99
v -0.325805 -0.00838 1.99
v -0.317243 -0.020119 1.99
v -0.313279 -0.030077 1.99
v -0.47822 0.131502 1.99
v -0.476212 0.112366 1.99
v -0.469944 0.094129 1.99
v -0.459906 0.078325 1.99
v -0.444342 0.063488 1.99
v -0.354439 0.225405 1.99
v -0.393131 0.221632 1.99
v -0.422532 0.211984 1.99
v -0.442213 0.200676 1.99
v -0.457243 0.187635 1.99
v -0.468244 0.172439 1.99
v -0.475084 0.155689 1.99
v -0.27761 0.215801 1.99
v -0.315583 0.223744 1.99
v -0.27761 0.164582 1.99
v -0.358174 0.18699 1.99
v -0.333992 0.185473 1.99
v -0.304072 0.178321 1.99
v -0.431269 0.136104 1.99
v -0.430171 0.14671 1.99
v -0.427076 0.155713 1.99
v -0.421974 0.163654 1.99
v -0.413999 0.171319 1.99
v -0.401258 0.178826 1.99
v -0.382676 0.184769 1.99
v -0.356907 0.065077 1.99
v -0.389439 0.082316 1.99
v -0.409396 0.095004 1.99
v -0.42013 0.104416 1.99
v -0.426048 0.113098 1.99
v -0.429732 0.122749 1.99
v -0.264805 -0.038629 1.99
v -0.267093 -0.018856 1.99
v -0.273586 -0.001314 1.99
v -0.285219 0.016187 1.99
v -0.305409 0.034997 1.99
v -0.39012 -0.133132 1.99
v -0.353936 -0.130493 1.99
v -0.319775 -0.120968 1.99
v -0.299996 -0.110144 1.99
v -0.285358 -0.097365 1.99
v -0.274051 -0.080953 1.99
v -0.267561 -0.06322 1.99
v -0.467002 -0.120354 1.99
v -0.435165 -0.12849 1.99
v -0.516117 0.171137 0.01
v -0.63319 -0.128863 0.01
newmtl 4
Ka 1.0 1.0 1.0
Kd 1.0 1.0 1.0
Ks 0.8784313725490196 0.8784313725490196 0.8784313725490196
d 0.0
endmtl
v -0.589288 -0.128863 0.01
v -0.558933 -0.044717 0.01
v -0.435 -0.044717 0.01
v -0.406361 -0.128863 0.01
v -0.362458 -0.128863 0.01
v -0.475873 0.171137 0.01
v -0.445118 -0.01179 0.01
v -0.545442 -0.01179 0.01
v -0.489878 0.113515 0.01
v -0.492765 0.123919 0.01
v -0.49468 0.134551 0.01
v -0.495652 0.134551 0.01
v -0.497609 0.123951 0.01
v -0.500282 0.113515 0.01
v -0.445118 -0.01179 0.0
v -0.545442 -0.01179 0.0
v -0.489878 0.113515 0.0
v -0.492765 0.123919 0.0
v -0.49468 0.134551 0.0
v -0.495652 0.134551 0.0
v -0.497609 0.123951 0.0
v -0.500282 0.113515 0.0
v -0.180618 -0.128863 0.01
v -0.099044 -0.128863 0.01
v -0.099044 0.171137 0.01
v -0.183704 0.171137 0.01
v -0.340507 0.024909 0.01
v -0.338327 0.053138 0.01
v -0.330269 0.082696 0.01
v -0.316327 0.108496 0.01
v -0.295113 0.13202 0.01
v -0.294799 0.132296 0.01
v -0.262147 0.154178 0.01
v -0.227046 0.166504 0.01
v -0.217737 -0.125623 0.01
v -0.252306 -0.11532 0.01
v -0.28363 -0.097116 0.01
v -0.308323 -0.073473 0.01
v -0.325527 -0.04664 0.01
v -0.336297 -0.015239 0.01
v -0.280289 0.096141 0.01
v -0.265717 0.111613 0.01
v -0.243804 0.125769 0.01
v -0.219041 0.134435 0.01
v -0.183533 0.13821 0.01
v -0.139288 0.13821 0.01
v -0.139288 -0.095937 0.01
v -0.181875 -0.095937 0.01
v -0.213525 -0.092991 0.01
v -0.238771 -0.085111 0.01
v -0.25923 -0.072961 0.01
v -0.276056 -0.056342 0.01
v -0.28871 -0.035658 0.01
v -0.297509 -0.007458 0.01
v -0.300263 0.024052 0.01
v -0.297714 0.053909 0.01
v -0.290711 0.077637 0.01
v -0.183533 0.13821 0.0
v -0.139288 0.13821 0.0
v -0.219041 0.134435 0.0
v -0.243804 0.125769 0.0
v -0.265717 0.111613 0.0
v -0.280289 0.096141 0.0
v -0.290711 0.077637 0.0
v -0.297714 0.053909 0.0
v -0.300263 0.024052 0.0
v -0.297509 -0.007458 0.0
v -0.28871 -0.035658 0.0
v -0.276056 -0.056342 0.0
v -0.25923 -0.072961 0.0
v -0.238771 -0.085111 0.0
v -0.213525 -0.092991 0.0
v -0.181875 -0.095937 0.0
v -0.139288 -0.095937 0.0
v -0.040507 -0.095937 0.01
v -0.040507 -0.128863 0.01
v 0.120469 -0.128863 0.01
v 0.120469 0.171137 0.01
v -0.03319 0.171137 0.01
v -0.03319 0.13821 0.01
v 0.080225 0.13821 0.01
v 0.080225 0.039429 0.01
v -0.025873 0.039429 0.01
v -0.025873 0.006502 0.01
v 0.080225 0.006502 0.01
v 0.080225 -0.095937 0.01
v 0.179005 -0.080388 0.01
v 0.179005 -0.113315 0.01
v 0.210984 -0.126445 0.01
v 0.261551 -0.132522 0.01
v 0.253348 -0.132381 0.01
v 0.402176 0.015477 0.01
v 0.399275 -0.019267 0.01
v 0.390246 -0.051021 0.01
v 0.374264 -0.079547 0.01
v 0.35173 -0.10327 0.01
v 0.327599 -0.11868 0.01
v 0.298522 -0.128689 0.01
v 0.249603 0.174795 0.01
v 0.279735 0.172335 0.01
v 0.31318 0.162619 0.01
v 0.341675 0.146217 0.01
v 0.368759 0.120169 0.01
v 0.386343 0.092121 0.01
v 0.39786 0.058128 0.01
v 0.179005 0.162905 0.01
v 0.21369 0.172317 0.01
v 0.179005 0.122661 0.01
v 0.24926 0.141868 0.01
v 0.212797 0.137131 0.01
v 0.361932 0.017935 0.01
v 0.360501 0.041277 0.01
v 0.352504 0.073393 0.01
v 0.340136 0.096556 0.01
v 0.32202 0.116556 0.01
v 0.301256 0.130447 0.01
v 0.278801 0.138551 0.01
v 0.256006 -0.099595 0.01
v 0.283988 -0.096456 0.01
v 0.305847 -0.088409 0.01
v 0.324259 -0.075999 0.01
v 0.338336 -0.061148 0.01
v 0.350744 -0.040346 0.01
v 0.358894 -0.014541 0.01
v 0.184382 -0.083366 0.01
v 0.216184 -0.095175 0.01
v 0.427786 -0.095937 0.01
v 0.427786 -0.128863 0.01
v 0.581444 -0.128863 0.01
v 0.581444 0.171137 0.01
v 0.5412 0.171137 0.01
v 0.5412 -0.095937 0.01
usemtl 1
f 1// 2// 3//
f 4// 5// 6//
f 6// 5// 7//
f 6// 7// 8//
f 9// 10// 11//
f 1// 3// 12//
f 12// 3// 13//
f 12// 13// 14//
f 14// 13// 15//
f 14// 15// 16//
f 2// 17// 3//
f 3// 17// 18//
f 3// 18// 19//
f 20// 21// 3//
f 3// 21// 22//
f 23// 24// 25//
f 25// 24// 26//
f 22// 27// 3//
f 3// 27// 26//
f 3// 26// 28//
f 28// 26// 24//
f 19// 29// 3//
f 3// 29// 30//
f 3// 30// 20//
f 8// 31// 6//
f 6// 31// 32//
f 6// 32// 33//
f 33// 32// 34//
f 33// 34// 35//
f 36// 37// 15//
f 15// 37// 38//
f 34// 39// 35//
f 35// 39// 40//
f 35// 40// 11//
f 11// 40// 41//
f 11// 41// 9//
f 38// 42// 15//
f 15// 42// 43//
f 15// 43// 16//
f 44// 45// 46//
f 46// 45// 47//
f 46// 47// 48//
f 47// 49// 48//
f 48// 49// 50//
f 48// 50// 5//
f 10// 36// 11//
f 11// 36// 15//
f 11// 15// 51//
f 51// 15// 52//
f 51// 52// 4//
f 4// 52// 53//
f 4// 53// 5//
f 5// 53// 54//
f 5// 54// 48//
f 55// 56// 57//
f 58// 59// 46//
f 46// 59// 60//
f 61// 62// 60//
f 60// 62// 15//
f 60// 15// 46//
f 46// 15// 13//
f 46// 13// 44//
f 63// 64// 65//
f 57// 66// 55//
f 55// 66// 67//
f 55// 67// 68//
f 69// 70// 71//
f 72// 73// 71//
f 71// 73// 74//
f 71// 74// 69//
f 69// 74// 58//
f 69// 58// 75//
f 75// 58// 46//
f 75// 46// 76//
f 65// 70// 63//
f 63// 70// 69//
f 63// 69// 61//
f 77// 78// 62//
f 61// 69// 62//
f 62// 69// 79//
f 62// 79// 77//
f 80// 81// 82//
f 82// 81// 83//
f 82// 83// 46//
f 46// 83// 55//
f 46// 55// 76//
f 76// 55// 68//
f 78// 84// 62//
f 62// 84// 85//
f 62// 85// 86//
f 87// 88// 89//
f 89// 88// 62//
f 89// 62// 90//
f 90// 62// 86//
f 90// 86// 91//
f 91// 92// 90//
f 90// 92// 93//
f 90// 93// 55//
f 55// 93// 94//
f 55// 94// 56//
f 87// 82// 88//
f 88// 82// 46//
f 88// 46// 95//
f 95// 46// 48//
f 96// 97// 98//
f 99// 100// 101//
f 102// 103// 104//
f 104// 103// 105//
f 106// 107// 108//
f 108// 107// 109//
f 108// 109// 110//
f 111// 112// 113//
f 113// 112// 101//
f 113// 101// 114//
f 106// 104// 107//
f 107// 104// 105//
f 107// 105// 98//
f 98// 105// 115//
f 98// 115// 96//
f 96// 115// 110//
f 96// 110// 116//
f 116// 110// 109//
f 116// 109// 117//
f 118// 119// 120//
f 121// 122// 123//
f 123// 122// 118//
f 123// 118// 124//
f 124// 118// 120//
f 125// 126// 127//
f 128// 114// 98//
f 129// 130// 131//
f 132// 133// 134//
f 134// 133// 135//
f 134// 135// 136//
f 136// 135// 137//
f 136// 137// 138//
f 99// 101// 139//
f 139// 101// 140//
f 139// 140// 141//
f 141// 140// 142//
f 141// 142// 143//
f 127// 144// 125//
f 125// 144// 145//
f 125// 145// 146//
f 146// 145// 147//
f 130// 148// 131//
f 131// 148// 149//
f 131// 149// 150//
f 100// 151// 101//
f 101// 151// 152//
f 101// 152// 114//
f 114// 152// 153//
f 114// 153// 154//
f 150// 155// 131//
f 131// 155// 156//
f 131// 156// 157//
f 157// 158// 131//
f 131// 158// 159//
f 131// 159// 160//
f 160// 111// 131//
f 131// 111// 113//
f 131// 113// 109//
f 109// 113// 138//
f 109// 138// 117//
f 117// 138// 137//
f 119// 128// 120//
f 120// 128// 98//
f 120// 98// 147//
f 147// 98// 97//
f 147// 97// 146//
f 154// 161// 114//
f 114// 161// 162//
f 114// 162// 163//
f 164// 165// 166//
f 166// 165// 167//
f 166// 167// 168//
f 168// 167// 169//
f 168// 169// 170//
f 170// 169// 171//
f 170// 171// 172//
f 173// 143// 174//
f 174// 143// 175//
f 173// 176// 143//
f 143// 176// 177//
f 143// 177// 141//
f 164// 129// 165//
f 165// 129// 131//
f 165// 131// 178//
f 178// 131// 98//
f 178// 98// 179//
f 179// 98// 180//
f 181// 182// 183//
f 163// 184// 114//
f 114// 184// 185//
f 114// 185// 98//
f 98// 185// 186//
f 98// 186// 180//
f 172// 187// 170//
f 170// 187// 188//
f 170// 188// 189//
f 143// 190// 175//
f 175// 190// 191//
f 175// 191// 183//
f 183// 191// 192//
f 183// 192// 181//
f 189// 193// 170//
f 170// 193// 194//
f 170// 194// 195//
f 196// 197// 195//
f 195// 197// 198//
f 195// 198// 170//
f 199// 200// 201//
f 201// 200// 202//
f 203// 204// 205//
f 205// 204// 206//
f 207// 208// 209//
f 207// 209// 210//
f 211// 212// 213//
f 213// 212// 214//
f 213// 214// 215//
f 215// 214// 216//
f 208// 217// 209//
f 209// 217// 218//
f 209// 218// 214//
f 214// 218// 219//
f 214// 219// 216//
f 220// 221// 222//
f 222// 221// 223//
f 222// 223// 224//
f 224// 223// 225//
f 224// 225// 226//
f 226// 225// 217//
f 226// 217// 227//
f 227// 217// 208//
f 228// 229// 209//
f 209// 229// 230//
f 209// 230// 210//
f 231// 232// 233//
f 231// 233// 234//
f 235// 236// 237//
f 237// 236// 238//
f 237// 238// 239//
f 239// 238// 240//
f 232// 241// 233//
f 233// 241// 242//
f 233// 242// 238//
f 238// 242// 243//
f 238// 243// 240//
f 244// 245// 246//
f 246// 245// 247//
f 246// 247// 248//
f 248// 247// 249//
f 248// 249// 250//
f 250// 249// 241//
f 250// 241// 251//
f 251// 241// 232//
f 252// 253// 233//
f 233// 253// 254//
f 233// 254// 234//
f 255// 256// 257//
f 257// 256// 258//
f 259// 260// 214//
f 214// 260// 209//
f 261// 262// 263//
f 263// 262// 264//
f 233// 238// 265//
f 265// 238// 266//
f 266// 267// 268//
f 266// 268// 265//
f 265// 268// 269//
f 265// 269// 270//
f 262// 271// 272//
f 273// 199// 274//
f 274// 199// 201//
f 274// 201// 272//
f 272// 201// 264//
f 272// 264// 262//
f 204// 275// 276//
f 277// 255// 278//
f 278// 255// 257//
f 278// 257// 276//
f 276// 257// 206//
f 276// 206// 204//
f 279// 280// 259//
f 259// 280// 281//
f 259// 281// 260//
f 260// 281// 282//
f 256// 283// 284//
f 285// 203// 286//
f 286// 203// 205//
f 286// 205// 284//
f 284// 205// 258//
f 284// 258// 256//
f 200// 287// 288//
f 289// 261// 290//
f 290// 261// 263//
f 290// 263// 288//
f 288// 263// 202//
f 288// 202// 200//
f 291// 292// 293//
f 294// 295// 296//
f 296// 297// 294//
f 294// 297// 291//
f 294// 291// 298//
f 298// 291// 293//
f 299// 300// 301//
f 301// 300// 302//
f 301// 302// 303//
f 303// 302// 304//
f 303// 304// 305//
f 305// 304// 306//
f 131// 109// 307//
f 269// 268// 308//
f 308// 268// 309//
f 308// 309// 310//
f 310// 309// 311//
f 310// 311// 312//
f 312// 311// 313//
f 312// 313// 314//
f 314// 313// 315//
f 314// 315// 316//
f 316// 315// 317//
f 316// 317// 318//
f 318// 317// 319//
f 318// 319// 320//
f 320// 319// 321//
f 320// 321// 322//
f 322// 321// 323//
f 322// 323// 324//
f 324// 323// 325//
f 324// 325// 307//
f 307// 325// 326//
f 307// 326// 131//
f 109// 107// 327//
f 278// 276// 328//
f 328// 276// 329//
f 328// 329// 330//
f 330// 329// 331//
f 330// 331// 332//
f 332// 331// 333//
f 332// 333// 334//
f 334// 333// 335//
f 334// 335// 336//
f 336// 335// 337//
f 336// 337// 338//
f 338// 337// 339//
f 338// 339// 340//
f 340// 339// 341//
f 340// 341// 342//
f 342// 341// 343//
f 342// 343// 344//
f 344// 343// 345//
f 344// 345// 327//
f 327// 345// 346//
f 327// 346// 109//
f 310// 312// 347//
f 314// 316// 348//
f 349// 350// 351//
f 109// 352// 353//
f 354// 352// 109//
f 351// 350// 109//
f 307// 109// 350//
f 355// 356// 357//
f 357// 356// 358//
f 357// 358// 359//
f 359// 358// 360//
f 360// 358// 361//
f 360// 361// 362//
f 362// 361// 363//
f 363// 361// 364//
f 363// 364// 365//
f 365// 364// 366//
f 366// 364// 367//
f 366// 367// 368//
f 368// 367// 369//
f 369// 367// 370//
f 369// 370// 371//
f 371// 370// 329//
f 371// 329// 276//
f 346// 354// 109//
f 318// 320// 349//
f 349// 320// 322//
f 349// 322// 350//
f 350// 322// 324//
f 350// 324// 307//
f 372// 353// 373//
f 373// 353// 352//
f 373// 352// 374//
f 374// 352// 354//
f 374// 354// 375//
f 316// 318// 348//
f 348// 318// 349//
f 348// 349// 376//
f 376// 349// 351//
f 376// 351// 377//
f 377// 351// 109//
f 346// 345// 354//
f 354// 345// 343//
f 354// 343// 375//
f 375// 343// 341//
f 375// 341// 339//
f 378// 372// 379//
f 379// 372// 373//
f 379// 373// 380//
f 380// 373// 374//
f 380// 374// 381//
f 381// 374// 375//
f 381// 375// 382//
f 382// 375// 339//
f 347// 378// 383//
f 383// 378// 379//
f 383// 379// 384//
f 384// 379// 380//
f 384// 380// 385//
f 385// 380// 381//
f 385// 381// 386//
f 386// 381// 382//
f 386// 382// 387//
f 312// 314// 347//
f 347// 314// 348//
f 347// 348// 378//
f 378// 348// 376//
f 378// 376// 372//
f 372// 376// 377//
f 372// 377// 353//
f 353// 377// 109//
f 355// 269// 356//
f 356// 269// 308//
f 356// 308// 310//
f 339// 337// 382//
f 382// 337// 335//
f 382// 335// 387//
f 387// 335// 333//
f 387// 333// 331//
f 310// 347// 356//
f 356// 347// 383//
f 356// 383// 358//
f 358// 383// 384//
f 358// 384// 361//
f 361// 384// 385//
f 361// 385// 364//
f 364// 385// 386//
f 364// 386// 367//
f 367// 386// 387//
f 367// 387// 370//
f 370// 387// 331//
f 370// 331// 329//
f 388// 389// 390//
f 391// 392// 393//
f 394// 395// 396//
f 131// 397// 398//
f 399// 397// 131//
f 396// 395// 131//
f 400// 131// 395//
f 401// 402// 403//
f 403// 402// 404//
f 403// 404// 405//
f 405// 404// 406//
f 406// 404// 407//
f 406// 407// 408//
f 408// 407// 409//
f 409// 407// 410//
f 409// 410// 411//
f 411// 410// 412//
f 412// 410// 413//
f 412// 413// 414//
f 414// 413// 415//
f 415// 413// 416//
f 415// 416// 417//
f 417// 416// 309//
f 417// 309// 268//
f 326// 399// 131//
f 418// 419// 394//
f 394// 419// 420//
f 394// 420// 395//
f 395// 420// 421//
f 395// 421// 400//
f 422// 398// 423//
f 423// 398// 397//
f 423// 397// 424//
f 424// 397// 399//
f 424// 399// 425//
f 392// 418// 393//
f 393// 418// 394//
f 393// 394// 426//
f 426// 394// 396//
f 426// 396// 427//
f 427// 396// 131//
f 326// 325// 399//
f 399// 325// 323//
f 399// 323// 425//
f 425// 323// 321//
f 425// 321// 319//
f 428// 422// 429//
f 429// 422// 423//
f 429// 423// 430//
f 430// 423// 424//
f 430// 424// 431//
f 431// 424// 425//
f 431// 425// 432//
f 432// 425// 319//
f 390// 428// 433//
f 433// 428// 429//
f 433// 429// 434//
f 434// 429// 430//
f 434// 430// 435//
f 435// 430// 431//
f 435// 431// 436//
f 436// 431// 432//
f 436// 432// 437//
f 389// 391// 390//
f 390// 391// 393//
f 390// 393// 428//
f 428// 393// 426//
f 428// 426// 422//
f 422// 426// 427//
f 422// 427// 398//
f 398// 427// 131//
f 401// 274// 402//
f 402// 274// 438//
f 402// 438// 388//
f 319// 317// 432//
f 432// 317// 315//
f 432// 315// 437//
f 437// 315// 313//
f 437// 313// 311//
f 388// 390// 402//
f 402// 390// 433//
f 402// 433// 404//
f 404// 433// 434//
f 404// 434// 407//
f 407// 434// 435//
f 407// 435// 410//
f 410// 435// 436//
f 410// 436// 413//
f 413// 436// 437//
f 413// 437// 416//
f 416// 437// 311//
f 416// 311// 309//
f 98// 131// 400//
f 274// 272// 438//
f 438// 272// 439//
f 438// 439// 388//
f 388// 439// 440//
f 388// 440// 389//
f 389// 440// 441//
f 389// 441// 391//
f 391// 441// 442//
f 391// 442// 392//
f 392// 442// 443//
f 392// 443// 418//
f 418// 443// 444//
f 418// 444// 419//
f 419// 444// 445//
f 419// 445// 420//
f 420// 445// 446//
f 420// 446// 421//
f 421// 446// 447//
f 421// 447// 400//
f 400// 447// 448//
f 400// 448// 98//
f 107// 98// 449//
f 281// 280// 450//
f 450// 280// 451//
f 450// 451// 452//
f 452// 451// 453//
f 452// 453// 454//
f 454// 453// 455//
f 454// 455// 456//
f 456// 455// 457//
f 456// 457// 458//
f 458// 457// 459//
f 458// 459// 460//
f 460// 459// 461//
f 460// 461// 462//
f 462// 461// 463//
f 462// 463// 464//
f 464// 463// 465//
f 464// 465// 466//
f 466// 465// 467//
f 466// 467// 449//
f 449// 467// 468//
f 449// 468// 107//
f 330// 332// 469//
f 334// 336// 470//
f 471// 472// 473//
f 107// 474// 475//
f 476// 474// 107//
f 473// 472// 107//
f 327// 107// 472//
f 477// 478// 479//
f 479// 478// 480//
f 479// 480// 481//
f 481// 480// 482//
f 482// 480// 483//
f 482// 483// 484//
f 484// 483// 485//
f 485// 483// 486//
f 485// 486// 487//
f 487// 486// 488//
f 488// 486// 489//
f 488// 489// 490//
f 490// 489// 491//
f 491// 489// 492//
f 491// 492// 493//
f 493// 492// 451//
f 493// 451// 280//
f 468// 476// 107//
f 338// 340// 471//
f 471// 340// 342//
f 471// 342// 472//
f 472// 342// 344//
f 472// 344// 327//
f 494// 475// 495//
f 495// 475// 474//
f 495// 474// 496//
f 496// 474// 476//
f 496// 476// 497//
f 336// 338// 470//
f 470// 338// 471//
f 470// 471// 498//
f 498// 471// 473//
f 498// 473// 499//
f 499// 473// 107//
f 468// 467// 476//
f 476// 467// 465//
f 476// 465// 497//
f 497// 465// 463//
f 497// 463// 461//
f 500// 494// 501//
f 501// 494// 495//
f 501// 495// 502//
f 502// 495// 496//
f 502// 496// 503//
f 503// 496// 497//
f 503// 497// 504//
f 504// 497// 461//
f 469// 500// 505//
f 505// 500// 501//
f 505// 501// 506//
f 506// 501// 502//
f 506// 502// 507//
f 507// 502// 503//
f 507// 503// 508//
f 508// 503// 504//
f 508// 504// 509//
f 332// 334// 469//
f 469// 334// 470//
f 469// 470// 500//
f 500// 470// 498//
f 500// 498// 494//
f 494// 498// 499//
f 494// 499// 475//
f 475// 499// 107//
f 477// 278// 478//
f 478// 278// 328//
f 478// 328// 330//
f 461// 459// 504//
f 504// 459// 457//
f 504// 457// 509//
f 509// 457// 455//
f 509// 455// 453//
f 330// 469// 478//
f 478// 469// 505//
f 478// 505// 480//
f 480// 505// 506//
f 480// 506// 483//
f 483// 506// 507//
f 483// 507// 486//
f 486// 507// 508//
f 486// 508// 489//
f 489// 508// 509//
f 489// 509// 492//
f 492// 509// 453//
f 492// 453// 451//
f 510// 511// 369//
f 270// 269// 512//
f 512// 269// 355//
f 512// 355// 513//
f 513// 355// 357//
f 513// 357// 514//
f 514// 357// 359//
f 514// 359// 515//
f 359// 360// 515//
f 515// 360// 362//
f 515// 362// 516//
f 362// 363// 516//
f 516// 363// 365//
f 516// 365// 517//
f 517// 365// 366//
f 517// 366// 518//
f 518// 366// 511//
f 511// 366// 368//
f 511// 368// 369//
f 510// 369// 275//
f 275// 369// 371//
f 275// 371// 276//
f 268// 267// 417//
f 417// 267// 519//
f 417// 519// 415//
f 415// 519// 520//
f 415// 520// 414//
f 414// 520// 521//
f 414// 521// 412//
f 412// 521// 522//
f 412// 522// 411//
f 411// 522// 523//
f 411// 523// 409//
f 409// 523// 524//
f 409// 524// 408//
f 408// 524// 525//
f 408// 525// 406//
f 406// 525// 526//
f 406// 526// 405//
f 405// 526// 527//
f 405// 527// 403//
f 403// 527// 528//
f 403// 528// 401//
f 401// 528// 529//
f 401// 529// 274//
f 274// 529// 273//
f 452// 454// 530//
f 456// 458// 531//
f 532// 533// 534//
f 98// 535// 536//
f 537// 535// 98//
f 534// 533// 98//
f 449// 98// 533//
f 538// 539// 540//
f 540// 539// 541//
f 540// 541// 542//
f 542// 541// 543//
f 543// 541// 544//
f 543// 544// 545//
f 545// 544// 546//
f 546// 544// 547//
f 546// 547// 548//
f 548// 547// 549//
f 549// 547// 550//
f 549// 550// 551//
f 551// 550// 552//
f 552// 550// 553//
f 552// 553// 554//
f 554// 553// 439//
f 554// 439// 272//
f 448// 537// 98//
f 460// 462// 532//
f 532// 462// 464//
f 532// 464// 533//
f 533// 464// 466//
f 533// 466// 449//
f 555// 536// 556//
f 556// 536// 535//
f 556// 535// 557//
f 557// 535// 537//
f 557// 537// 558//
f 458// 460// 531//
f 531// 460// 532//
f 531// 532// 559//
f 559// 532// 534//
f 559// 534// 560//
f 560// 534// 98//
f 448// 447// 537//
f 537// 447// 446//
f 537// 446// 558//
f 558// 446// 445//
f 558// 445// 444//
f 561// 555// 562//
f 562// 555// 556//
f 562// 556// 563//
f 563// 556// 557//
f 563// 557// 564//
f 564// 557// 558//
f 564// 558// 565//
f 565// 558// 444//
f 530// 561// 566//
f 566// 561// 562//
f 566// 562// 567//
f 567// 562// 563//
f 567// 563// 568//
f 568// 563// 564//
f 568// 564// 569//
f 569// 564// 565//
f 569// 565// 570//
f 454// 456// 530//
f 530// 456// 531//
f 530// 531// 561//
f 561// 531// 559//
f 561// 559// 555//
f 555// 559// 560//
f 555// 560// 536//
f 536// 560// 98//
f 538// 281// 539//
f 539// 281// 450//
f 539// 450// 452//
f 444// 443// 565//
f 565// 443// 442//
f 565// 442// 570//
f 570// 442// 441//
f 570// 441// 440//
f 452// 530// 539//
f 539// 530// 566//
f 539// 566// 541//
f 541// 566// 567//
f 541// 567// 544//
f 544// 567// 568//
f 544// 568// 547//
f 547// 568// 569//
f 547// 569// 550//
f 550// 569// 570//
f 550// 570// 553//
f 553// 570// 440//
f 553// 440// 439//
f 571// 572// 491//
f 277// 278// 573//
f 573// 278// 477//
f 573// 477// 574//
f 574// 477// 479//
f 574// 479// 575//
f 575// 479// 481//
f 575// 481// 576//
f 481// 482// 576//
f 576// 482// 484//
f 576// 484// 577//
f 484// 485// 577//
f 577// 485// 487//
f 577// 487// 578//
f 578// 487// 488//
f 578// 488// 579//
f 579// 488// 572//
f 572// 488// 490//
f 572// 490// 491//
f 571// 491// 279//
f 279// 491// 493//
f 279// 493// 280//
f 275// 204// 203//
f 580// 511// 581//
f 581// 511// 510//
f 581// 510// 582//
f 582// 510// 275//
f 582// 275// 285//
f 285// 275// 203//
f 233// 265// 252//
f 252// 265// 270//
f 252// 270// 583//
f 583// 270// 512//
f 583// 512// 584//
f 584// 512// 513//
f 584// 513// 585//
f 585// 513// 514//
f 585// 514// 586//
f 586// 514// 515//
f 586// 515// 587//
f 587// 515// 516//
f 587// 516// 588//
f 588// 516// 517//
f 588// 517// 580//
f 580// 517// 518//
f 580// 518// 511//
f 266// 238// 267//
f 267// 238// 236//
f 267// 236// 519//
f 236// 589// 519//
f 519// 589// 590//
f 519// 590// 520//
f 520// 590// 591//
f 520// 591// 521//
f 521// 591// 592//
f 521// 592// 522//
f 522// 592// 593//
f 522// 593// 523//
f 523// 593// 524//
f 524// 593// 594//
f 524// 594// 525//
f 594// 595// 525//
f 525// 595// 596//
f 525// 596// 526//
f 526// 596// 597//
f 200// 199// 287//
f 287// 199// 273//
f 287// 273// 598//
f 598// 273// 529//
f 598// 529// 599//
f 599// 529// 528//
f 599// 528// 597//
f 597// 528// 527//
f 597// 527// 526//
f 600// 601// 552//
f 602// 603// 549//
f 282// 281// 604//
f 604// 281// 538//
f 604// 538// 605//
f 605// 538// 540//
f 605// 540// 606//
f 606// 540// 542//
f 606// 542// 607//
f 546// 608// 545//
f 545// 608// 607//
f 545// 607// 543//
f 543// 607// 542//
f 549// 603// 548//
f 548// 603// 609//
f 548// 609// 546//
f 546// 609// 610//
f 546// 610// 608//
f 602// 549// 601//
f 601// 549// 551//
f 601// 551// 552//
f 600// 552// 271//
f 271// 552// 554//
f 271// 554// 272//
f 259// 214// 279//
f 279// 214// 212//
f 279// 212// 571//
f 212// 611// 571//
f 571// 611// 612//
f 571// 612// 572//
f 572// 612// 613//
f 572// 613// 579//
f 579// 613// 578//
f 578// 613// 614//
f 578// 614// 577//
f 577// 614// 615//
f 577// 615// 576//
f 576// 615// 616//
f 576// 616// 575//
f 616// 617// 575//
f 575// 617// 618//
f 575// 618// 574//
f 574// 618// 619//
f 256// 255// 283//
f 283// 255// 277//
f 283// 277// 619//
f 619// 277// 573//
f 619// 573// 574//
f 583// 584// 620//
f 285// 286// 582//
f 582// 286// 621//
f 582// 621// 581//
f 581// 621// 622//
f 581// 622// 580//
f 580// 622// 623//
f 580// 623// 588//
f 623// 624// 588//
f 588// 624// 625//
f 588// 625// 587//
f 625// 626// 587//
f 587// 626// 627//
f 587// 627// 586//
f 586// 627// 628//
f 586// 628// 585//
f 585// 628// 584//
f 584// 628// 629//
f 584// 629// 620//
f 583// 620// 252//
f 252// 620// 630//
f 252// 630// 253//
f 589// 236// 235//
f 631// 592// 591//
f 589// 235// 590//
f 590// 235// 632//
f 590// 632// 591//
f 591// 632// 633//
f 591// 633// 631//
f 592// 631// 593//
f 593// 631// 634//
f 593// 634// 594//
f 594// 634// 635//
f 594// 635// 595//
f 595// 635// 636//
f 595// 636// 596//
f 596// 636// 637//
f 596// 637// 597//
f 597// 637// 638//
f 597// 638// 599//
f 599// 638// 639//
f 599// 639// 598//
f 598// 639// 288//
f 598// 288// 287//
f 271// 262// 261//
f 261// 289// 271//
f 271// 289// 640//
f 271// 640// 600//
f 600// 640// 641//
f 600// 641// 601//
f 601// 641// 642//
f 601// 642// 602//
f 602// 642// 603//
f 603// 642// 643//
f 603// 643// 609//
f 609// 643// 644//
f 609// 644// 610//
f 610// 644// 645//
f 610// 645// 608//
f 645// 646// 608//
f 608// 646// 647//
f 608// 647// 607//
f 607// 647// 648//
f 209// 260// 228//
f 228// 260// 282//
f 228// 282// 649//
f 649// 282// 604//
f 649// 604// 650//
f 650// 604// 605//
f 650// 605// 648//
f 648// 605// 606//
f 648// 606// 607//
f 614// 613// 651//
f 651// 613// 612//
f 651// 612// 211//
f 211// 612// 611//
f 211// 611// 212//
f 651// 652// 614//
f 614// 652// 653//
f 614// 653// 615//
f 615// 653// 654//
f 654// 655// 615//
f 615// 655// 656//
f 615// 656// 616//
f 616// 656// 657//
f 616// 657// 617//
f 617// 657// 658//
f 617// 658// 618//
f 618// 658// 659//
f 618// 659// 619//
f 619// 659// 284//
f 619// 284// 283//
f 296// 295// 660//
f 296// 660// 292//
f 293// 292// 661//
f 661// 292// 660//
f 661// 660// 662//
f 662// 660// 663//
f 662// 663// 664//
f 664// 663// 665//
f 664// 665// 666//
f 666// 665// 667//
f 666// 667// 668//
f 668// 667// 669//
f 668// 669// 670//
f 670// 669// 671//
f 670// 671// 672//
f 672// 671// 673//
f 672// 673// 674//
f 674// 673// 675//
f 674// 675// 676//
f 676// 675// 677//
f 676// 677// 678//
f 678// 677// 679//
f 678// 679// 284//
f 284// 679// 286//
f 660// 295// 680//
f 681// 682// 295//
f 683// 684// 685//
f 686// 687// 688//
f 689// 690// 691//
f 626// 625// 692//
f 624// 623// 693//
f 622// 621// 694//
f 694// 621// 286//
f 691// 629// 628//
f 629// 691// 620//
f 620// 691// 690//
f 620// 690// 630//
f 253// 630// 695//
f 695// 630// 690//
f 695// 690// 696//
f 696// 690// 689//
f 696// 689// 697//
f 697// 689// 698//
f 286// 679// 694//
f 694// 679// 677//
f 694// 677// 699//
f 687// 698// 688//
f 688// 698// 689//
f 688// 689// 700//
f 700// 689// 691//
f 700// 691// 701//
f 701// 691// 628//
f 701// 628// 627//
f 677// 675// 699//
f 699// 675// 673//
f 699// 673// 702//
f 684// 686// 685//
f 685// 686// 688//
f 685// 688// 703//
f 703// 688// 700//
f 703// 700// 704//
f 704// 700// 701//
f 704// 701// 692//
f 692// 701// 627//
f 692// 627// 626//
f 673// 671// 702//
f 702// 671// 669//
f 702// 669// 705//
f 692// 706// 704//
f 704// 706// 707//
f 704// 707// 703//
f 703// 707// 708//
f 703// 708// 685//
f 685// 708// 709//
f 685// 709// 683//
f 682// 681// 710//
f 623// 622// 693//
f 693// 622// 694//
f 693// 694// 711//
f 711// 694// 699//
f 711// 699// 712//
f 712// 699// 702//
f 712// 702// 713//
f 713// 702// 705//
f 713// 705// 714//
f 714// 705// 680//
f 714// 680// 295//
f 295// 715// 709//
f 709// 715// 716//
f 709// 716// 683//
f 706// 717// 707//
f 707// 717// 718//
f 707// 718// 708//
f 708// 718// 719//
f 708// 719// 709//
f 709// 719// 295//
f 717// 710// 718//
f 718// 710// 681//
f 718// 681// 719//
f 719// 681// 295//
f 669// 667// 705//
f 705// 667// 665//
f 705// 665// 680//
f 680// 665// 663//
f 680// 663// 660//
f 625// 624// 692//
f 692// 624// 693//
f 692// 693// 706//
f 706// 693// 711//
f 706// 711// 717//
f 717// 711// 712//
f 717// 712// 710//
f 710// 712// 713//
f 710// 713// 682//
f 682// 713// 714//
f 682// 714// 295//
f 720// 300// 721//
f 722// 723// 724//
f 725// 726// 727//
f 728// 729// 730//
f 632// 235// 731//
f 631// 633// 732//
f 732// 633// 632//
f 639// 638// 729//
f 729// 638// 637//
f 729// 637// 730//
f 730// 637// 636//
f 730// 636// 635//
f 288// 639// 733//
f 733// 639// 729//
f 733// 729// 734//
f 734// 729// 728//
f 734// 728// 735//
f 735// 728// 736//
f 632// 731// 732//
f 732// 731// 737//
f 732// 737// 738//
f 726// 736// 727//
f 727// 736// 728//
f 727// 728// 739//
f 739// 728// 730//
f 739// 730// 740//
f 740// 730// 635//
f 737// 741// 738//
f 738// 741// 742//
f 738// 742// 743//
f 723// 725// 724//
f 724// 725// 727//
f 724// 727// 744//
f 744// 727// 739//
f 744// 739// 745//
f 745// 739// 740//
f 742// 746// 743//
f 743// 746// 747//
f 743// 747// 748//
f 745// 749// 744//
f 744// 749// 750//
f 744// 750// 724//
f 724// 750// 751//
f 724// 751// 722//
f 634// 631// 752//
f 752// 631// 732//
f 752// 732// 753//
f 753// 732// 738//
f 753// 738// 754//
f 754// 738// 743//
f 754// 743// 755//
f 755// 743// 748//
f 755// 748// 756//
f 756// 748// 721//
f 756// 721// 300//
f 300// 757// 751//
f 751// 757// 758//
f 751// 758// 722//
f 749// 759// 750//
f 750// 759// 760//
f 750// 760// 751//
f 751// 760// 300//
f 759// 761// 760//
f 760// 761// 300//
f 747// 762// 748//
f 748// 762// 763//
f 748// 763// 721//
f 721// 763// 764//
f 721// 764// 720//
f 635// 634// 740//
f 740// 634// 752//
f 740// 752// 745//
f 745// 752// 753//
f 745// 753// 749//
f 749// 753// 754//
f 749// 754// 759//
f 759// 754// 755//
f 759// 755// 761//
f 761// 755// 756//
f 761// 756// 300//
f 305// 306// 765//
f 305// 765// 299//
f 300// 299// 757//
f 757// 299// 765//
f 757// 765// 758//
f 758// 765// 766//
f 758// 766// 722//
f 722// 766// 767//
f 722// 767// 723//
f 723// 767// 768//
f 723// 768// 725//
f 725// 768// 769//
f 725// 769// 726//
f 726// 769// 770//
f 726// 770// 736//
f 736// 770// 771//
f 736// 771// 735//
f 735// 771// 772//
f 735// 772// 734//
f 734// 772// 773//
f 734// 773// 733//
f 733// 773// 774//
f 733// 774// 288//
f 288// 774// 290//
f 640// 289// 290//
f 640// 290// 641//
f 641// 290// 775//
f 641// 775// 642//
f 642// 775// 776//
f 642// 776// 643//
f 643// 776// 777//
f 643// 777// 644//
f 644// 777// 778//
f 644// 778// 645//
f 645// 778// 779//
f 645// 779// 646//
f 646// 779// 780//
f 646// 780// 647//
f 647// 780// 781//
f 647// 781// 648//
f 648// 781// 782//
f 648// 782// 650//
f 650// 782// 783//
f 650// 783// 649//
f 649// 783// 229//
f 649// 229// 228//
f 784// 293// 785//
f 664// 666// 786//
f 668// 670// 787//
f 788// 789// 790//
f 651// 211// 791//
f 653// 652// 792//
f 792// 652// 651//
f 659// 658// 789//
f 789// 658// 657//
f 789// 657// 790//
f 790// 657// 656//
f 790// 656// 655//
f 284// 659// 678//
f 678// 659// 789//
f 678// 789// 676//
f 676// 789// 788//
f 676// 788// 674//
f 674// 788// 672//
f 651// 791// 792//
f 792// 791// 793//
f 792// 793// 794//
f 670// 672// 787//
f 787// 672// 788//
f 787// 788// 795//
f 795// 788// 790//
f 795// 790// 796//
f 796// 790// 655//
f 793// 797// 794//
f 794// 797// 798//
f 794// 798// 799//
f 666// 668// 786//
f 786// 668// 787//
f 786// 787// 800//
f 800// 787// 795//
f 800// 795// 801//
f 801// 795// 796//
f 798// 802// 799//
f 799// 802// 803//
f 799// 803// 804//
f 801// 805// 800//
f 800// 805// 806//
f 800// 806// 786//
f 786// 806// 807//
f 786// 807// 664//
f 654// 653// 808//
f 808// 653// 792//
f 808// 792// 809//
f 809// 792// 794//
f 809// 794// 810//
f 810// 794// 799//
f 810// 799// 811//
f 811// 799// 804//
f 811// 804// 812//
f 812// 804// 785//
f 812// 785// 293//
f 293// 661// 807//
f 807// 661// 662//
f 807// 662// 664//
f 805// 813// 806//
f 806// 813// 814//
f 806// 814// 807//
f 807// 814// 293//
f 813// 815// 814//
f 814// 815// 293//
f 803// 816// 804//
f 804// 816// 817//
f 804// 817// 785//
f 785// 817// 818//
f 785// 818// 784//
f 655// 654// 796//
f 796// 654// 808//
f 796// 808// 801//
f 801// 808// 809//
f 801// 809// 805//
f 805// 809// 810//
f 805// 810// 813//
f 813// 810// 811//
f 813// 811// 815//
f 815// 811// 812//
f 815// 812// 293//
f 253// 695// 254//
f 254// 695// 819//
f 695// 696// 819//
f 819// 696// 697//
f 819// 697// 820//
f 697// 698// 820//
f 820// 698// 687//
f 820// 687// 821//
f 687// 686// 821//
f 821// 686// 684//
f 821// 684// 822//
f 684// 683// 822//
f 822// 683// 716//
f 822// 716// 823//
f 716// 715// 823//
f 823// 715// 295//
f 823// 295// 294//
f 824// 737// 237//
f 237// 737// 731//
f 237// 731// 235//
f 825// 826// 747//
f 747// 746// 825//
f 825// 746// 742//
f 825// 742// 824//
f 824// 742// 741//
f 824// 741// 737//
f 720// 764// 827//
f 827// 764// 763//
f 827// 763// 826//
f 826// 763// 762//
f 826// 762// 747//
f 827// 828// 720//
f 720// 828// 302//
f 720// 302// 300//
f 765// 306// 829//
f 830// 831// 832//
f 833// 834// 835//
f 836// 837// 838//
f 775// 290// 774//
f 777// 776// 839//
f 839// 776// 775//
f 783// 782// 837//
f 837// 782// 781//
f 837// 781// 838//
f 838// 781// 780//
f 838// 780// 779//
f 229// 783// 840//
f 840// 783// 837//
f 840// 837// 841//
f 841// 837// 836//
f 841// 836// 842//
f 842// 836// 843//
f 775// 774// 839//
f 839// 774// 773//
f 839// 773// 844//
f 834// 843// 835//
f 835// 843// 836//
f 835// 836// 845//
f 845// 836// 838//
f 845// 838// 846//
f 846// 838// 779//
f 773// 772// 844//
f 844// 772// 771//
f 844// 771// 847//
f 831// 833// 832//
f 832// 833// 835//
f 832// 835// 848//
f 848// 835// 845//
f 848// 845// 849//
f 849// 845// 846//
f 771// 770// 847//
f 847// 770// 769//
f 847// 769// 850//
f 849// 851// 848//
f 848// 851// 852//
f 848// 852// 832//
f 832// 852// 853//
f 832// 853// 830//
f 778// 777// 854//
f 854// 777// 839//
f 854// 839// 855//
f 855// 839// 844//
f 855// 844// 856//
f 856// 844// 847//
f 856// 847// 857//
f 857// 847// 850//
f 857// 850// 858//
f 858// 850// 829//
f 858// 829// 306//
f 306// 859// 853//
f 853// 859// 860//
f 853// 860// 830//
f 851// 861// 852//
f 852// 861// 862//
f 852// 862// 853//
f 853// 862// 306//
f 861// 863// 862//
f 862// 863// 306//
f 769// 768// 850//
f 850// 768// 767//
f 850// 767// 829//
f 829// 767// 766//
f 829// 766// 765//
f 779// 778// 846//
f 846// 778// 854//
f 846// 854// 849//
f 849// 854// 855//
f 849// 855// 851//
f 851// 855// 856//
f 851// 856// 861//
f 861// 856// 857//
f 861// 857// 863//
f 863// 857// 858//
f 863// 858// 306//
f 864// 793// 213//
f 213// 793// 791//
f 213// 791// 211//
f 865// 866// 803//
f 803// 802// 865//
f 865// 802// 798//
f 865// 798// 864//
f 864// 798// 797//
f 864// 797// 793//
f 784// 818// 867//
f 867// 818// 817//
f 867// 817// 866//
f 866// 817// 816//
f 866// 816// 803//
f 867// 868// 784//
f 784// 868// 298//
f 784// 298// 293//
f 869// 870// 871//
f 872// 873// 874//
f 875// 876// 877//
f 244// 246// 878//
f 878// 246// 879//
f 878// 879// 880//
f 880// 879// 881//
f 881// 879// 882//
f 881// 882// 883//
f 883// 882// 884//
f 883// 884// 885//
f 886// 887// 888//
f 888// 887// 889//
f 885// 884// 890//
f 890// 884// 891//
f 890// 891// 892//
f 892// 891// 888//
f 892// 888// 893//
f 893// 888// 889//
f 893// 889// 894//
f 876// 886// 877//
f 877// 886// 888//
f 877// 888// 895//
f 895// 888// 891//
f 895// 891// 896//
f 896// 891// 884//
f 896// 884// 897//
f 897// 884// 882//
f 897// 882// 898//
f 898// 882// 879//
f 898// 879// 248//
f 248// 879// 246//
f 873// 875// 874//
f 874// 875// 877//
f 874// 877// 899//
f 899// 877// 895//
f 899// 895// 900//
f 900// 895// 896//
f 900// 896// 901//
f 901// 896// 897//
f 901// 897// 902//
f 902// 897// 898//
f 902// 898// 250//
f 250// 898// 248//
f 903// 872// 904//
f 904// 872// 874//
f 904// 874// 905//
f 905// 874// 899//
f 905// 899// 906//
f 906// 899// 900//
f 906// 900// 907//
f 907// 900// 901//
f 907// 901// 908//
f 908// 901// 902//
f 908// 902// 251//
f 251// 902// 250//
f 870// 903// 871//
f 871// 903// 904//
f 871// 904// 909//
f 909// 904// 905//
f 909// 905// 910//
f 910// 905// 906//
f 910// 906// 911//
f 911// 906// 907//
f 911// 907// 912//
f 912// 907// 908//
f 912// 908// 232//
f 232// 908// 251//
f 913// 869// 914//
f 914// 869// 871//
f 914// 871// 915//
f 915// 871// 909//
f 915// 909// 916//
f 916// 909// 910//
f 916// 910// 917//
f 917// 910// 911//
f 917// 911// 918//
f 918// 911// 912//
f 918// 912// 231//
f 231// 912// 232//
f 919// 913// 920//
f 920// 913// 914//
f 920// 914// 921//
f 921// 914// 915//
f 921// 915// 922//
f 922// 915// 916//
f 922// 916// 923//
f 923// 916// 917//
f 923// 917// 924//
f 924// 917// 918//
f 924// 918// 234//
f 234// 918// 231//
f 294// 919// 823//
f 823// 919// 920//
f 823// 920// 822//
f 822// 920// 921//
f 822// 921// 821//
f 821// 921// 922//
f 821// 922// 820//
f 820// 922// 923//
f 820// 923// 819//
f 819// 923// 924//
f 819// 924// 254//
f 254// 924// 234//
f 245// 244// 925//
f 925// 244// 926//
f 925// 926// 927//
f 927// 926// 928//
f 927// 928// 929//
f 929// 928// 930//
f 929// 930// 931//
f 931// 930// 932//
f 931// 932// 933//
f 933// 932// 934//
f 933// 934// 935//
f 935// 934// 936//
f 935// 936// 937//
f 937// 936// 938//
f 937// 938// 939//
f 939// 938// 940//
f 939// 940// 941//
f 941// 940// 942//
f 941// 942// 943//
f 943// 942// 944//
f 943// 944// 945//
f 945// 944// 946//
f 945// 946// 62//
f 62// 946// 52//
f 824// 237// 239//
f 825// 824// 947//
f 826// 825// 948//
f 828// 827// 949//
f 302// 828// 950//
f 951// 952// 953//
f 953// 952// 954//
f 953// 954// 950//
f 950// 954// 955//
f 950// 955// 302//
f 956// 957// 951//
f 951// 957// 958//
f 951// 958// 952//
f 959// 960// 956//
f 956// 960// 961//
f 956// 961// 957//
f 962// 963// 959//
f 959// 963// 964//
f 959// 964// 960//
f 824// 239// 947//
f 947// 239// 240//
f 947// 240// 965//
f 965// 240// 243//
f 965// 243// 966//
f 966// 243// 242//
f 966// 242// 967//
f 967// 242// 241//
f 967// 241// 968//
f 968// 241// 249//
f 968// 249// 969//
f 969// 249// 247//
f 969// 247// 970//
f 825// 947// 948//
f 948// 947// 965//
f 948// 965// 971//
f 971// 965// 966//
f 971// 966// 972//
f 972// 966// 967//
f 972// 967// 973//
f 973// 967// 968//
f 973// 968// 974//
f 974// 968// 969//
f 974// 969// 975//
f 975// 969// 970//
f 975// 970// 976//
f 828// 949// 950//
f 950// 949// 977//
f 950// 977// 953//
f 953// 977// 978//
f 953// 978// 951//
f 951// 978// 979//
f 951// 979// 956//
f 956// 979// 980//
f 956// 980// 959//
f 959// 980// 981//
f 959// 981// 962//
f 962// 981// 982//
f 962// 982// 983//
f 984// 985// 983//
f 983// 985// 986//
f 983// 986// 962//
f 962// 986// 987//
f 962// 987// 963//
f 247// 245// 988//
f 247// 988// 970//
f 970// 988// 989//
f 970// 989// 976//
f 976// 989// 990//
f 976// 990// 991//
f 826// 948// 992//
f 992// 948// 971//
f 992// 971// 993//
f 993// 971// 972//
f 993// 972// 994//
f 994// 972// 973//
f 994// 973// 995//
f 995// 973// 974//
f 995// 974// 996//
f 996// 974// 975//
f 996// 975// 997//
f 997// 975// 976//
f 997// 976// 998//
f 998// 976// 991//
f 998// 991// 999//
f 999// 982// 998//
f 998// 982// 981//
f 998// 981// 997//
f 997// 981// 980//
f 997// 980// 996//
f 996// 980// 979//
f 996// 979// 995//
f 995// 979// 978//
f 995// 978// 994//
f 994// 978// 977//
f 994// 977// 993//
f 993// 977// 949//
f 993// 949// 992//
f 992// 949// 827//
f 992// 827// 826//
f 1000// 984// 1001//
f 1001// 984// 983//
f 1001// 983// 1002//
f 1002// 983// 982//
f 1002// 982// 1003//
f 1003// 982// 999//
f 229// 840// 230//
f 230// 840// 1004//
f 840// 841// 1004//
f 1004// 841// 842//
f 1004// 842// 1005//
f 842// 843// 1005//
f 1005// 843// 834//
f 1005// 834// 1006//
f 834// 833// 1006//
f 1006// 833// 831//
f 1006// 831// 1007//
f 831// 830// 1007//
f 1007// 830// 860//
f 1007// 860// 1008//
f 860// 859// 1008//
f 1008// 859// 306//
f 1008// 306// 304//
f 864// 213// 215//
f 865// 864// 1009//
f 866// 865// 1010//
f 868// 867// 1011//
f 1012// 1013// 1014//
f 1014// 1013// 298//
f 1014// 298// 868//
f 1015// 1016// 1017//
f 1017// 1016// 1018//
f 1017// 1018// 1012//
f 1012// 1018// 1019//
f 1012// 1019// 1013//
f 1020// 1021// 1015//
f 1015// 1021// 1022//
f 1015// 1022// 1016//
f 1023// 1024// 1020//
f 1020// 1024// 1025//
f 1020// 1025// 1021//
f 864// 215// 1009//
f 1009// 215// 216//
f 1009// 216// 1026//
f 1026// 216// 219//
f 1026// 219// 1027//
f 1027// 219// 218//
f 1027// 218// 1028//
f 1028// 218// 217//
f 1028// 217// 1029//
f 1029// 217// 225//
f 1029// 225// 1030//
f 1030// 225// 223//
f 1030// 223// 1031//
f 865// 1009// 1010//
f 1010// 1009// 1026//
f 1010// 1026// 1032//
f 1032// 1026// 1027//
f 1032// 1027// 1033//
f 1033// 1027// 1028//
f 1033// 1028// 1034//
f 1034// 1028// 1029//
f 1034// 1029// 1035//
f 1035// 1029// 1030//
f 1035// 1030// 1036//
f 1036// 1030// 1031//
f 1036// 1031// 1037//
f 868// 1011// 1014//
f 1014// 1011// 1038//
f 1014// 1038// 1012//
f 1012// 1038// 1039//
f 1012// 1039// 1017//
f 1017// 1039// 1040//
f 1017// 1040// 1015//
f 1015// 1040// 1041//
f 1015// 1041// 1020//
f 1020// 1041// 1042//
f 1020// 1042// 1023//
f 1023// 1042// 1043//
f 1023// 1043// 1044//
f 1045// 1046// 1044//
f 1044// 1046// 1047//
f 1044// 1047// 1023//
f 1023// 1047// 1048//
f 1023// 1048// 1024//
f 223// 221// 1049//
f 223// 1049// 1031//
f 1031// 1049// 1050//
f 1031// 1050// 1037//
f 1037// 1050// 1051//
f 1037// 1051// 1052//
f 866// 1010// 1053//
f 1053// 1010// 1032//
f 1053// 1032// 1054//
f 1054// 1032// 1033//
f 1054// 1033// 1055//
f 1055// 1033// 1034//
f 1055// 1034// 1056//
f 1056// 1034// 1035//
f 1056// 1035// 1057//
f 1057// 1035// 1036//
f 1057// 1036// 1058//
f 1058// 1036// 1037//
f 1058// 1037// 1059//
f 1059// 1037// 1052//
f 1059// 1052// 1060//
f 1060// 1043// 1059//
f 1059// 1043// 1042//
f 1059// 1042// 1058//
f 1058// 1042// 1041//
f 1058// 1041// 1057//
f 1057// 1041// 1040//
f 1057// 1040// 1056//
f 1056// 1040// 1039//
f 1056// 1039// 1055//
f 1055// 1039// 1038//
f 1055// 1038// 1054//
f 1054// 1038// 1011//
f 1054// 1011// 1053//
f 1053// 1011// 867//
f 1053// 867// 866//
f 1061// 1045// 1062//
f 1062// 1045// 1044//
f 1062// 1044// 1063//
f 1063// 1044// 1043//
f 1063// 1043// 1064//
f 1064// 1043// 1060//
f 919// 294// 298//
f 298// 1013// 919//
f 919// 1013// 1019//
f 919// 1019// 913//
f 913// 1019// 1018//
f 913// 1018// 869//
f 869// 1018// 1016//
f 869// 1016// 870//
f 870// 1016// 1022//
f 870// 1022// 903//
f 903// 1022// 1021//
f 903// 1021// 872//
f 872// 1021// 1025//
f 872// 1025// 873//
f 873// 1025// 1024//
f 873// 1024// 875//
f 875// 1024// 1048//
f 875// 1048// 876//
f 876// 1048// 1047//
f 876// 1047// 886//
f 886// 1047// 887//
f 887// 1047// 1046//
f 887// 1046// 889//
f 1046// 1045// 889//
f 889// 1045// 1061//
f 889// 1061// 894//
f 1065// 1066// 52//
f 1067// 1068// 52//
f 1069// 1070// 1066//
f 1066// 1070// 52//
f 1068// 1065// 52//
f 1071// 1072// 1073//
f 893// 1074// 892//
f 892// 1074// 1075//
f 892// 1075// 890//
f 890// 1075// 885//
f 885// 1075// 1076//
f 885// 1076// 883//
f 883// 1076// 1077//
f 883// 1077// 881//
f 881// 1077// 880//
f 880// 1077// 1078//
f 880// 1078// 878//
f 878// 1078// 926//
f 878// 926// 244//
f 932// 930// 1079//
f 1079// 930// 928//
f 1080// 1074// 1081//
f 1081// 1074// 893//
f 1081// 893// 894//
f 1080// 1082// 1074//
f 1074// 1082// 1083//
f 1074// 1083// 1075//
f 1075// 1083// 1084//
f 1075// 1084// 1076//
f 1076// 1084// 1085//
f 1076// 1085// 1077//
f 1077// 1085// 1079//
f 1077// 1079// 1078//
f 1078// 1079// 928//
f 1078// 928// 926//
f 936// 934// 1086//
f 1086// 934// 932//
f 932// 1079// 1086//
f 1086// 1079// 1085//
f 1086// 1085// 1087//
f 1087// 1085// 1084//
f 1087// 1084// 1088//
f 1088// 1084// 1083//
f 1088// 1083// 1089//
f 1089// 1083// 1082//
f 1089// 1082// 1090//
f 940// 938// 1091//
f 1091// 938// 936//
f 1080// 1092// 1082//
f 1082// 1092// 1093//
f 1082// 1093// 1090//
f 1090// 1093// 1094//
f 1090// 1094// 1095//
f 936// 1086// 1091//
f 1091// 1086// 1087//
f 1091// 1087// 1096//
f 1096// 1087// 1088//
f 1096// 1088// 1097//
f 1097// 1088// 1089//
f 1097// 1089// 1098//
f 1098// 1089// 1090//
f 1098// 1090// 1099//
f 1099// 1090// 1095//
f 1099// 1095// 1100//
f 944// 942// 1101//
f 1101// 942// 940//
f 940// 1091// 1101//
f 1101// 1091// 1096//
f 1101// 1096// 1102//
f 1102// 1096// 1097//
f 1102// 1097// 1103//
f 1103// 1097// 1098//
f 1103// 1098// 1104//
f 1104// 1098// 1099//
f 1104// 1099// 1073//
f 1073// 1099// 1100//
f 1073// 1100// 1071//
f 52// 946// 1105//
f 1105// 946// 944//
f 1067// 52// 1105//
f 944// 1101// 1105//
f 1105// 1101// 1102//
f 1105// 1102// 1067//
f 1067// 1102// 1103//
f 1067// 1103// 1068//
f 1068// 1103// 1104//
f 1068// 1104// 1065//
f 1065// 1104// 1073//
f 1065// 1073// 1066//
f 1066// 1073// 1072//
f 1066// 1072// 1069//
f 1106// 945// 62//
f 945// 1106// 943//
f 939// 941// 1107//
f 935// 937// 1108//
f 931// 933// 1109//
f 927// 929// 1110//
f 1111// 1112// 1113//
f 1001// 1002// 1114//
f 999// 991// 1115//
f 925// 1113// 245//
f 245// 1113// 988//
f 988// 1113// 989//
f 989// 1113// 1112//
f 989// 1112// 990//
f 1000// 1001// 1116//
f 1116// 1001// 1114//
f 1116// 1114// 1117//
f 1117// 1114// 1118//
f 925// 927// 1113//
f 1113// 927// 1110//
f 1113// 1110// 1111//
f 1111// 1110// 1119//
f 1120// 1121// 1118//
f 1118// 1121// 1122//
f 1118// 1122// 1117//
f 929// 931// 1110//
f 1110// 931// 1109//
f 1110// 1109// 1119//
f 1119// 1109// 1123//
f 1124// 1125// 1120//
f 1120// 1125// 1126//
f 1120// 1126// 1121//
f 933// 935// 1109//
f 1109// 935// 1108//
f 1109// 1108// 1123//
f 1123// 1108// 1127//
f 1128// 1129// 1124//
f 1124// 1129// 1130//
f 1124// 1130// 1125//
f 937// 939// 1108//
f 1108// 939// 1107//
f 1108// 1107// 1127//
f 1127// 1107// 1131//
f 62// 1132// 1133//
f 1133// 1132// 1134//
f 1133// 1134// 1128//
f 1128// 1134// 1135//
f 1128// 1135// 1129//
f 1003// 999// 1136//
f 1136// 999// 1115//
f 1136// 1115// 1137//
f 1137// 1115// 1138//
f 1137// 1138// 1139//
f 1139// 1138// 1140//
f 1139// 1140// 1141//
f 1141// 1140// 1142//
f 1141// 1142// 1143//
f 1143// 1142// 1144//
f 1143// 1144// 1145//
f 1145// 1144// 1146//
f 1145// 1146// 62//
f 991// 990// 1115//
f 1115// 990// 1112//
f 1115// 1112// 1138//
f 1138// 1112// 1111//
f 1138// 1111// 1140//
f 1140// 1111// 1119//
f 1140// 1119// 1142//
f 1142// 1119// 1123//
f 1142// 1123// 1144//
f 1144// 1123// 1127//
f 1144// 1127// 1146//
f 1146// 1127// 1131//
f 1146// 1131// 62//
f 1002// 1003// 1114//
f 1114// 1003// 1136//
f 1114// 1136// 1118//
f 1118// 1136// 1137//
f 1118// 1137// 1120//
f 1120// 1137// 1139//
f 1120// 1139// 1124//
f 1124// 1139// 1141//
f 1124// 1141// 1128//
f 1128// 1141// 1143//
f 1128// 1143// 1133//
f 1133// 1143// 1145//
f 1133// 1145// 62//
f 941// 943// 1107//
f 1107// 943// 1106//
f 1107// 1106// 1131//
f 1131// 1106// 62//
f 1147// 1148// 958//
f 1149// 1150// 1000//
f 1000// 1150// 984//
f 984// 1150// 985//
f 985// 1150// 1151//
f 985// 1151// 986//
f 986// 1151// 1152//
f 986// 1152// 987//
f 987// 1152// 1153//
f 987// 1153// 963//
f 963// 1153// 1154//
f 963// 1154// 964//
f 964// 1154// 1155//
f 964// 1155// 960//
f 1155// 1156// 960//
f 960// 1156// 1157//
f 960// 1157// 961//
f 961// 1157// 1158//
f 961// 1158// 957//
f 958// 1148// 952//
f 957// 1158// 958//
f 958// 1158// 1159//
f 958// 1159// 1147//
f 304// 302// 1160//
f 1160// 302// 955//
f 1160// 955// 1148//
f 1148// 955// 954//
f 1148// 954// 952//
f 1148// 1147// 1161//
f 1158// 1157// 1162//
f 1156// 1155// 1163//
f 1154// 1153// 1164//
f 220// 222// 1165//
f 1165// 222// 1166//
f 1167// 1168// 1166//
f 1166// 1168// 1169//
f 1166// 1169// 1165//
f 1170// 1171// 1167//
f 1167// 1171// 1172//
f 1167// 1172// 1168//
f 1173// 1174// 1170//
f 1170// 1174// 1175//
f 1170// 1175// 1171//
f 1176// 1177// 1178//
f 1178// 1177// 1179//
f 1178// 1179// 1173//
f 1173// 1179// 1180//
f 1173// 1180// 1174//
f 1149// 1176// 1150//
f 1150// 1176// 1178//
f 1150// 1178// 1151//
f 1151// 1178// 1152//
f 1153// 1152// 1164//
f 1164// 1152// 1178//
f 1164// 1178// 1181//
f 1181// 1178// 1173//
f 1181// 1173// 1182//
f 1182// 1173// 1170//
f 1182// 1170// 1183//
f 1183// 1170// 1167//
f 1183// 1167// 1184//
f 1184// 1167// 1166//
f 1184// 1166// 224//
f 224// 1166// 222//
f 1155// 1154// 1163//
f 1163// 1154// 1164//
f 1163// 1164// 1185//
f 1185// 1164// 1181//
f 1185// 1181// 1186//
f 1186// 1181// 1182//
f 1186// 1182// 1187//
f 1187// 1182// 1183//
f 1187// 1183// 1188//
f 1188// 1183// 1184//
f 1188// 1184// 226//
f 226// 1184// 224//
f 1157// 1156// 1162//
f 1162// 1156// 1163//
f 1162// 1163// 1189//
f 1189// 1163// 1185//
f 1189// 1185// 1190//
f 1190// 1185// 1186//
f 1190// 1186// 1191//
f 1191// 1186// 1187//
f 1191// 1187// 1192//
f 1192// 1187// 1188//
f 1192// 1188// 227//
f 227// 1188// 226//
f 1159// 1158// 1193//
f 1193// 1158// 1162//
f 1193// 1162// 1194//
f 1194// 1162// 1189//
f 1194// 1189// 1195//
f 1195// 1189// 1190//
f 1195// 1190// 1196//
f 1196// 1190// 1191//
f 1196// 1191// 1197//
f 1197// 1191// 1192//
f 1197// 1192// 208//
f 208// 1192// 227//
f 1147// 1159// 1161//
f 1161// 1159// 1193//
f 1161// 1193// 1198//
f 1198// 1193// 1194//
f 1198// 1194// 1199//
f 1199// 1194// 1195//
f 1199// 1195// 1200//
f 1200// 1195// 1196//
f 1200// 1196// 1201//
f 1201// 1196// 1197//
f 1201// 1197// 207//
f 207// 1197// 208//
f 1160// 1148// 1202//
f 1202// 1148// 1161//
f 1202// 1161// 1203//
f 1203// 1161// 1198//
f 1203// 1198// 1204//
f 1204// 1198// 1199//
f 1204// 1199// 1205//
f 1205// 1199// 1200//
f 1205// 1200// 1206//
f 1206// 1200// 1201//
f 1206// 1201// 210//
f 210// 1201// 207//
f 304// 1160// 1008//
f 1008// 1160// 1202//
f 1008// 1202// 1007//
f 1007// 1202// 1203//
f 1007// 1203// 1006//
f 1006// 1203// 1204//
f 1006// 1204// 1005//
f 1005// 1204// 1205//
f 1005// 1205// 1004//
f 1004// 1205// 1206//
f 1004// 1206// 230//
f 230// 1206// 210//
f 894// 1061// 1081//
f 1081// 1061// 1207//
f 1081// 1207// 1080//
f 1080// 1207// 1208//
f 1080// 1208// 1092//
f 1092// 1208// 1209//
f 1092// 1209// 1093//
f 1093// 1209// 1210//
f 1093// 1210// 1094//
f 1094// 1210// 1211//
f 1094// 1211// 1095//
f 1095// 1211// 1212//
f 1095// 1212// 1100//
f 1100// 1212// 1213//
f 1100// 1213// 1071//
f 1071// 1213// 1214//
f 1071// 1214// 1072//
f 1072// 1214// 1215//
f 1072// 1215// 1069//
f 1069// 1215// 1216//
f 1069// 1216// 1070//
f 1070// 1216// 1217//
f 1070// 1217// 52//
f 52// 1217// 54//
f 1149// 1000// 1218//
f 1218// 1000// 1116//
f 1218// 1116// 1219//
f 1219// 1116// 1117//
f 1219// 1117// 1220//
f 1220// 1117// 1122//
f 1220// 1122// 1221//
f 1221// 1122// 1121//
f 1221// 1121// 1222//
f 1222// 1121// 1126//
f 1222// 1126// 1223//
f 1223// 1126// 1125//
f 1223// 1125// 1224//
f 1224// 1125// 1130//
f 1224// 1130// 1225//
f 1225// 1130// 1129//
f 1225// 1129// 1226//
f 1226// 1129// 1135//
f 1226// 1135// 1227//
f 1227// 1135// 1134//
f 1227// 1134// 1228//
f 1228// 1134// 1132//
f 1228// 1132// 95//
f 95// 1132// 62//
f 1229// 1230// 54//
f 1230// 1229// 1231//
f 1232// 1233// 1234//
f 1235// 1236// 1237//
f 1238// 1239// 1240//
f 1241// 1242// 1243//
f 1244// 1245// 1246//
f 1062// 1063// 1247//
f 1060// 1052// 1248//
f 1249// 1246// 221//
f 221// 1246// 1049//
f 1049// 1246// 1050//
f 1050// 1246// 1245//
f 1050// 1245// 1051//
f 1061// 1062// 1207//
f 1207// 1062// 1247//
f 1207// 1247// 1208//
f 1208// 1247// 1250//
f 1249// 1241// 1246//
f 1246// 1241// 1243//
f 1246// 1243// 1244//
f 1244// 1243// 1251//
f 1252// 1210// 1250//
f 1250// 1210// 1209//
f 1250// 1209// 1208//
f 1242// 1238// 1243//
f 1243// 1238// 1240//
f 1243// 1240// 1251//
f 1251// 1240// 1253//
f 1254// 1212// 1252//
f 1252// 1212// 1211//
f 1252// 1211// 1210//
f 1239// 1235// 1240//
f 1240// 1235// 1237//
f 1240// 1237// 1253//
f 1253// 1237// 1255//
f 1256// 1214// 1254//
f 1254// 1214// 1213//
f 1254// 1213// 1212//
f 1236// 1232// 1237//
f 1237// 1232// 1234//
f 1237// 1234// 1255//
f 1255// 1234// 1257//
f 54// 1217// 1258//
f 1258// 1217// 1216//
f 1258// 1216// 1256//
f 1256// 1216// 1215//
f 1256// 1215// 1214//
f 1064// 1060// 1259//
f 1259// 1060// 1248//
f 1259// 1248// 1260//
f 1260// 1248// 1261//
f 1260// 1261// 1262//
f 1262// 1261// 1263//
f 1262// 1263// 1264//
f 1264// 1263// 1265//
f 1264// 1265// 1266//
f 1266// 1265// 1267//
f 1266// 1267// 1268//
f 1268// 1267// 1269//
f 1268// 1269// 54//
f 1052// 1051// 1248//
f 1248// 1051// 1245//
f 1248// 1245// 1261//
f 1261// 1245// 1244//
f 1261// 1244// 1263//
f 1263// 1244// 1251//
f 1263// 1251// 1265//
f 1265// 1251// 1253//
f 1265// 1253// 1267//
f 1267// 1253// 1255//
f 1267// 1255// 1269//
f 1269// 1255// 1257//
f 1269// 1257// 54//
f 1063// 1064// 1247//
f 1247// 1064// 1259//
f 1247// 1259// 1250//
f 1250// 1259// 1260//
f 1250// 1260// 1252//
f 1252// 1260// 1262//
f 1252// 1262// 1254//
f 1254// 1262// 1264//
f 1254// 1264// 1256//
f 1256// 1264// 1266//
f 1256// 1266// 1258//
f 1258// 1266// 1268//
f 1258// 1268// 54//
f 1233// 1231// 1234//
f 1234// 1231// 1229//
f 1234// 1229// 1257//
f 1257// 1229// 54//
f 1270// 1271// 95//
f 1272// 1273// 95//
f 1272// 95// 1274//
f 1227// 1228// 1271//
f 1271// 1228// 95//
f 1273// 1270// 95//
f 1225// 1226// 1275//
f 1176// 1276// 1177//
f 1177// 1276// 1277//
f 1175// 1174// 1278//
f 1278// 1174// 1180//
f 1278// 1180// 1277//
f 1277// 1180// 1179//
f 1277// 1179// 1177//
f 1175// 1278// 1171//
f 1171// 1278// 1279//
f 1171// 1279// 1172//
f 1172// 1279// 1280//
f 1172// 1280// 1168//
f 1168// 1280// 1169//
f 1169// 1280// 1281//
f 1169// 1281// 1165//
f 1165// 1281// 1282//
f 1165// 1282// 220//
f 1283// 1284// 1285//
f 1285// 1284// 1286//
f 1176// 1149// 1276//
f 1276// 1149// 1218//
f 1276// 1218// 1219//
f 1219// 1287// 1276//
f 1276// 1287// 1288//
f 1276// 1288// 1277//
f 1277// 1288// 1289//
f 1277// 1289// 1278//
f 1278// 1289// 1290//
f 1278// 1290// 1279//
f 1279// 1290// 1291//
f 1279// 1291// 1280//
f 1280// 1291// 1285//
f 1280// 1285// 1281//
f 1281// 1285// 1286//
f 1281// 1286// 1282//
f 1292// 1293// 1294//
f 1294// 1293// 1283//
f 1283// 1285// 1294//
f 1294// 1285// 1291//
f 1294// 1291// 1295//
f 1295// 1291// 1290//
f 1295// 1290// 1296//
f 1296// 1290// 1289//
f 1296// 1289// 1297//
f 1297// 1289// 1288//
f 1297// 1288// 1298//
f 1298// 1288// 1287//
f 1298// 1287// 1299//
f 1300// 1301// 1302//
f 1302// 1301// 1292//
f 1219// 1220// 1287//
f 1287// 1220// 1221//
f 1287// 1221// 1299//
f 1299// 1221// 1222//
f 1299// 1222// 1223//
f 1292// 1294// 1302//
f 1302// 1294// 1295//
f 1302// 1295// 1303//
f 1303// 1295// 1296//
f 1303// 1296// 1304//
f 1304// 1296// 1297//
f 1304// 1297// 1305//
f 1305// 1297// 1298//
f 1305// 1298// 1306//
f 1306// 1298// 1299//
f 1306// 1299// 1307//
f 1307// 1299// 1223//
f 1307// 1223// 1224//
f 1308// 1309// 1310//
f 1310// 1309// 1300//
f 1300// 1302// 1310//
f 1310// 1302// 1303//
f 1310// 1303// 1311//
f 1311// 1303// 1304//
f 1311// 1304// 1312//
f 1312// 1304// 1305//
f 1312// 1305// 1313//
f 1313// 1305// 1306//
f 1313// 1306// 1314//
f 1314// 1306// 1307//
f 1314// 1307// 1275//
f 1275// 1307// 1224//
f 1275// 1224// 1225//
f 95// 1315// 1316//
f 1316// 1315// 1308//
f 1274// 95// 1316//
f 1308// 1310// 1316//
f 1316// 1310// 1311//
f 1316// 1311// 1274//
f 1274// 1311// 1312//
f 1274// 1312// 1272//
f 1272// 1312// 1313//
f 1272// 1313// 1273//
f 1273// 1313// 1314//
f 1273// 1314// 1270//
f 1270// 1314// 1275//
f 1270// 1275// 1271//
f 1271// 1275// 1226//
f 1271// 1226// 1227//
f 95// 54// 1315//
f 1315// 54// 1230//
f 1315// 1230// 1308//
f 1308// 1230// 1231//
f 1308// 1231// 1309//
f 1309// 1231// 1233//
f 1309// 1233// 1300//
f 1300// 1233// 1232//
f 1300// 1232// 1301//
f 1301// 1232// 1236//
f 1301// 1236// 1292//
f 1292// 1236// 1235//
f 1292// 1235// 1293//
f 1293// 1235// 1239//
f 1293// 1239// 1283//
f 1283// 1239// 1238//
f 1283// 1238// 1284//
f 1284// 1238// 1242//
f 1284// 1242// 1286//
f 1286// 1242// 1241//
f 1286// 1241// 1282//
f 1282// 1241// 1249//
f 1282// 1249// 220//
f 220// 1249// 221//
usemtl 2
f 1317// 1318// 292//
f 292// 1318// 296//
f 291// 297// 1319//
f 1319// 297// 1320//
f 205// 1321// 258//
f 258// 1321// 1322//
f 206// 1323// 205//
f 205// 1323// 1321//
f 257// 1324// 206//
f 206// 1324// 1323//
f 258// 1322// 257//
f 257// 1322// 1324//
f 1325// 1326// 1321//
f 1327// 1321// 1328//
f 1328// 1321// 1323//
f 1327// 1329// 1321//
f 1321// 1329// 1330//
f 1321// 1330// 1325//
f 1331// 1326// 1325//
f 1331// 1325// 1332//
f 1332// 1325// 1330//
f 1332// 1330// 1333//
f 1333// 1330// 1329//
f 1333// 1329// 1334//
f 1334// 1329// 1327//
f 1334// 1327// 1335//
f 1335// 1327// 1328//
f 1335// 1328// 1336//
f 1336// 1328// 1323//
f 1336// 1323// 1324//
f 1336// 1324// 1322//
f 1331// 1332// 1322//
f 1322// 1332// 1333//
f 1333// 1334// 1322//
f 1322// 1334// 1335//
f 1322// 1335// 1336//
f 1317// 1322// 1318//
f 1318// 1322// 1321//
f 1318// 1321// 1337//
f 1337// 1321// 1326//
f 1337// 1326// 1338//
f 1338// 1326// 1331//
f 1331// 1322// 1338//
f 1338// 1322// 1317//
f 1339// 1340// 1318//
f 1341// 1318// 1342//
f 1342// 1318// 1337//
f 1341// 1343// 1318//
f 1318// 1343// 1344//
f 1318// 1344// 1339//
f 1345// 1340// 1339//
f 1345// 1339// 1346//
f 1346// 1339// 1344//
f 1346// 1344// 1347//
f 1347// 1344// 1343//
f 1347// 1343// 1348//
f 1348// 1343// 1341//
f 1348// 1341// 1349//
f 1349// 1341// 1342//
f 1349// 1342// 1350//
f 1350// 1342// 1337//
f 1350// 1337// 1338//
f 1350// 1338// 1317//
f 1345// 1346// 1317//
f 1317// 1346// 1347//
f 1347// 1348// 1317//
f 1317// 1348// 1349//
f 1317// 1349// 1350//
f 1320// 297// 1340//
f 1340// 297// 296//
f 1340// 296// 1318//
f 1320// 1340// 1319//
f 1319// 1340// 1345//
f 291// 1319// 292//
f 292// 1319// 1345//
f 292// 1345// 1317//
f 1351// 1352// 299//
f 299// 1352// 305//
f 301// 303// 1353//
f 1353// 303// 1354//
f 201// 1355// 264//
f 264// 1355// 1356//
f 202// 1357// 201//
f 201// 1357// 1355//
f 263// 1358// 202//
f 202// 1358// 1357//
f 264// 1356// 263//
f 263// 1356// 1358//
f 1359// 1360// 1361//
f 1359// 1361// 1362//
f 1362// 1361// 1363//
f 1362// 1363// 1364//
f 1364// 1363// 1365//
f 1364// 1365// 1366//
f 1366// 1365// 1367//
f 1366// 1367// 1368//
f 1368// 1367// 1369//
f 1368// 1369// 1370//
f 1370// 1369// 1356//
f 1370// 1356// 1355//
f 1359// 1362// 1357//
f 1357// 1362// 1364//
f 1357// 1364// 1366//
f 1366// 1368// 1357//
f 1357// 1368// 1370//
f 1357// 1370// 1355//
f 1356// 1369// 1358//
f 1358// 1369// 1367//
f 1358// 1367// 1365//
f 1365// 1363// 1358//
f 1358// 1363// 1361//
f 1358// 1361// 1360//
f 1371// 1360// 1372//
f 1372// 1360// 1359//
f 1372// 1359// 1351//
f 1351// 1359// 1357//
f 1351// 1357// 1352//
f 1352// 1357// 1358//
f 1358// 1360// 1352//
f 1352// 1360// 1371//
f 1373// 1374// 1375//
f 1373// 1375// 1376//
f 1376// 1375// 1377//
f 1376// 1377// 1378//
f 1378// 1377// 1379//
f 1378// 1379// 1380//
f 1380// 1379// 1381//
f 1380// 1381// 1382//
f 1382// 1381// 1383//
f 1382// 1383// 1384//
f 1384// 1383// 1371//
f 1384// 1371// 1372//
f 1373// 1376// 1351//
f 1351// 1376// 1378//
f 1351// 1378// 1380//
f 1380// 1382// 1351//
f 1351// 1382// 1384//
f 1351// 1384// 1372//
f 1371// 1383// 1352//
f 1352// 1383// 1381//
f 1352// 1381// 1379//
f 1379// 1377// 1352//
f 1352// 1377// 1375//
f 1352// 1375// 1374//
f 1354// 1374// 1353//
f 1353// 1374// 1373//
f 301// 1353// 299//
f 299// 1353// 1373//
f 299// 1373// 1351//
f 1354// 303// 1374//
f 1374// 303// 305//
f 1374// 305// 1352//
usemtl 3
f 1385// 1386// 108//
f 108// 1386// 106//
f 1386// 1387// 106//
f 106// 1387// 104//
f 1387// 1388// 104//
f 104// 1388// 102//
f 1388// 1389// 102//
f 102// 1389// 103//
f 1389// 1390// 103//
f 103// 1390// 105//
f 1390// 1391// 105//
f 105// 1391// 115//
f 1391// 1392// 115//
f 115// 1392// 110//
f 1392// 1385// 110//
f 110// 1385// 108//
f 1393// 1389// 1394//
f 1394// 1389// 1388//
f 1395// 1392// 1393//
f 1393// 1392// 1391//
f 1393// 1391// 1389//
f 1389// 1391// 1390//
f 1395// 1396// 1392//
f 1392// 1396// 1397//
f 1392// 1397// 1385//
f 1385// 1397// 1398//
f 1385// 1398// 1399//
f 1399// 1400// 1385//
f 1385// 1400// 1394//
f 1385// 1394// 1386//
f 1386// 1394// 1388//
f 1386// 1388// 1387//
f 1393// 1394// 1401//
f 1401// 1394// 1402//
f 1395// 1393// 1403//
f 1403// 1393// 1401//
f 1395// 1403// 1404//
f 1395// 1404// 1396//
f 1396// 1404// 1405//
f 1396// 1405// 1397//
f 1398// 1397// 1406//
f 1406// 1397// 1405//
f 1398// 1406// 1407//
f 1398// 1407// 1399//
f 1399// 1407// 1408//
f 1399// 1408// 1400//
f 1394// 1400// 1402//
f 1402// 1400// 1408//
f 1409// 1410// 96//
f 96// 1410// 97//
f 1410// 1411// 97//
f 97// 1411// 146//
f 1412// 126// 125//
f 1412// 125// 1413//
f 1413// 125// 146//
f 1413// 146// 1411//
f 1412// 1414// 126//
f 126// 1414// 127//
f 1415// 145// 144//
f 1415// 144// 1416//
f 1416// 144// 127//
f 1416// 127// 1414//
f 1415// 1417// 145//
f 145// 1417// 147//
f 1417// 1418// 147//
f 147// 1418// 120//
f 1418// 1419// 120//
f 120// 1419// 124//
f 1420// 121// 123//
f 1420// 123// 1421//
f 1421// 123// 124//
f 1421// 124// 1419//
f 1420// 1422// 121//
f 121// 1422// 122//
f 1423// 119// 118//
f 1423// 118// 1424//
f 1424// 118// 122//
f 1424// 122// 1422//
f 1423// 1425// 119//
f 119// 1425// 128//
f 1425// 1426// 128//
f 128// 1426// 114//
f 1426// 1427// 114//
f 114// 1427// 113//
f 1427// 1428// 113//
f 113// 1428// 138//
f 1428// 1429// 138//
f 138// 1429// 136//
f 1430// 132// 134//
f 1430// 134// 1431//
f 1431// 134// 136//
f 1431// 136// 1429//
f 1430// 1432// 132//
f 132// 1432// 133//
f 1433// 137// 135//
f 1433// 135// 1434//
f 1434// 135// 133//
f 1434// 133// 1432//
f 1433// 1435// 137//
f 137// 1435// 117//
f 1435// 1436// 117//
f 117// 1436// 116//
f 1436// 1409// 116//
f 116// 1409// 96//
f 1410// 1409// 1411//
f 1411// 1409// 1436//
f 1411// 1436// 1413//
f 1413// 1436// 1412//
f 1426// 1425// 1427//
f 1427// 1425// 1423//
f 1423// 1424// 1427//
f 1427// 1424// 1422//
f 1427// 1422// 1428//
f 1428// 1422// 1420//
f 1430// 1418// 1432//
f 1432// 1418// 1417//
f 1432// 1417// 1434//
f 1434// 1417// 1433//
f 1412// 1436// 1414//
f 1414// 1436// 1435//
f 1414// 1435// 1416//
f 1430// 1431// 1418//
f 1418// 1431// 1429//
f 1418// 1429// 1419//
f 1419// 1429// 1428//
f 1419// 1428// 1421//
f 1421// 1428// 1420//
f 1433// 1417// 1435//
f 1435// 1417// 1415//
f 1435// 1415// 1416//
f 1437// 1438// 178//
f 178// 1438// 165//
f 1439// 171// 169//
f 1439// 169// 1440//
f 1440// 169// 167//
f 1440// 167// 1441//
f 1441// 167// 165//
f 1441// 165// 1438//
f 1442// 195// 194//
f 1442// 194// 1443//
f 1443// 194// 193//
f 1443// 193// 1444//
f 1444// 193// 189//
f 1444// 189// 1445//
f 1445// 189// 188//
f 1445// 188// 1446//
f 1446// 188// 187//
f 1446// 187// 1447//
f 1447// 187// 172//
f 1447// 172// 1448//
f 1448// 172// 171//
f 1448// 171// 1439//
f 1449// 166// 168//
f 1449// 168// 1450//
f 1450// 168// 170//
f 1450// 170// 1451//
f 1451// 170// 198//
f 1451// 198// 1452//
f 1452// 198// 197//
f 1452// 197// 1453//
f 1453// 197// 196//
f 1453// 196// 1454//
f 1454// 196// 195//
f 1454// 195// 1442//
f 1455// 149// 148//
f 1455// 148// 1456//
f 1456// 148// 130//
f 1456// 130// 1457//
f 1457// 130// 129//
f 1457// 129// 1458//
f 1458// 129// 164//
f 1458// 164// 1459//
f 1459// 164// 166//
f 1459// 166// 1449//
f 1460// 160// 159//
f 1460// 159// 1461//
f 1461// 159// 158//
f 1461// 158// 1462//
f 1462// 158// 157//
f 1462// 157// 1463//
f 1463// 157// 156//
f 1463// 156// 1464//
f 1464// 156// 155//
f 1464// 155// 1465//
f 1465// 155// 150//
f 1465// 150// 1466//
f 1466// 150// 149//
f 1466// 149// 1455//
f 1467// 112// 111//
f 1467// 111// 1468//
f 1468// 111// 160//
f 1468// 160// 1460//
f 1467// 1469// 112//
f 112// 1469// 101//
f 1470// 143// 142//
f 1470// 142// 1471//
f 1471// 142// 140//
f 1471// 140// 1472//
f 1472// 140// 101//
f 1472// 101// 1469//
f 1473// 175// 183//
f 1473// 183// 1474//
f 1474// 183// 182//
f 1474// 182// 1475//
f 1475// 182// 181//
f 1475// 181// 1476//
f 1476// 181// 192//
f 1476// 192// 1477//
f 1477// 192// 191//
f 1477// 191// 1478//
f 1478// 191// 190//
f 1478// 190// 1479//
f 1479// 190// 143//
f 1479// 143// 1470//
f 1480// 139// 141//
f 1480// 141// 1481//
f 1481// 141// 177//
f 1481// 177// 1482//
f 1482// 177// 176//
f 1482// 176// 1483//
f 1483// 176// 173//
f 1483// 173// 1484//
f 1484// 173// 174//
f 1484// 174// 1485//
f 1485// 174// 175//
f 1485// 175// 1473//
f 1486// 153// 152//
f 1486// 152// 1487//
f 1487// 152// 151//
f 1487// 151// 1488//
f 1488// 151// 100//
f 1488// 100// 1489//
f 1489// 100// 99//
f 1489// 99// 1490//
f 1490// 99// 139//
f 1490// 139// 1480//
f 1491// 186// 185//
f 1491// 185// 1492//
f 1492// 185// 184//
f 1492// 184// 1493//
f 1493// 184// 163//
f 1493// 163// 1494//
f 1494// 163// 162//
f 1494// 162// 1495//
f 1495// 162// 161//
f 1495// 161// 1496//
f 1496// 161// 154//
f 1496// 154// 1497//
f 1497// 154// 153//
f 1497// 153// 1486//
f 1437// 178// 179//
f 1437// 179// 1498//
f 1498// 179// 180//
f 1498// 180// 1499//
f 1499// 180// 186//
f 1499// 186// 1491//
f 1438// 1437// 1441//
f 1441// 1437// 1498//
f 1441// 1498// 1440//
f 1440// 1498// 1499//
f 1440// 1499// 1439//
f 1439// 1499// 1491//
f 1439// 1491// 1448//
f 1448// 1491// 1492//
f 1448// 1492// 1447//
f 1447// 1492// 1493//
f 1447// 1493// 1446//
f 1446// 1493// 1494//
f 1446// 1494// 1445//
f 1445// 1494// 1495//
f 1445// 1495// 1444//
f 1444// 1495// 1496//
f 1444// 1496// 1443//
f 1443// 1496// 1497//
f 1443// 1497// 1442//
f 1442// 1497// 1486//
f 1442// 1486// 1454//
f 1454// 1486// 1487//
f 1454// 1487// 1453//
f 1453// 1487// 1488//
f 1453// 1488// 1452//
f 1452// 1488// 1489//
f 1452// 1489// 1451//
f 1451// 1489// 1490//
f 1451// 1490// 1450//
f 1450// 1490// 1480//
f 1450// 1480// 1449//
f 1449// 1480// 1481//
f 1449// 1481// 1459//
f 1459// 1481// 1482//
f 1459// 1482// 1458//
f 1458// 1482// 1483//
f 1458// 1483// 1457//
f 1457// 1483// 1484//
f 1457// 1484// 1456//
f 1456// 1484// 1485//
f 1456// 1485// 1455//
f 1455// 1485// 1473//
f 1455// 1473// 1466//
f 1466// 1473// 1474//
f 1466// 1474// 1465//
f 1465// 1474// 1475//
f 1465// 1475// 1464//
f 1464// 1475// 1476//
f 1464// 1476// 1463//
f 1463// 1476// 1477//
f 1463// 1477// 1462//
f 1462// 1477// 1478//
f 1462// 1478// 1461//
f 1461// 1478// 1479//
f 1461// 1479// 1460//
f 1460// 1479// 1470//
f 1460// 1470// 1468//
f 1468// 1470// 1471//
f 1468// 1471// 1467//
f 1467// 1471// 1472//
f 1467// 1472// 1469//
usemtl 1
f 1401// 1402// 1403//
f 1403// 1402// 1408//
f 1403// 1408// 1404//
f 1404// 1408// 1407//
f 1404// 1407// 1405//
f 1405// 1407// 1406//
usemtl 4
f 1500// 1501// 89//
f 89// 1501// 87//
f 1501// 1502// 87//
f 87// 1502// 82//
f 1502// 1503// 82//
f 82// 1503// 80//
f 1503// 1504// 80//
f 80// 1504// 81//
f 1504// 1505// 81//
f 81// 1505// 83//
f 1505// 1506// 83//
f 83// 1506// 55//
f 1506// 1507// 55//
f 55// 1507// 90//
f 1507// 1500// 90//
f 90// 1500// 89//
f 1508// 1504// 1509//
f 1509// 1504// 1503//
f 1510// 1507// 1508//
f 1508// 1507// 1506//
f 1508// 1506// 1504//
f 1504// 1506// 1505//
f 1510// 1511// 1507//
f 1507// 1511// 1512//
f 1507// 1512// 1500//
f 1500// 1512// 1513//
f 1500// 1513// 1514//
f 1514// 1515// 1500//
f 1500// 1515// 1509//
f 1500// 1509// 1501//
f 1501// 1509// 1503//
f 1501// 1503// 1502//
f 1508// 1509// 1516//
f 1516// 1509// 1517//
f 1510// 1508// 1518//
f 1518// 1508// 1516//
f 1510// 1518// 1519//
f 1510// 1519// 1511//
f 1511// 1519// 1520//
f 1511// 1520// 1512//
f 1513// 1512// 1521//
f 1521// 1512// 1520//
f 1513// 1521// 1522//
f 1513// 1522// 1514//
f 1514// 1522// 1523//
f 1514// 1523// 1515//
f 1509// 1515// 1517//
f 1517// 1515// 1523//
f 1524// 1525// 76//
f 76// 1525// 75//
f 1525// 1526// 75//
f 75// 1526// 69//
f 1526// 1527// 69//
f 69// 1527// 79//
f 1528// 93// 92//
f 1528// 92// 1529//
f 1529// 92// 91//
f 1529// 91// 1530//
f 1530// 91// 86//
f 1530// 86// 1531//
f 1531// 86// 85//
f 1531// 85// 1532//
f 1532// 85// 84//
f 1532// 84// 1533//
f 1533// 84// 78//
f 1533// 78// 1534//
f 1534// 78// 77//
f 1534// 77// 1535//
f 1535// 77// 79//
f 1535// 79// 1527//
f 1524// 76// 68//
f 1524// 68// 1536//
f 1536// 68// 67//
f 1536// 67// 1537//
f 1537// 67// 66//
f 1537// 66// 1538//
f 1538// 66// 57//
f 1538// 57// 1539//
f 1539// 57// 56//
f 1539// 56// 1540//
f 1540// 56// 94//
f 1540// 94// 1541//
f 1541// 94// 93//
f 1541// 93// 1528//
f 1530// 1531// 1542//
f 1542// 1531// 1532//
f 1542// 1532// 1543//
f 1543// 1532// 1533//
f 1543// 1533// 1544//
f 1544// 1533// 1534//
f 1544// 1534// 1545//
f 1545// 1534// 1535//
f 1545// 1535// 1546//
f 1546// 1535// 1527//
f 1546// 1527// 1547//
f 1547// 1527// 1526//
f 1547// 1526// 1548//
f 1548// 1526// 1525//
f 1548// 1525// 1549//
f 1549// 1525// 1524//
f 1549// 1524// 1550//
f 1550// 1524// 1536//
f 1550// 1536// 1551//
f 1551// 1536// 1537//
f 1551// 1537// 1552//
f 1552// 1537// 1538//
f 1552// 1538// 1553//
f 1553// 1538// 1539//
f 1553// 1539// 1554//
f 1554// 1539// 1540//
f 1554// 1540// 1555//
f 1555// 1540// 1541//
f 1555// 1541// 1556//
f 1556// 1541// 1528//
f 1556// 1528// 1557//
f 1557// 1528// 1529//
f 1557// 1529// 1558//
f 1558// 1529// 1530//
f 1558// 1530// 1542//
f 1546// 1547// 1559//
f 1559// 1547// 1560//
f 1546// 1559// 1561//
f 1546// 1561// 1545//
f 1545// 1561// 1562//
f 1545// 1562// 1544//
f 1544// 1562// 1563//
f 1544// 1563// 1543//
f 1543// 1563// 1564//
f 1543// 1564// 1542//
f 1542// 1564// 1565//
f 1542// 1565// 1558//
f 1558// 1565// 1566//
f 1558// 1566// 1557//
f 1557// 1566// 1567//
f 1557// 1567// 1556//
f 1556// 1567// 1568//
f 1556// 1568// 1555//
f 1555// 1568// 1569//
f 1555// 1569// 1554//
f 1554// 1569// 1570//
f 1554// 1570// 1553//
f 1553// 1570// 1571//
f 1553// 1571// 1552//
f 1552// 1571// 1572//
f 1552// 1572// 1551//
f 1551// 1572// 1573//
f 1551// 1573// 1550//
f 1550// 1573// 1574//
f 1550// 1574// 1549//
f 1548// 1549// 1575//
f 1575// 1549// 1574//
f 1547// 1548// 1560//
f 1560// 1548// 1575//
f 1576// 1577// 74//
f 74// 1577// 58//
f 1577// 1578// 58//
f 58// 1578// 59//
f 1578// 1579// 59//
f 59// 1579// 60//
f 1579// 1580// 60//
f 60// 1580// 61//
f 1580// 1581// 61//
f 61// 1581// 63//
f 1581// 1582// 63//
f 63// 1582// 64//
f 1582// 1583// 64//
f 64// 1583// 65//
f 1583// 1584// 65//
f 65// 1584// 70//
f 1584// 1585// 70//
f 70// 1585// 71//
f 1585// 1586// 71//
f 71// 1586// 72//
f 1586// 1587// 72//
f 72// 1587// 73//
f 1587// 1576// 73//
f 73// 1576// 74//
f 1578// 1577// 1576//
f 1576// 1587// 1578//
f 1578// 1587// 1586//
f 1578// 1586// 1579//
f 1581// 1580// 1582//
f 1582// 1580// 1579//
f 1582// 1579// 1583//
f 1583// 1579// 1586//
f 1583// 1586// 1584//
f 1584// 1586// 1585//
f 1588// 1589// 13//
f 13// 1589// 44//
f 44// 1589// 1590//
f 1591// 50// 49//
f 1591// 49// 1592//
f 1592// 49// 47//
f 1592// 47// 1590//
f 1590// 47// 45//
f 1590// 45// 44//
f 1593// 40// 39//
f 1593// 39// 1594//
f 1594// 39// 34//
f 1594// 34// 1595//
f 1595// 34// 32//
f 1595// 32// 1596//
f 1596// 32// 31//
f 1596// 31// 1597//
f 1597// 31// 8//
f 1597// 8// 1598//
f 1598// 8// 7//
f 1598// 7// 1599//
f 1599// 7// 1591//
f 1591// 7// 5//
f 1591// 5// 50//
f 1600// 42// 38//
f 1600// 38// 1601//
f 1601// 38// 37//
f 1601// 37// 1602//
f 1602// 37// 36//
f 1602// 36// 1603//
f 1603// 36// 10//
f 1603// 10// 1604//
f 1604// 10// 9//
f 1604// 9// 1605//
f 1605// 9// 41//
f 1605// 41// 1606//
f 1606// 41// 40//
f 1606// 40// 1593//
f 1607// 16// 43//
f 1607// 43// 1608//
f 1608// 43// 42//
f 1608// 42// 1600//
f 1607// 1609// 16//
f 16// 1609// 14//
f 1610// 1// 12//
f 1610// 12// 1611//
f 1611// 12// 14//
f 1611// 14// 1609//
f 1612// 20// 30//
f 1612// 30// 1613//
f 1613// 30// 29//
f 1613// 29// 1614//
f 1614// 29// 19//
f 1614// 19// 1615//
f 1615// 19// 18//
f 1615// 18// 1616//
f 1616// 18// 17//
f 1616// 17// 1617//
f 1617// 17// 2//
f 1617// 2// 1618//
f 1618// 2// 1//
f 1618// 1// 1610//
f 1619// 24// 23//
f 1619// 23// 1620//
f 1620// 23// 25//
f 1620// 25// 1621//
f 1621// 25// 26//
f 1621// 26// 1622//
f 1622// 26// 27//
f 1622// 27// 1623//
f 1623// 27// 22//
f 1623// 22// 1624//
f 1624// 22// 21//
f 1624// 21// 1625//
f 1625// 21// 20//
f 1625// 20// 1612//
f 1588// 13// 3//
f 1588// 3// 1626//
f 1626// 3// 28//
f 1626// 28// 1627//
f 1627// 28// 24//
f 1627// 24// 1619//
f 1620// 1591// 1619//
f 1619// 1591// 1592//
f 1619// 1592// 1627//
f 1627// 1592// 1590//
f 1627// 1590// 1626//
f 1626// 1590// 1589//
f 1626// 1589// 1588//
f 1609// 1607// 1611//
f 1611// 1607// 1608//
f 1611// 1608// 1610//
f 1610// 1608// 1600//
f 1610// 1600// 1618//
f 1618// 1600// 1601//
f 1618// 1601// 1617//
f 1617// 1601// 1602//
f 1617// 1602// 1616//
f 1616// 1602// 1603//
f 1616// 1603// 1615//
f 1615// 1603// 1604//
f 1615// 1604// 1614//
f 1614// 1604// 1605//
f 1614// 1605// 1613//
f 1613// 1605// 1606//
f 1613// 1606// 1612//
f 1612// 1606// 1593//
f 1612// 1593// 1625//
f 1625// 1593// 1594//
f 1625// 1594// 1624//
f 1624// 1594// 1595//
f 1624// 1595// 1623//
f 1623// 1595// 1596//
f 1623// 1596// 1622//
f 1622// 1596// 1597//
f 1622// 1597// 1621//
f 1621// 1597// 1598//
f 1621// 1598// 1620//
f 1620// 1598// 1599//
f 1620// 1599// 1591//
f 1628// 1629// 33//
f 33// 1629// 6//
f 1629// 1630// 6//
f 6// 1630// 4//
f 1630// 1631// 4//
f 4// 1631// 51//
f 1631// 1632// 51//
f 51// 1632// 11//
f 1632// 1633// 11//
f 11// 1633// 35//
f 1633// 1628// 35//
f 35// 1628// 33//
f 1632// 1631// 1633//
f 1633// 1631// 1630//
f 1633// 1630// 1628//
f 1628// 1630// 1629//
usemtl 1
f 1516// 1517// 1518//
f 1518// 1517// 1523//
f 1518// 1523// 1519//
f 1519// 1523// 1522//
f 1519// 1522// 1520//
f 1520// 1522// 1521//
f 1560// 1575// 1559//
f 1559// 1575// 1574//
f 1559// 1574// 1573//
f 1567// 1566// 1559//
f 1559// 1566// 1565//
f 1559// 1565// 1561//
f 1573// 1572// 1559//
f 1559// 1572// 1571//
f 1559// 1571// 1570//
f 1570// 1569// 1559//
f 1559// 1569// 1568//
f 1559// 1568// 1567//
f 1564// 1563// 1565//
f 1565// 1563// 1562//
f 1565// 1562// 1561//
